reporter_iso3,sector,ntm_type_count_bucket,share_pct,affected_product_count,source,provenance
AFG,Animal,1 type,6.58,15,Structure matches the UNCTAD/World Bank NTM prevalence-by-sector export (WITS/TRAINS); not independently re-verified against the publisher in this workspace,REAL
AFG,Animal,2 types,17.98,41,Structure matches the UNCTAD/World Bank NTM prevalence-by-sector export (WITS/TRAINS); not independently re-verified against the publisher in this workspace,REAL
AFG,Animal,No NTMs,75.44,172,Structure matches the UNCTAD/World Bank NTM prevalence-by-sector export (WITS/TRAINS); not independently re-verified against the publisher in this workspace,REAL
AFG,Vegetable,1 type,14.29,43,Structure matches the UNCTAD/World Bank NTM prevalence-by-sector export (WITS/TRAINS); not independently re-verified against the publisher in this workspace,REAL
AFG,Vegetable,3+ types,47.84,144,Structure matches the UNCTAD/World Bank NTM prevalence-by-sector export (WITS/TRAINS); not independently re-verified against the publisher in this workspace,REAL
AFG,Vegetable,No NTMs,37.87,114,Structure matches the UNCTAD/World Bank NTM prevalence-by-sector export (WITS/TRAINS); not independently re-verified against the publisher in this workspace,REAL
AFG,Food Products,1 type,19.69,38,Structure matches the UNCTAD/World Bank NTM prevalence-by-sector export (WITS/TRAINS); not independently re-verified against the publisher in this workspace,REAL
AFG,Food Products,2 types,2.59,5,Structure matches the UNCTAD/World Bank NTM prevalence-by-sector export (WITS/TRAINS); not independently re-verified against the publisher in this workspace,REAL
AFG,Food Products,3+ types,25.39,49,Structure matches the UNCTAD/World Bank NTM prevalence-by-sector export (WITS/TRAINS); not independently re-verified against the publisher in this workspace,REAL
AFG,Food Products,No NTMs,52.33,101,Structure matches the UNCTAD/World Bank NTM prevalence-by-sector export (WITS/TRAINS); not independently re-verified against the publisher in this workspace,REAL
AFG,Minerals,No NTMs,100.0,106,Structure matches the UNCTAD/World Bank NTM prevalence-by-sector export (WITS/TRAINS); not independently re-verified against the publisher in this workspace,REAL
AFG,Fuels,1 type,30.95,13,Structure matches the UNCTAD/World Bank NTM prevalence-by-sector export (WITS/TRAINS); not independently re-verified against the publisher in this workspace,REAL
AFG,Fuels,2 types,4.76,2,Structure matches the UNCTAD/World Bank NTM prevalence-by-sector export (WITS/TRAINS); not independently re-verified against the publisher in this workspace,REAL
AFG,Fuels,No NTMs,64.29,27,Structure matches the UNCTAD/World Bank NTM prevalence-by-sector export (WITS/TRAINS); not independently re-verified against the publisher in this workspace,REAL
AFG,Chemicals,1 type,3.04,24,Structure matches the UNCTAD/World Bank NTM prevalence-by-sector export (WITS/TRAINS); not independently re-verified against the publisher in this workspace,REAL
AFG,Chemicals,2 types,4.31,34,Structure matches the UNCTAD/World Bank NTM prevalence-by-sector export (WITS/TRAINS); not independently re-verified against the publisher in this workspace,REAL
AFG,Chemicals,No NTMs,92.65,731,Structure matches the UNCTAD/World Bank NTM prevalence-by-sector export (WITS/TRAINS); not independently re-verified against the publisher in this workspace,REAL
AFG,Plastic or Rubber,No NTMs,100.0,211,Structure matches the UNCTAD/World Bank NTM prevalence-by-sector export (WITS/TRAINS); not independently re-verified against the publisher in this workspace,REAL
AFG,Hides and Skins,No NTMs,100.0,69,Structure matches the UNCTAD/World Bank NTM prevalence-by-sector export (WITS/TRAINS); not independently re-verified against the publisher in this workspace,REAL
AFG,Wood,1 type,8.44,20,Structure matches the UNCTAD/World Bank NTM prevalence-by-sector export (WITS/TRAINS); not independently re-verified against the publisher in this workspace,REAL
AFG,Wood,No NTMs,91.56,217,Structure matches the UNCTAD/World Bank NTM prevalence-by-sector export (WITS/TRAINS); not independently re-verified against the publisher in this workspace,REAL
AFG,Textiles and Clothing,No NTMs,100.0,801,Structure matches the UNCTAD/World Bank NTM prevalence-by-sector export (WITS/TRAINS); not independently re-verified against the publisher in this workspace,REAL
AFG,Footwear,No NTMs,100.0,49,Structure matches the UNCTAD/World Bank NTM prevalence-by-sector export (WITS/TRAINS); not independently re-verified against the publisher in this workspace,REAL
AFG,Stone and Glass,1 type,10.71,21,Structure matches the UNCTAD/World Bank NTM prevalence-by-sector export (WITS/TRAINS); not independently re-verified against the publisher in this workspace,REAL
AFG,Stone and Glass,No NTMs,89.29,175,Structure matches the UNCTAD/World Bank NTM prevalence-by-sector export (WITS/TRAINS); not independently re-verified against the publisher in this workspace,REAL
AFG,Metals,1 type,8.1,46,Structure matches the UNCTAD/World Bank NTM prevalence-by-sector export (WITS/TRAINS); not independently re-verified against the publisher in this workspace,REAL
AFG,Metals,No NTMs,91.9,522,Structure matches the UNCTAD/World Bank NTM prevalence-by-sector export (WITS/TRAINS); not independently re-verified against the publisher in this workspace,REAL
AFG,Mach and Elec,1 type,7.67,59,Structure matches the UNCTAD/World Bank NTM prevalence-by-sector export (WITS/TRAINS); not independently re-verified against the publisher in this workspace,REAL
AFG,Mach and Elec,No NTMs,92.33,710,Structure matches the UNCTAD/World Bank NTM prevalence-by-sector export (WITS/TRAINS); not independently re-verified against the publisher in this workspace,REAL
AFG,Transportation,1 type,7.63,10,Structure matches the UNCTAD/World Bank NTM prevalence-by-sector export (WITS/TRAINS); not independently re-verified against the publisher in this workspace,REAL
AFG,Transportation,No NTMs,92.37,121,Structure matches the UNCTAD/World Bank NTM prevalence-by-sector export (WITS/TRAINS); not independently re-verified against the publisher in this workspace,REAL
AFG,Miscellaneous,1 type,12.71,46,Structure matches the UNCTAD/World Bank NTM prevalence-by-sector export (WITS/TRAINS); not independently re-verified against the publisher in this workspace,REAL
AFG,Miscellaneous,No NTMs,87.29,316,Structure matches the UNCTAD/World Bank NTM prevalence-by-sector export (WITS/TRAINS); not independently re-verified against the publisher in this workspace,REAL
AFG,All Import Products,1 type,6.63,335,Structure matches the UNCTAD/World Bank NTM prevalence-by-sector export (WITS/TRAINS); not independently re-verified against the publisher in this workspace,REAL
AFG,All Import Products,2 types,1.62,82,Structure matches the UNCTAD/World Bank NTM prevalence-by-sector export (WITS/TRAINS); not independently re-verified against the publisher in this workspace,REAL
AFG,All Import Products,3+ types,3.82,193,Structure matches the UNCTAD/World Bank NTM prevalence-by-sector export (WITS/TRAINS); not independently re-verified against the publisher in this workspace,REAL
AFG,All Import Products,No NTMs,87.93,4442,Structure matches the UNCTAD/World Bank NTM prevalence-by-sector export (WITS/TRAINS); not independently re-verified against the publisher in this workspace,REAL
ARE,Animal,1 type,0.6,2,Structure matches the UNCTAD/World Bank NTM prevalence-by-sector export (WITS/TRAINS); not independently re-verified against the publisher in this workspace,REAL
ARE,Animal,3+ types,97.62,328,Structure matches the UNCTAD/World Bank NTM prevalence-by-sector export (WITS/TRAINS); not independently re-verified against the publisher in this workspace,REAL
ARE,Animal,No NTMs,1.79,6,Structure matches the UNCTAD/World Bank NTM prevalence-by-sector export (WITS/TRAINS); not independently re-verified against the publisher in this workspace,REAL
ARE,Vegetable,1 type,0.28,1,Structure matches the UNCTAD/World Bank NTM prevalence-by-sector export (WITS/TRAINS); not independently re-verified against the publisher in this workspace,REAL
ARE,Vegetable,3+ types,97.16,342,Structure matches the UNCTAD/World Bank NTM prevalence-by-sector export (WITS/TRAINS); not independently re-verified against the publisher in this workspace,REAL
ARE,Vegetable,No NTMs,2.56,9,Structure matches the UNCTAD/World Bank NTM prevalence-by-sector export (WITS/TRAINS); not independently re-verified against the publisher in this workspace,REAL
ARE,Food Products,1 type,65.88,139,Structure matches the UNCTAD/World Bank NTM prevalence-by-sector export (WITS/TRAINS); not independently re-verified against the publisher in this workspace,REAL
ARE,Food Products,2 types,12.32,26,Structure matches the UNCTAD/World Bank NTM prevalence-by-sector export (WITS/TRAINS); not independently re-verified against the publisher in this workspace,REAL
ARE,Food Products,3+ types,21.8,46,Structure matches the UNCTAD/World Bank NTM prevalence-by-sector export (WITS/TRAINS); not independently re-verified against the publisher in this workspace,REAL
ARE,Minerals,1 type,1.9,2,Structure matches the UNCTAD/World Bank NTM prevalence-by-sector export (WITS/TRAINS); not independently re-verified against the publisher in this workspace,REAL
ARE,Minerals,2 types,1.9,2,Structure matches the UNCTAD/World Bank NTM prevalence-by-sector export (WITS/TRAINS); not independently re-verified against the publisher in this workspace,REAL
ARE,Minerals,3+ types,23.81,25,Structure matches the UNCTAD/World Bank NTM prevalence-by-sector export (WITS/TRAINS); not independently re-verified against the publisher in this workspace,REAL
ARE,Minerals,No NTMs,72.38,76,Structure matches the UNCTAD/World Bank NTM prevalence-by-sector export (WITS/TRAINS); not independently re-verified against the publisher in this workspace,REAL
ARE,Fuels,3+ types,32.56,14,Structure matches the UNCTAD/World Bank NTM prevalence-by-sector export (WITS/TRAINS); not independently re-verified against the publisher in this workspace,REAL
ARE,Fuels,No NTMs,67.44,29,Structure matches the UNCTAD/World Bank NTM prevalence-by-sector export (WITS/TRAINS); not independently re-verified against the publisher in this workspace,REAL
ARE,Chemicals,1 type,5.46,43,Structure matches the UNCTAD/World Bank NTM prevalence-by-sector export (WITS/TRAINS); not independently re-verified against the publisher in this workspace,REAL
ARE,Chemicals,2 types,7.75,61,Structure matches the UNCTAD/World Bank NTM prevalence-by-sector export (WITS/TRAINS); not independently re-verified against the publisher in this workspace,REAL
ARE,Chemicals,3+ types,21.22,167,Structure matches the UNCTAD/World Bank NTM prevalence-by-sector export (WITS/TRAINS); not independently re-verified against the publisher in this workspace,REAL
ARE,Chemicals,No NTMs,65.57,516,Structure matches the UNCTAD/World Bank NTM prevalence-by-sector export (WITS/TRAINS); not independently re-verified against the publisher in this workspace,REAL
ARE,Plastic or Rubber,1 type,8.53,18,Structure matches the UNCTAD/World Bank NTM prevalence-by-sector export (WITS/TRAINS); not independently re-verified against the publisher in this workspace,REAL
ARE,Plastic or Rubber,2 types,0.95,2,Structure matches the UNCTAD/World Bank NTM prevalence-by-sector export (WITS/TRAINS); not independently re-verified against the publisher in this workspace,REAL
ARE,Plastic or Rubber,3+ types,14.22,30,Structure matches the UNCTAD/World Bank NTM prevalence-by-sector export (WITS/TRAINS); not independently re-verified against the publisher in this workspace,REAL
ARE,Plastic or Rubber,No NTMs,76.3,161,Structure matches the UNCTAD/World Bank NTM prevalence-by-sector export (WITS/TRAINS); not independently re-verified against the publisher in this workspace,REAL
ARE,Hides and Skins,1 type,14.49,10,Structure matches the UNCTAD/World Bank NTM prevalence-by-sector export (WITS/TRAINS); not independently re-verified against the publisher in this workspace,REAL
ARE,Hides and Skins,2 types,4.35,3,Structure matches the UNCTAD/World Bank NTM prevalence-by-sector export (WITS/TRAINS); not independently re-verified against the publisher in this workspace,REAL
ARE,Hides and Skins,3+ types,49.28,34,Structure matches the UNCTAD/World Bank NTM prevalence-by-sector export (WITS/TRAINS); not independently re-verified against the publisher in this workspace,REAL
ARE,Hides and Skins,No NTMs,31.88,22,Structure matches the UNCTAD/World Bank NTM prevalence-by-sector export (WITS/TRAINS); not independently re-verified against the publisher in this workspace,REAL
ARE,Wood,3+ types,16.6,39,Structure matches the UNCTAD/World Bank NTM prevalence-by-sector export (WITS/TRAINS); not independently re-verified against the publisher in this workspace,REAL
ARE,Wood,No NTMs,83.4,196,Structure matches the UNCTAD/World Bank NTM prevalence-by-sector export (WITS/TRAINS); not independently re-verified against the publisher in this workspace,REAL
ARE,Textiles and Clothing,1 type,1.76,14,Structure matches the UNCTAD/World Bank NTM prevalence-by-sector export (WITS/TRAINS); not independently re-verified against the publisher in this workspace,REAL
ARE,Textiles and Clothing,2 types,22.11,176,Structure matches the UNCTAD/World Bank NTM prevalence-by-sector export (WITS/TRAINS); not independently re-verified against the publisher in this workspace,REAL
ARE,Textiles and Clothing,3+ types,68.47,545,Structure matches the UNCTAD/World Bank NTM prevalence-by-sector export (WITS/TRAINS); not independently re-verified against the publisher in this workspace,REAL
ARE,Textiles and Clothing,No NTMs,7.66,61,Structure matches the UNCTAD/World Bank NTM prevalence-by-sector export (WITS/TRAINS); not independently re-verified against the publisher in this workspace,REAL
ARE,Footwear,3+ types,31.91,15,Structure matches the UNCTAD/World Bank NTM prevalence-by-sector export (WITS/TRAINS); not independently re-verified against the publisher in this workspace,REAL
ARE,Footwear,No NTMs,68.09,32,Structure matches the UNCTAD/World Bank NTM prevalence-by-sector export (WITS/TRAINS); not independently re-verified against the publisher in this workspace,REAL
ARE,Stone and Glass,3+ types,16.92,33,Structure matches the UNCTAD/World Bank NTM prevalence-by-sector export (WITS/TRAINS); not independently re-verified against the publisher in this workspace,REAL
ARE,Stone and Glass,No NTMs,83.08,162,Structure matches the UNCTAD/World Bank NTM prevalence-by-sector export (WITS/TRAINS); not independently re-verified against the publisher in this workspace,REAL
ARE,Metals,1 type,0.53,3,Structure matches the UNCTAD/World Bank NTM prevalence-by-sector export (WITS/TRAINS); not independently re-verified against the publisher in this workspace,REAL
ARE,Metals,2 types,0.18,1,Structure matches the UNCTAD/World Bank NTM prevalence-by-sector export (WITS/TRAINS); not independently re-verified against the publisher in this workspace,REAL
ARE,Metals,3+ types,7.82,44,Structure matches the UNCTAD/World Bank NTM prevalence-by-sector export (WITS/TRAINS); not independently re-verified against the publisher in this workspace,REAL
ARE,Metals,No NTMs,91.47,515,Structure matches the UNCTAD/World Bank NTM prevalence-by-sector export (WITS/TRAINS); not independently re-verified against the publisher in this workspace,REAL
ARE,Mach and Elec,3+ types,83.27,642,Structure matches the UNCTAD/World Bank NTM prevalence-by-sector export (WITS/TRAINS); not independently re-verified against the publisher in this workspace,REAL
ARE,Mach and Elec,No NTMs,16.73,129,Structure matches the UNCTAD/World Bank NTM prevalence-by-sector export (WITS/TRAINS); not independently re-verified against the publisher in this workspace,REAL
ARE,Transportation,2 types,1.54,2,Structure matches the UNCTAD/World Bank NTM prevalence-by-sector export (WITS/TRAINS); not independently re-verified against the publisher in this workspace,REAL
ARE,Transportation,3+ types,72.31,94,Structure matches the UNCTAD/World Bank NTM prevalence-by-sector export (WITS/TRAINS); not independently re-verified against the publisher in this workspace,REAL
ARE,Transportation,No NTMs,26.15,34,Structure matches the UNCTAD/World Bank NTM prevalence-by-sector export (WITS/TRAINS); not independently re-verified against the publisher in this workspace,REAL
ARE,Miscellaneous,1 type,2.54,9,Structure matches the UNCTAD/World Bank NTM prevalence-by-sector export (WITS/TRAINS); not independently re-verified against the publisher in this workspace,REAL
ARE,Miscellaneous,2 types,1.41,5,Structure matches the UNCTAD/World Bank NTM prevalence-by-sector export (WITS/TRAINS); not independently re-verified against the publisher in this workspace,REAL
ARE,Miscellaneous,3+ types,55.37,196,Structure matches the UNCTAD/World Bank NTM prevalence-by-sector export (WITS/TRAINS); not independently re-verified against the publisher in this workspace,REAL
ARE,Miscellaneous,No NTMs,40.68,144,Structure matches the UNCTAD/World Bank NTM prevalence-by-sector export (WITS/TRAINS); not independently re-verified against the publisher in this workspace,REAL
ARE,All Import Products,1 type,4.63,241,Structure matches the UNCTAD/World Bank NTM prevalence-by-sector export (WITS/TRAINS); not independently re-verified against the publisher in this workspace,REAL
ARE,All Import Products,2 types,5.34,278,Structure matches the UNCTAD/World Bank NTM prevalence-by-sector export (WITS/TRAINS); not independently re-verified against the publisher in this workspace,REAL
ARE,All Import Products,3+ types,49.84,2594,Structure matches the UNCTAD/World Bank NTM prevalence-by-sector export (WITS/TRAINS); not independently re-verified against the publisher in this workspace,REAL
ARE,All Import Products,No NTMs,40.19,2092,Structure matches the UNCTAD/World Bank NTM prevalence-by-sector export (WITS/TRAINS); not independently re-verified against the publisher in this workspace,REAL
ARG,Animal,1 type,16.96,57,Structure matches the UNCTAD/World Bank NTM prevalence-by-sector export (WITS/TRAINS); not independently re-verified against the publisher in this workspace,REAL
ARG,Animal,2 types,3.87,13,Structure matches the UNCTAD/World Bank NTM prevalence-by-sector export (WITS/TRAINS); not independently re-verified against the publisher in this workspace,REAL
ARG,Animal,3+ types,30.65,103,Structure matches the UNCTAD/World Bank NTM prevalence-by-sector export (WITS/TRAINS); not independently re-verified against the publisher in this workspace,REAL
ARG,Animal,No NTMs,48.51,163,Structure matches the UNCTAD/World Bank NTM prevalence-by-sector export (WITS/TRAINS); not independently re-verified against the publisher in this workspace,REAL
ARG,Vegetable,1 type,13.35,47,Structure matches the UNCTAD/World Bank NTM prevalence-by-sector export (WITS/TRAINS); not independently re-verified against the publisher in this workspace,REAL
ARG,Vegetable,2 types,5.97,21,Structure matches the UNCTAD/World Bank NTM prevalence-by-sector export (WITS/TRAINS); not independently re-verified against the publisher in this workspace,REAL
ARG,Vegetable,3+ types,70.45,248,Structure matches the UNCTAD/World Bank NTM prevalence-by-sector export (WITS/TRAINS); not independently re-verified against the publisher in this workspace,REAL
ARG,Vegetable,No NTMs,10.23,36,Structure matches the UNCTAD/World Bank NTM prevalence-by-sector export (WITS/TRAINS); not independently re-verified against the publisher in this workspace,REAL
ARG,Food Products,1 type,9.48,20,Structure matches the UNCTAD/World Bank NTM prevalence-by-sector export (WITS/TRAINS); not independently re-verified against the publisher in this workspace,REAL
ARG,Food Products,2 types,2.84,6,Structure matches the UNCTAD/World Bank NTM prevalence-by-sector export (WITS/TRAINS); not independently re-verified against the publisher in this workspace,REAL
ARG,Food Products,3+ types,78.67,166,Structure matches the UNCTAD/World Bank NTM prevalence-by-sector export (WITS/TRAINS); not independently re-verified against the publisher in this workspace,REAL
ARG,Food Products,No NTMs,9.0,19,Structure matches the UNCTAD/World Bank NTM prevalence-by-sector export (WITS/TRAINS); not independently re-verified against the publisher in this workspace,REAL
ARG,Minerals,1 type,59.05,62,Structure matches the UNCTAD/World Bank NTM prevalence-by-sector export (WITS/TRAINS); not independently re-verified against the publisher in this workspace,REAL
ARG,Minerals,2 types,4.76,5,Structure matches the UNCTAD/World Bank NTM prevalence-by-sector export (WITS/TRAINS); not independently re-verified against the publisher in this workspace,REAL
ARG,Minerals,3+ types,0.95,1,Structure matches the UNCTAD/World Bank NTM prevalence-by-sector export (WITS/TRAINS); not independently re-verified against the publisher in this workspace,REAL
ARG,Minerals,No NTMs,35.24,37,Structure matches the UNCTAD/World Bank NTM prevalence-by-sector export (WITS/TRAINS); not independently re-verified against the publisher in this workspace,REAL
ARG,Fuels,1 type,18.6,8,Structure matches the UNCTAD/World Bank NTM prevalence-by-sector export (WITS/TRAINS); not independently re-verified against the publisher in this workspace,REAL
ARG,Fuels,2 types,9.3,4,Structure matches the UNCTAD/World Bank NTM prevalence-by-sector export (WITS/TRAINS); not independently re-verified against the publisher in this workspace,REAL
ARG,Fuels,3+ types,4.65,2,Structure matches the UNCTAD/World Bank NTM prevalence-by-sector export (WITS/TRAINS); not independently re-verified against the publisher in this workspace,REAL
ARG,Fuels,No NTMs,67.44,29,Structure matches the UNCTAD/World Bank NTM prevalence-by-sector export (WITS/TRAINS); not independently re-verified against the publisher in this workspace,REAL
ARG,Chemicals,1 type,23.51,185,Structure matches the UNCTAD/World Bank NTM prevalence-by-sector export (WITS/TRAINS); not independently re-verified against the publisher in this workspace,REAL
ARG,Chemicals,2 types,37.61,296,Structure matches the UNCTAD/World Bank NTM prevalence-by-sector export (WITS/TRAINS); not independently re-verified against the publisher in this workspace,REAL
ARG,Chemicals,3+ types,28.08,221,Structure matches the UNCTAD/World Bank NTM prevalence-by-sector export (WITS/TRAINS); not independently re-verified against the publisher in this workspace,REAL
ARG,Chemicals,No NTMs,10.8,85,Structure matches the UNCTAD/World Bank NTM prevalence-by-sector export (WITS/TRAINS); not independently re-verified against the publisher in this workspace,REAL
ARG,Plastic or Rubber,3+ types,95.26,201,Structure matches the UNCTAD/World Bank NTM prevalence-by-sector export (WITS/TRAINS); not independently re-verified against the publisher in this workspace,REAL
ARG,Plastic or Rubber,No NTMs,4.74,10,Structure matches the UNCTAD/World Bank NTM prevalence-by-sector export (WITS/TRAINS); not independently re-verified against the publisher in this workspace,REAL
ARG,Hides and Skins,1 type,42.03,29,Structure matches the UNCTAD/World Bank NTM prevalence-by-sector export (WITS/TRAINS); not independently re-verified against the publisher in this workspace,REAL
ARG,Hides and Skins,2 types,13.04,9,Structure matches the UNCTAD/World Bank NTM prevalence-by-sector export (WITS/TRAINS); not independently re-verified against the publisher in this workspace,REAL
ARG,Hides and Skins,3+ types,33.33,23,Structure matches the UNCTAD/World Bank NTM prevalence-by-sector export (WITS/TRAINS); not independently re-verified against the publisher in this workspace,REAL
ARG,Hides and Skins,No NTMs,11.59,8,Structure matches the UNCTAD/World Bank NTM prevalence-by-sector export (WITS/TRAINS); not independently re-verified against the publisher in this workspace,REAL
ARG,Wood,1 type,19.15,45,Structure matches the UNCTAD/World Bank NTM prevalence-by-sector export (WITS/TRAINS); not independently re-verified against the publisher in this workspace,REAL
ARG,Wood,2 types,27.66,65,Structure matches the UNCTAD/World Bank NTM prevalence-by-sector export (WITS/TRAINS); not independently re-verified against the publisher in this workspace,REAL
ARG,Wood,3+ types,42.55,100,Structure matches the UNCTAD/World Bank NTM prevalence-by-sector export (WITS/TRAINS); not independently re-verified against the publisher in this workspace,REAL
ARG,Wood,No NTMs,10.64,25,Structure matches the UNCTAD/World Bank NTM prevalence-by-sector export (WITS/TRAINS); not independently re-verified against the publisher in this workspace,REAL
ARG,Textiles and Clothing,1 type,34.92,278,Structure matches the UNCTAD/World Bank NTM prevalence-by-sector export (WITS/TRAINS); not independently re-verified against the publisher in this workspace,REAL
ARG,Textiles and Clothing,2 types,39.7,316,Structure matches the UNCTAD/World Bank NTM prevalence-by-sector export (WITS/TRAINS); not independently re-verified against the publisher in this workspace,REAL
ARG,Textiles and Clothing,3+ types,17.96,143,Structure matches the UNCTAD/World Bank NTM prevalence-by-sector export (WITS/TRAINS); not independently re-verified against the publisher in this workspace,REAL
ARG,Textiles and Clothing,No NTMs,7.41,59,Structure matches the UNCTAD/World Bank NTM prevalence-by-sector export (WITS/TRAINS); not independently re-verified against the publisher in this workspace,REAL
ARG,Footwear,1 type,38.3,18,Structure matches the UNCTAD/World Bank NTM prevalence-by-sector export (WITS/TRAINS); not independently re-verified against the publisher in this workspace,REAL
ARG,Footwear,2 types,48.94,23,Structure matches the UNCTAD/World Bank NTM prevalence-by-sector export (WITS/TRAINS); not independently re-verified against the publisher in this workspace,REAL
ARG,Footwear,No NTMs,12.77,6,Structure matches the UNCTAD/World Bank NTM prevalence-by-sector export (WITS/TRAINS); not independently re-verified against the publisher in this workspace,REAL
ARG,Stone and Glass,1 type,10.26,20,Structure matches the UNCTAD/World Bank NTM prevalence-by-sector export (WITS/TRAINS); not independently re-verified against the publisher in this workspace,REAL
ARG,Stone and Glass,2 types,13.33,26,Structure matches the UNCTAD/World Bank NTM prevalence-by-sector export (WITS/TRAINS); not independently re-verified against the publisher in this workspace,REAL
ARG,Stone and Glass,3+ types,52.31,102,Structure matches the UNCTAD/World Bank NTM prevalence-by-sector export (WITS/TRAINS); not independently re-verified against the publisher in this workspace,REAL
ARG,Stone and Glass,No NTMs,24.1,47,Structure matches the UNCTAD/World Bank NTM prevalence-by-sector export (WITS/TRAINS); not independently re-verified against the publisher in this workspace,REAL
ARG,Metals,1 type,12.26,69,Structure matches the UNCTAD/World Bank NTM prevalence-by-sector export (WITS/TRAINS); not independently re-verified against the publisher in this workspace,REAL
ARG,Metals,2 types,0.36,2,Structure matches the UNCTAD/World Bank NTM prevalence-by-sector export (WITS/TRAINS); not independently re-verified against the publisher in this workspace,REAL
ARG,Metals,3+ types,42.98,242,Structure matches the UNCTAD/World Bank NTM prevalence-by-sector export (WITS/TRAINS); not independently re-verified against the publisher in this workspace,REAL
ARG,Metals,No NTMs,44.4,250,Structure matches the UNCTAD/World Bank NTM prevalence-by-sector export (WITS/TRAINS); not independently re-verified against the publisher in this workspace,REAL
ARG,Mach and Elec,3+ types,98.7,761,Structure matches the UNCTAD/World Bank NTM prevalence-by-sector export (WITS/TRAINS); not independently re-verified against the publisher in this workspace,REAL
ARG,Mach and Elec,No NTMs,1.3,10,Structure matches the UNCTAD/World Bank NTM prevalence-by-sector export (WITS/TRAINS); not independently re-verified against the publisher in this workspace,REAL
ARG,Transportation,1 type,30.77,40,Structure matches the UNCTAD/World Bank NTM prevalence-by-sector export (WITS/TRAINS); not independently re-verified against the publisher in this workspace,REAL
ARG,Transportation,2 types,18.46,24,Structure matches the UNCTAD/World Bank NTM prevalence-by-sector export (WITS/TRAINS); not independently re-verified against the publisher in this workspace,REAL
ARG,Transportation,3+ types,36.15,47,Structure matches the UNCTAD/World Bank NTM prevalence-by-sector export (WITS/TRAINS); not independently re-verified against the publisher in this workspace,REAL
ARG,Transportation,No NTMs,14.62,19,Structure matches the UNCTAD/World Bank NTM prevalence-by-sector export (WITS/TRAINS); not independently re-verified against the publisher in this workspace,REAL
ARG,Miscellaneous,1 type,11.3,40,Structure matches the UNCTAD/World Bank NTM prevalence-by-sector export (WITS/TRAINS); not independently re-verified against the publisher in this workspace,REAL
ARG,Miscellaneous,2 types,5.08,18,Structure matches the UNCTAD/World Bank NTM prevalence-by-sector export (WITS/TRAINS); not independently re-verified against the publisher in this workspace,REAL
ARG,Miscellaneous,3+ types,77.97,276,Structure matches the UNCTAD/World Bank NTM prevalence-by-sector export (WITS/TRAINS); not independently re-verified against the publisher in this workspace,REAL
ARG,Miscellaneous,No NTMs,5.65,20,Structure matches the UNCTAD/World Bank NTM prevalence-by-sector export (WITS/TRAINS); not independently re-verified against the publisher in this workspace,REAL
ARG,All Import Products,1 type,17.64,918,Structure matches the UNCTAD/World Bank NTM prevalence-by-sector export (WITS/TRAINS); not independently re-verified against the publisher in this workspace,REAL
ARG,All Import Products,2 types,15.91,828,Structure matches the UNCTAD/World Bank NTM prevalence-by-sector export (WITS/TRAINS); not independently re-verified against the publisher in this workspace,REAL
ARG,All Import Products,3+ types,50.64,2636,Structure matches the UNCTAD/World Bank NTM prevalence-by-sector export (WITS/TRAINS); not independently re-verified against the publisher in this workspace,REAL
ARG,All Import Products,No NTMs,15.81,823,Structure matches the UNCTAD/World Bank NTM prevalence-by-sector export (WITS/TRAINS); not independently re-verified against the publisher in this workspace,REAL
ATG,Animal,1 type,8.33,19,Structure matches the UNCTAD/World Bank NTM prevalence-by-sector export (WITS/TRAINS); not independently re-verified against the publisher in this workspace,REAL
ATG,Animal,2 types,25.88,59,Structure matches the UNCTAD/World Bank NTM prevalence-by-sector export (WITS/TRAINS); not independently re-verified against the publisher in this workspace,REAL
ATG,Animal,3+ types,0.44,1,Structure matches the UNCTAD/World Bank NTM prevalence-by-sector export (WITS/TRAINS); not independently re-verified against the publisher in this workspace,REAL
ATG,Animal,No NTMs,65.35,149,Structure matches the UNCTAD/World Bank NTM prevalence-by-sector export (WITS/TRAINS); not independently re-verified against the publisher in this workspace,REAL
ATG,Vegetable,1 type,3.65,11,Structure matches the UNCTAD/World Bank NTM prevalence-by-sector export (WITS/TRAINS); not independently re-verified against the publisher in this workspace,REAL
ATG,Vegetable,3+ types,21.59,65,Structure matches the UNCTAD/World Bank NTM prevalence-by-sector export (WITS/TRAINS); not independently re-verified against the publisher in this workspace,REAL
ATG,Vegetable,No NTMs,74.75,225,Structure matches the UNCTAD/World Bank NTM prevalence-by-sector export (WITS/TRAINS); not independently re-verified against the publisher in this workspace,REAL
ATG,Food Products,1 type,6.74,13,Structure matches the UNCTAD/World Bank NTM prevalence-by-sector export (WITS/TRAINS); not independently re-verified against the publisher in this workspace,REAL
ATG,Food Products,2 types,7.77,15,Structure matches the UNCTAD/World Bank NTM prevalence-by-sector export (WITS/TRAINS); not independently re-verified against the publisher in this workspace,REAL
ATG,Food Products,3+ types,19.69,38,Structure matches the UNCTAD/World Bank NTM prevalence-by-sector export (WITS/TRAINS); not independently re-verified against the publisher in this workspace,REAL
ATG,Food Products,No NTMs,65.8,127,Structure matches the UNCTAD/World Bank NTM prevalence-by-sector export (WITS/TRAINS); not independently re-verified against the publisher in this workspace,REAL
ATG,Minerals,1 type,0.94,1,Structure matches the UNCTAD/World Bank NTM prevalence-by-sector export (WITS/TRAINS); not independently re-verified against the publisher in this workspace,REAL
ATG,Minerals,2 types,0.94,1,Structure matches the UNCTAD/World Bank NTM prevalence-by-sector export (WITS/TRAINS); not independently re-verified against the publisher in this workspace,REAL
ATG,Minerals,No NTMs,98.11,104,Structure matches the UNCTAD/World Bank NTM prevalence-by-sector export (WITS/TRAINS); not independently re-verified against the publisher in this workspace,REAL
ATG,Fuels,1 type,26.19,11,Structure matches the UNCTAD/World Bank NTM prevalence-by-sector export (WITS/TRAINS); not independently re-verified against the publisher in this workspace,REAL
ATG,Fuels,2 types,4.76,2,Structure matches the UNCTAD/World Bank NTM prevalence-by-sector export (WITS/TRAINS); not independently re-verified against the publisher in this workspace,REAL
ATG,Fuels,No NTMs,69.05,29,Structure matches the UNCTAD/World Bank NTM prevalence-by-sector export (WITS/TRAINS); not independently re-verified against the publisher in this workspace,REAL
ATG,Chemicals,1 type,16.22,128,Structure matches the UNCTAD/World Bank NTM prevalence-by-sector export (WITS/TRAINS); not independently re-verified against the publisher in this workspace,REAL
ATG,Chemicals,2 types,0.89,7,Structure matches the UNCTAD/World Bank NTM prevalence-by-sector export (WITS/TRAINS); not independently re-verified against the publisher in this workspace,REAL
ATG,Chemicals,No NTMs,82.89,654,Structure matches the UNCTAD/World Bank NTM prevalence-by-sector export (WITS/TRAINS); not independently re-verified against the publisher in this workspace,REAL
ATG,Plastic or Rubber,2 types,0.95,2,Structure matches the UNCTAD/World Bank NTM prevalence-by-sector export (WITS/TRAINS); not independently re-verified against the publisher in this workspace,REAL
ATG,Plastic or Rubber,No NTMs,99.05,209,Structure matches the UNCTAD/World Bank NTM prevalence-by-sector export (WITS/TRAINS); not independently re-verified against the publisher in this workspace,REAL
ATG,Hides and Skins,No NTMs,100.0,69,Structure matches the UNCTAD/World Bank NTM prevalence-by-sector export (WITS/TRAINS); not independently re-verified against the publisher in this workspace,REAL
ATG,Wood,2 types,1.69,4,Structure matches the UNCTAD/World Bank NTM prevalence-by-sector export (WITS/TRAINS); not independently re-verified against the publisher in this workspace,REAL
ATG,Wood,No NTMs,98.31,233,Structure matches the UNCTAD/World Bank NTM prevalence-by-sector export (WITS/TRAINS); not independently re-verified against the publisher in this workspace,REAL
ATG,Textiles and Clothing,1 type,2.12,17,Structure matches the UNCTAD/World Bank NTM prevalence-by-sector export (WITS/TRAINS); not independently re-verified against the publisher in this workspace,REAL
ATG,Textiles and Clothing,2 types,60.67,486,Structure matches the UNCTAD/World Bank NTM prevalence-by-sector export (WITS/TRAINS); not independently re-verified against the publisher in this workspace,REAL
ATG,Textiles and Clothing,3+ types,1.25,10,Structure matches the UNCTAD/World Bank NTM prevalence-by-sector export (WITS/TRAINS); not independently re-verified against the publisher in this workspace,REAL
ATG,Textiles and Clothing,No NTMs,35.96,288,Structure matches the UNCTAD/World Bank NTM prevalence-by-sector export (WITS/TRAINS); not independently re-verified against the publisher in this workspace,REAL
ATG,Footwear,No NTMs,100.0,49,Structure matches the UNCTAD/World Bank NTM prevalence-by-sector export (WITS/TRAINS); not independently re-verified against the publisher in this workspace,REAL
ATG,Stone and Glass,2 types,0.51,1,Structure matches the UNCTAD/World Bank NTM prevalence-by-sector export (WITS/TRAINS); not independently re-verified against the publisher in this workspace,REAL
ATG,Stone and Glass,No NTMs,99.49,195,Structure matches the UNCTAD/World Bank NTM prevalence-by-sector export (WITS/TRAINS); not independently re-verified against the publisher in this workspace,REAL
ATG,Metals,1 type,0.53,3,Structure matches the UNCTAD/World Bank NTM prevalence-by-sector export (WITS/TRAINS); not independently re-verified against the publisher in this workspace,REAL
ATG,Metals,2 types,0.35,2,Structure matches the UNCTAD/World Bank NTM prevalence-by-sector export (WITS/TRAINS); not independently re-verified against the publisher in this workspace,REAL
ATG,Metals,No NTMs,99.12,563,Structure matches the UNCTAD/World Bank NTM prevalence-by-sector export (WITS/TRAINS); not independently re-verified against the publisher in this workspace,REAL
ATG,Mach and Elec,1 type,5.33,41,Structure matches the UNCTAD/World Bank NTM prevalence-by-sector export (WITS/TRAINS); not independently re-verified against the publisher in this workspace,REAL
ATG,Mach and Elec,2 types,0.26,2,Structure matches the UNCTAD/World Bank NTM prevalence-by-sector export (WITS/TRAINS); not independently re-verified against the publisher in this workspace,REAL
ATG,Mach and Elec,No NTMs,94.41,726,Structure matches the UNCTAD/World Bank NTM prevalence-by-sector export (WITS/TRAINS); not independently re-verified against the publisher in this workspace,REAL
ATG,Transportation,1 type,20.61,27,Structure matches the UNCTAD/World Bank NTM prevalence-by-sector export (WITS/TRAINS); not independently re-verified against the publisher in this workspace,REAL
ATG,Transportation,No NTMs,79.39,104,Structure matches the UNCTAD/World Bank NTM prevalence-by-sector export (WITS/TRAINS); not independently re-verified against the publisher in this workspace,REAL
ATG,Miscellaneous,1 type,1.38,5,Structure matches the UNCTAD/World Bank NTM prevalence-by-sector export (WITS/TRAINS); not independently re-verified against the publisher in this workspace,REAL
ATG,Miscellaneous,2 types,1.93,7,Structure matches the UNCTAD/World Bank NTM prevalence-by-sector export (WITS/TRAINS); not independently re-verified against the publisher in this workspace,REAL
ATG,Miscellaneous,No NTMs,96.69,350,Structure matches the UNCTAD/World Bank NTM prevalence-by-sector export (WITS/TRAINS); not independently re-verified against the publisher in this workspace,REAL
ATG,All Import Products,1 type,5.46,276,Structure matches the UNCTAD/World Bank NTM prevalence-by-sector export (WITS/TRAINS); not independently re-verified against the publisher in this workspace,REAL
ATG,All Import Products,2 types,11.64,588,Structure matches the UNCTAD/World Bank NTM prevalence-by-sector export (WITS/TRAINS); not independently re-verified against the publisher in this workspace,REAL
ATG,All Import Products,3+ types,2.26,114,Structure matches the UNCTAD/World Bank NTM prevalence-by-sector export (WITS/TRAINS); not independently re-verified against the publisher in this workspace,REAL
ATG,All Import Products,No NTMs,80.64,4074,Structure matches the UNCTAD/World Bank NTM prevalence-by-sector export (WITS/TRAINS); not independently re-verified against the publisher in this workspace,REAL
AUS,Animal,1 type,15.48,52,Structure matches the UNCTAD/World Bank NTM prevalence-by-sector export (WITS/TRAINS); not independently re-verified against the publisher in this workspace,REAL
AUS,Animal,2 types,14.29,48,Structure matches the UNCTAD/World Bank NTM prevalence-by-sector export (WITS/TRAINS); not independently re-verified against the publisher in this workspace,REAL
AUS,Animal,3+ types,58.04,195,Structure matches the UNCTAD/World Bank NTM prevalence-by-sector export (WITS/TRAINS); not independently re-verified against the publisher in this workspace,REAL
AUS,Animal,No NTMs,12.2,41,Structure matches the UNCTAD/World Bank NTM prevalence-by-sector export (WITS/TRAINS); not independently re-verified against the publisher in this workspace,REAL
AUS,Vegetable,1 type,9.66,34,Structure matches the UNCTAD/World Bank NTM prevalence-by-sector export (WITS/TRAINS); not independently re-verified against the publisher in this workspace,REAL
AUS,Vegetable,2 types,7.67,27,Structure matches the UNCTAD/World Bank NTM prevalence-by-sector export (WITS/TRAINS); not independently re-verified against the publisher in this workspace,REAL
AUS,Vegetable,3+ types,80.11,282,Structure matches the UNCTAD/World Bank NTM prevalence-by-sector export (WITS/TRAINS); not independently re-verified against the publisher in this workspace,REAL
AUS,Vegetable,No NTMs,2.56,9,Structure matches the UNCTAD/World Bank NTM prevalence-by-sector export (WITS/TRAINS); not independently re-verified against the publisher in this workspace,REAL
AUS,Food Products,1 type,13.74,29,Structure matches the UNCTAD/World Bank NTM prevalence-by-sector export (WITS/TRAINS); not independently re-verified against the publisher in this workspace,REAL
AUS,Food Products,2 types,32.23,68,Structure matches the UNCTAD/World Bank NTM prevalence-by-sector export (WITS/TRAINS); not independently re-verified against the publisher in this workspace,REAL
AUS,Food Products,3+ types,52.61,111,Structure matches the UNCTAD/World Bank NTM prevalence-by-sector export (WITS/TRAINS); not independently re-verified against the publisher in this workspace,REAL
AUS,Food Products,No NTMs,1.42,3,Structure matches the UNCTAD/World Bank NTM prevalence-by-sector export (WITS/TRAINS); not independently re-verified against the publisher in this workspace,REAL
AUS,Minerals,1 type,9.52,10,Structure matches the UNCTAD/World Bank NTM prevalence-by-sector export (WITS/TRAINS); not independently re-verified against the publisher in this workspace,REAL
AUS,Minerals,2 types,4.76,5,Structure matches the UNCTAD/World Bank NTM prevalence-by-sector export (WITS/TRAINS); not independently re-verified against the publisher in this workspace,REAL
AUS,Minerals,3+ types,4.76,5,Structure matches the UNCTAD/World Bank NTM prevalence-by-sector export (WITS/TRAINS); not independently re-verified against the publisher in this workspace,REAL
AUS,Minerals,No NTMs,80.95,85,Structure matches the UNCTAD/World Bank NTM prevalence-by-sector export (WITS/TRAINS); not independently re-verified against the publisher in this workspace,REAL
AUS,Fuels,1 type,13.95,6,Structure matches the UNCTAD/World Bank NTM prevalence-by-sector export (WITS/TRAINS); not independently re-verified against the publisher in this workspace,REAL
AUS,Fuels,2 types,11.63,5,Structure matches the UNCTAD/World Bank NTM prevalence-by-sector export (WITS/TRAINS); not independently re-verified against the publisher in this workspace,REAL
AUS,Fuels,3+ types,16.28,7,Structure matches the UNCTAD/World Bank NTM prevalence-by-sector export (WITS/TRAINS); not independently re-verified against the publisher in this workspace,REAL
AUS,Fuels,No NTMs,58.14,25,Structure matches the UNCTAD/World Bank NTM prevalence-by-sector export (WITS/TRAINS); not independently re-verified against the publisher in this workspace,REAL
AUS,Chemicals,1 type,33.16,261,Structure matches the UNCTAD/World Bank NTM prevalence-by-sector export (WITS/TRAINS); not independently re-verified against the publisher in this workspace,REAL
AUS,Chemicals,2 types,2.8,22,Structure matches the UNCTAD/World Bank NTM prevalence-by-sector export (WITS/TRAINS); not independently re-verified against the publisher in this workspace,REAL
AUS,Chemicals,3+ types,4.96,39,Structure matches the UNCTAD/World Bank NTM prevalence-by-sector export (WITS/TRAINS); not independently re-verified against the publisher in this workspace,REAL
AUS,Chemicals,No NTMs,59.09,465,Structure matches the UNCTAD/World Bank NTM prevalence-by-sector export (WITS/TRAINS); not independently re-verified against the publisher in this workspace,REAL
AUS,Plastic or Rubber,1 type,15.64,33,Structure matches the UNCTAD/World Bank NTM prevalence-by-sector export (WITS/TRAINS); not independently re-verified against the publisher in this workspace,REAL
AUS,Plastic or Rubber,2 types,0.47,1,Structure matches the UNCTAD/World Bank NTM prevalence-by-sector export (WITS/TRAINS); not independently re-verified against the publisher in this workspace,REAL
AUS,Plastic or Rubber,No NTMs,83.89,177,Structure matches the UNCTAD/World Bank NTM prevalence-by-sector export (WITS/TRAINS); not independently re-verified against the publisher in this workspace,REAL
AUS,Hides and Skins,1 type,20.29,14,Structure matches the UNCTAD/World Bank NTM prevalence-by-sector export (WITS/TRAINS); not independently re-verified against the publisher in this workspace,REAL
AUS,Hides and Skins,2 types,2.9,2,Structure matches the UNCTAD/World Bank NTM prevalence-by-sector export (WITS/TRAINS); not independently re-verified against the publisher in this workspace,REAL
AUS,Hides and Skins,3+ types,1.45,1,Structure matches the UNCTAD/World Bank NTM prevalence-by-sector export (WITS/TRAINS); not independently re-verified against the publisher in this workspace,REAL
AUS,Hides and Skins,No NTMs,75.36,52,Structure matches the UNCTAD/World Bank NTM prevalence-by-sector export (WITS/TRAINS); not independently re-verified against the publisher in this workspace,REAL
AUS,Wood,1 type,35.32,83,Structure matches the UNCTAD/World Bank NTM prevalence-by-sector export (WITS/TRAINS); not independently re-verified against the publisher in this workspace,REAL
AUS,Wood,2 types,11.49,27,Structure matches the UNCTAD/World Bank NTM prevalence-by-sector export (WITS/TRAINS); not independently re-verified against the publisher in this workspace,REAL
AUS,Wood,3+ types,20.0,47,Structure matches the UNCTAD/World Bank NTM prevalence-by-sector export (WITS/TRAINS); not independently re-verified against the publisher in this workspace,REAL
AUS,Wood,No NTMs,33.19,78,Structure matches the UNCTAD/World Bank NTM prevalence-by-sector export (WITS/TRAINS); not independently re-verified against the publisher in this workspace,REAL
AUS,Textiles and Clothing,1 type,93.59,745,Structure matches the UNCTAD/World Bank NTM prevalence-by-sector export (WITS/TRAINS); not independently re-verified against the publisher in this workspace,REAL
AUS,Textiles and Clothing,2 types,2.89,23,Structure matches the UNCTAD/World Bank NTM prevalence-by-sector export (WITS/TRAINS); not independently re-verified against the publisher in this workspace,REAL
AUS,Textiles and Clothing,No NTMs,3.52,28,Structure matches the UNCTAD/World Bank NTM prevalence-by-sector export (WITS/TRAINS); not independently re-verified against the publisher in this workspace,REAL
AUS,Footwear,1 type,65.96,31,Structure matches the UNCTAD/World Bank NTM prevalence-by-sector export (WITS/TRAINS); not independently re-verified against the publisher in this workspace,REAL
AUS,Footwear,2 types,4.26,2,Structure matches the UNCTAD/World Bank NTM prevalence-by-sector export (WITS/TRAINS); not independently re-verified against the publisher in this workspace,REAL
AUS,Footwear,No NTMs,29.79,14,Structure matches the UNCTAD/World Bank NTM prevalence-by-sector export (WITS/TRAINS); not independently re-verified against the publisher in this workspace,REAL
AUS,Stone and Glass,1 type,17.44,34,Structure matches the UNCTAD/World Bank NTM prevalence-by-sector export (WITS/TRAINS); not independently re-verified against the publisher in this workspace,REAL
AUS,Stone and Glass,2 types,1.54,3,Structure matches the UNCTAD/World Bank NTM prevalence-by-sector export (WITS/TRAINS); not independently re-verified against the publisher in this workspace,REAL
AUS,Stone and Glass,3+ types,0.51,1,Structure matches the UNCTAD/World Bank NTM prevalence-by-sector export (WITS/TRAINS); not independently re-verified against the publisher in this workspace,REAL
AUS,Stone and Glass,No NTMs,80.51,157,Structure matches the UNCTAD/World Bank NTM prevalence-by-sector export (WITS/TRAINS); not independently re-verified against the publisher in this workspace,REAL
AUS,Metals,1 type,4.8,27,Structure matches the UNCTAD/World Bank NTM prevalence-by-sector export (WITS/TRAINS); not independently re-verified against the publisher in this workspace,REAL
AUS,Metals,2 types,0.36,2,Structure matches the UNCTAD/World Bank NTM prevalence-by-sector export (WITS/TRAINS); not independently re-verified against the publisher in this workspace,REAL
AUS,Metals,3+ types,0.53,3,Structure matches the UNCTAD/World Bank NTM prevalence-by-sector export (WITS/TRAINS); not independently re-verified against the publisher in this workspace,REAL
AUS,Metals,No NTMs,94.32,531,Structure matches the UNCTAD/World Bank NTM prevalence-by-sector export (WITS/TRAINS); not independently re-verified against the publisher in this workspace,REAL
AUS,Mach and Elec,1 type,3.63,28,Structure matches the UNCTAD/World Bank NTM prevalence-by-sector export (WITS/TRAINS); not independently re-verified against the publisher in this workspace,REAL
AUS,Mach and Elec,2 types,0.39,3,Structure matches the UNCTAD/World Bank NTM prevalence-by-sector export (WITS/TRAINS); not independently re-verified against the publisher in this workspace,REAL
AUS,Mach and Elec,3+ types,79.77,615,Structure matches the UNCTAD/World Bank NTM prevalence-by-sector export (WITS/TRAINS); not independently re-verified against the publisher in this workspace,REAL
AUS,Mach and Elec,No NTMs,16.21,125,Structure matches the UNCTAD/World Bank NTM prevalence-by-sector export (WITS/TRAINS); not independently re-verified against the publisher in this workspace,REAL
AUS,Transportation,1 type,59.23,77,Structure matches the UNCTAD/World Bank NTM prevalence-by-sector export (WITS/TRAINS); not independently re-verified against the publisher in this workspace,REAL
AUS,Transportation,2 types,9.23,12,Structure matches the UNCTAD/World Bank NTM prevalence-by-sector export (WITS/TRAINS); not independently re-verified against the publisher in this workspace,REAL
AUS,Transportation,3+ types,19.23,25,Structure matches the UNCTAD/World Bank NTM prevalence-by-sector export (WITS/TRAINS); not independently re-verified against the publisher in this workspace,REAL
AUS,Transportation,No NTMs,12.31,16,Structure matches the UNCTAD/World Bank NTM prevalence-by-sector export (WITS/TRAINS); not independently re-verified against the publisher in this workspace,REAL
AUS,Miscellaneous,1 type,25.42,90,Structure matches the UNCTAD/World Bank NTM prevalence-by-sector export (WITS/TRAINS); not independently re-verified against the publisher in this workspace,REAL
AUS,Miscellaneous,2 types,7.63,27,Structure matches the UNCTAD/World Bank NTM prevalence-by-sector export (WITS/TRAINS); not independently re-verified against the publisher in this workspace,REAL
AUS,Miscellaneous,3+ types,13.84,49,Structure matches the UNCTAD/World Bank NTM prevalence-by-sector export (WITS/TRAINS); not independently re-verified against the publisher in this workspace,REAL
AUS,Miscellaneous,No NTMs,53.11,188,Structure matches the UNCTAD/World Bank NTM prevalence-by-sector export (WITS/TRAINS); not independently re-verified against the publisher in this workspace,REAL
AUS,All Import Products,1 type,29.86,1554,Structure matches the UNCTAD/World Bank NTM prevalence-by-sector export (WITS/TRAINS); not independently re-verified against the publisher in this workspace,REAL
AUS,All Import Products,2 types,5.32,277,Structure matches the UNCTAD/World Bank NTM prevalence-by-sector export (WITS/TRAINS); not independently re-verified against the publisher in this workspace,REAL
AUS,All Import Products,3+ types,26.51,1380,Structure matches the UNCTAD/World Bank NTM prevalence-by-sector export (WITS/TRAINS); not independently re-verified against the publisher in this workspace,REAL
AUS,All Import Products,No NTMs,38.31,1994,Structure matches the UNCTAD/World Bank NTM prevalence-by-sector export (WITS/TRAINS); not independently re-verified against the publisher in this workspace,REAL
BEN,Animal,1 type,3.07,7,Structure matches the UNCTAD/World Bank NTM prevalence-by-sector export (WITS/TRAINS); not independently re-verified against the publisher in this workspace,REAL
BEN,Animal,2 types,6.14,14,Structure matches the UNCTAD/World Bank NTM prevalence-by-sector export (WITS/TRAINS); not independently re-verified against the publisher in this workspace,REAL
BEN,Animal,3+ types,46.49,106,Structure matches the UNCTAD/World Bank NTM prevalence-by-sector export (WITS/TRAINS); not independently re-verified against the publisher in this workspace,REAL
BEN,Animal,No NTMs,44.3,101,Structure matches the UNCTAD/World Bank NTM prevalence-by-sector export (WITS/TRAINS); not independently re-verified against the publisher in this workspace,REAL
BEN,Vegetable,1 type,6.31,19,Structure matches the UNCTAD/World Bank NTM prevalence-by-sector export (WITS/TRAINS); not independently re-verified against the publisher in this workspace,REAL
BEN,Vegetable,2 types,3.99,12,Structure matches the UNCTAD/World Bank NTM prevalence-by-sector export (WITS/TRAINS); not independently re-verified against the publisher in this workspace,REAL
BEN,Vegetable,3+ types,59.8,180,Structure matches the UNCTAD/World Bank NTM prevalence-by-sector export (WITS/TRAINS); not independently re-verified against the publisher in this workspace,REAL
BEN,Vegetable,No NTMs,29.9,90,Structure matches the UNCTAD/World Bank NTM prevalence-by-sector export (WITS/TRAINS); not independently re-verified against the publisher in this workspace,REAL
BEN,Food Products,2 types,0.52,1,Structure matches the UNCTAD/World Bank NTM prevalence-by-sector export (WITS/TRAINS); not independently re-verified against the publisher in this workspace,REAL
BEN,Food Products,3+ types,86.01,166,Structure matches the UNCTAD/World Bank NTM prevalence-by-sector export (WITS/TRAINS); not independently re-verified against the publisher in this workspace,REAL
BEN,Food Products,No NTMs,13.47,26,Structure matches the UNCTAD/World Bank NTM prevalence-by-sector export (WITS/TRAINS); not independently re-verified against the publisher in this workspace,REAL
BEN,Minerals,1 type,3.77,4,Structure matches the UNCTAD/World Bank NTM prevalence-by-sector export (WITS/TRAINS); not independently re-verified against the publisher in this workspace,REAL
BEN,Minerals,2 types,1.89,2,Structure matches the UNCTAD/World Bank NTM prevalence-by-sector export (WITS/TRAINS); not independently re-verified against the publisher in this workspace,REAL
BEN,Minerals,3+ types,0.94,1,Structure matches the UNCTAD/World Bank NTM prevalence-by-sector export (WITS/TRAINS); not independently re-verified against the publisher in this workspace,REAL
BEN,Minerals,No NTMs,93.4,99,Structure matches the UNCTAD/World Bank NTM prevalence-by-sector export (WITS/TRAINS); not independently re-verified against the publisher in this workspace,REAL
BEN,Fuels,1 type,28.57,12,Structure matches the UNCTAD/World Bank NTM prevalence-by-sector export (WITS/TRAINS); not independently re-verified against the publisher in this workspace,REAL
BEN,Fuels,No NTMs,71.43,30,Structure matches the UNCTAD/World Bank NTM prevalence-by-sector export (WITS/TRAINS); not independently re-verified against the publisher in this workspace,REAL
BEN,Chemicals,1 type,0.25,2,Structure matches the UNCTAD/World Bank NTM prevalence-by-sector export (WITS/TRAINS); not independently re-verified against the publisher in this workspace,REAL
BEN,Chemicals,2 types,8.24,65,Structure matches the UNCTAD/World Bank NTM prevalence-by-sector export (WITS/TRAINS); not independently re-verified against the publisher in this workspace,REAL
BEN,Chemicals,3+ types,2.41,19,Structure matches the UNCTAD/World Bank NTM prevalence-by-sector export (WITS/TRAINS); not independently re-verified against the publisher in this workspace,REAL
BEN,Chemicals,No NTMs,89.1,703,Structure matches the UNCTAD/World Bank NTM prevalence-by-sector export (WITS/TRAINS); not independently re-verified against the publisher in this workspace,REAL
BEN,Plastic or Rubber,No NTMs,100.0,211,Structure matches the UNCTAD/World Bank NTM prevalence-by-sector export (WITS/TRAINS); not independently re-verified against the publisher in this workspace,REAL
BEN,Hides and Skins,2 types,4.35,3,Structure matches the UNCTAD/World Bank NTM prevalence-by-sector export (WITS/TRAINS); not independently re-verified against the publisher in this workspace,REAL
BEN,Hides and Skins,3+ types,4.35,3,Structure matches the UNCTAD/World Bank NTM prevalence-by-sector export (WITS/TRAINS); not independently re-verified against the publisher in this workspace,REAL
BEN,Hides and Skins,No NTMs,91.3,63,Structure matches the UNCTAD/World Bank NTM prevalence-by-sector export (WITS/TRAINS); not independently re-verified against the publisher in this workspace,REAL
BEN,Wood,1 type,16.03,38,Structure matches the UNCTAD/World Bank NTM prevalence-by-sector export (WITS/TRAINS); not independently re-verified against the publisher in this workspace,REAL
BEN,Wood,2 types,2.53,6,Structure matches the UNCTAD/World Bank NTM prevalence-by-sector export (WITS/TRAINS); not independently re-verified against the publisher in this workspace,REAL
BEN,Wood,3+ types,2.95,7,Structure matches the UNCTAD/World Bank NTM prevalence-by-sector export (WITS/TRAINS); not independently re-verified against the publisher in this workspace,REAL
BEN,Wood,No NTMs,78.48,186,Structure matches the UNCTAD/World Bank NTM prevalence-by-sector export (WITS/TRAINS); not independently re-verified against the publisher in this workspace,REAL
BEN,Textiles and Clothing,1 type,38.83,311,Structure matches the UNCTAD/World Bank NTM prevalence-by-sector export (WITS/TRAINS); not independently re-verified against the publisher in this workspace,REAL
BEN,Textiles and Clothing,2 types,8.49,68,Structure matches the UNCTAD/World Bank NTM prevalence-by-sector export (WITS/TRAINS); not independently re-verified against the publisher in this workspace,REAL
BEN,Textiles and Clothing,3+ types,9.74,78,Structure matches the UNCTAD/World Bank NTM prevalence-by-sector export (WITS/TRAINS); not independently re-verified against the publisher in this workspace,REAL
BEN,Textiles and Clothing,No NTMs,42.95,344,Structure matches the UNCTAD/World Bank NTM prevalence-by-sector export (WITS/TRAINS); not independently re-verified against the publisher in this workspace,REAL
BEN,Footwear,1 type,20.41,10,Structure matches the UNCTAD/World Bank NTM prevalence-by-sector export (WITS/TRAINS); not independently re-verified against the publisher in this workspace,REAL
BEN,Footwear,2 types,2.04,1,Structure matches the UNCTAD/World Bank NTM prevalence-by-sector export (WITS/TRAINS); not independently re-verified against the publisher in this workspace,REAL
BEN,Footwear,No NTMs,77.55,38,Structure matches the UNCTAD/World Bank NTM prevalence-by-sector export (WITS/TRAINS); not independently re-verified against the publisher in this workspace,REAL
BEN,Stone and Glass,1 type,5.61,11,Structure matches the UNCTAD/World Bank NTM prevalence-by-sector export (WITS/TRAINS); not independently re-verified against the publisher in this workspace,REAL
BEN,Stone and Glass,2 types,2.55,5,Structure matches the UNCTAD/World Bank NTM prevalence-by-sector export (WITS/TRAINS); not independently re-verified against the publisher in this workspace,REAL
BEN,Stone and Glass,No NTMs,91.84,180,Structure matches the UNCTAD/World Bank NTM prevalence-by-sector export (WITS/TRAINS); not independently re-verified against the publisher in this workspace,REAL
BEN,Metals,1 type,0.18,1,Structure matches the UNCTAD/World Bank NTM prevalence-by-sector export (WITS/TRAINS); not independently re-verified against the publisher in this workspace,REAL
BEN,Metals,No NTMs,99.82,567,Structure matches the UNCTAD/World Bank NTM prevalence-by-sector export (WITS/TRAINS); not independently re-verified against the publisher in this workspace,REAL
BEN,Mach and Elec,1 type,1.82,14,Structure matches the UNCTAD/World Bank NTM prevalence-by-sector export (WITS/TRAINS); not independently re-verified against the publisher in this workspace,REAL
BEN,Mach and Elec,No NTMs,98.18,755,Structure matches the UNCTAD/World Bank NTM prevalence-by-sector export (WITS/TRAINS); not independently re-verified against the publisher in this workspace,REAL
BEN,Transportation,1 type,6.87,9,Structure matches the UNCTAD/World Bank NTM prevalence-by-sector export (WITS/TRAINS); not independently re-verified against the publisher in this workspace,REAL
BEN,Transportation,No NTMs,93.13,122,Structure matches the UNCTAD/World Bank NTM prevalence-by-sector export (WITS/TRAINS); not independently re-verified against the publisher in this workspace,REAL
BEN,Miscellaneous,1 type,3.59,13,Structure matches the UNCTAD/World Bank NTM prevalence-by-sector export (WITS/TRAINS); not independently re-verified against the publisher in this workspace,REAL
BEN,Miscellaneous,2 types,0.55,2,Structure matches the UNCTAD/World Bank NTM prevalence-by-sector export (WITS/TRAINS); not independently re-verified against the publisher in this workspace,REAL
BEN,Miscellaneous,No NTMs,95.86,347,Structure matches the UNCTAD/World Bank NTM prevalence-by-sector export (WITS/TRAINS); not independently re-verified against the publisher in this workspace,REAL
BEN,All Import Products,1 type,8.93,451,Structure matches the UNCTAD/World Bank NTM prevalence-by-sector export (WITS/TRAINS); not independently re-verified against the publisher in this workspace,REAL
BEN,All Import Products,2 types,3.54,179,Structure matches the UNCTAD/World Bank NTM prevalence-by-sector export (WITS/TRAINS); not independently re-verified against the publisher in this workspace,REAL
BEN,All Import Products,3+ types,11.08,560,Structure matches the UNCTAD/World Bank NTM prevalence-by-sector export (WITS/TRAINS); not independently re-verified against the publisher in this workspace,REAL
BEN,All Import Products,No NTMs,76.44,3862,Structure matches the UNCTAD/World Bank NTM prevalence-by-sector export (WITS/TRAINS); not independently re-verified against the publisher in this workspace,REAL
BFA,Animal,1 type,42.98,98,Structure matches the UNCTAD/World Bank NTM prevalence-by-sector export (WITS/TRAINS); not independently re-verified against the publisher in this workspace,REAL
BFA,Animal,2 types,5.26,12,Structure matches the UNCTAD/World Bank NTM prevalence-by-sector export (WITS/TRAINS); not independently re-verified against the publisher in this workspace,REAL
BFA,Animal,No NTMs,51.75,118,Structure matches the UNCTAD/World Bank NTM prevalence-by-sector export (WITS/TRAINS); not independently re-verified against the publisher in this workspace,REAL
BFA,Vegetable,1 type,22.26,67,Structure matches the UNCTAD/World Bank NTM prevalence-by-sector export (WITS/TRAINS); not independently re-verified against the publisher in this workspace,REAL
BFA,Vegetable,2 types,26.58,80,Structure matches the UNCTAD/World Bank NTM prevalence-by-sector export (WITS/TRAINS); not independently re-verified against the publisher in this workspace,REAL
BFA,Vegetable,3+ types,25.25,76,Structure matches the UNCTAD/World Bank NTM prevalence-by-sector export (WITS/TRAINS); not independently re-verified against the publisher in this workspace,REAL
BFA,Vegetable,No NTMs,25.91,78,Structure matches the UNCTAD/World Bank NTM prevalence-by-sector export (WITS/TRAINS); not independently re-verified against the publisher in this workspace,REAL
BFA,Food Products,1 type,7.25,14,Structure matches the UNCTAD/World Bank NTM prevalence-by-sector export (WITS/TRAINS); not independently re-verified against the publisher in this workspace,REAL
BFA,Food Products,2 types,50.26,97,Structure matches the UNCTAD/World Bank NTM prevalence-by-sector export (WITS/TRAINS); not independently re-verified against the publisher in this workspace,REAL
BFA,Food Products,3+ types,25.91,50,Structure matches the UNCTAD/World Bank NTM prevalence-by-sector export (WITS/TRAINS); not independently re-verified against the publisher in this workspace,REAL
BFA,Food Products,No NTMs,16.58,32,Structure matches the UNCTAD/World Bank NTM prevalence-by-sector export (WITS/TRAINS); not independently re-verified against the publisher in this workspace,REAL
BFA,Minerals,1 type,0.94,1,Structure matches the UNCTAD/World Bank NTM prevalence-by-sector export (WITS/TRAINS); not independently re-verified against the publisher in this workspace,REAL
BFA,Minerals,No NTMs,99.06,105,Structure matches the UNCTAD/World Bank NTM prevalence-by-sector export (WITS/TRAINS); not independently re-verified against the publisher in this workspace,REAL
BFA,Fuels,1 type,2.38,1,Structure matches the UNCTAD/World Bank NTM prevalence-by-sector export (WITS/TRAINS); not independently re-verified against the publisher in this workspace,REAL
BFA,Fuels,2 types,2.38,1,Structure matches the UNCTAD/World Bank NTM prevalence-by-sector export (WITS/TRAINS); not independently re-verified against the publisher in this workspace,REAL
BFA,Fuels,No NTMs,95.24,40,Structure matches the UNCTAD/World Bank NTM prevalence-by-sector export (WITS/TRAINS); not independently re-verified against the publisher in this workspace,REAL
BFA,Chemicals,1 type,8.24,65,Structure matches the UNCTAD/World Bank NTM prevalence-by-sector export (WITS/TRAINS); not independently re-verified against the publisher in this workspace,REAL
BFA,Chemicals,2 types,2.66,21,Structure matches the UNCTAD/World Bank NTM prevalence-by-sector export (WITS/TRAINS); not independently re-verified against the publisher in this workspace,REAL
BFA,Chemicals,3+ types,1.14,9,Structure matches the UNCTAD/World Bank NTM prevalence-by-sector export (WITS/TRAINS); not independently re-verified against the publisher in this workspace,REAL
BFA,Chemicals,No NTMs,87.96,694,Structure matches the UNCTAD/World Bank NTM prevalence-by-sector export (WITS/TRAINS); not independently re-verified against the publisher in this workspace,REAL
BFA,Plastic or Rubber,1 type,10.43,22,Structure matches the UNCTAD/World Bank NTM prevalence-by-sector export (WITS/TRAINS); not independently re-verified against the publisher in this workspace,REAL
BFA,Plastic or Rubber,2 types,2.84,6,Structure matches the UNCTAD/World Bank NTM prevalence-by-sector export (WITS/TRAINS); not independently re-verified against the publisher in this workspace,REAL
BFA,Plastic or Rubber,No NTMs,86.73,183,Structure matches the UNCTAD/World Bank NTM prevalence-by-sector export (WITS/TRAINS); not independently re-verified against the publisher in this workspace,REAL
BFA,Hides and Skins,1 type,11.59,8,Structure matches the UNCTAD/World Bank NTM prevalence-by-sector export (WITS/TRAINS); not independently re-verified against the publisher in this workspace,REAL
BFA,Hides and Skins,2 types,5.8,4,Structure matches the UNCTAD/World Bank NTM prevalence-by-sector export (WITS/TRAINS); not independently re-verified against the publisher in this workspace,REAL
BFA,Hides and Skins,No NTMs,82.61,57,Structure matches the UNCTAD/World Bank NTM prevalence-by-sector export (WITS/TRAINS); not independently re-verified against the publisher in this workspace,REAL
BFA,Wood,1 type,0.84,2,Structure matches the UNCTAD/World Bank NTM prevalence-by-sector export (WITS/TRAINS); not independently re-verified against the publisher in this workspace,REAL
BFA,Wood,2 types,11.39,27,Structure matches the UNCTAD/World Bank NTM prevalence-by-sector export (WITS/TRAINS); not independently re-verified against the publisher in this workspace,REAL
BFA,Wood,3+ types,8.86,21,Structure matches the UNCTAD/World Bank NTM prevalence-by-sector export (WITS/TRAINS); not independently re-verified against the publisher in this workspace,REAL
BFA,Wood,No NTMs,78.9,187,Structure matches the UNCTAD/World Bank NTM prevalence-by-sector export (WITS/TRAINS); not independently re-verified against the publisher in this workspace,REAL
BFA,Textiles and Clothing,1 type,7.24,58,Structure matches the UNCTAD/World Bank NTM prevalence-by-sector export (WITS/TRAINS); not independently re-verified against the publisher in this workspace,REAL
BFA,Textiles and Clothing,3+ types,1.5,12,Structure matches the UNCTAD/World Bank NTM prevalence-by-sector export (WITS/TRAINS); not independently re-verified against the publisher in this workspace,REAL
BFA,Textiles and Clothing,No NTMs,91.26,731,Structure matches the UNCTAD/World Bank NTM prevalence-by-sector export (WITS/TRAINS); not independently re-verified against the publisher in this workspace,REAL
BFA,Footwear,No NTMs,100.0,49,Structure matches the UNCTAD/World Bank NTM prevalence-by-sector export (WITS/TRAINS); not independently re-verified against the publisher in this workspace,REAL
BFA,Stone and Glass,1 type,1.02,2,Structure matches the UNCTAD/World Bank NTM prevalence-by-sector export (WITS/TRAINS); not independently re-verified against the publisher in this workspace,REAL
BFA,Stone and Glass,No NTMs,98.98,194,Structure matches the UNCTAD/World Bank NTM prevalence-by-sector export (WITS/TRAINS); not independently re-verified against the publisher in this workspace,REAL
BFA,Metals,1 type,19.19,109,Structure matches the UNCTAD/World Bank NTM prevalence-by-sector export (WITS/TRAINS); not independently re-verified against the publisher in this workspace,REAL
BFA,Metals,No NTMs,80.81,459,Structure matches the UNCTAD/World Bank NTM prevalence-by-sector export (WITS/TRAINS); not independently re-verified against the publisher in this workspace,REAL
BFA,Mach and Elec,1 type,5.33,41,Structure matches the UNCTAD/World Bank NTM prevalence-by-sector export (WITS/TRAINS); not independently re-verified against the publisher in this workspace,REAL
BFA,Mach and Elec,2 types,0.13,1,Structure matches the UNCTAD/World Bank NTM prevalence-by-sector export (WITS/TRAINS); not independently re-verified against the publisher in this workspace,REAL
BFA,Mach and Elec,No NTMs,94.54,727,Structure matches the UNCTAD/World Bank NTM prevalence-by-sector export (WITS/TRAINS); not independently re-verified against the publisher in this workspace,REAL
BFA,Transportation,1 type,43.51,57,Structure matches the UNCTAD/World Bank NTM prevalence-by-sector export (WITS/TRAINS); not independently re-verified against the publisher in this workspace,REAL
BFA,Transportation,No NTMs,56.49,74,Structure matches the UNCTAD/World Bank NTM prevalence-by-sector export (WITS/TRAINS); not independently re-verified against the publisher in this workspace,REAL
BFA,Miscellaneous,1 type,7.73,28,Structure matches the UNCTAD/World Bank NTM prevalence-by-sector export (WITS/TRAINS); not independently re-verified against the publisher in this workspace,REAL
BFA,Miscellaneous,No NTMs,92.27,334,Structure matches the UNCTAD/World Bank NTM prevalence-by-sector export (WITS/TRAINS); not independently re-verified against the publisher in this workspace,REAL
BFA,All Import Products,1 type,11.34,573,Structure matches the UNCTAD/World Bank NTM prevalence-by-sector export (WITS/TRAINS); not independently re-verified against the publisher in this workspace,REAL
BFA,All Import Products,2 types,4.93,249,Structure matches the UNCTAD/World Bank NTM prevalence-by-sector export (WITS/TRAINS); not independently re-verified against the publisher in this workspace,REAL
BFA,All Import Products,3+ types,3.33,168,Structure matches the UNCTAD/World Bank NTM prevalence-by-sector export (WITS/TRAINS); not independently re-verified against the publisher in this workspace,REAL
BFA,All Import Products,No NTMs,80.4,4062,Structure matches the UNCTAD/World Bank NTM prevalence-by-sector export (WITS/TRAINS); not independently re-verified against the publisher in this workspace,REAL
BHR,Animal,1 type,1.49,5,Structure matches the UNCTAD/World Bank NTM prevalence-by-sector export (WITS/TRAINS); not independently re-verified against the publisher in this workspace,REAL
BHR,Animal,2 types,40.48,136,Structure matches the UNCTAD/World Bank NTM prevalence-by-sector export (WITS/TRAINS); not independently re-verified against the publisher in this workspace,REAL
BHR,Animal,3+ types,47.32,159,Structure matches the UNCTAD/World Bank NTM prevalence-by-sector export (WITS/TRAINS); not independently re-verified against the publisher in this workspace,REAL
BHR,Animal,No NTMs,10.71,36,Structure matches the UNCTAD/World Bank NTM prevalence-by-sector export (WITS/TRAINS); not independently re-verified against the publisher in this workspace,REAL
BHR,Vegetable,1 type,3.98,14,Structure matches the UNCTAD/World Bank NTM prevalence-by-sector export (WITS/TRAINS); not independently re-verified against the publisher in this workspace,REAL
BHR,Vegetable,2 types,23.3,82,Structure matches the UNCTAD/World Bank NTM prevalence-by-sector export (WITS/TRAINS); not independently re-verified against the publisher in this workspace,REAL
BHR,Vegetable,3+ types,69.03,243,Structure matches the UNCTAD/World Bank NTM prevalence-by-sector export (WITS/TRAINS); not independently re-verified against the publisher in this workspace,REAL
BHR,Vegetable,No NTMs,3.69,13,Structure matches the UNCTAD/World Bank NTM prevalence-by-sector export (WITS/TRAINS); not independently re-verified against the publisher in this workspace,REAL
BHR,Food Products,1 type,0.95,2,Structure matches the UNCTAD/World Bank NTM prevalence-by-sector export (WITS/TRAINS); not independently re-verified against the publisher in this workspace,REAL
BHR,Food Products,2 types,72.51,153,Structure matches the UNCTAD/World Bank NTM prevalence-by-sector export (WITS/TRAINS); not independently re-verified against the publisher in this workspace,REAL
BHR,Food Products,3+ types,23.22,49,Structure matches the UNCTAD/World Bank NTM prevalence-by-sector export (WITS/TRAINS); not independently re-verified against the publisher in this workspace,REAL
BHR,Food Products,No NTMs,3.32,7,Structure matches the UNCTAD/World Bank NTM prevalence-by-sector export (WITS/TRAINS); not independently re-verified against the publisher in this workspace,REAL
BHR,Minerals,1 type,9.52,10,Structure matches the UNCTAD/World Bank NTM prevalence-by-sector export (WITS/TRAINS); not independently re-verified against the publisher in this workspace,REAL
BHR,Minerals,2 types,15.24,16,Structure matches the UNCTAD/World Bank NTM prevalence-by-sector export (WITS/TRAINS); not independently re-verified against the publisher in this workspace,REAL
BHR,Minerals,No NTMs,75.24,79,Structure matches the UNCTAD/World Bank NTM prevalence-by-sector export (WITS/TRAINS); not independently re-verified against the publisher in this workspace,REAL
BHR,Fuels,1 type,13.95,6,Structure matches the UNCTAD/World Bank NTM prevalence-by-sector export (WITS/TRAINS); not independently re-verified against the publisher in this workspace,REAL
BHR,Fuels,2 types,13.95,6,Structure matches the UNCTAD/World Bank NTM prevalence-by-sector export (WITS/TRAINS); not independently re-verified against the publisher in this workspace,REAL
BHR,Fuels,3+ types,2.33,1,Structure matches the UNCTAD/World Bank NTM prevalence-by-sector export (WITS/TRAINS); not independently re-verified against the publisher in this workspace,REAL
BHR,Fuels,No NTMs,69.77,30,Structure matches the UNCTAD/World Bank NTM prevalence-by-sector export (WITS/TRAINS); not independently re-verified against the publisher in this workspace,REAL
BHR,Chemicals,1 type,2.29,18,Structure matches the UNCTAD/World Bank NTM prevalence-by-sector export (WITS/TRAINS); not independently re-verified against the publisher in this workspace,REAL
BHR,Chemicals,2 types,8.51,67,Structure matches the UNCTAD/World Bank NTM prevalence-by-sector export (WITS/TRAINS); not independently re-verified against the publisher in this workspace,REAL
BHR,Chemicals,3+ types,16.01,126,Structure matches the UNCTAD/World Bank NTM prevalence-by-sector export (WITS/TRAINS); not independently re-verified against the publisher in this workspace,REAL
BHR,Chemicals,No NTMs,73.19,576,Structure matches the UNCTAD/World Bank NTM prevalence-by-sector export (WITS/TRAINS); not independently re-verified against the publisher in this workspace,REAL
BHR,Plastic or Rubber,1 type,8.06,17,Structure matches the UNCTAD/World Bank NTM prevalence-by-sector export (WITS/TRAINS); not independently re-verified against the publisher in this workspace,REAL
BHR,Plastic or Rubber,2 types,9.95,21,Structure matches the UNCTAD/World Bank NTM prevalence-by-sector export (WITS/TRAINS); not independently re-verified against the publisher in this workspace,REAL
BHR,Plastic or Rubber,3+ types,0.95,2,Structure matches the UNCTAD/World Bank NTM prevalence-by-sector export (WITS/TRAINS); not independently re-verified against the publisher in this workspace,REAL
BHR,Plastic or Rubber,No NTMs,81.04,171,Structure matches the UNCTAD/World Bank NTM prevalence-by-sector export (WITS/TRAINS); not independently re-verified against the publisher in this workspace,REAL
BHR,Hides and Skins,1 type,17.39,12,Structure matches the UNCTAD/World Bank NTM prevalence-by-sector export (WITS/TRAINS); not independently re-verified against the publisher in this workspace,REAL
BHR,Hides and Skins,2 types,14.49,10,Structure matches the UNCTAD/World Bank NTM prevalence-by-sector export (WITS/TRAINS); not independently re-verified against the publisher in this workspace,REAL
BHR,Hides and Skins,3+ types,28.99,20,Structure matches the UNCTAD/World Bank NTM prevalence-by-sector export (WITS/TRAINS); not independently re-verified against the publisher in this workspace,REAL
BHR,Hides and Skins,No NTMs,39.13,27,Structure matches the UNCTAD/World Bank NTM prevalence-by-sector export (WITS/TRAINS); not independently re-verified against the publisher in this workspace,REAL
BHR,Wood,2 types,2.98,7,Structure matches the UNCTAD/World Bank NTM prevalence-by-sector export (WITS/TRAINS); not independently re-verified against the publisher in this workspace,REAL
BHR,Wood,3+ types,13.19,31,Structure matches the UNCTAD/World Bank NTM prevalence-by-sector export (WITS/TRAINS); not independently re-verified against the publisher in this workspace,REAL
BHR,Wood,No NTMs,83.83,197,Structure matches the UNCTAD/World Bank NTM prevalence-by-sector export (WITS/TRAINS); not independently re-verified against the publisher in this workspace,REAL
BHR,Textiles and Clothing,1 type,22.86,182,Structure matches the UNCTAD/World Bank NTM prevalence-by-sector export (WITS/TRAINS); not independently re-verified against the publisher in this workspace,REAL
BHR,Textiles and Clothing,2 types,4.65,37,Structure matches the UNCTAD/World Bank NTM prevalence-by-sector export (WITS/TRAINS); not independently re-verified against the publisher in this workspace,REAL
BHR,Textiles and Clothing,3+ types,7.54,60,Structure matches the UNCTAD/World Bank NTM prevalence-by-sector export (WITS/TRAINS); not independently re-verified against the publisher in this workspace,REAL
BHR,Textiles and Clothing,No NTMs,64.95,517,Structure matches the UNCTAD/World Bank NTM prevalence-by-sector export (WITS/TRAINS); not independently re-verified against the publisher in this workspace,REAL
BHR,Footwear,1 type,10.64,5,Structure matches the UNCTAD/World Bank NTM prevalence-by-sector export (WITS/TRAINS); not independently re-verified against the publisher in this workspace,REAL
BHR,Footwear,3+ types,31.91,15,Structure matches the UNCTAD/World Bank NTM prevalence-by-sector export (WITS/TRAINS); not independently re-verified against the publisher in this workspace,REAL
BHR,Footwear,No NTMs,57.45,27,Structure matches the UNCTAD/World Bank NTM prevalence-by-sector export (WITS/TRAINS); not independently re-verified against the publisher in this workspace,REAL
BHR,Stone and Glass,1 type,11.28,22,Structure matches the UNCTAD/World Bank NTM prevalence-by-sector export (WITS/TRAINS); not independently re-verified against the publisher in this workspace,REAL
BHR,Stone and Glass,2 types,7.18,14,Structure matches the UNCTAD/World Bank NTM prevalence-by-sector export (WITS/TRAINS); not independently re-verified against the publisher in this workspace,REAL
BHR,Stone and Glass,3+ types,0.51,1,Structure matches the UNCTAD/World Bank NTM prevalence-by-sector export (WITS/TRAINS); not independently re-verified against the publisher in this workspace,REAL
BHR,Stone and Glass,No NTMs,81.03,158,Structure matches the UNCTAD/World Bank NTM prevalence-by-sector export (WITS/TRAINS); not independently re-verified against the publisher in this workspace,REAL
BHR,Metals,1 type,1.95,11,Structure matches the UNCTAD/World Bank NTM prevalence-by-sector export (WITS/TRAINS); not independently re-verified against the publisher in this workspace,REAL
BHR,Metals,2 types,9.24,52,Structure matches the UNCTAD/World Bank NTM prevalence-by-sector export (WITS/TRAINS); not independently re-verified against the publisher in this workspace,REAL
BHR,Metals,3+ types,2.13,12,Structure matches the UNCTAD/World Bank NTM prevalence-by-sector export (WITS/TRAINS); not independently re-verified against the publisher in this workspace,REAL
BHR,Metals,No NTMs,86.68,488,Structure matches the UNCTAD/World Bank NTM prevalence-by-sector export (WITS/TRAINS); not independently re-verified against the publisher in this workspace,REAL
BHR,Mach and Elec,1 type,4.93,38,Structure matches the UNCTAD/World Bank NTM prevalence-by-sector export (WITS/TRAINS); not independently re-verified against the publisher in this workspace,REAL
BHR,Mach and Elec,2 types,74.58,575,Structure matches the UNCTAD/World Bank NTM prevalence-by-sector export (WITS/TRAINS); not independently re-verified against the publisher in this workspace,REAL
BHR,Mach and Elec,3+ types,3.76,29,Structure matches the UNCTAD/World Bank NTM prevalence-by-sector export (WITS/TRAINS); not independently re-verified against the publisher in this workspace,REAL
BHR,Mach and Elec,No NTMs,16.73,129,Structure matches the UNCTAD/World Bank NTM prevalence-by-sector export (WITS/TRAINS); not independently re-verified against the publisher in this workspace,REAL
BHR,Transportation,1 type,7.69,10,Structure matches the UNCTAD/World Bank NTM prevalence-by-sector export (WITS/TRAINS); not independently re-verified against the publisher in this workspace,REAL
BHR,Transportation,2 types,52.31,68,Structure matches the UNCTAD/World Bank NTM prevalence-by-sector export (WITS/TRAINS); not independently re-verified against the publisher in this workspace,REAL
BHR,Transportation,3+ types,8.46,11,Structure matches the UNCTAD/World Bank NTM prevalence-by-sector export (WITS/TRAINS); not independently re-verified against the publisher in this workspace,REAL
BHR,Transportation,No NTMs,31.54,41,Structure matches the UNCTAD/World Bank NTM prevalence-by-sector export (WITS/TRAINS); not independently re-verified against the publisher in this workspace,REAL
BHR,Miscellaneous,1 type,7.06,25,Structure matches the UNCTAD/World Bank NTM prevalence-by-sector export (WITS/TRAINS); not independently re-verified against the publisher in this workspace,REAL
BHR,Miscellaneous,2 types,41.53,147,Structure matches the UNCTAD/World Bank NTM prevalence-by-sector export (WITS/TRAINS); not independently re-verified against the publisher in this workspace,REAL
BHR,Miscellaneous,3+ types,10.17,36,Structure matches the UNCTAD/World Bank NTM prevalence-by-sector export (WITS/TRAINS); not independently re-verified against the publisher in this workspace,REAL
BHR,Miscellaneous,No NTMs,41.24,146,Structure matches the UNCTAD/World Bank NTM prevalence-by-sector export (WITS/TRAINS); not independently re-verified against the publisher in this workspace,REAL
BHR,All Import Products,1 type,7.24,377,Structure matches the UNCTAD/World Bank NTM prevalence-by-sector export (WITS/TRAINS); not independently re-verified against the publisher in this workspace,REAL
BHR,All Import Products,2 types,26.72,1391,Structure matches the UNCTAD/World Bank NTM prevalence-by-sector export (WITS/TRAINS); not independently re-verified against the publisher in this workspace,REAL
BHR,All Import Products,3+ types,15.27,795,Structure matches the UNCTAD/World Bank NTM prevalence-by-sector export (WITS/TRAINS); not independently re-verified against the publisher in this workspace,REAL
BHR,All Import Products,No NTMs,50.76,2642,Structure matches the UNCTAD/World Bank NTM prevalence-by-sector export (WITS/TRAINS); not independently re-verified against the publisher in this workspace,REAL
BHS,Animal,1 type,0.6,2,Structure matches the UNCTAD/World Bank NTM prevalence-by-sector export (WITS/TRAINS); not independently re-verified against the publisher in this workspace,REAL
BHS,Animal,2 types,33.33,112,Structure matches the UNCTAD/World Bank NTM prevalence-by-sector export (WITS/TRAINS); not independently re-verified against the publisher in this workspace,REAL
BHS,Animal,3+ types,47.02,158,Structure matches the UNCTAD/World Bank NTM prevalence-by-sector export (WITS/TRAINS); not independently re-verified against the publisher in this workspace,REAL
BHS,Animal,No NTMs,19.05,64,Structure matches the UNCTAD/World Bank NTM prevalence-by-sector export (WITS/TRAINS); not independently re-verified against the publisher in this workspace,REAL
BHS,Vegetable,1 type,13.35,47,Structure matches the UNCTAD/World Bank NTM prevalence-by-sector export (WITS/TRAINS); not independently re-verified against the publisher in this workspace,REAL
BHS,Vegetable,2 types,25.57,90,Structure matches the UNCTAD/World Bank NTM prevalence-by-sector export (WITS/TRAINS); not independently re-verified against the publisher in this workspace,REAL
BHS,Vegetable,3+ types,56.82,200,Structure matches the UNCTAD/World Bank NTM prevalence-by-sector export (WITS/TRAINS); not independently re-verified against the publisher in this workspace,REAL
BHS,Vegetable,No NTMs,4.26,15,Structure matches the UNCTAD/World Bank NTM prevalence-by-sector export (WITS/TRAINS); not independently re-verified against the publisher in this workspace,REAL
BHS,Food Products,1 type,63.98,135,Structure matches the UNCTAD/World Bank NTM prevalence-by-sector export (WITS/TRAINS); not independently re-verified against the publisher in this workspace,REAL
BHS,Food Products,2 types,13.74,29,Structure matches the UNCTAD/World Bank NTM prevalence-by-sector export (WITS/TRAINS); not independently re-verified against the publisher in this workspace,REAL
BHS,Food Products,3+ types,9.48,20,Structure matches the UNCTAD/World Bank NTM prevalence-by-sector export (WITS/TRAINS); not independently re-verified against the publisher in this workspace,REAL
BHS,Food Products,No NTMs,12.8,27,Structure matches the UNCTAD/World Bank NTM prevalence-by-sector export (WITS/TRAINS); not independently re-verified against the publisher in this workspace,REAL
BHS,Minerals,No NTMs,100.0,105,Structure matches the UNCTAD/World Bank NTM prevalence-by-sector export (WITS/TRAINS); not independently re-verified against the publisher in this workspace,REAL
BHS,Fuels,1 type,60.47,26,Structure matches the UNCTAD/World Bank NTM prevalence-by-sector export (WITS/TRAINS); not independently re-verified against the publisher in this workspace,REAL
BHS,Fuels,2 types,16.28,7,Structure matches the UNCTAD/World Bank NTM prevalence-by-sector export (WITS/TRAINS); not independently re-verified against the publisher in this workspace,REAL
BHS,Fuels,No NTMs,23.26,10,Structure matches the UNCTAD/World Bank NTM prevalence-by-sector export (WITS/TRAINS); not independently re-verified against the publisher in this workspace,REAL
BHS,Chemicals,1 type,18.68,147,Structure matches the UNCTAD/World Bank NTM prevalence-by-sector export (WITS/TRAINS); not independently re-verified against the publisher in this workspace,REAL
BHS,Chemicals,2 types,2.8,22,Structure matches the UNCTAD/World Bank NTM prevalence-by-sector export (WITS/TRAINS); not independently re-verified against the publisher in this workspace,REAL
BHS,Chemicals,No NTMs,78.53,618,Structure matches the UNCTAD/World Bank NTM prevalence-by-sector export (WITS/TRAINS); not independently re-verified against the publisher in this workspace,REAL
BHS,Plastic or Rubber,1 type,18.01,38,Structure matches the UNCTAD/World Bank NTM prevalence-by-sector export (WITS/TRAINS); not independently re-verified against the publisher in this workspace,REAL
BHS,Plastic or Rubber,No NTMs,81.99,173,Structure matches the UNCTAD/World Bank NTM prevalence-by-sector export (WITS/TRAINS); not independently re-verified against the publisher in this workspace,REAL
BHS,Hides and Skins,1 type,17.39,12,Structure matches the UNCTAD/World Bank NTM prevalence-by-sector export (WITS/TRAINS); not independently re-verified against the publisher in this workspace,REAL
BHS,Hides and Skins,2 types,7.25,5,Structure matches the UNCTAD/World Bank NTM prevalence-by-sector export (WITS/TRAINS); not independently re-verified against the publisher in this workspace,REAL
BHS,Hides and Skins,No NTMs,75.36,52,Structure matches the UNCTAD/World Bank NTM prevalence-by-sector export (WITS/TRAINS); not independently re-verified against the publisher in this workspace,REAL
BHS,Wood,No NTMs,100.0,235,Structure matches the UNCTAD/World Bank NTM prevalence-by-sector export (WITS/TRAINS); not independently re-verified against the publisher in this workspace,REAL
BHS,Textiles and Clothing,1 type,0.88,7,Structure matches the UNCTAD/World Bank NTM prevalence-by-sector export (WITS/TRAINS); not independently re-verified against the publisher in this workspace,REAL
BHS,Textiles and Clothing,No NTMs,99.12,789,Structure matches the UNCTAD/World Bank NTM prevalence-by-sector export (WITS/TRAINS); not independently re-verified against the publisher in this workspace,REAL
BHS,Footwear,No NTMs,100.0,47,Structure matches the UNCTAD/World Bank NTM prevalence-by-sector export (WITS/TRAINS); not independently re-verified against the publisher in this workspace,REAL
BHS,Stone and Glass,1 type,7.69,15,Structure matches the UNCTAD/World Bank NTM prevalence-by-sector export (WITS/TRAINS); not independently re-verified against the publisher in this workspace,REAL
BHS,Stone and Glass,No NTMs,92.31,180,Structure matches the UNCTAD/World Bank NTM prevalence-by-sector export (WITS/TRAINS); not independently re-verified against the publisher in this workspace,REAL
BHS,Metals,1 type,2.13,12,Structure matches the UNCTAD/World Bank NTM prevalence-by-sector export (WITS/TRAINS); not independently re-verified against the publisher in this workspace,REAL
BHS,Metals,No NTMs,97.87,551,Structure matches the UNCTAD/World Bank NTM prevalence-by-sector export (WITS/TRAINS); not independently re-verified against the publisher in this workspace,REAL
BHS,Mach and Elec,1 type,2.72,21,Structure matches the UNCTAD/World Bank NTM prevalence-by-sector export (WITS/TRAINS); not independently re-verified against the publisher in this workspace,REAL
BHS,Mach and Elec,No NTMs,97.28,750,Structure matches the UNCTAD/World Bank NTM prevalence-by-sector export (WITS/TRAINS); not independently re-verified against the publisher in this workspace,REAL
BHS,Transportation,1 type,53.85,70,Structure matches the UNCTAD/World Bank NTM prevalence-by-sector export (WITS/TRAINS); not independently re-verified against the publisher in this workspace,REAL
BHS,Transportation,No NTMs,46.15,60,Structure matches the UNCTAD/World Bank NTM prevalence-by-sector export (WITS/TRAINS); not independently re-verified against the publisher in this workspace,REAL
BHS,Miscellaneous,1 type,6.21,22,Structure matches the UNCTAD/World Bank NTM prevalence-by-sector export (WITS/TRAINS); not independently re-verified against the publisher in this workspace,REAL
BHS,Miscellaneous,3+ types,4.52,16,Structure matches the UNCTAD/World Bank NTM prevalence-by-sector export (WITS/TRAINS); not independently re-verified against the publisher in this workspace,REAL
BHS,Miscellaneous,No NTMs,89.27,316,Structure matches the UNCTAD/World Bank NTM prevalence-by-sector export (WITS/TRAINS); not independently re-verified against the publisher in this workspace,REAL
BHS,All Import Products,1 type,10.64,554,Structure matches the UNCTAD/World Bank NTM prevalence-by-sector export (WITS/TRAINS); not independently re-verified against the publisher in this workspace,REAL
BHS,All Import Products,2 types,5.09,265,Structure matches the UNCTAD/World Bank NTM prevalence-by-sector export (WITS/TRAINS); not independently re-verified against the publisher in this workspace,REAL
BHS,All Import Products,3+ types,7.57,394,Structure matches the UNCTAD/World Bank NTM prevalence-by-sector export (WITS/TRAINS); not independently re-verified against the publisher in this workspace,REAL
BHS,All Import Products,No NTMs,76.7,3992,Structure matches the UNCTAD/World Bank NTM prevalence-by-sector export (WITS/TRAINS); not independently re-verified against the publisher in this workspace,REAL
BOL,Animal,1 type,0.3,1,Structure matches the UNCTAD/World Bank NTM prevalence-by-sector export (WITS/TRAINS); not independently re-verified against the publisher in this workspace,REAL
BOL,Animal,3+ types,37.2,125,Structure matches the UNCTAD/World Bank NTM prevalence-by-sector export (WITS/TRAINS); not independently re-verified against the publisher in this workspace,REAL
BOL,Animal,No NTMs,62.5,210,Structure matches the UNCTAD/World Bank NTM prevalence-by-sector export (WITS/TRAINS); not independently re-verified against the publisher in this workspace,REAL
BOL,Vegetable,1 type,3.13,11,Structure matches the UNCTAD/World Bank NTM prevalence-by-sector export (WITS/TRAINS); not independently re-verified against the publisher in this workspace,REAL
BOL,Vegetable,3+ types,76.14,268,Structure matches the UNCTAD/World Bank NTM prevalence-by-sector export (WITS/TRAINS); not independently re-verified against the publisher in this workspace,REAL
BOL,Vegetable,No NTMs,20.74,73,Structure matches the UNCTAD/World Bank NTM prevalence-by-sector export (WITS/TRAINS); not independently re-verified against the publisher in this workspace,REAL
BOL,Food Products,1 type,1.9,4,Structure matches the UNCTAD/World Bank NTM prevalence-by-sector export (WITS/TRAINS); not independently re-verified against the publisher in this workspace,REAL
BOL,Food Products,3+ types,91.0,192,Structure matches the UNCTAD/World Bank NTM prevalence-by-sector export (WITS/TRAINS); not independently re-verified against the publisher in this workspace,REAL
BOL,Food Products,No NTMs,7.11,15,Structure matches the UNCTAD/World Bank NTM prevalence-by-sector export (WITS/TRAINS); not independently re-verified against the publisher in this workspace,REAL
BOL,Minerals,2 types,2.86,3,Structure matches the UNCTAD/World Bank NTM prevalence-by-sector export (WITS/TRAINS); not independently re-verified against the publisher in this workspace,REAL
BOL,Minerals,3+ types,1.9,2,Structure matches the UNCTAD/World Bank NTM prevalence-by-sector export (WITS/TRAINS); not independently re-verified against the publisher in this workspace,REAL
BOL,Minerals,No NTMs,95.24,100,Structure matches the UNCTAD/World Bank NTM prevalence-by-sector export (WITS/TRAINS); not independently re-verified against the publisher in this workspace,REAL
BOL,Fuels,1 type,4.65,2,Structure matches the UNCTAD/World Bank NTM prevalence-by-sector export (WITS/TRAINS); not independently re-verified against the publisher in this workspace,REAL
BOL,Fuels,2 types,20.93,9,Structure matches the UNCTAD/World Bank NTM prevalence-by-sector export (WITS/TRAINS); not independently re-verified against the publisher in this workspace,REAL
BOL,Fuels,3+ types,16.28,7,Structure matches the UNCTAD/World Bank NTM prevalence-by-sector export (WITS/TRAINS); not independently re-verified against the publisher in this workspace,REAL
BOL,Fuels,No NTMs,58.14,25,Structure matches the UNCTAD/World Bank NTM prevalence-by-sector export (WITS/TRAINS); not independently re-verified against the publisher in this workspace,REAL
BOL,Chemicals,1 type,1.78,14,Structure matches the UNCTAD/World Bank NTM prevalence-by-sector export (WITS/TRAINS); not independently re-verified against the publisher in this workspace,REAL
BOL,Chemicals,2 types,39.01,307,Structure matches the UNCTAD/World Bank NTM prevalence-by-sector export (WITS/TRAINS); not independently re-verified against the publisher in this workspace,REAL
BOL,Chemicals,3+ types,9.91,78,Structure matches the UNCTAD/World Bank NTM prevalence-by-sector export (WITS/TRAINS); not independently re-verified against the publisher in this workspace,REAL
BOL,Chemicals,No NTMs,49.3,388,Structure matches the UNCTAD/World Bank NTM prevalence-by-sector export (WITS/TRAINS); not independently re-verified against the publisher in this workspace,REAL
BOL,Plastic or Rubber,2 types,5.21,11,Structure matches the UNCTAD/World Bank NTM prevalence-by-sector export (WITS/TRAINS); not independently re-verified against the publisher in this workspace,REAL
BOL,Plastic or Rubber,3+ types,0.95,2,Structure matches the UNCTAD/World Bank NTM prevalence-by-sector export (WITS/TRAINS); not independently re-verified against the publisher in this workspace,REAL
BOL,Plastic or Rubber,No NTMs,93.84,198,Structure matches the UNCTAD/World Bank NTM prevalence-by-sector export (WITS/TRAINS); not independently re-verified against the publisher in this workspace,REAL
BOL,Hides and Skins,1 type,20.29,14,Structure matches the UNCTAD/World Bank NTM prevalence-by-sector export (WITS/TRAINS); not independently re-verified against the publisher in this workspace,REAL
BOL,Hides and Skins,2 types,8.7,6,Structure matches the UNCTAD/World Bank NTM prevalence-by-sector export (WITS/TRAINS); not independently re-verified against the publisher in this workspace,REAL
BOL,Hides and Skins,3+ types,11.59,8,Structure matches the UNCTAD/World Bank NTM prevalence-by-sector export (WITS/TRAINS); not independently re-verified against the publisher in this workspace,REAL
BOL,Hides and Skins,No NTMs,59.42,41,Structure matches the UNCTAD/World Bank NTM prevalence-by-sector export (WITS/TRAINS); not independently re-verified against the publisher in this workspace,REAL
BOL,Wood,1 type,0.85,2,Structure matches the UNCTAD/World Bank NTM prevalence-by-sector export (WITS/TRAINS); not independently re-verified against the publisher in this workspace,REAL
BOL,Wood,2 types,20.0,47,Structure matches the UNCTAD/World Bank NTM prevalence-by-sector export (WITS/TRAINS); not independently re-verified against the publisher in this workspace,REAL
BOL,Wood,3+ types,13.19,31,Structure matches the UNCTAD/World Bank NTM prevalence-by-sector export (WITS/TRAINS); not independently re-verified against the publisher in this workspace,REAL
BOL,Wood,No NTMs,65.96,155,Structure matches the UNCTAD/World Bank NTM prevalence-by-sector export (WITS/TRAINS); not independently re-verified against the publisher in this workspace,REAL
BOL,Textiles and Clothing,1 type,46.48,370,Structure matches the UNCTAD/World Bank NTM prevalence-by-sector export (WITS/TRAINS); not independently re-verified against the publisher in this workspace,REAL
BOL,Textiles and Clothing,2 types,2.76,22,Structure matches the UNCTAD/World Bank NTM prevalence-by-sector export (WITS/TRAINS); not independently re-verified against the publisher in this workspace,REAL
BOL,Textiles and Clothing,3+ types,0.63,5,Structure matches the UNCTAD/World Bank NTM prevalence-by-sector export (WITS/TRAINS); not independently re-verified against the publisher in this workspace,REAL
BOL,Textiles and Clothing,No NTMs,50.13,399,Structure matches the UNCTAD/World Bank NTM prevalence-by-sector export (WITS/TRAINS); not independently re-verified against the publisher in this workspace,REAL
BOL,Footwear,No NTMs,100.0,47,Structure matches the UNCTAD/World Bank NTM prevalence-by-sector export (WITS/TRAINS); not independently re-verified against the publisher in this workspace,REAL
BOL,Stone and Glass,2 types,1.54,3,Structure matches the UNCTAD/World Bank NTM prevalence-by-sector export (WITS/TRAINS); not independently re-verified against the publisher in this workspace,REAL
BOL,Stone and Glass,No NTMs,98.46,192,Structure matches the UNCTAD/World Bank NTM prevalence-by-sector export (WITS/TRAINS); not independently re-verified against the publisher in this workspace,REAL
BOL,Metals,1 type,0.36,2,Structure matches the UNCTAD/World Bank NTM prevalence-by-sector export (WITS/TRAINS); not independently re-verified against the publisher in this workspace,REAL
BOL,Metals,3+ types,0.18,1,Structure matches the UNCTAD/World Bank NTM prevalence-by-sector export (WITS/TRAINS); not independently re-verified against the publisher in this workspace,REAL
BOL,Metals,No NTMs,99.47,560,Structure matches the UNCTAD/World Bank NTM prevalence-by-sector export (WITS/TRAINS); not independently re-verified against the publisher in this workspace,REAL
BOL,Mach and Elec,1 type,0.26,2,Structure matches the UNCTAD/World Bank NTM prevalence-by-sector export (WITS/TRAINS); not independently re-verified against the publisher in this workspace,REAL
BOL,Mach and Elec,2 types,6.74,52,Structure matches the UNCTAD/World Bank NTM prevalence-by-sector export (WITS/TRAINS); not independently re-verified against the publisher in this workspace,REAL
BOL,Mach and Elec,3+ types,0.13,1,Structure matches the UNCTAD/World Bank NTM prevalence-by-sector export (WITS/TRAINS); not independently re-verified against the publisher in this workspace,REAL
BOL,Mach and Elec,No NTMs,92.87,716,Structure matches the UNCTAD/World Bank NTM prevalence-by-sector export (WITS/TRAINS); not independently re-verified against the publisher in this workspace,REAL
BOL,Transportation,1 type,23.08,30,Structure matches the UNCTAD/World Bank NTM prevalence-by-sector export (WITS/TRAINS); not independently re-verified against the publisher in this workspace,REAL
BOL,Transportation,No NTMs,76.92,100,Structure matches the UNCTAD/World Bank NTM prevalence-by-sector export (WITS/TRAINS); not independently re-verified against the publisher in this workspace,REAL
BOL,Miscellaneous,1 type,0.56,2,Structure matches the UNCTAD/World Bank NTM prevalence-by-sector export (WITS/TRAINS); not independently re-verified against the publisher in this workspace,REAL
BOL,Miscellaneous,2 types,19.21,68,Structure matches the UNCTAD/World Bank NTM prevalence-by-sector export (WITS/TRAINS); not independently re-verified against the publisher in this workspace,REAL
BOL,Miscellaneous,3+ types,3.67,13,Structure matches the UNCTAD/World Bank NTM prevalence-by-sector export (WITS/TRAINS); not independently re-verified against the publisher in this workspace,REAL
BOL,Miscellaneous,No NTMs,76.55,271,Structure matches the UNCTAD/World Bank NTM prevalence-by-sector export (WITS/TRAINS); not independently re-verified against the publisher in this workspace,REAL
BOL,All Import Products,1 type,8.72,454,Structure matches the UNCTAD/World Bank NTM prevalence-by-sector export (WITS/TRAINS); not independently re-verified against the publisher in this workspace,REAL
BOL,All Import Products,2 types,10.14,528,Structure matches the UNCTAD/World Bank NTM prevalence-by-sector export (WITS/TRAINS); not independently re-verified against the publisher in this workspace,REAL
BOL,All Import Products,3+ types,14.08,733,Structure matches the UNCTAD/World Bank NTM prevalence-by-sector export (WITS/TRAINS); not independently re-verified against the publisher in this workspace,REAL
BOL,All Import Products,No NTMs,67.05,3490,Structure matches the UNCTAD/World Bank NTM prevalence-by-sector export (WITS/TRAINS); not independently re-verified against the publisher in this workspace,REAL
BRA,Animal,1 type,20.83,70,Structure matches the UNCTAD/World Bank NTM prevalence-by-sector export (WITS/TRAINS); not independently re-verified against the publisher in this workspace,REAL
BRA,Animal,2 types,22.92,77,Structure matches the UNCTAD/World Bank NTM prevalence-by-sector export (WITS/TRAINS); not independently re-verified against the publisher in this workspace,REAL
BRA,Animal,3+ types,30.95,104,Structure matches the UNCTAD/World Bank NTM prevalence-by-sector export (WITS/TRAINS); not independently re-verified against the publisher in this workspace,REAL
BRA,Animal,No NTMs,25.3,85,Structure matches the UNCTAD/World Bank NTM prevalence-by-sector export (WITS/TRAINS); not independently re-verified against the publisher in this workspace,REAL
BRA,Vegetable,1 type,6.82,24,Structure matches the UNCTAD/World Bank NTM prevalence-by-sector export (WITS/TRAINS); not independently re-verified against the publisher in this workspace,REAL
BRA,Vegetable,2 types,1.42,5,Structure matches the UNCTAD/World Bank NTM prevalence-by-sector export (WITS/TRAINS); not independently re-verified against the publisher in this workspace,REAL
BRA,Vegetable,3+ types,85.8,302,Structure matches the UNCTAD/World Bank NTM prevalence-by-sector export (WITS/TRAINS); not independently re-verified against the publisher in this workspace,REAL
BRA,Vegetable,No NTMs,5.97,21,Structure matches the UNCTAD/World Bank NTM prevalence-by-sector export (WITS/TRAINS); not independently re-verified against the publisher in this workspace,REAL
BRA,Food Products,1 type,4.27,9,Structure matches the UNCTAD/World Bank NTM prevalence-by-sector export (WITS/TRAINS); not independently re-verified against the publisher in this workspace,REAL
BRA,Food Products,2 types,11.37,24,Structure matches the UNCTAD/World Bank NTM prevalence-by-sector export (WITS/TRAINS); not independently re-verified against the publisher in this workspace,REAL
BRA,Food Products,3+ types,77.25,163,Structure matches the UNCTAD/World Bank NTM prevalence-by-sector export (WITS/TRAINS); not independently re-verified against the publisher in this workspace,REAL
BRA,Food Products,No NTMs,7.11,15,Structure matches the UNCTAD/World Bank NTM prevalence-by-sector export (WITS/TRAINS); not independently re-verified against the publisher in this workspace,REAL
BRA,Minerals,1 type,5.71,6,Structure matches the UNCTAD/World Bank NTM prevalence-by-sector export (WITS/TRAINS); not independently re-verified against the publisher in this workspace,REAL
BRA,Minerals,2 types,29.52,31,Structure matches the UNCTAD/World Bank NTM prevalence-by-sector export (WITS/TRAINS); not independently re-verified against the publisher in this workspace,REAL
BRA,Minerals,No NTMs,64.76,68,Structure matches the UNCTAD/World Bank NTM prevalence-by-sector export (WITS/TRAINS); not independently re-verified against the publisher in this workspace,REAL
BRA,Fuels,1 type,34.88,15,Structure matches the UNCTAD/World Bank NTM prevalence-by-sector export (WITS/TRAINS); not independently re-verified against the publisher in this workspace,REAL
BRA,Fuels,2 types,13.95,6,Structure matches the UNCTAD/World Bank NTM prevalence-by-sector export (WITS/TRAINS); not independently re-verified against the publisher in this workspace,REAL
BRA,Fuels,3+ types,11.63,5,Structure matches the UNCTAD/World Bank NTM prevalence-by-sector export (WITS/TRAINS); not independently re-verified against the publisher in this workspace,REAL
BRA,Fuels,No NTMs,39.53,17,Structure matches the UNCTAD/World Bank NTM prevalence-by-sector export (WITS/TRAINS); not independently re-verified against the publisher in this workspace,REAL
BRA,Chemicals,1 type,2.67,21,Structure matches the UNCTAD/World Bank NTM prevalence-by-sector export (WITS/TRAINS); not independently re-verified against the publisher in this workspace,REAL
BRA,Chemicals,2 types,69.5,547,Structure matches the UNCTAD/World Bank NTM prevalence-by-sector export (WITS/TRAINS); not independently re-verified against the publisher in this workspace,REAL
BRA,Chemicals,3+ types,15.25,120,Structure matches the UNCTAD/World Bank NTM prevalence-by-sector export (WITS/TRAINS); not independently re-verified against the publisher in this workspace,REAL
BRA,Chemicals,No NTMs,12.58,99,Structure matches the UNCTAD/World Bank NTM prevalence-by-sector export (WITS/TRAINS); not independently re-verified against the publisher in this workspace,REAL
BRA,Plastic or Rubber,1 type,27.01,57,Structure matches the UNCTAD/World Bank NTM prevalence-by-sector export (WITS/TRAINS); not independently re-verified against the publisher in this workspace,REAL
BRA,Plastic or Rubber,2 types,5.21,11,Structure matches the UNCTAD/World Bank NTM prevalence-by-sector export (WITS/TRAINS); not independently re-verified against the publisher in this workspace,REAL
BRA,Plastic or Rubber,3+ types,0.47,1,Structure matches the UNCTAD/World Bank NTM prevalence-by-sector export (WITS/TRAINS); not independently re-verified against the publisher in this workspace,REAL
BRA,Plastic or Rubber,No NTMs,67.3,142,Structure matches the UNCTAD/World Bank NTM prevalence-by-sector export (WITS/TRAINS); not independently re-verified against the publisher in this workspace,REAL
BRA,Hides and Skins,1 type,33.33,23,Structure matches the UNCTAD/World Bank NTM prevalence-by-sector export (WITS/TRAINS); not independently re-verified against the publisher in this workspace,REAL
BRA,Hides and Skins,2 types,31.88,22,Structure matches the UNCTAD/World Bank NTM prevalence-by-sector export (WITS/TRAINS); not independently re-verified against the publisher in this workspace,REAL
BRA,Hides and Skins,3+ types,8.7,6,Structure matches the UNCTAD/World Bank NTM prevalence-by-sector export (WITS/TRAINS); not independently re-verified against the publisher in this workspace,REAL
BRA,Hides and Skins,No NTMs,26.09,18,Structure matches the UNCTAD/World Bank NTM prevalence-by-sector export (WITS/TRAINS); not independently re-verified against the publisher in this workspace,REAL
BRA,Wood,1 type,9.36,22,Structure matches the UNCTAD/World Bank NTM prevalence-by-sector export (WITS/TRAINS); not independently re-verified against the publisher in this workspace,REAL
BRA,Wood,2 types,33.19,78,Structure matches the UNCTAD/World Bank NTM prevalence-by-sector export (WITS/TRAINS); not independently re-verified against the publisher in this workspace,REAL
BRA,Wood,No NTMs,57.45,135,Structure matches the UNCTAD/World Bank NTM prevalence-by-sector export (WITS/TRAINS); not independently re-verified against the publisher in this workspace,REAL
BRA,Textiles and Clothing,1 type,83.79,667,Structure matches the UNCTAD/World Bank NTM prevalence-by-sector export (WITS/TRAINS); not independently re-verified against the publisher in this workspace,REAL
BRA,Textiles and Clothing,2 types,4.65,37,Structure matches the UNCTAD/World Bank NTM prevalence-by-sector export (WITS/TRAINS); not independently re-verified against the publisher in this workspace,REAL
BRA,Textiles and Clothing,3+ types,0.13,1,Structure matches the UNCTAD/World Bank NTM prevalence-by-sector export (WITS/TRAINS); not independently re-verified against the publisher in this workspace,REAL
BRA,Textiles and Clothing,No NTMs,11.43,91,Structure matches the UNCTAD/World Bank NTM prevalence-by-sector export (WITS/TRAINS); not independently re-verified against the publisher in this workspace,REAL
BRA,Footwear,1 type,46.81,22,Structure matches the UNCTAD/World Bank NTM prevalence-by-sector export (WITS/TRAINS); not independently re-verified against the publisher in this workspace,REAL
BRA,Footwear,No NTMs,53.19,25,Structure matches the UNCTAD/World Bank NTM prevalence-by-sector export (WITS/TRAINS); not independently re-verified against the publisher in this workspace,REAL
BRA,Stone and Glass,1 type,9.23,18,Structure matches the UNCTAD/World Bank NTM prevalence-by-sector export (WITS/TRAINS); not independently re-verified against the publisher in this workspace,REAL
BRA,Stone and Glass,2 types,2.56,5,Structure matches the UNCTAD/World Bank NTM prevalence-by-sector export (WITS/TRAINS); not independently re-verified against the publisher in this workspace,REAL
BRA,Stone and Glass,No NTMs,88.21,172,Structure matches the UNCTAD/World Bank NTM prevalence-by-sector export (WITS/TRAINS); not independently re-verified against the publisher in this workspace,REAL
BRA,Metals,1 type,16.87,95,Structure matches the UNCTAD/World Bank NTM prevalence-by-sector export (WITS/TRAINS); not independently re-verified against the publisher in this workspace,REAL
BRA,Metals,2 types,1.24,7,Structure matches the UNCTAD/World Bank NTM prevalence-by-sector export (WITS/TRAINS); not independently re-verified against the publisher in this workspace,REAL
BRA,Metals,3+ types,11.72,66,Structure matches the UNCTAD/World Bank NTM prevalence-by-sector export (WITS/TRAINS); not independently re-verified against the publisher in this workspace,REAL
BRA,Metals,No NTMs,70.16,395,Structure matches the UNCTAD/World Bank NTM prevalence-by-sector export (WITS/TRAINS); not independently re-verified against the publisher in this workspace,REAL
BRA,Mach and Elec,1 type,0.13,1,Structure matches the UNCTAD/World Bank NTM prevalence-by-sector export (WITS/TRAINS); not independently re-verified against the publisher in this workspace,REAL
BRA,Mach and Elec,3+ types,99.87,770,Structure matches the UNCTAD/World Bank NTM prevalence-by-sector export (WITS/TRAINS); not independently re-verified against the publisher in this workspace,REAL
BRA,Transportation,1 type,2.31,3,Structure matches the UNCTAD/World Bank NTM prevalence-by-sector export (WITS/TRAINS); not independently re-verified against the publisher in this workspace,REAL
BRA,Transportation,2 types,4.62,6,Structure matches the UNCTAD/World Bank NTM prevalence-by-sector export (WITS/TRAINS); not independently re-verified against the publisher in this workspace,REAL
BRA,Transportation,3+ types,56.15,73,Structure matches the UNCTAD/World Bank NTM prevalence-by-sector export (WITS/TRAINS); not independently re-verified against the publisher in this workspace,REAL
BRA,Transportation,No NTMs,36.92,48,Structure matches the UNCTAD/World Bank NTM prevalence-by-sector export (WITS/TRAINS); not independently re-verified against the publisher in this workspace,REAL
BRA,Miscellaneous,1 type,8.19,29,Structure matches the UNCTAD/World Bank NTM prevalence-by-sector export (WITS/TRAINS); not independently re-verified against the publisher in this workspace,REAL
BRA,Miscellaneous,2 types,9.89,35,Structure matches the UNCTAD/World Bank NTM prevalence-by-sector export (WITS/TRAINS); not independently re-verified against the publisher in this workspace,REAL
BRA,Miscellaneous,3+ types,50.28,178,Structure matches the UNCTAD/World Bank NTM prevalence-by-sector export (WITS/TRAINS); not independently re-verified against the publisher in this workspace,REAL
BRA,Miscellaneous,No NTMs,31.64,112,Structure matches the UNCTAD/World Bank NTM prevalence-by-sector export (WITS/TRAINS); not independently re-verified against the publisher in this workspace,REAL
BRA,All Import Products,1 type,20.79,1082,Structure matches the UNCTAD/World Bank NTM prevalence-by-sector export (WITS/TRAINS); not independently re-verified against the publisher in this workspace,REAL
BRA,All Import Products,2 types,17.12,891,Structure matches the UNCTAD/World Bank NTM prevalence-by-sector export (WITS/TRAINS); not independently re-verified against the publisher in this workspace,REAL
BRA,All Import Products,3+ types,34.37,1789,Structure matches the UNCTAD/World Bank NTM prevalence-by-sector export (WITS/TRAINS); not independently re-verified against the publisher in this workspace,REAL
BRA,All Import Products,No NTMs,27.72,1443,Structure matches the UNCTAD/World Bank NTM prevalence-by-sector export (WITS/TRAINS); not independently re-verified against the publisher in this workspace,REAL
BRB,Animal,1 type,32.02,73,Structure matches the UNCTAD/World Bank NTM prevalence-by-sector export (WITS/TRAINS); not independently re-verified against the publisher in this workspace,REAL
BRB,Animal,2 types,19.74,45,Structure matches the UNCTAD/World Bank NTM prevalence-by-sector export (WITS/TRAINS); not independently re-verified against the publisher in this workspace,REAL
BRB,Animal,3+ types,5.7,13,Structure matches the UNCTAD/World Bank NTM prevalence-by-sector export (WITS/TRAINS); not independently re-verified against the publisher in this workspace,REAL
BRB,Animal,No NTMs,42.54,97,Structure matches the UNCTAD/World Bank NTM prevalence-by-sector export (WITS/TRAINS); not independently re-verified against the publisher in this workspace,REAL
BRB,Vegetable,1 type,2.66,8,Structure matches the UNCTAD/World Bank NTM prevalence-by-sector export (WITS/TRAINS); not independently re-verified against the publisher in this workspace,REAL
BRB,Vegetable,2 types,0.33,1,Structure matches the UNCTAD/World Bank NTM prevalence-by-sector export (WITS/TRAINS); not independently re-verified against the publisher in this workspace,REAL
BRB,Vegetable,3+ types,72.09,217,Structure matches the UNCTAD/World Bank NTM prevalence-by-sector export (WITS/TRAINS); not independently re-verified against the publisher in this workspace,REAL
BRB,Vegetable,No NTMs,24.92,75,Structure matches the UNCTAD/World Bank NTM prevalence-by-sector export (WITS/TRAINS); not independently re-verified against the publisher in this workspace,REAL
BRB,Food Products,1 type,30.05,58,Structure matches the UNCTAD/World Bank NTM prevalence-by-sector export (WITS/TRAINS); not independently re-verified against the publisher in this workspace,REAL
BRB,Food Products,2 types,31.09,60,Structure matches the UNCTAD/World Bank NTM prevalence-by-sector export (WITS/TRAINS); not independently re-verified against the publisher in this workspace,REAL
BRB,Food Products,3+ types,9.84,19,Structure matches the UNCTAD/World Bank NTM prevalence-by-sector export (WITS/TRAINS); not independently re-verified against the publisher in this workspace,REAL
BRB,Food Products,No NTMs,29.02,56,Structure matches the UNCTAD/World Bank NTM prevalence-by-sector export (WITS/TRAINS); not independently re-verified against the publisher in this workspace,REAL
BRB,Minerals,2 types,0.94,1,Structure matches the UNCTAD/World Bank NTM prevalence-by-sector export (WITS/TRAINS); not independently re-verified against the publisher in this workspace,REAL
BRB,Minerals,3+ types,0.94,1,Structure matches the UNCTAD/World Bank NTM prevalence-by-sector export (WITS/TRAINS); not independently re-verified against the publisher in this workspace,REAL
BRB,Minerals,No NTMs,98.11,104,Structure matches the UNCTAD/World Bank NTM prevalence-by-sector export (WITS/TRAINS); not independently re-verified against the publisher in this workspace,REAL
BRB,Fuels,1 type,2.38,1,Structure matches the UNCTAD/World Bank NTM prevalence-by-sector export (WITS/TRAINS); not independently re-verified against the publisher in this workspace,REAL
BRB,Fuels,2 types,2.38,1,Structure matches the UNCTAD/World Bank NTM prevalence-by-sector export (WITS/TRAINS); not independently re-verified against the publisher in this workspace,REAL
BRB,Fuels,3+ types,2.38,1,Structure matches the UNCTAD/World Bank NTM prevalence-by-sector export (WITS/TRAINS); not independently re-verified against the publisher in this workspace,REAL
BRB,Fuels,No NTMs,92.86,39,Structure matches the UNCTAD/World Bank NTM prevalence-by-sector export (WITS/TRAINS); not independently re-verified against the publisher in this workspace,REAL
BRB,Chemicals,1 type,10.77,85,Structure matches the UNCTAD/World Bank NTM prevalence-by-sector export (WITS/TRAINS); not independently re-verified against the publisher in this workspace,REAL
BRB,Chemicals,2 types,1.65,13,Structure matches the UNCTAD/World Bank NTM prevalence-by-sector export (WITS/TRAINS); not independently re-verified against the publisher in this workspace,REAL
BRB,Chemicals,No NTMs,87.58,691,Structure matches the UNCTAD/World Bank NTM prevalence-by-sector export (WITS/TRAINS); not independently re-verified against the publisher in this workspace,REAL
BRB,Plastic or Rubber,No NTMs,100.0,211,Structure matches the UNCTAD/World Bank NTM prevalence-by-sector export (WITS/TRAINS); not independently re-verified against the publisher in this workspace,REAL
BRB,Hides and Skins,1 type,47.83,33,Structure matches the UNCTAD/World Bank NTM prevalence-by-sector export (WITS/TRAINS); not independently re-verified against the publisher in this workspace,REAL
BRB,Hides and Skins,No NTMs,52.17,36,Structure matches the UNCTAD/World Bank NTM prevalence-by-sector export (WITS/TRAINS); not independently re-verified against the publisher in this workspace,REAL
BRB,Wood,2 types,0.42,1,Structure matches the UNCTAD/World Bank NTM prevalence-by-sector export (WITS/TRAINS); not independently re-verified against the publisher in this workspace,REAL
BRB,Wood,No NTMs,99.58,236,Structure matches the UNCTAD/World Bank NTM prevalence-by-sector export (WITS/TRAINS); not independently re-verified against the publisher in this workspace,REAL
BRB,Textiles and Clothing,1 type,1.0,8,Structure matches the UNCTAD/World Bank NTM prevalence-by-sector export (WITS/TRAINS); not independently re-verified against the publisher in this workspace,REAL
BRB,Textiles and Clothing,No NTMs,99.0,793,Structure matches the UNCTAD/World Bank NTM prevalence-by-sector export (WITS/TRAINS); not independently re-verified against the publisher in this workspace,REAL
BRB,Footwear,1 type,2.04,1,Structure matches the UNCTAD/World Bank NTM prevalence-by-sector export (WITS/TRAINS); not independently re-verified against the publisher in this workspace,REAL
BRB,Footwear,No NTMs,97.96,48,Structure matches the UNCTAD/World Bank NTM prevalence-by-sector export (WITS/TRAINS); not independently re-verified against the publisher in this workspace,REAL
BRB,Stone and Glass,2 types,0.51,1,Structure matches the UNCTAD/World Bank NTM prevalence-by-sector export (WITS/TRAINS); not independently re-verified against the publisher in this workspace,REAL
BRB,Stone and Glass,No NTMs,99.49,195,Structure matches the UNCTAD/World Bank NTM prevalence-by-sector export (WITS/TRAINS); not independently re-verified against the publisher in this workspace,REAL
BRB,Metals,No NTMs,100.0,568,Structure matches the UNCTAD/World Bank NTM prevalence-by-sector export (WITS/TRAINS); not independently re-verified against the publisher in this workspace,REAL
BRB,Mach and Elec,No NTMs,100.0,769,Structure matches the UNCTAD/World Bank NTM prevalence-by-sector export (WITS/TRAINS); not independently re-verified against the publisher in this workspace,REAL
BRB,Transportation,1 type,46.56,61,Structure matches the UNCTAD/World Bank NTM prevalence-by-sector export (WITS/TRAINS); not independently re-verified against the publisher in this workspace,REAL
BRB,Transportation,2 types,8.4,11,Structure matches the UNCTAD/World Bank NTM prevalence-by-sector export (WITS/TRAINS); not independently re-verified against the publisher in this workspace,REAL
BRB,Transportation,No NTMs,45.04,59,Structure matches the UNCTAD/World Bank NTM prevalence-by-sector export (WITS/TRAINS); not independently re-verified against the publisher in this workspace,REAL
BRB,Miscellaneous,1 type,2.76,10,Structure matches the UNCTAD/World Bank NTM prevalence-by-sector export (WITS/TRAINS); not independently re-verified against the publisher in this workspace,REAL
BRB,Miscellaneous,2 types,0.28,1,Structure matches the UNCTAD/World Bank NTM prevalence-by-sector export (WITS/TRAINS); not independently re-verified against the publisher in this workspace,REAL
BRB,Miscellaneous,No NTMs,96.96,351,Structure matches the UNCTAD/World Bank NTM prevalence-by-sector export (WITS/TRAINS); not independently re-verified against the publisher in this workspace,REAL
BRB,All Import Products,1 type,6.69,338,Structure matches the UNCTAD/World Bank NTM prevalence-by-sector export (WITS/TRAINS); not independently re-verified against the publisher in this workspace,REAL
BRB,All Import Products,2 types,2.67,135,Structure matches the UNCTAD/World Bank NTM prevalence-by-sector export (WITS/TRAINS); not independently re-verified against the publisher in this workspace,REAL
BRB,All Import Products,3+ types,4.97,251,Structure matches the UNCTAD/World Bank NTM prevalence-by-sector export (WITS/TRAINS); not independently re-verified against the publisher in this workspace,REAL
BRB,All Import Products,No NTMs,85.67,4328,Structure matches the UNCTAD/World Bank NTM prevalence-by-sector export (WITS/TRAINS); not independently re-verified against the publisher in this workspace,REAL
BRN,Animal,1 type,3.27,11,Structure matches the UNCTAD/World Bank NTM prevalence-by-sector export (WITS/TRAINS); not independently re-verified against the publisher in this workspace,REAL
BRN,Animal,2 types,1.49,5,Structure matches the UNCTAD/World Bank NTM prevalence-by-sector export (WITS/TRAINS); not independently re-verified against the publisher in this workspace,REAL
BRN,Animal,3+ types,59.52,200,Structure matches the UNCTAD/World Bank NTM prevalence-by-sector export (WITS/TRAINS); not independently re-verified against the publisher in this workspace,REAL
BRN,Animal,No NTMs,35.71,120,Structure matches the UNCTAD/World Bank NTM prevalence-by-sector export (WITS/TRAINS); not independently re-verified against the publisher in this workspace,REAL
BRN,Vegetable,1 type,12.22,43,Structure matches the UNCTAD/World Bank NTM prevalence-by-sector export (WITS/TRAINS); not independently re-verified against the publisher in this workspace,REAL
BRN,Vegetable,2 types,3.98,14,Structure matches the UNCTAD/World Bank NTM prevalence-by-sector export (WITS/TRAINS); not independently re-verified against the publisher in this workspace,REAL
BRN,Vegetable,3+ types,70.45,248,Structure matches the UNCTAD/World Bank NTM prevalence-by-sector export (WITS/TRAINS); not independently re-verified against the publisher in this workspace,REAL
BRN,Vegetable,No NTMs,13.35,47,Structure matches the UNCTAD/World Bank NTM prevalence-by-sector export (WITS/TRAINS); not independently re-verified against the publisher in this workspace,REAL
BRN,Food Products,1 type,5.69,12,Structure matches the UNCTAD/World Bank NTM prevalence-by-sector export (WITS/TRAINS); not independently re-verified against the publisher in this workspace,REAL
BRN,Food Products,2 types,3.32,7,Structure matches the UNCTAD/World Bank NTM prevalence-by-sector export (WITS/TRAINS); not independently re-verified against the publisher in this workspace,REAL
BRN,Food Products,3+ types,78.67,166,Structure matches the UNCTAD/World Bank NTM prevalence-by-sector export (WITS/TRAINS); not independently re-verified against the publisher in this workspace,REAL
BRN,Food Products,No NTMs,12.32,26,Structure matches the UNCTAD/World Bank NTM prevalence-by-sector export (WITS/TRAINS); not independently re-verified against the publisher in this workspace,REAL
BRN,Minerals,1 type,20.0,21,Structure matches the UNCTAD/World Bank NTM prevalence-by-sector export (WITS/TRAINS); not independently re-verified against the publisher in this workspace,REAL
BRN,Minerals,2 types,9.52,10,Structure matches the UNCTAD/World Bank NTM prevalence-by-sector export (WITS/TRAINS); not independently re-verified against the publisher in this workspace,REAL
BRN,Minerals,3+ types,4.76,5,Structure matches the UNCTAD/World Bank NTM prevalence-by-sector export (WITS/TRAINS); not independently re-verified against the publisher in this workspace,REAL
BRN,Minerals,No NTMs,65.71,69,Structure matches the UNCTAD/World Bank NTM prevalence-by-sector export (WITS/TRAINS); not independently re-verified against the publisher in this workspace,REAL
BRN,Fuels,1 type,16.28,7,Structure matches the UNCTAD/World Bank NTM prevalence-by-sector export (WITS/TRAINS); not independently re-verified against the publisher in this workspace,REAL
BRN,Fuels,2 types,2.33,1,Structure matches the UNCTAD/World Bank NTM prevalence-by-sector export (WITS/TRAINS); not independently re-verified against the publisher in this workspace,REAL
BRN,Fuels,No NTMs,81.4,35,Structure matches the UNCTAD/World Bank NTM prevalence-by-sector export (WITS/TRAINS); not independently re-verified against the publisher in this workspace,REAL
BRN,Chemicals,1 type,9.4,74,Structure matches the UNCTAD/World Bank NTM prevalence-by-sector export (WITS/TRAINS); not independently re-verified against the publisher in this workspace,REAL
BRN,Chemicals,2 types,3.43,27,Structure matches the UNCTAD/World Bank NTM prevalence-by-sector export (WITS/TRAINS); not independently re-verified against the publisher in this workspace,REAL
BRN,Chemicals,3+ types,4.7,37,Structure matches the UNCTAD/World Bank NTM prevalence-by-sector export (WITS/TRAINS); not independently re-verified against the publisher in this workspace,REAL
BRN,Chemicals,No NTMs,82.47,649,Structure matches the UNCTAD/World Bank NTM prevalence-by-sector export (WITS/TRAINS); not independently re-verified against the publisher in this workspace,REAL
BRN,Plastic or Rubber,1 type,0.47,1,Structure matches the UNCTAD/World Bank NTM prevalence-by-sector export (WITS/TRAINS); not independently re-verified against the publisher in this workspace,REAL
BRN,Plastic or Rubber,2 types,0.47,1,Structure matches the UNCTAD/World Bank NTM prevalence-by-sector export (WITS/TRAINS); not independently re-verified against the publisher in this workspace,REAL
BRN,Plastic or Rubber,No NTMs,99.05,209,Structure matches the UNCTAD/World Bank NTM prevalence-by-sector export (WITS/TRAINS); not independently re-verified against the publisher in this workspace,REAL
BRN,Hides and Skins,No NTMs,100.0,69,Structure matches the UNCTAD/World Bank NTM prevalence-by-sector export (WITS/TRAINS); not independently re-verified against the publisher in this workspace,REAL
BRN,Wood,1 type,6.81,16,Structure matches the UNCTAD/World Bank NTM prevalence-by-sector export (WITS/TRAINS); not independently re-verified against the publisher in this workspace,REAL
BRN,Wood,2 types,3.4,8,Structure matches the UNCTAD/World Bank NTM prevalence-by-sector export (WITS/TRAINS); not independently re-verified against the publisher in this workspace,REAL
BRN,Wood,3+ types,23.83,56,Structure matches the UNCTAD/World Bank NTM prevalence-by-sector export (WITS/TRAINS); not independently re-verified against the publisher in this workspace,REAL
BRN,Wood,No NTMs,65.96,155,Structure matches the UNCTAD/World Bank NTM prevalence-by-sector export (WITS/TRAINS); not independently re-verified against the publisher in this workspace,REAL
BRN,Textiles and Clothing,1 type,0.88,7,Structure matches the UNCTAD/World Bank NTM prevalence-by-sector export (WITS/TRAINS); not independently re-verified against the publisher in this workspace,REAL
BRN,Textiles and Clothing,2 types,0.5,4,Structure matches the UNCTAD/World Bank NTM prevalence-by-sector export (WITS/TRAINS); not independently re-verified against the publisher in this workspace,REAL
BRN,Textiles and Clothing,No NTMs,98.62,785,Structure matches the UNCTAD/World Bank NTM prevalence-by-sector export (WITS/TRAINS); not independently re-verified against the publisher in this workspace,REAL
BRN,Footwear,No NTMs,100.0,47,Structure matches the UNCTAD/World Bank NTM prevalence-by-sector export (WITS/TRAINS); not independently re-verified against the publisher in this workspace,REAL
BRN,Stone and Glass,1 type,7.18,14,Structure matches the UNCTAD/World Bank NTM prevalence-by-sector export (WITS/TRAINS); not independently re-verified against the publisher in this workspace,REAL
BRN,Stone and Glass,2 types,0.51,1,Structure matches the UNCTAD/World Bank NTM prevalence-by-sector export (WITS/TRAINS); not independently re-verified against the publisher in this workspace,REAL
BRN,Stone and Glass,No NTMs,92.31,180,Structure matches the UNCTAD/World Bank NTM prevalence-by-sector export (WITS/TRAINS); not independently re-verified against the publisher in this workspace,REAL
BRN,Metals,1 type,1.6,9,Structure matches the UNCTAD/World Bank NTM prevalence-by-sector export (WITS/TRAINS); not independently re-verified against the publisher in this workspace,REAL
BRN,Metals,2 types,0.18,1,Structure matches the UNCTAD/World Bank NTM prevalence-by-sector export (WITS/TRAINS); not independently re-verified against the publisher in this workspace,REAL
BRN,Metals,No NTMs,98.22,553,Structure matches the UNCTAD/World Bank NTM prevalence-by-sector export (WITS/TRAINS); not independently re-verified against the publisher in this workspace,REAL
BRN,Mach and Elec,1 type,3.11,24,Structure matches the UNCTAD/World Bank NTM prevalence-by-sector export (WITS/TRAINS); not independently re-verified against the publisher in this workspace,REAL
BRN,Mach and Elec,2 types,4.28,33,Structure matches the UNCTAD/World Bank NTM prevalence-by-sector export (WITS/TRAINS); not independently re-verified against the publisher in this workspace,REAL
BRN,Mach and Elec,No NTMs,92.61,714,Structure matches the UNCTAD/World Bank NTM prevalence-by-sector export (WITS/TRAINS); not independently re-verified against the publisher in this workspace,REAL
BRN,Transportation,1 type,6.15,8,Structure matches the UNCTAD/World Bank NTM prevalence-by-sector export (WITS/TRAINS); not independently re-verified against the publisher in this workspace,REAL
BRN,Transportation,2 types,30.0,39,Structure matches the UNCTAD/World Bank NTM prevalence-by-sector export (WITS/TRAINS); not independently re-verified against the publisher in this workspace,REAL
BRN,Transportation,No NTMs,63.85,83,Structure matches the UNCTAD/World Bank NTM prevalence-by-sector export (WITS/TRAINS); not independently re-verified against the publisher in this workspace,REAL
BRN,Miscellaneous,1 type,6.5,23,Structure matches the UNCTAD/World Bank NTM prevalence-by-sector export (WITS/TRAINS); not independently re-verified against the publisher in this workspace,REAL
BRN,Miscellaneous,2 types,0.56,2,Structure matches the UNCTAD/World Bank NTM prevalence-by-sector export (WITS/TRAINS); not independently re-verified against the publisher in this workspace,REAL
BRN,Miscellaneous,No NTMs,92.94,329,Structure matches the UNCTAD/World Bank NTM prevalence-by-sector export (WITS/TRAINS); not independently re-verified against the publisher in this workspace,REAL
BRN,All Import Products,1 type,5.19,270,Structure matches the UNCTAD/World Bank NTM prevalence-by-sector export (WITS/TRAINS); not independently re-verified against the publisher in this workspace,REAL
BRN,All Import Products,2 types,2.94,153,Structure matches the UNCTAD/World Bank NTM prevalence-by-sector export (WITS/TRAINS); not independently re-verified against the publisher in this workspace,REAL
BRN,All Import Products,3+ types,13.68,712,Structure matches the UNCTAD/World Bank NTM prevalence-by-sector export (WITS/TRAINS); not independently re-verified against the publisher in this workspace,REAL
BRN,All Import Products,No NTMs,78.19,4070,Structure matches the UNCTAD/World Bank NTM prevalence-by-sector export (WITS/TRAINS); not independently re-verified against the publisher in this workspace,REAL
CAN,Animal,1 type,2.98,10,Structure matches the UNCTAD/World Bank NTM prevalence-by-sector export (WITS/TRAINS); not independently re-verified against the publisher in this workspace,REAL
CAN,Animal,2 types,4.76,16,Structure matches the UNCTAD/World Bank NTM prevalence-by-sector export (WITS/TRAINS); not independently re-verified against the publisher in this workspace,REAL
CAN,Animal,3+ types,88.69,298,Structure matches the UNCTAD/World Bank NTM prevalence-by-sector export (WITS/TRAINS); not independently re-verified against the publisher in this workspace,REAL
CAN,Animal,No NTMs,3.57,12,Structure matches the UNCTAD/World Bank NTM prevalence-by-sector export (WITS/TRAINS); not independently re-verified against the publisher in this workspace,REAL
CAN,Vegetable,1 type,20.17,71,Structure matches the UNCTAD/World Bank NTM prevalence-by-sector export (WITS/TRAINS); not independently re-verified against the publisher in this workspace,REAL
CAN,Vegetable,2 types,29.55,104,Structure matches the UNCTAD/World Bank NTM prevalence-by-sector export (WITS/TRAINS); not independently re-verified against the publisher in this workspace,REAL
CAN,Vegetable,3+ types,47.44,167,Structure matches the UNCTAD/World Bank NTM prevalence-by-sector export (WITS/TRAINS); not independently re-verified against the publisher in this workspace,REAL
CAN,Vegetable,No NTMs,2.84,10,Structure matches the UNCTAD/World Bank NTM prevalence-by-sector export (WITS/TRAINS); not independently re-verified against the publisher in this workspace,REAL
CAN,Food Products,1 type,4.74,10,Structure matches the UNCTAD/World Bank NTM prevalence-by-sector export (WITS/TRAINS); not independently re-verified against the publisher in this workspace,REAL
CAN,Food Products,2 types,12.32,26,Structure matches the UNCTAD/World Bank NTM prevalence-by-sector export (WITS/TRAINS); not independently re-verified against the publisher in this workspace,REAL
CAN,Food Products,3+ types,81.04,171,Structure matches the UNCTAD/World Bank NTM prevalence-by-sector export (WITS/TRAINS); not independently re-verified against the publisher in this workspace,REAL
CAN,Food Products,No NTMs,1.9,4,Structure matches the UNCTAD/World Bank NTM prevalence-by-sector export (WITS/TRAINS); not independently re-verified against the publisher in this workspace,REAL
CAN,Minerals,1 type,76.19,80,Structure matches the UNCTAD/World Bank NTM prevalence-by-sector export (WITS/TRAINS); not independently re-verified against the publisher in this workspace,REAL
CAN,Minerals,2 types,4.76,5,Structure matches the UNCTAD/World Bank NTM prevalence-by-sector export (WITS/TRAINS); not independently re-verified against the publisher in this workspace,REAL
CAN,Minerals,No NTMs,19.05,20,Structure matches the UNCTAD/World Bank NTM prevalence-by-sector export (WITS/TRAINS); not independently re-verified against the publisher in this workspace,REAL
CAN,Fuels,1 type,69.77,30,Structure matches the UNCTAD/World Bank NTM prevalence-by-sector export (WITS/TRAINS); not independently re-verified against the publisher in this workspace,REAL
CAN,Fuels,2 types,6.98,3,Structure matches the UNCTAD/World Bank NTM prevalence-by-sector export (WITS/TRAINS); not independently re-verified against the publisher in this workspace,REAL
CAN,Fuels,3+ types,2.33,1,Structure matches the UNCTAD/World Bank NTM prevalence-by-sector export (WITS/TRAINS); not independently re-verified against the publisher in this workspace,REAL
CAN,Fuels,No NTMs,20.93,9,Structure matches the UNCTAD/World Bank NTM prevalence-by-sector export (WITS/TRAINS); not independently re-verified against the publisher in this workspace,REAL
CAN,Chemicals,1 type,64.17,505,Structure matches the UNCTAD/World Bank NTM prevalence-by-sector export (WITS/TRAINS); not independently re-verified against the publisher in this workspace,REAL
CAN,Chemicals,2 types,19.44,153,Structure matches the UNCTAD/World Bank NTM prevalence-by-sector export (WITS/TRAINS); not independently re-verified against the publisher in this workspace,REAL
CAN,Chemicals,3+ types,15.76,124,Structure matches the UNCTAD/World Bank NTM prevalence-by-sector export (WITS/TRAINS); not independently re-verified against the publisher in this workspace,REAL
CAN,Chemicals,No NTMs,0.64,5,Structure matches the UNCTAD/World Bank NTM prevalence-by-sector export (WITS/TRAINS); not independently re-verified against the publisher in this workspace,REAL
CAN,Plastic or Rubber,1 type,58.77,124,Structure matches the UNCTAD/World Bank NTM prevalence-by-sector export (WITS/TRAINS); not independently re-verified against the publisher in this workspace,REAL
CAN,Plastic or Rubber,2 types,32.23,68,Structure matches the UNCTAD/World Bank NTM prevalence-by-sector export (WITS/TRAINS); not independently re-verified against the publisher in this workspace,REAL
CAN,Plastic or Rubber,3+ types,6.64,14,Structure matches the UNCTAD/World Bank NTM prevalence-by-sector export (WITS/TRAINS); not independently re-verified against the publisher in this workspace,REAL
CAN,Plastic or Rubber,No NTMs,2.37,5,Structure matches the UNCTAD/World Bank NTM prevalence-by-sector export (WITS/TRAINS); not independently re-verified against the publisher in this workspace,REAL
CAN,Hides and Skins,1 type,47.83,33,Structure matches the UNCTAD/World Bank NTM prevalence-by-sector export (WITS/TRAINS); not independently re-verified against the publisher in this workspace,REAL
CAN,Hides and Skins,2 types,50.72,35,Structure matches the UNCTAD/World Bank NTM prevalence-by-sector export (WITS/TRAINS); not independently re-verified against the publisher in this workspace,REAL
CAN,Hides and Skins,No NTMs,1.45,1,Structure matches the UNCTAD/World Bank NTM prevalence-by-sector export (WITS/TRAINS); not independently re-verified against the publisher in this workspace,REAL
CAN,Wood,1 type,71.49,168,Structure matches the UNCTAD/World Bank NTM prevalence-by-sector export (WITS/TRAINS); not independently re-verified against the publisher in this workspace,REAL
CAN,Wood,2 types,12.34,29,Structure matches the UNCTAD/World Bank NTM prevalence-by-sector export (WITS/TRAINS); not independently re-verified against the publisher in this workspace,REAL
CAN,Wood,3+ types,14.04,33,Structure matches the UNCTAD/World Bank NTM prevalence-by-sector export (WITS/TRAINS); not independently re-verified against the publisher in this workspace,REAL
CAN,Wood,No NTMs,2.13,5,Structure matches the UNCTAD/World Bank NTM prevalence-by-sector export (WITS/TRAINS); not independently re-verified against the publisher in this workspace,REAL
CAN,Textiles and Clothing,1 type,13.07,104,Structure matches the UNCTAD/World Bank NTM prevalence-by-sector export (WITS/TRAINS); not independently re-verified against the publisher in this workspace,REAL
CAN,Textiles and Clothing,2 types,44.97,358,Structure matches the UNCTAD/World Bank NTM prevalence-by-sector export (WITS/TRAINS); not independently re-verified against the publisher in this workspace,REAL
CAN,Textiles and Clothing,3+ types,38.94,310,Structure matches the UNCTAD/World Bank NTM prevalence-by-sector export (WITS/TRAINS); not independently re-verified against the publisher in this workspace,REAL
CAN,Textiles and Clothing,No NTMs,3.02,24,Structure matches the UNCTAD/World Bank NTM prevalence-by-sector export (WITS/TRAINS); not independently re-verified against the publisher in this workspace,REAL
CAN,Footwear,1 type,29.79,14,Structure matches the UNCTAD/World Bank NTM prevalence-by-sector export (WITS/TRAINS); not independently re-verified against the publisher in this workspace,REAL
CAN,Footwear,2 types,59.57,28,Structure matches the UNCTAD/World Bank NTM prevalence-by-sector export (WITS/TRAINS); not independently re-verified against the publisher in this workspace,REAL
CAN,Footwear,3+ types,2.13,1,Structure matches the UNCTAD/World Bank NTM prevalence-by-sector export (WITS/TRAINS); not independently re-verified against the publisher in this workspace,REAL
CAN,Footwear,No NTMs,8.51,4,Structure matches the UNCTAD/World Bank NTM prevalence-by-sector export (WITS/TRAINS); not independently re-verified against the publisher in this workspace,REAL
CAN,Stone and Glass,1 type,69.23,135,Structure matches the UNCTAD/World Bank NTM prevalence-by-sector export (WITS/TRAINS); not independently re-verified against the publisher in this workspace,REAL
CAN,Stone and Glass,2 types,23.59,46,Structure matches the UNCTAD/World Bank NTM prevalence-by-sector export (WITS/TRAINS); not independently re-verified against the publisher in this workspace,REAL
CAN,Stone and Glass,3+ types,3.08,6,Structure matches the UNCTAD/World Bank NTM prevalence-by-sector export (WITS/TRAINS); not independently re-verified against the publisher in this workspace,REAL
CAN,Stone and Glass,No NTMs,4.1,8,Structure matches the UNCTAD/World Bank NTM prevalence-by-sector export (WITS/TRAINS); not independently re-verified against the publisher in this workspace,REAL
CAN,Metals,1 type,48.67,274,Structure matches the UNCTAD/World Bank NTM prevalence-by-sector export (WITS/TRAINS); not independently re-verified against the publisher in this workspace,REAL
CAN,Metals,2 types,49.38,278,Structure matches the UNCTAD/World Bank NTM prevalence-by-sector export (WITS/TRAINS); not independently re-verified against the publisher in this workspace,REAL
CAN,Metals,3+ types,1.07,6,Structure matches the UNCTAD/World Bank NTM prevalence-by-sector export (WITS/TRAINS); not independently re-verified against the publisher in this workspace,REAL
CAN,Metals,No NTMs,0.89,5,Structure matches the UNCTAD/World Bank NTM prevalence-by-sector export (WITS/TRAINS); not independently re-verified against the publisher in this workspace,REAL
CAN,Mach and Elec,1 type,58.37,450,Structure matches the UNCTAD/World Bank NTM prevalence-by-sector export (WITS/TRAINS); not independently re-verified against the publisher in this workspace,REAL
CAN,Mach and Elec,2 types,23.09,178,Structure matches the UNCTAD/World Bank NTM prevalence-by-sector export (WITS/TRAINS); not independently re-verified against the publisher in this workspace,REAL
CAN,Mach and Elec,3+ types,4.15,32,Structure matches the UNCTAD/World Bank NTM prevalence-by-sector export (WITS/TRAINS); not independently re-verified against the publisher in this workspace,REAL
CAN,Mach and Elec,No NTMs,14.4,111,Structure matches the UNCTAD/World Bank NTM prevalence-by-sector export (WITS/TRAINS); not independently re-verified against the publisher in this workspace,REAL
CAN,Transportation,1 type,37.69,49,Structure matches the UNCTAD/World Bank NTM prevalence-by-sector export (WITS/TRAINS); not independently re-verified against the publisher in this workspace,REAL
CAN,Transportation,2 types,26.15,34,Structure matches the UNCTAD/World Bank NTM prevalence-by-sector export (WITS/TRAINS); not independently re-verified against the publisher in this workspace,REAL
CAN,Transportation,3+ types,16.92,22,Structure matches the UNCTAD/World Bank NTM prevalence-by-sector export (WITS/TRAINS); not independently re-verified against the publisher in this workspace,REAL
CAN,Transportation,No NTMs,19.23,25,Structure matches the UNCTAD/World Bank NTM prevalence-by-sector export (WITS/TRAINS); not independently re-verified against the publisher in this workspace,REAL
CAN,Miscellaneous,1 type,40.68,144,Structure matches the UNCTAD/World Bank NTM prevalence-by-sector export (WITS/TRAINS); not independently re-verified against the publisher in this workspace,REAL
CAN,Miscellaneous,2 types,39.55,140,Structure matches the UNCTAD/World Bank NTM prevalence-by-sector export (WITS/TRAINS); not independently re-verified against the publisher in this workspace,REAL
CAN,Miscellaneous,3+ types,18.36,65,Structure matches the UNCTAD/World Bank NTM prevalence-by-sector export (WITS/TRAINS); not independently re-verified against the publisher in this workspace,REAL
CAN,Miscellaneous,No NTMs,1.41,5,Structure matches the UNCTAD/World Bank NTM prevalence-by-sector export (WITS/TRAINS); not independently re-verified against the publisher in this workspace,REAL
CAN,All Import Products,1 type,42.29,2201,Structure matches the UNCTAD/World Bank NTM prevalence-by-sector export (WITS/TRAINS); not independently re-verified against the publisher in this workspace,REAL
CAN,All Import Products,2 types,28.84,1501,Structure matches the UNCTAD/World Bank NTM prevalence-by-sector export (WITS/TRAINS); not independently re-verified against the publisher in this workspace,REAL
CAN,All Import Products,3+ types,24.02,1250,Structure matches the UNCTAD/World Bank NTM prevalence-by-sector export (WITS/TRAINS); not independently re-verified against the publisher in this workspace,REAL
CAN,All Import Products,No NTMs,4.86,253,Structure matches the UNCTAD/World Bank NTM prevalence-by-sector export (WITS/TRAINS); not independently re-verified against the publisher in this workspace,REAL
CHE,Animal,1 type,1.19,4,Structure matches the UNCTAD/World Bank NTM prevalence-by-sector export (WITS/TRAINS); not independently re-verified against the publisher in this workspace,REAL
CHE,Animal,2 types,10.71,36,Structure matches the UNCTAD/World Bank NTM prevalence-by-sector export (WITS/TRAINS); not independently re-verified against the publisher in this workspace,REAL
CHE,Animal,3+ types,84.82,285,Structure matches the UNCTAD/World Bank NTM prevalence-by-sector export (WITS/TRAINS); not independently re-verified against the publisher in this workspace,REAL
CHE,Animal,No NTMs,3.27,11,Structure matches the UNCTAD/World Bank NTM prevalence-by-sector export (WITS/TRAINS); not independently re-verified against the publisher in this workspace,REAL
CHE,Vegetable,1 type,0.85,3,Structure matches the UNCTAD/World Bank NTM prevalence-by-sector export (WITS/TRAINS); not independently re-verified against the publisher in this workspace,REAL
CHE,Vegetable,2 types,5.4,19,Structure matches the UNCTAD/World Bank NTM prevalence-by-sector export (WITS/TRAINS); not independently re-verified against the publisher in this workspace,REAL
CHE,Vegetable,3+ types,91.76,323,Structure matches the UNCTAD/World Bank NTM prevalence-by-sector export (WITS/TRAINS); not independently re-verified against the publisher in this workspace,REAL
CHE,Vegetable,No NTMs,1.99,7,Structure matches the UNCTAD/World Bank NTM prevalence-by-sector export (WITS/TRAINS); not independently re-verified against the publisher in this workspace,REAL
CHE,Food Products,1 type,4.74,10,Structure matches the UNCTAD/World Bank NTM prevalence-by-sector export (WITS/TRAINS); not independently re-verified against the publisher in this workspace,REAL
CHE,Food Products,2 types,1.42,3,Structure matches the UNCTAD/World Bank NTM prevalence-by-sector export (WITS/TRAINS); not independently re-verified against the publisher in this workspace,REAL
CHE,Food Products,3+ types,93.84,198,Structure matches the UNCTAD/World Bank NTM prevalence-by-sector export (WITS/TRAINS); not independently re-verified against the publisher in this workspace,REAL
CHE,Minerals,1 type,13.33,14,Structure matches the UNCTAD/World Bank NTM prevalence-by-sector export (WITS/TRAINS); not independently re-verified against the publisher in this workspace,REAL
CHE,Minerals,2 types,18.1,19,Structure matches the UNCTAD/World Bank NTM prevalence-by-sector export (WITS/TRAINS); not independently re-verified against the publisher in this workspace,REAL
CHE,Minerals,3+ types,1.9,2,Structure matches the UNCTAD/World Bank NTM prevalence-by-sector export (WITS/TRAINS); not independently re-verified against the publisher in this workspace,REAL
CHE,Minerals,No NTMs,66.67,70,Structure matches the UNCTAD/World Bank NTM prevalence-by-sector export (WITS/TRAINS); not independently re-verified against the publisher in this workspace,REAL
CHE,Fuels,1 type,18.6,8,Structure matches the UNCTAD/World Bank NTM prevalence-by-sector export (WITS/TRAINS); not independently re-verified against the publisher in this workspace,REAL
CHE,Fuels,2 types,11.63,5,Structure matches the UNCTAD/World Bank NTM prevalence-by-sector export (WITS/TRAINS); not independently re-verified against the publisher in this workspace,REAL
CHE,Fuels,3+ types,20.93,9,Structure matches the UNCTAD/World Bank NTM prevalence-by-sector export (WITS/TRAINS); not independently re-verified against the publisher in this workspace,REAL
CHE,Fuels,No NTMs,48.84,21,Structure matches the UNCTAD/World Bank NTM prevalence-by-sector export (WITS/TRAINS); not independently re-verified against the publisher in this workspace,REAL
CHE,Chemicals,1 type,12.58,99,Structure matches the UNCTAD/World Bank NTM prevalence-by-sector export (WITS/TRAINS); not independently re-verified against the publisher in this workspace,REAL
CHE,Chemicals,2 types,64.93,511,Structure matches the UNCTAD/World Bank NTM prevalence-by-sector export (WITS/TRAINS); not independently re-verified against the publisher in this workspace,REAL
CHE,Chemicals,3+ types,14.61,115,Structure matches the UNCTAD/World Bank NTM prevalence-by-sector export (WITS/TRAINS); not independently re-verified against the publisher in this workspace,REAL
CHE,Chemicals,No NTMs,7.88,62,Structure matches the UNCTAD/World Bank NTM prevalence-by-sector export (WITS/TRAINS); not independently re-verified against the publisher in this workspace,REAL
CHE,Plastic or Rubber,1 type,72.04,152,Structure matches the UNCTAD/World Bank NTM prevalence-by-sector export (WITS/TRAINS); not independently re-verified against the publisher in this workspace,REAL
CHE,Plastic or Rubber,2 types,27.01,57,Structure matches the UNCTAD/World Bank NTM prevalence-by-sector export (WITS/TRAINS); not independently re-verified against the publisher in this workspace,REAL
CHE,Plastic or Rubber,3+ types,0.47,1,Structure matches the UNCTAD/World Bank NTM prevalence-by-sector export (WITS/TRAINS); not independently re-verified against the publisher in this workspace,REAL
CHE,Plastic or Rubber,No NTMs,0.47,1,Structure matches the UNCTAD/World Bank NTM prevalence-by-sector export (WITS/TRAINS); not independently re-verified against the publisher in this workspace,REAL
CHE,Hides and Skins,1 type,33.33,23,Structure matches the UNCTAD/World Bank NTM prevalence-by-sector export (WITS/TRAINS); not independently re-verified against the publisher in this workspace,REAL
CHE,Hides and Skins,2 types,17.39,12,Structure matches the UNCTAD/World Bank NTM prevalence-by-sector export (WITS/TRAINS); not independently re-verified against the publisher in this workspace,REAL
CHE,Hides and Skins,3+ types,47.83,33,Structure matches the UNCTAD/World Bank NTM prevalence-by-sector export (WITS/TRAINS); not independently re-verified against the publisher in this workspace,REAL
CHE,Hides and Skins,No NTMs,1.45,1,Structure matches the UNCTAD/World Bank NTM prevalence-by-sector export (WITS/TRAINS); not independently re-verified against the publisher in this workspace,REAL
CHE,Wood,1 type,5.11,12,Structure matches the UNCTAD/World Bank NTM prevalence-by-sector export (WITS/TRAINS); not independently re-verified against the publisher in this workspace,REAL
CHE,Wood,2 types,6.38,15,Structure matches the UNCTAD/World Bank NTM prevalence-by-sector export (WITS/TRAINS); not independently re-verified against the publisher in this workspace,REAL
CHE,Wood,3+ types,15.74,37,Structure matches the UNCTAD/World Bank NTM prevalence-by-sector export (WITS/TRAINS); not independently re-verified against the publisher in this workspace,REAL
CHE,Wood,No NTMs,72.77,171,Structure matches the UNCTAD/World Bank NTM prevalence-by-sector export (WITS/TRAINS); not independently re-verified against the publisher in this workspace,REAL
CHE,Textiles and Clothing,1 type,38.44,306,Structure matches the UNCTAD/World Bank NTM prevalence-by-sector export (WITS/TRAINS); not independently re-verified against the publisher in this workspace,REAL
CHE,Textiles and Clothing,2 types,5.65,45,Structure matches the UNCTAD/World Bank NTM prevalence-by-sector export (WITS/TRAINS); not independently re-verified against the publisher in this workspace,REAL
CHE,Textiles and Clothing,3+ types,6.91,55,Structure matches the UNCTAD/World Bank NTM prevalence-by-sector export (WITS/TRAINS); not independently re-verified against the publisher in this workspace,REAL
CHE,Textiles and Clothing,No NTMs,48.99,390,Structure matches the UNCTAD/World Bank NTM prevalence-by-sector export (WITS/TRAINS); not independently re-verified against the publisher in this workspace,REAL
CHE,Footwear,1 type,2.13,1,Structure matches the UNCTAD/World Bank NTM prevalence-by-sector export (WITS/TRAINS); not independently re-verified against the publisher in this workspace,REAL
CHE,Footwear,2 types,2.13,1,Structure matches the UNCTAD/World Bank NTM prevalence-by-sector export (WITS/TRAINS); not independently re-verified against the publisher in this workspace,REAL
CHE,Footwear,3+ types,31.91,15,Structure matches the UNCTAD/World Bank NTM prevalence-by-sector export (WITS/TRAINS); not independently re-verified against the publisher in this workspace,REAL
CHE,Footwear,No NTMs,63.83,30,Structure matches the UNCTAD/World Bank NTM prevalence-by-sector export (WITS/TRAINS); not independently re-verified against the publisher in this workspace,REAL
CHE,Stone and Glass,1 type,58.46,114,Structure matches the UNCTAD/World Bank NTM prevalence-by-sector export (WITS/TRAINS); not independently re-verified against the publisher in this workspace,REAL
CHE,Stone and Glass,2 types,31.79,62,Structure matches the UNCTAD/World Bank NTM prevalence-by-sector export (WITS/TRAINS); not independently re-verified against the publisher in this workspace,REAL
CHE,Stone and Glass,3+ types,8.72,17,Structure matches the UNCTAD/World Bank NTM prevalence-by-sector export (WITS/TRAINS); not independently re-verified against the publisher in this workspace,REAL
CHE,Stone and Glass,No NTMs,1.03,2,Structure matches the UNCTAD/World Bank NTM prevalence-by-sector export (WITS/TRAINS); not independently re-verified against the publisher in this workspace,REAL
CHE,Metals,1 type,78.69,443,Structure matches the UNCTAD/World Bank NTM prevalence-by-sector export (WITS/TRAINS); not independently re-verified against the publisher in this workspace,REAL
CHE,Metals,2 types,16.34,92,Structure matches the UNCTAD/World Bank NTM prevalence-by-sector export (WITS/TRAINS); not independently re-verified against the publisher in this workspace,REAL
CHE,Metals,3+ types,2.31,13,Structure matches the UNCTAD/World Bank NTM prevalence-by-sector export (WITS/TRAINS); not independently re-verified against the publisher in this workspace,REAL
CHE,Metals,No NTMs,2.66,15,Structure matches the UNCTAD/World Bank NTM prevalence-by-sector export (WITS/TRAINS); not independently re-verified against the publisher in this workspace,REAL
CHE,Mach and Elec,1 type,12.19,94,Structure matches the UNCTAD/World Bank NTM prevalence-by-sector export (WITS/TRAINS); not independently re-verified against the publisher in this workspace,REAL
CHE,Mach and Elec,2 types,87.68,676,Structure matches the UNCTAD/World Bank NTM prevalence-by-sector export (WITS/TRAINS); not independently re-verified against the publisher in this workspace,REAL
CHE,Mach and Elec,No NTMs,0.13,1,Structure matches the UNCTAD/World Bank NTM prevalence-by-sector export (WITS/TRAINS); not independently re-verified against the publisher in this workspace,REAL
CHE,Transportation,1 type,24.62,32,Structure matches the UNCTAD/World Bank NTM prevalence-by-sector export (WITS/TRAINS); not independently re-verified against the publisher in this workspace,REAL
CHE,Transportation,2 types,72.31,94,Structure matches the UNCTAD/World Bank NTM prevalence-by-sector export (WITS/TRAINS); not independently re-verified against the publisher in this workspace,REAL
CHE,Transportation,No NTMs,3.08,4,Structure matches the UNCTAD/World Bank NTM prevalence-by-sector export (WITS/TRAINS); not independently re-verified against the publisher in this workspace,REAL
CHE,Miscellaneous,1 type,6.5,23,Structure matches the UNCTAD/World Bank NTM prevalence-by-sector export (WITS/TRAINS); not independently re-verified against the publisher in this workspace,REAL
CHE,Miscellaneous,2 types,40.68,144,Structure matches the UNCTAD/World Bank NTM prevalence-by-sector export (WITS/TRAINS); not independently re-verified against the publisher in this workspace,REAL
CHE,Miscellaneous,3+ types,30.79,109,Structure matches the UNCTAD/World Bank NTM prevalence-by-sector export (WITS/TRAINS); not independently re-verified against the publisher in this workspace,REAL
CHE,Miscellaneous,No NTMs,22.03,78,Structure matches the UNCTAD/World Bank NTM prevalence-by-sector export (WITS/TRAINS); not independently re-verified against the publisher in this workspace,REAL
CHE,All Import Products,1 type,25.71,1338,Structure matches the UNCTAD/World Bank NTM prevalence-by-sector export (WITS/TRAINS); not independently re-verified against the publisher in this workspace,REAL
CHE,All Import Products,2 types,34.41,1791,Structure matches the UNCTAD/World Bank NTM prevalence-by-sector export (WITS/TRAINS); not independently re-verified against the publisher in this workspace,REAL
CHE,All Import Products,3+ types,23.29,1212,Structure matches the UNCTAD/World Bank NTM prevalence-by-sector export (WITS/TRAINS); not independently re-verified against the publisher in this workspace,REAL
CHE,All Import Products,No NTMs,16.6,864,Structure matches the UNCTAD/World Bank NTM prevalence-by-sector export (WITS/TRAINS); not independently re-verified against the publisher in this workspace,REAL
CHL,Animal,1 type,2.38,8,Structure matches the UNCTAD/World Bank NTM prevalence-by-sector export (WITS/TRAINS); not independently re-verified against the publisher in this workspace,REAL
CHL,Animal,2 types,28.27,95,Structure matches the UNCTAD/World Bank NTM prevalence-by-sector export (WITS/TRAINS); not independently re-verified against the publisher in this workspace,REAL
CHL,Animal,3+ types,30.06,101,Structure matches the UNCTAD/World Bank NTM prevalence-by-sector export (WITS/TRAINS); not independently re-verified against the publisher in this workspace,REAL
CHL,Animal,No NTMs,39.29,132,Structure matches the UNCTAD/World Bank NTM prevalence-by-sector export (WITS/TRAINS); not independently re-verified against the publisher in this workspace,REAL
CHL,Vegetable,1 type,10.23,36,Structure matches the UNCTAD/World Bank NTM prevalence-by-sector export (WITS/TRAINS); not independently re-verified against the publisher in this workspace,REAL
CHL,Vegetable,2 types,36.93,130,Structure matches the UNCTAD/World Bank NTM prevalence-by-sector export (WITS/TRAINS); not independently re-verified against the publisher in this workspace,REAL
CHL,Vegetable,3+ types,45.45,160,Structure matches the UNCTAD/World Bank NTM prevalence-by-sector export (WITS/TRAINS); not independently re-verified against the publisher in this workspace,REAL
CHL,Vegetable,No NTMs,7.39,26,Structure matches the UNCTAD/World Bank NTM prevalence-by-sector export (WITS/TRAINS); not independently re-verified against the publisher in this workspace,REAL
CHL,Food Products,1 type,49.29,104,Structure matches the UNCTAD/World Bank NTM prevalence-by-sector export (WITS/TRAINS); not independently re-verified against the publisher in this workspace,REAL
CHL,Food Products,2 types,17.54,37,Structure matches the UNCTAD/World Bank NTM prevalence-by-sector export (WITS/TRAINS); not independently re-verified against the publisher in this workspace,REAL
CHL,Food Products,3+ types,15.17,32,Structure matches the UNCTAD/World Bank NTM prevalence-by-sector export (WITS/TRAINS); not independently re-verified against the publisher in this workspace,REAL
CHL,Food Products,No NTMs,18.01,38,Structure matches the UNCTAD/World Bank NTM prevalence-by-sector export (WITS/TRAINS); not independently re-verified against the publisher in this workspace,REAL
CHL,Minerals,1 type,0.95,1,Structure matches the UNCTAD/World Bank NTM prevalence-by-sector export (WITS/TRAINS); not independently re-verified against the publisher in this workspace,REAL
CHL,Minerals,No NTMs,99.05,104,Structure matches the UNCTAD/World Bank NTM prevalence-by-sector export (WITS/TRAINS); not independently re-verified against the publisher in this workspace,REAL
CHL,Fuels,1 type,18.6,8,Structure matches the UNCTAD/World Bank NTM prevalence-by-sector export (WITS/TRAINS); not independently re-verified against the publisher in this workspace,REAL
CHL,Fuels,No NTMs,81.4,35,Structure matches the UNCTAD/World Bank NTM prevalence-by-sector export (WITS/TRAINS); not independently re-verified against the publisher in this workspace,REAL
CHL,Chemicals,1 type,58.96,464,Structure matches the UNCTAD/World Bank NTM prevalence-by-sector export (WITS/TRAINS); not independently re-verified against the publisher in this workspace,REAL
CHL,Chemicals,2 types,7.88,62,Structure matches the UNCTAD/World Bank NTM prevalence-by-sector export (WITS/TRAINS); not independently re-verified against the publisher in this workspace,REAL
CHL,Chemicals,3+ types,3.18,25,Structure matches the UNCTAD/World Bank NTM prevalence-by-sector export (WITS/TRAINS); not independently re-verified against the publisher in this workspace,REAL
CHL,Chemicals,No NTMs,29.99,236,Structure matches the UNCTAD/World Bank NTM prevalence-by-sector export (WITS/TRAINS); not independently re-verified against the publisher in this workspace,REAL
CHL,Plastic or Rubber,1 type,35.55,75,Structure matches the UNCTAD/World Bank NTM prevalence-by-sector export (WITS/TRAINS); not independently re-verified against the publisher in this workspace,REAL
CHL,Plastic or Rubber,No NTMs,64.45,136,Structure matches the UNCTAD/World Bank NTM prevalence-by-sector export (WITS/TRAINS); not independently re-verified against the publisher in this workspace,REAL
CHL,Hides and Skins,1 type,40.58,28,Structure matches the UNCTAD/World Bank NTM prevalence-by-sector export (WITS/TRAINS); not independently re-verified against the publisher in this workspace,REAL
CHL,Hides and Skins,2 types,1.45,1,Structure matches the UNCTAD/World Bank NTM prevalence-by-sector export (WITS/TRAINS); not independently re-verified against the publisher in this workspace,REAL
CHL,Hides and Skins,No NTMs,57.97,40,Structure matches the UNCTAD/World Bank NTM prevalence-by-sector export (WITS/TRAINS); not independently re-verified against the publisher in this workspace,REAL
CHL,Wood,1 type,27.66,65,Structure matches the UNCTAD/World Bank NTM prevalence-by-sector export (WITS/TRAINS); not independently re-verified against the publisher in this workspace,REAL
CHL,Wood,2 types,2.55,6,Structure matches the UNCTAD/World Bank NTM prevalence-by-sector export (WITS/TRAINS); not independently re-verified against the publisher in this workspace,REAL
CHL,Wood,No NTMs,69.79,164,Structure matches the UNCTAD/World Bank NTM prevalence-by-sector export (WITS/TRAINS); not independently re-verified against the publisher in this workspace,REAL
CHL,Textiles and Clothing,1 type,87.06,693,Structure matches the UNCTAD/World Bank NTM prevalence-by-sector export (WITS/TRAINS); not independently re-verified against the publisher in this workspace,REAL
CHL,Textiles and Clothing,2 types,4.15,33,Structure matches the UNCTAD/World Bank NTM prevalence-by-sector export (WITS/TRAINS); not independently re-verified against the publisher in this workspace,REAL
CHL,Textiles and Clothing,No NTMs,8.79,70,Structure matches the UNCTAD/World Bank NTM prevalence-by-sector export (WITS/TRAINS); not independently re-verified against the publisher in this workspace,REAL
CHL,Footwear,1 type,59.57,28,Structure matches the UNCTAD/World Bank NTM prevalence-by-sector export (WITS/TRAINS); not independently re-verified against the publisher in this workspace,REAL
CHL,Footwear,No NTMs,40.43,19,Structure matches the UNCTAD/World Bank NTM prevalence-by-sector export (WITS/TRAINS); not independently re-verified against the publisher in this workspace,REAL
CHL,Stone and Glass,1 type,10.77,21,Structure matches the UNCTAD/World Bank NTM prevalence-by-sector export (WITS/TRAINS); not independently re-verified against the publisher in this workspace,REAL
CHL,Stone and Glass,No NTMs,89.23,174,Structure matches the UNCTAD/World Bank NTM prevalence-by-sector export (WITS/TRAINS); not independently re-verified against the publisher in this workspace,REAL
CHL,Metals,1 type,12.79,72,Structure matches the UNCTAD/World Bank NTM prevalence-by-sector export (WITS/TRAINS); not independently re-verified against the publisher in this workspace,REAL
CHL,Metals,No NTMs,87.21,491,Structure matches the UNCTAD/World Bank NTM prevalence-by-sector export (WITS/TRAINS); not independently re-verified against the publisher in this workspace,REAL
CHL,Mach and Elec,1 type,91.18,703,Structure matches the UNCTAD/World Bank NTM prevalence-by-sector export (WITS/TRAINS); not independently re-verified against the publisher in this workspace,REAL
CHL,Mach and Elec,No NTMs,8.82,68,Structure matches the UNCTAD/World Bank NTM prevalence-by-sector export (WITS/TRAINS); not independently re-verified against the publisher in this workspace,REAL
CHL,Transportation,1 type,9.23,12,Structure matches the UNCTAD/World Bank NTM prevalence-by-sector export (WITS/TRAINS); not independently re-verified against the publisher in this workspace,REAL
CHL,Transportation,2 types,6.15,8,Structure matches the UNCTAD/World Bank NTM prevalence-by-sector export (WITS/TRAINS); not independently re-verified against the publisher in this workspace,REAL
CHL,Transportation,3+ types,10.0,13,Structure matches the UNCTAD/World Bank NTM prevalence-by-sector export (WITS/TRAINS); not independently re-verified against the publisher in this workspace,REAL
CHL,Transportation,No NTMs,74.62,97,Structure matches the UNCTAD/World Bank NTM prevalence-by-sector export (WITS/TRAINS); not independently re-verified against the publisher in this workspace,REAL
CHL,Miscellaneous,1 type,22.6,80,Structure matches the UNCTAD/World Bank NTM prevalence-by-sector export (WITS/TRAINS); not independently re-verified against the publisher in this workspace,REAL
CHL,Miscellaneous,2 types,1.69,6,Structure matches the UNCTAD/World Bank NTM prevalence-by-sector export (WITS/TRAINS); not independently re-verified against the publisher in this workspace,REAL
CHL,Miscellaneous,No NTMs,75.71,268,Structure matches the UNCTAD/World Bank NTM prevalence-by-sector export (WITS/TRAINS); not independently re-verified against the publisher in this workspace,REAL
CHL,All Import Products,1 type,46.07,2398,Structure matches the UNCTAD/World Bank NTM prevalence-by-sector export (WITS/TRAINS); not independently re-verified against the publisher in this workspace,REAL
CHL,All Import Products,2 types,7.26,378,Structure matches the UNCTAD/World Bank NTM prevalence-by-sector export (WITS/TRAINS); not independently re-verified against the publisher in this workspace,REAL
CHL,All Import Products,3+ types,6.36,331,Structure matches the UNCTAD/World Bank NTM prevalence-by-sector export (WITS/TRAINS); not independently re-verified against the publisher in this workspace,REAL
CHL,All Import Products,No NTMs,40.31,2098,Structure matches the UNCTAD/World Bank NTM prevalence-by-sector export (WITS/TRAINS); not independently re-verified against the publisher in this workspace,REAL
CIV,Animal,1 type,31.14,71,Structure matches the UNCTAD/World Bank NTM prevalence-by-sector export (WITS/TRAINS); not independently re-verified against the publisher in this workspace,REAL
CIV,Animal,2 types,37.72,86,Structure matches the UNCTAD/World Bank NTM prevalence-by-sector export (WITS/TRAINS); not independently re-verified against the publisher in this workspace,REAL
CIV,Animal,3+ types,4.39,10,Structure matches the UNCTAD/World Bank NTM prevalence-by-sector export (WITS/TRAINS); not independently re-verified against the publisher in this workspace,REAL
CIV,Animal,No NTMs,26.75,61,Structure matches the UNCTAD/World Bank NTM prevalence-by-sector export (WITS/TRAINS); not independently re-verified against the publisher in this workspace,REAL
CIV,Vegetable,1 type,66.11,199,Structure matches the UNCTAD/World Bank NTM prevalence-by-sector export (WITS/TRAINS); not independently re-verified against the publisher in this workspace,REAL
CIV,Vegetable,2 types,7.64,23,Structure matches the UNCTAD/World Bank NTM prevalence-by-sector export (WITS/TRAINS); not independently re-verified against the publisher in this workspace,REAL
CIV,Vegetable,3+ types,2.33,7,Structure matches the UNCTAD/World Bank NTM prevalence-by-sector export (WITS/TRAINS); not independently re-verified against the publisher in this workspace,REAL
CIV,Vegetable,No NTMs,23.92,72,Structure matches the UNCTAD/World Bank NTM prevalence-by-sector export (WITS/TRAINS); not independently re-verified against the publisher in this workspace,REAL
CIV,Food Products,1 type,55.96,108,Structure matches the UNCTAD/World Bank NTM prevalence-by-sector export (WITS/TRAINS); not independently re-verified against the publisher in this workspace,REAL
CIV,Food Products,2 types,18.65,36,Structure matches the UNCTAD/World Bank NTM prevalence-by-sector export (WITS/TRAINS); not independently re-verified against the publisher in this workspace,REAL
CIV,Food Products,3+ types,0.52,1,Structure matches the UNCTAD/World Bank NTM prevalence-by-sector export (WITS/TRAINS); not independently re-verified against the publisher in this workspace,REAL
CIV,Food Products,No NTMs,24.87,48,Structure matches the UNCTAD/World Bank NTM prevalence-by-sector export (WITS/TRAINS); not independently re-verified against the publisher in this workspace,REAL
CIV,Minerals,1 type,2.83,3,Structure matches the UNCTAD/World Bank NTM prevalence-by-sector export (WITS/TRAINS); not independently re-verified against the publisher in this workspace,REAL
CIV,Minerals,No NTMs,97.17,103,Structure matches the UNCTAD/World Bank NTM prevalence-by-sector export (WITS/TRAINS); not independently re-verified against the publisher in this workspace,REAL
CIV,Fuels,1 type,2.38,1,Structure matches the UNCTAD/World Bank NTM prevalence-by-sector export (WITS/TRAINS); not independently re-verified against the publisher in this workspace,REAL
CIV,Fuels,No NTMs,97.62,41,Structure matches the UNCTAD/World Bank NTM prevalence-by-sector export (WITS/TRAINS); not independently re-verified against the publisher in this workspace,REAL
CIV,Chemicals,1 type,26.24,207,Structure matches the UNCTAD/World Bank NTM prevalence-by-sector export (WITS/TRAINS); not independently re-verified against the publisher in this workspace,REAL
CIV,Chemicals,2 types,2.03,16,Structure matches the UNCTAD/World Bank NTM prevalence-by-sector export (WITS/TRAINS); not independently re-verified against the publisher in this workspace,REAL
CIV,Chemicals,No NTMs,71.74,566,Structure matches the UNCTAD/World Bank NTM prevalence-by-sector export (WITS/TRAINS); not independently re-verified against the publisher in this workspace,REAL
CIV,Plastic or Rubber,1 type,9.48,20,Structure matches the UNCTAD/World Bank NTM prevalence-by-sector export (WITS/TRAINS); not independently re-verified against the publisher in this workspace,REAL
CIV,Plastic or Rubber,No NTMs,90.52,191,Structure matches the UNCTAD/World Bank NTM prevalence-by-sector export (WITS/TRAINS); not independently re-verified against the publisher in this workspace,REAL
CIV,Hides and Skins,No NTMs,100.0,69,Structure matches the UNCTAD/World Bank NTM prevalence-by-sector export (WITS/TRAINS); not independently re-verified against the publisher in this workspace,REAL
CIV,Wood,1 type,1.27,3,Structure matches the UNCTAD/World Bank NTM prevalence-by-sector export (WITS/TRAINS); not independently re-verified against the publisher in this workspace,REAL
CIV,Wood,No NTMs,98.73,234,Structure matches the UNCTAD/World Bank NTM prevalence-by-sector export (WITS/TRAINS); not independently re-verified against the publisher in this workspace,REAL
CIV,Textiles and Clothing,1 type,1.0,8,Structure matches the UNCTAD/World Bank NTM prevalence-by-sector export (WITS/TRAINS); not independently re-verified against the publisher in this workspace,REAL
CIV,Textiles and Clothing,2 types,0.12,1,Structure matches the UNCTAD/World Bank NTM prevalence-by-sector export (WITS/TRAINS); not independently re-verified against the publisher in this workspace,REAL
CIV,Textiles and Clothing,No NTMs,98.88,792,Structure matches the UNCTAD/World Bank NTM prevalence-by-sector export (WITS/TRAINS); not independently re-verified against the publisher in this workspace,REAL
CIV,Footwear,No NTMs,100.0,49,Structure matches the UNCTAD/World Bank NTM prevalence-by-sector export (WITS/TRAINS); not independently re-verified against the publisher in this workspace,REAL
CIV,Stone and Glass,1 type,5.61,11,Structure matches the UNCTAD/World Bank NTM prevalence-by-sector export (WITS/TRAINS); not independently re-verified against the publisher in this workspace,REAL
CIV,Stone and Glass,2 types,0.51,1,Structure matches the UNCTAD/World Bank NTM prevalence-by-sector export (WITS/TRAINS); not independently re-verified against the publisher in this workspace,REAL
CIV,Stone and Glass,No NTMs,93.88,184,Structure matches the UNCTAD/World Bank NTM prevalence-by-sector export (WITS/TRAINS); not independently re-verified against the publisher in this workspace,REAL
CIV,Metals,1 type,0.35,2,Structure matches the UNCTAD/World Bank NTM prevalence-by-sector export (WITS/TRAINS); not independently re-verified against the publisher in this workspace,REAL
CIV,Metals,No NTMs,99.65,566,Structure matches the UNCTAD/World Bank NTM prevalence-by-sector export (WITS/TRAINS); not independently re-verified against the publisher in this workspace,REAL
CIV,Mach and Elec,1 type,0.91,7,Structure matches the UNCTAD/World Bank NTM prevalence-by-sector export (WITS/TRAINS); not independently re-verified against the publisher in this workspace,REAL
CIV,Mach and Elec,No NTMs,99.09,762,Structure matches the UNCTAD/World Bank NTM prevalence-by-sector export (WITS/TRAINS); not independently re-verified against the publisher in this workspace,REAL
CIV,Transportation,1 type,1.53,2,Structure matches the UNCTAD/World Bank NTM prevalence-by-sector export (WITS/TRAINS); not independently re-verified against the publisher in this workspace,REAL
CIV,Transportation,No NTMs,98.47,129,Structure matches the UNCTAD/World Bank NTM prevalence-by-sector export (WITS/TRAINS); not independently re-verified against the publisher in this workspace,REAL
CIV,Miscellaneous,1 type,3.04,11,Structure matches the UNCTAD/World Bank NTM prevalence-by-sector export (WITS/TRAINS); not independently re-verified against the publisher in this workspace,REAL
CIV,Miscellaneous,No NTMs,96.96,351,Structure matches the UNCTAD/World Bank NTM prevalence-by-sector export (WITS/TRAINS); not independently re-verified against the publisher in this workspace,REAL
CIV,All Import Products,1 type,12.93,653,Structure matches the UNCTAD/World Bank NTM prevalence-by-sector export (WITS/TRAINS); not independently re-verified against the publisher in this workspace,REAL
CIV,All Import Products,2 types,3.23,163,Structure matches the UNCTAD/World Bank NTM prevalence-by-sector export (WITS/TRAINS); not independently re-verified against the publisher in this workspace,REAL
CIV,All Import Products,3+ types,0.36,18,Structure matches the UNCTAD/World Bank NTM prevalence-by-sector export (WITS/TRAINS); not independently re-verified against the publisher in this workspace,REAL
CIV,All Import Products,No NTMs,83.49,4218,Structure matches the UNCTAD/World Bank NTM prevalence-by-sector export (WITS/TRAINS); not independently re-verified against the publisher in this workspace,REAL
CMR,Animal,1 type,5.95,20,Structure matches the UNCTAD/World Bank NTM prevalence-by-sector export (WITS/TRAINS); not independently re-verified against the publisher in this workspace,REAL
CMR,Animal,2 types,41.96,141,Structure matches the UNCTAD/World Bank NTM prevalence-by-sector export (WITS/TRAINS); not independently re-verified against the publisher in this workspace,REAL
CMR,Animal,3+ types,13.99,47,Structure matches the UNCTAD/World Bank NTM prevalence-by-sector export (WITS/TRAINS); not independently re-verified against the publisher in this workspace,REAL
CMR,Animal,No NTMs,38.1,128,Structure matches the UNCTAD/World Bank NTM prevalence-by-sector export (WITS/TRAINS); not independently re-verified against the publisher in this workspace,REAL
CMR,Vegetable,1 type,34.94,123,Structure matches the UNCTAD/World Bank NTM prevalence-by-sector export (WITS/TRAINS); not independently re-verified against the publisher in this workspace,REAL
CMR,Vegetable,2 types,43.47,153,Structure matches the UNCTAD/World Bank NTM prevalence-by-sector export (WITS/TRAINS); not independently re-verified against the publisher in this workspace,REAL
CMR,Vegetable,3+ types,0.28,1,Structure matches the UNCTAD/World Bank NTM prevalence-by-sector export (WITS/TRAINS); not independently re-verified against the publisher in this workspace,REAL
CMR,Vegetable,No NTMs,21.31,75,Structure matches the UNCTAD/World Bank NTM prevalence-by-sector export (WITS/TRAINS); not independently re-verified against the publisher in this workspace,REAL
CMR,Food Products,1 type,23.22,49,Structure matches the UNCTAD/World Bank NTM prevalence-by-sector export (WITS/TRAINS); not independently re-verified against the publisher in this workspace,REAL
CMR,Food Products,2 types,33.18,70,Structure matches the UNCTAD/World Bank NTM prevalence-by-sector export (WITS/TRAINS); not independently re-verified against the publisher in this workspace,REAL
CMR,Food Products,3+ types,4.27,9,Structure matches the UNCTAD/World Bank NTM prevalence-by-sector export (WITS/TRAINS); not independently re-verified against the publisher in this workspace,REAL
CMR,Food Products,No NTMs,39.34,83,Structure matches the UNCTAD/World Bank NTM prevalence-by-sector export (WITS/TRAINS); not independently re-verified against the publisher in this workspace,REAL
CMR,Minerals,1 type,29.52,31,Structure matches the UNCTAD/World Bank NTM prevalence-by-sector export (WITS/TRAINS); not independently re-verified against the publisher in this workspace,REAL
CMR,Minerals,No NTMs,70.48,74,Structure matches the UNCTAD/World Bank NTM prevalence-by-sector export (WITS/TRAINS); not independently re-verified against the publisher in this workspace,REAL
CMR,Fuels,1 type,4.65,2,Structure matches the UNCTAD/World Bank NTM prevalence-by-sector export (WITS/TRAINS); not independently re-verified against the publisher in this workspace,REAL
CMR,Fuels,2 types,23.26,10,Structure matches the UNCTAD/World Bank NTM prevalence-by-sector export (WITS/TRAINS); not independently re-verified against the publisher in this workspace,REAL
CMR,Fuels,3+ types,4.65,2,Structure matches the UNCTAD/World Bank NTM prevalence-by-sector export (WITS/TRAINS); not independently re-verified against the publisher in this workspace,REAL
CMR,Fuels,No NTMs,67.44,29,Structure matches the UNCTAD/World Bank NTM prevalence-by-sector export (WITS/TRAINS); not independently re-verified against the publisher in this workspace,REAL
CMR,Chemicals,1 type,3.94,31,Structure matches the UNCTAD/World Bank NTM prevalence-by-sector export (WITS/TRAINS); not independently re-verified against the publisher in this workspace,REAL
CMR,Chemicals,2 types,1.52,12,Structure matches the UNCTAD/World Bank NTM prevalence-by-sector export (WITS/TRAINS); not independently re-verified against the publisher in this workspace,REAL
CMR,Chemicals,No NTMs,94.54,744,Structure matches the UNCTAD/World Bank NTM prevalence-by-sector export (WITS/TRAINS); not independently re-verified against the publisher in this workspace,REAL
CMR,Plastic or Rubber,No NTMs,100.0,211,Structure matches the UNCTAD/World Bank NTM prevalence-by-sector export (WITS/TRAINS); not independently re-verified against the publisher in this workspace,REAL
CMR,Hides and Skins,1 type,11.59,8,Structure matches the UNCTAD/World Bank NTM prevalence-by-sector export (WITS/TRAINS); not independently re-verified against the publisher in this workspace,REAL
CMR,Hides and Skins,2 types,1.45,1,Structure matches the UNCTAD/World Bank NTM prevalence-by-sector export (WITS/TRAINS); not independently re-verified against the publisher in this workspace,REAL
CMR,Hides and Skins,3+ types,7.25,5,Structure matches the UNCTAD/World Bank NTM prevalence-by-sector export (WITS/TRAINS); not independently re-verified against the publisher in this workspace,REAL
CMR,Hides and Skins,No NTMs,79.71,55,Structure matches the UNCTAD/World Bank NTM prevalence-by-sector export (WITS/TRAINS); not independently re-verified against the publisher in this workspace,REAL
CMR,Wood,1 type,13.62,32,Structure matches the UNCTAD/World Bank NTM prevalence-by-sector export (WITS/TRAINS); not independently re-verified against the publisher in this workspace,REAL
CMR,Wood,2 types,14.04,33,Structure matches the UNCTAD/World Bank NTM prevalence-by-sector export (WITS/TRAINS); not independently re-verified against the publisher in this workspace,REAL
CMR,Wood,No NTMs,72.34,170,Structure matches the UNCTAD/World Bank NTM prevalence-by-sector export (WITS/TRAINS); not independently re-verified against the publisher in this workspace,REAL
CMR,Textiles and Clothing,1 type,8.67,69,Structure matches the UNCTAD/World Bank NTM prevalence-by-sector export (WITS/TRAINS); not independently re-verified against the publisher in this workspace,REAL
CMR,Textiles and Clothing,No NTMs,91.33,727,Structure matches the UNCTAD/World Bank NTM prevalence-by-sector export (WITS/TRAINS); not independently re-verified against the publisher in this workspace,REAL
CMR,Footwear,No NTMs,100.0,47,Structure matches the UNCTAD/World Bank NTM prevalence-by-sector export (WITS/TRAINS); not independently re-verified against the publisher in this workspace,REAL
CMR,Stone and Glass,1 type,14.36,28,Structure matches the UNCTAD/World Bank NTM prevalence-by-sector export (WITS/TRAINS); not independently re-verified against the publisher in this workspace,REAL
CMR,Stone and Glass,No NTMs,85.64,167,Structure matches the UNCTAD/World Bank NTM prevalence-by-sector export (WITS/TRAINS); not independently re-verified against the publisher in this workspace,REAL
CMR,Metals,No NTMs,100.0,563,Structure matches the UNCTAD/World Bank NTM prevalence-by-sector export (WITS/TRAINS); not independently re-verified against the publisher in this workspace,REAL
CMR,Mach and Elec,No NTMs,100.0,771,Structure matches the UNCTAD/World Bank NTM prevalence-by-sector export (WITS/TRAINS); not independently re-verified against the publisher in this workspace,REAL
CMR,Transportation,1 type,12.31,16,Structure matches the UNCTAD/World Bank NTM prevalence-by-sector export (WITS/TRAINS); not independently re-verified against the publisher in this workspace,REAL
CMR,Transportation,No NTMs,87.69,114,Structure matches the UNCTAD/World Bank NTM prevalence-by-sector export (WITS/TRAINS); not independently re-verified against the publisher in this workspace,REAL
CMR,Miscellaneous,1 type,0.28,1,Structure matches the UNCTAD/World Bank NTM prevalence-by-sector export (WITS/TRAINS); not independently re-verified against the publisher in this workspace,REAL
CMR,Miscellaneous,2 types,0.85,3,Structure matches the UNCTAD/World Bank NTM prevalence-by-sector export (WITS/TRAINS); not independently re-verified against the publisher in this workspace,REAL
CMR,Miscellaneous,No NTMs,98.87,350,Structure matches the UNCTAD/World Bank NTM prevalence-by-sector export (WITS/TRAINS); not independently re-verified against the publisher in this workspace,REAL
CMR,All Import Products,1 type,7.88,410,Structure matches the UNCTAD/World Bank NTM prevalence-by-sector export (WITS/TRAINS); not independently re-verified against the publisher in this workspace,REAL
CMR,All Import Products,2 types,8.13,423,Structure matches the UNCTAD/World Bank NTM prevalence-by-sector export (WITS/TRAINS); not independently re-verified against the publisher in this workspace,REAL
CMR,All Import Products,3+ types,1.23,64,Structure matches the UNCTAD/World Bank NTM prevalence-by-sector export (WITS/TRAINS); not independently re-verified against the publisher in this workspace,REAL
CMR,All Import Products,No NTMs,82.77,4308,Structure matches the UNCTAD/World Bank NTM prevalence-by-sector export (WITS/TRAINS); not independently re-verified against the publisher in this workspace,REAL
COL,Animal,1 type,10.42,35,Structure matches the UNCTAD/World Bank NTM prevalence-by-sector export (WITS/TRAINS); not independently re-verified against the publisher in this workspace,REAL
COL,Animal,3+ types,57.14,192,Structure matches the UNCTAD/World Bank NTM prevalence-by-sector export (WITS/TRAINS); not independently re-verified against the publisher in this workspace,REAL
COL,Animal,No NTMs,32.44,109,Structure matches the UNCTAD/World Bank NTM prevalence-by-sector export (WITS/TRAINS); not independently re-verified against the publisher in this workspace,REAL
COL,Vegetable,1 type,8.81,31,Structure matches the UNCTAD/World Bank NTM prevalence-by-sector export (WITS/TRAINS); not independently re-verified against the publisher in this workspace,REAL
COL,Vegetable,2 types,0.28,1,Structure matches the UNCTAD/World Bank NTM prevalence-by-sector export (WITS/TRAINS); not independently re-verified against the publisher in this workspace,REAL
COL,Vegetable,3+ types,80.11,282,Structure matches the UNCTAD/World Bank NTM prevalence-by-sector export (WITS/TRAINS); not independently re-verified against the publisher in this workspace,REAL
COL,Vegetable,No NTMs,10.8,38,Structure matches the UNCTAD/World Bank NTM prevalence-by-sector export (WITS/TRAINS); not independently re-verified against the publisher in this workspace,REAL
COL,Food Products,1 type,0.47,1,Structure matches the UNCTAD/World Bank NTM prevalence-by-sector export (WITS/TRAINS); not independently re-verified against the publisher in this workspace,REAL
COL,Food Products,2 types,9.48,20,Structure matches the UNCTAD/World Bank NTM prevalence-by-sector export (WITS/TRAINS); not independently re-verified against the publisher in this workspace,REAL
COL,Food Products,3+ types,87.2,184,Structure matches the UNCTAD/World Bank NTM prevalence-by-sector export (WITS/TRAINS); not independently re-verified against the publisher in this workspace,REAL
COL,Food Products,No NTMs,2.84,6,Structure matches the UNCTAD/World Bank NTM prevalence-by-sector export (WITS/TRAINS); not independently re-verified against the publisher in this workspace,REAL
COL,Minerals,1 type,12.38,13,Structure matches the UNCTAD/World Bank NTM prevalence-by-sector export (WITS/TRAINS); not independently re-verified against the publisher in this workspace,REAL
COL,Minerals,2 types,21.9,23,Structure matches the UNCTAD/World Bank NTM prevalence-by-sector export (WITS/TRAINS); not independently re-verified against the publisher in this workspace,REAL
COL,Minerals,3+ types,11.43,12,Structure matches the UNCTAD/World Bank NTM prevalence-by-sector export (WITS/TRAINS); not independently re-verified against the publisher in this workspace,REAL
COL,Minerals,No NTMs,54.29,57,Structure matches the UNCTAD/World Bank NTM prevalence-by-sector export (WITS/TRAINS); not independently re-verified against the publisher in this workspace,REAL
COL,Fuels,1 type,20.93,9,Structure matches the UNCTAD/World Bank NTM prevalence-by-sector export (WITS/TRAINS); not independently re-verified against the publisher in this workspace,REAL
COL,Fuels,2 types,25.58,11,Structure matches the UNCTAD/World Bank NTM prevalence-by-sector export (WITS/TRAINS); not independently re-verified against the publisher in this workspace,REAL
COL,Fuels,3+ types,13.95,6,Structure matches the UNCTAD/World Bank NTM prevalence-by-sector export (WITS/TRAINS); not independently re-verified against the publisher in this workspace,REAL
COL,Fuels,No NTMs,39.53,17,Structure matches the UNCTAD/World Bank NTM prevalence-by-sector export (WITS/TRAINS); not independently re-verified against the publisher in this workspace,REAL
COL,Chemicals,1 type,2.54,20,Structure matches the UNCTAD/World Bank NTM prevalence-by-sector export (WITS/TRAINS); not independently re-verified against the publisher in this workspace,REAL
COL,Chemicals,2 types,3.05,24,Structure matches the UNCTAD/World Bank NTM prevalence-by-sector export (WITS/TRAINS); not independently re-verified against the publisher in this workspace,REAL
COL,Chemicals,3+ types,76.37,601,Structure matches the UNCTAD/World Bank NTM prevalence-by-sector export (WITS/TRAINS); not independently re-verified against the publisher in this workspace,REAL
COL,Chemicals,No NTMs,18.04,142,Structure matches the UNCTAD/World Bank NTM prevalence-by-sector export (WITS/TRAINS); not independently re-verified against the publisher in this workspace,REAL
COL,Plastic or Rubber,1 type,29.38,62,Structure matches the UNCTAD/World Bank NTM prevalence-by-sector export (WITS/TRAINS); not independently re-verified against the publisher in this workspace,REAL
COL,Plastic or Rubber,2 types,18.01,38,Structure matches the UNCTAD/World Bank NTM prevalence-by-sector export (WITS/TRAINS); not independently re-verified against the publisher in this workspace,REAL
COL,Plastic or Rubber,3+ types,4.27,9,Structure matches the UNCTAD/World Bank NTM prevalence-by-sector export (WITS/TRAINS); not independently re-verified against the publisher in this workspace,REAL
COL,Plastic or Rubber,No NTMs,48.34,102,Structure matches the UNCTAD/World Bank NTM prevalence-by-sector export (WITS/TRAINS); not independently re-verified against the publisher in this workspace,REAL
COL,Hides and Skins,1 type,27.54,19,Structure matches the UNCTAD/World Bank NTM prevalence-by-sector export (WITS/TRAINS); not independently re-verified against the publisher in this workspace,REAL
COL,Hides and Skins,2 types,26.09,18,Structure matches the UNCTAD/World Bank NTM prevalence-by-sector export (WITS/TRAINS); not independently re-verified against the publisher in this workspace,REAL
COL,Hides and Skins,3+ types,5.8,4,Structure matches the UNCTAD/World Bank NTM prevalence-by-sector export (WITS/TRAINS); not independently re-verified against the publisher in this workspace,REAL
COL,Hides and Skins,No NTMs,40.58,28,Structure matches the UNCTAD/World Bank NTM prevalence-by-sector export (WITS/TRAINS); not independently re-verified against the publisher in this workspace,REAL
COL,Wood,1 type,10.21,24,Structure matches the UNCTAD/World Bank NTM prevalence-by-sector export (WITS/TRAINS); not independently re-verified against the publisher in this workspace,REAL
COL,Wood,2 types,9.36,22,Structure matches the UNCTAD/World Bank NTM prevalence-by-sector export (WITS/TRAINS); not independently re-verified against the publisher in this workspace,REAL
COL,Wood,3+ types,12.77,30,Structure matches the UNCTAD/World Bank NTM prevalence-by-sector export (WITS/TRAINS); not independently re-verified against the publisher in this workspace,REAL
COL,Wood,No NTMs,67.66,159,Structure matches the UNCTAD/World Bank NTM prevalence-by-sector export (WITS/TRAINS); not independently re-verified against the publisher in this workspace,REAL
COL,Textiles and Clothing,1 type,0.13,1,Structure matches the UNCTAD/World Bank NTM prevalence-by-sector export (WITS/TRAINS); not independently re-verified against the publisher in this workspace,REAL
COL,Textiles and Clothing,3+ types,95.23,758,Structure matches the UNCTAD/World Bank NTM prevalence-by-sector export (WITS/TRAINS); not independently re-verified against the publisher in this workspace,REAL
COL,Textiles and Clothing,No NTMs,4.65,37,Structure matches the UNCTAD/World Bank NTM prevalence-by-sector export (WITS/TRAINS); not independently re-verified against the publisher in this workspace,REAL
COL,Footwear,1 type,4.26,2,Structure matches the UNCTAD/World Bank NTM prevalence-by-sector export (WITS/TRAINS); not independently re-verified against the publisher in this workspace,REAL
COL,Footwear,2 types,6.38,3,Structure matches the UNCTAD/World Bank NTM prevalence-by-sector export (WITS/TRAINS); not independently re-verified against the publisher in this workspace,REAL
COL,Footwear,3+ types,44.68,21,Structure matches the UNCTAD/World Bank NTM prevalence-by-sector export (WITS/TRAINS); not independently re-verified against the publisher in this workspace,REAL
COL,Footwear,No NTMs,44.68,21,Structure matches the UNCTAD/World Bank NTM prevalence-by-sector export (WITS/TRAINS); not independently re-verified against the publisher in this workspace,REAL
COL,Stone and Glass,1 type,28.21,55,Structure matches the UNCTAD/World Bank NTM prevalence-by-sector export (WITS/TRAINS); not independently re-verified against the publisher in this workspace,REAL
COL,Stone and Glass,2 types,4.1,8,Structure matches the UNCTAD/World Bank NTM prevalence-by-sector export (WITS/TRAINS); not independently re-verified against the publisher in this workspace,REAL
COL,Stone and Glass,3+ types,7.18,14,Structure matches the UNCTAD/World Bank NTM prevalence-by-sector export (WITS/TRAINS); not independently re-verified against the publisher in this workspace,REAL
COL,Stone and Glass,No NTMs,60.51,118,Structure matches the UNCTAD/World Bank NTM prevalence-by-sector export (WITS/TRAINS); not independently re-verified against the publisher in this workspace,REAL
COL,Metals,1 type,29.48,166,Structure matches the UNCTAD/World Bank NTM prevalence-by-sector export (WITS/TRAINS); not independently re-verified against the publisher in this workspace,REAL
COL,Metals,2 types,21.31,120,Structure matches the UNCTAD/World Bank NTM prevalence-by-sector export (WITS/TRAINS); not independently re-verified against the publisher in this workspace,REAL
COL,Metals,3+ types,1.42,8,Structure matches the UNCTAD/World Bank NTM prevalence-by-sector export (WITS/TRAINS); not independently re-verified against the publisher in this workspace,REAL
COL,Metals,No NTMs,47.78,269,Structure matches the UNCTAD/World Bank NTM prevalence-by-sector export (WITS/TRAINS); not independently re-verified against the publisher in this workspace,REAL
COL,Mach and Elec,1 type,16.99,131,Structure matches the UNCTAD/World Bank NTM prevalence-by-sector export (WITS/TRAINS); not independently re-verified against the publisher in this workspace,REAL
COL,Mach and Elec,2 types,4.41,34,Structure matches the UNCTAD/World Bank NTM prevalence-by-sector export (WITS/TRAINS); not independently re-verified against the publisher in this workspace,REAL
COL,Mach and Elec,3+ types,1.82,14,Structure matches the UNCTAD/World Bank NTM prevalence-by-sector export (WITS/TRAINS); not independently re-verified against the publisher in this workspace,REAL
COL,Mach and Elec,No NTMs,76.78,592,Structure matches the UNCTAD/World Bank NTM prevalence-by-sector export (WITS/TRAINS); not independently re-verified against the publisher in this workspace,REAL
COL,Transportation,1 type,8.46,11,Structure matches the UNCTAD/World Bank NTM prevalence-by-sector export (WITS/TRAINS); not independently re-verified against the publisher in this workspace,REAL
COL,Transportation,2 types,29.23,38,Structure matches the UNCTAD/World Bank NTM prevalence-by-sector export (WITS/TRAINS); not independently re-verified against the publisher in this workspace,REAL
COL,Transportation,3+ types,0.77,1,Structure matches the UNCTAD/World Bank NTM prevalence-by-sector export (WITS/TRAINS); not independently re-verified against the publisher in this workspace,REAL
COL,Transportation,No NTMs,61.54,80,Structure matches the UNCTAD/World Bank NTM prevalence-by-sector export (WITS/TRAINS); not independently re-verified against the publisher in this workspace,REAL
COL,Miscellaneous,1 type,11.3,40,Structure matches the UNCTAD/World Bank NTM prevalence-by-sector export (WITS/TRAINS); not independently re-verified against the publisher in this workspace,REAL
COL,Miscellaneous,2 types,7.06,25,Structure matches the UNCTAD/World Bank NTM prevalence-by-sector export (WITS/TRAINS); not independently re-verified against the publisher in this workspace,REAL
COL,Miscellaneous,3+ types,11.58,41,Structure matches the UNCTAD/World Bank NTM prevalence-by-sector export (WITS/TRAINS); not independently re-verified against the publisher in this workspace,REAL
COL,Miscellaneous,No NTMs,70.06,248,Structure matches the UNCTAD/World Bank NTM prevalence-by-sector export (WITS/TRAINS); not independently re-verified against the publisher in this workspace,REAL
COL,All Import Products,1 type,11.91,620,Structure matches the UNCTAD/World Bank NTM prevalence-by-sector export (WITS/TRAINS); not independently re-verified against the publisher in this workspace,REAL
COL,All Import Products,2 types,7.4,385,Structure matches the UNCTAD/World Bank NTM prevalence-by-sector export (WITS/TRAINS); not independently re-verified against the publisher in this workspace,REAL
COL,All Import Products,3+ types,41.83,2177,Structure matches the UNCTAD/World Bank NTM prevalence-by-sector export (WITS/TRAINS); not independently re-verified against the publisher in this workspace,REAL
COL,All Import Products,No NTMs,38.87,2023,Structure matches the UNCTAD/World Bank NTM prevalence-by-sector export (WITS/TRAINS); not independently re-verified against the publisher in this workspace,REAL
CRI,Animal,No NTMs,100.0,336,Structure matches the UNCTAD/World Bank NTM prevalence-by-sector export (WITS/TRAINS); not independently re-verified against the publisher in this workspace,REAL
CRI,Vegetable,2 types,0.28,1,Structure matches the UNCTAD/World Bank NTM prevalence-by-sector export (WITS/TRAINS); not independently re-verified against the publisher in this workspace,REAL
CRI,Vegetable,3+ types,0.57,2,Structure matches the UNCTAD/World Bank NTM prevalence-by-sector export (WITS/TRAINS); not independently re-verified against the publisher in this workspace,REAL
CRI,Vegetable,No NTMs,99.15,349,Structure matches the UNCTAD/World Bank NTM prevalence-by-sector export (WITS/TRAINS); not independently re-verified against the publisher in this workspace,REAL
CRI,Food Products,2 types,1.42,3,Structure matches the UNCTAD/World Bank NTM prevalence-by-sector export (WITS/TRAINS); not independently re-verified against the publisher in this workspace,REAL
CRI,Food Products,No NTMs,98.58,208,Structure matches the UNCTAD/World Bank NTM prevalence-by-sector export (WITS/TRAINS); not independently re-verified against the publisher in this workspace,REAL
CRI,Minerals,No NTMs,100.0,105,Structure matches the UNCTAD/World Bank NTM prevalence-by-sector export (WITS/TRAINS); not independently re-verified against the publisher in this workspace,REAL
CRI,Fuels,No NTMs,100.0,43,Structure matches the UNCTAD/World Bank NTM prevalence-by-sector export (WITS/TRAINS); not independently re-verified against the publisher in this workspace,REAL
CRI,Chemicals,1 type,2.8,22,Structure matches the UNCTAD/World Bank NTM prevalence-by-sector export (WITS/TRAINS); not independently re-verified against the publisher in this workspace,REAL
CRI,Chemicals,2 types,0.38,3,Structure matches the UNCTAD/World Bank NTM prevalence-by-sector export (WITS/TRAINS); not independently re-verified against the publisher in this workspace,REAL
CRI,Chemicals,3+ types,0.25,2,Structure matches the UNCTAD/World Bank NTM prevalence-by-sector export (WITS/TRAINS); not independently re-verified against the publisher in this workspace,REAL
CRI,Chemicals,No NTMs,96.57,760,Structure matches the UNCTAD/World Bank NTM prevalence-by-sector export (WITS/TRAINS); not independently re-verified against the publisher in this workspace,REAL
CRI,Plastic or Rubber,No NTMs,100.0,211,Structure matches the UNCTAD/World Bank NTM prevalence-by-sector export (WITS/TRAINS); not independently re-verified against the publisher in this workspace,REAL
CRI,Hides and Skins,No NTMs,100.0,69,Structure matches the UNCTAD/World Bank NTM prevalence-by-sector export (WITS/TRAINS); not independently re-verified against the publisher in this workspace,REAL
CRI,Wood,1 type,0.43,1,Structure matches the UNCTAD/World Bank NTM prevalence-by-sector export (WITS/TRAINS); not independently re-verified against the publisher in this workspace,REAL
CRI,Wood,No NTMs,99.57,234,Structure matches the UNCTAD/World Bank NTM prevalence-by-sector export (WITS/TRAINS); not independently re-verified against the publisher in this workspace,REAL
CRI,Textiles and Clothing,1 type,0.38,3,Structure matches the UNCTAD/World Bank NTM prevalence-by-sector export (WITS/TRAINS); not independently re-verified against the publisher in this workspace,REAL
CRI,Textiles and Clothing,No NTMs,99.62,793,Structure matches the UNCTAD/World Bank NTM prevalence-by-sector export (WITS/TRAINS); not independently re-verified against the publisher in this workspace,REAL
CRI,Footwear,No NTMs,100.0,47,Structure matches the UNCTAD/World Bank NTM prevalence-by-sector export (WITS/TRAINS); not independently re-verified against the publisher in this workspace,REAL
CRI,Stone and Glass,No NTMs,100.0,195,Structure matches the UNCTAD/World Bank NTM prevalence-by-sector export (WITS/TRAINS); not independently re-verified against the publisher in this workspace,REAL
CRI,Metals,No NTMs,100.0,563,Structure matches the UNCTAD/World Bank NTM prevalence-by-sector export (WITS/TRAINS); not independently re-verified against the publisher in this workspace,REAL
CRI,Mach and Elec,1 type,0.39,3,Structure matches the UNCTAD/World Bank NTM prevalence-by-sector export (WITS/TRAINS); not independently re-verified against the publisher in this workspace,REAL
CRI,Mach and Elec,No NTMs,99.61,768,Structure matches the UNCTAD/World Bank NTM prevalence-by-sector export (WITS/TRAINS); not independently re-verified against the publisher in this workspace,REAL
CRI,Transportation,1 type,0.77,1,Structure matches the UNCTAD/World Bank NTM prevalence-by-sector export (WITS/TRAINS); not independently re-verified against the publisher in this workspace,REAL
CRI,Transportation,No NTMs,99.23,129,Structure matches the UNCTAD/World Bank NTM prevalence-by-sector export (WITS/TRAINS); not independently re-verified against the publisher in this workspace,REAL
CRI,Miscellaneous,No NTMs,100.0,354,Structure matches the UNCTAD/World Bank NTM prevalence-by-sector export (WITS/TRAINS); not independently re-verified against the publisher in this workspace,REAL
CRI,All Import Products,1 type,0.58,30,Structure matches the UNCTAD/World Bank NTM prevalence-by-sector export (WITS/TRAINS); not independently re-verified against the publisher in this workspace,REAL
CRI,All Import Products,2 types,0.13,7,Structure matches the UNCTAD/World Bank NTM prevalence-by-sector export (WITS/TRAINS); not independently re-verified against the publisher in this workspace,REAL
CRI,All Import Products,3+ types,0.08,4,Structure matches the UNCTAD/World Bank NTM prevalence-by-sector export (WITS/TRAINS); not independently re-verified against the publisher in this workspace,REAL
CRI,All Import Products,No NTMs,99.21,5164,Structure matches the UNCTAD/World Bank NTM prevalence-by-sector export (WITS/TRAINS); not independently re-verified against the publisher in this workspace,REAL
CUB,Animal,1 type,8.93,30,Structure matches the UNCTAD/World Bank NTM prevalence-by-sector export (WITS/TRAINS); not independently re-verified against the publisher in this workspace,REAL
CUB,Animal,2 types,30.36,102,Structure matches the UNCTAD/World Bank NTM prevalence-by-sector export (WITS/TRAINS); not independently re-verified against the publisher in this workspace,REAL
CUB,Animal,3+ types,13.1,44,Structure matches the UNCTAD/World Bank NTM prevalence-by-sector export (WITS/TRAINS); not independently re-verified against the publisher in this workspace,REAL
CUB,Animal,No NTMs,47.62,160,Structure matches the UNCTAD/World Bank NTM prevalence-by-sector export (WITS/TRAINS); not independently re-verified against the publisher in this workspace,REAL
CUB,Vegetable,1 type,35.23,124,Structure matches the UNCTAD/World Bank NTM prevalence-by-sector export (WITS/TRAINS); not independently re-verified against the publisher in this workspace,REAL
CUB,Vegetable,2 types,29.55,104,Structure matches the UNCTAD/World Bank NTM prevalence-by-sector export (WITS/TRAINS); not independently re-verified against the publisher in this workspace,REAL
CUB,Vegetable,3+ types,0.57,2,Structure matches the UNCTAD/World Bank NTM prevalence-by-sector export (WITS/TRAINS); not independently re-verified against the publisher in this workspace,REAL
CUB,Vegetable,No NTMs,34.66,122,Structure matches the UNCTAD/World Bank NTM prevalence-by-sector export (WITS/TRAINS); not independently re-verified against the publisher in this workspace,REAL
CUB,Food Products,1 type,17.06,36,Structure matches the UNCTAD/World Bank NTM prevalence-by-sector export (WITS/TRAINS); not independently re-verified against the publisher in this workspace,REAL
CUB,Food Products,2 types,45.5,96,Structure matches the UNCTAD/World Bank NTM prevalence-by-sector export (WITS/TRAINS); not independently re-verified against the publisher in this workspace,REAL
CUB,Food Products,3+ types,22.27,47,Structure matches the UNCTAD/World Bank NTM prevalence-by-sector export (WITS/TRAINS); not independently re-verified against the publisher in this workspace,REAL
CUB,Food Products,No NTMs,15.17,32,Structure matches the UNCTAD/World Bank NTM prevalence-by-sector export (WITS/TRAINS); not independently re-verified against the publisher in this workspace,REAL
CUB,Minerals,1 type,4.76,5,Structure matches the UNCTAD/World Bank NTM prevalence-by-sector export (WITS/TRAINS); not independently re-verified against the publisher in this workspace,REAL
CUB,Minerals,No NTMs,95.24,100,Structure matches the UNCTAD/World Bank NTM prevalence-by-sector export (WITS/TRAINS); not independently re-verified against the publisher in this workspace,REAL
CUB,Fuels,No NTMs,100.0,43,Structure matches the UNCTAD/World Bank NTM prevalence-by-sector export (WITS/TRAINS); not independently re-verified against the publisher in this workspace,REAL
CUB,Chemicals,1 type,8.89,70,Structure matches the UNCTAD/World Bank NTM prevalence-by-sector export (WITS/TRAINS); not independently re-verified against the publisher in this workspace,REAL
CUB,Chemicals,2 types,7.62,60,Structure matches the UNCTAD/World Bank NTM prevalence-by-sector export (WITS/TRAINS); not independently re-verified against the publisher in this workspace,REAL
CUB,Chemicals,3+ types,1.91,15,Structure matches the UNCTAD/World Bank NTM prevalence-by-sector export (WITS/TRAINS); not independently re-verified against the publisher in this workspace,REAL
CUB,Chemicals,No NTMs,81.58,642,Structure matches the UNCTAD/World Bank NTM prevalence-by-sector export (WITS/TRAINS); not independently re-verified against the publisher in this workspace,REAL
CUB,Plastic or Rubber,1 type,9.95,21,Structure matches the UNCTAD/World Bank NTM prevalence-by-sector export (WITS/TRAINS); not independently re-verified against the publisher in this workspace,REAL
CUB,Plastic or Rubber,2 types,0.47,1,Structure matches the UNCTAD/World Bank NTM prevalence-by-sector export (WITS/TRAINS); not independently re-verified against the publisher in this workspace,REAL
CUB,Plastic or Rubber,No NTMs,89.57,189,Structure matches the UNCTAD/World Bank NTM prevalence-by-sector export (WITS/TRAINS); not independently re-verified against the publisher in this workspace,REAL
CUB,Hides and Skins,1 type,20.29,14,Structure matches the UNCTAD/World Bank NTM prevalence-by-sector export (WITS/TRAINS); not independently re-verified against the publisher in this workspace,REAL
CUB,Hides and Skins,No NTMs,79.71,55,Structure matches the UNCTAD/World Bank NTM prevalence-by-sector export (WITS/TRAINS); not independently re-verified against the publisher in this workspace,REAL
CUB,Wood,No NTMs,100.0,235,Structure matches the UNCTAD/World Bank NTM prevalence-by-sector export (WITS/TRAINS); not independently re-verified against the publisher in this workspace,REAL
CUB,Textiles and Clothing,No NTMs,100.0,796,Structure matches the UNCTAD/World Bank NTM prevalence-by-sector export (WITS/TRAINS); not independently re-verified against the publisher in this workspace,REAL
CUB,Footwear,No NTMs,100.0,47,Structure matches the UNCTAD/World Bank NTM prevalence-by-sector export (WITS/TRAINS); not independently re-verified against the publisher in this workspace,REAL
CUB,Stone and Glass,1 type,1.03,2,Structure matches the UNCTAD/World Bank NTM prevalence-by-sector export (WITS/TRAINS); not independently re-verified against the publisher in this workspace,REAL
CUB,Stone and Glass,2 types,0.51,1,Structure matches the UNCTAD/World Bank NTM prevalence-by-sector export (WITS/TRAINS); not independently re-verified against the publisher in this workspace,REAL
CUB,Stone and Glass,No NTMs,98.46,192,Structure matches the UNCTAD/World Bank NTM prevalence-by-sector export (WITS/TRAINS); not independently re-verified against the publisher in this workspace,REAL
CUB,Metals,1 type,1.24,7,Structure matches the UNCTAD/World Bank NTM prevalence-by-sector export (WITS/TRAINS); not independently re-verified against the publisher in this workspace,REAL
CUB,Metals,2 types,0.18,1,Structure matches the UNCTAD/World Bank NTM prevalence-by-sector export (WITS/TRAINS); not independently re-verified against the publisher in this workspace,REAL
CUB,Metals,No NTMs,98.58,555,Structure matches the UNCTAD/World Bank NTM prevalence-by-sector export (WITS/TRAINS); not independently re-verified against the publisher in this workspace,REAL
CUB,Mach and Elec,1 type,9.21,71,Structure matches the UNCTAD/World Bank NTM prevalence-by-sector export (WITS/TRAINS); not independently re-verified against the publisher in this workspace,REAL
CUB,Mach and Elec,No NTMs,90.79,700,Structure matches the UNCTAD/World Bank NTM prevalence-by-sector export (WITS/TRAINS); not independently re-verified against the publisher in this workspace,REAL
CUB,Transportation,1 type,18.46,24,Structure matches the UNCTAD/World Bank NTM prevalence-by-sector export (WITS/TRAINS); not independently re-verified against the publisher in this workspace,REAL
CUB,Transportation,2 types,6.15,8,Structure matches the UNCTAD/World Bank NTM prevalence-by-sector export (WITS/TRAINS); not independently re-verified against the publisher in this workspace,REAL
CUB,Transportation,No NTMs,75.38,98,Structure matches the UNCTAD/World Bank NTM prevalence-by-sector export (WITS/TRAINS); not independently re-verified against the publisher in this workspace,REAL
CUB,Miscellaneous,1 type,11.58,41,Structure matches the UNCTAD/World Bank NTM prevalence-by-sector export (WITS/TRAINS); not independently re-verified against the publisher in this workspace,REAL
CUB,Miscellaneous,2 types,10.17,36,Structure matches the UNCTAD/World Bank NTM prevalence-by-sector export (WITS/TRAINS); not independently re-verified against the publisher in this workspace,REAL
CUB,Miscellaneous,No NTMs,78.25,277,Structure matches the UNCTAD/World Bank NTM prevalence-by-sector export (WITS/TRAINS); not independently re-verified against the publisher in this workspace,REAL
CUB,All Import Products,1 type,8.55,445,Structure matches the UNCTAD/World Bank NTM prevalence-by-sector export (WITS/TRAINS); not independently re-verified against the publisher in this workspace,REAL
CUB,All Import Products,2 types,7.86,409,Structure matches the UNCTAD/World Bank NTM prevalence-by-sector export (WITS/TRAINS); not independently re-verified against the publisher in this workspace,REAL
CUB,All Import Products,3+ types,2.07,108,Structure matches the UNCTAD/World Bank NTM prevalence-by-sector export (WITS/TRAINS); not independently re-verified against the publisher in this workspace,REAL
CUB,All Import Products,No NTMs,81.52,4243,Structure matches the UNCTAD/World Bank NTM prevalence-by-sector export (WITS/TRAINS); not independently re-verified against the publisher in this workspace,REAL
DMA,Animal,1 type,33.77,77,Structure matches the UNCTAD/World Bank NTM prevalence-by-sector export (WITS/TRAINS); not independently re-verified against the publisher in this workspace,REAL
DMA,Animal,2 types,7.46,17,Structure matches the UNCTAD/World Bank NTM prevalence-by-sector export (WITS/TRAINS); not independently re-verified against the publisher in this workspace,REAL
DMA,Animal,No NTMs,58.77,134,Structure matches the UNCTAD/World Bank NTM prevalence-by-sector export (WITS/TRAINS); not independently re-verified against the publisher in this workspace,REAL
DMA,Vegetable,1 type,23.92,72,Structure matches the UNCTAD/World Bank NTM prevalence-by-sector export (WITS/TRAINS); not independently re-verified against the publisher in this workspace,REAL
DMA,Vegetable,2 types,30.23,91,Structure matches the UNCTAD/World Bank NTM prevalence-by-sector export (WITS/TRAINS); not independently re-verified against the publisher in this workspace,REAL
DMA,Vegetable,3+ types,2.33,7,Structure matches the UNCTAD/World Bank NTM prevalence-by-sector export (WITS/TRAINS); not independently re-verified against the publisher in this workspace,REAL
DMA,Vegetable,No NTMs,43.52,131,Structure matches the UNCTAD/World Bank NTM prevalence-by-sector export (WITS/TRAINS); not independently re-verified against the publisher in this workspace,REAL
DMA,Food Products,1 type,61.66,119,Structure matches the UNCTAD/World Bank NTM prevalence-by-sector export (WITS/TRAINS); not independently re-verified against the publisher in this workspace,REAL
DMA,Food Products,2 types,9.33,18,Structure matches the UNCTAD/World Bank NTM prevalence-by-sector export (WITS/TRAINS); not independently re-verified against the publisher in this workspace,REAL
DMA,Food Products,3+ types,0.52,1,Structure matches the UNCTAD/World Bank NTM prevalence-by-sector export (WITS/TRAINS); not independently re-verified against the publisher in this workspace,REAL
DMA,Food Products,No NTMs,28.5,55,Structure matches the UNCTAD/World Bank NTM prevalence-by-sector export (WITS/TRAINS); not independently re-verified against the publisher in this workspace,REAL
DMA,Minerals,1 type,3.77,4,Structure matches the UNCTAD/World Bank NTM prevalence-by-sector export (WITS/TRAINS); not independently re-verified against the publisher in this workspace,REAL
DMA,Minerals,No NTMs,96.23,102,Structure matches the UNCTAD/World Bank NTM prevalence-by-sector export (WITS/TRAINS); not independently re-verified against the publisher in this workspace,REAL
DMA,Fuels,1 type,7.14,3,Structure matches the UNCTAD/World Bank NTM prevalence-by-sector export (WITS/TRAINS); not independently re-verified against the publisher in this workspace,REAL
DMA,Fuels,3+ types,2.38,1,Structure matches the UNCTAD/World Bank NTM prevalence-by-sector export (WITS/TRAINS); not independently re-verified against the publisher in this workspace,REAL
DMA,Fuels,No NTMs,90.48,38,Structure matches the UNCTAD/World Bank NTM prevalence-by-sector export (WITS/TRAINS); not independently re-verified against the publisher in this workspace,REAL
DMA,Chemicals,1 type,2.66,21,Structure matches the UNCTAD/World Bank NTM prevalence-by-sector export (WITS/TRAINS); not independently re-verified against the publisher in this workspace,REAL
DMA,Chemicals,2 types,0.51,4,Structure matches the UNCTAD/World Bank NTM prevalence-by-sector export (WITS/TRAINS); not independently re-verified against the publisher in this workspace,REAL
DMA,Chemicals,No NTMs,96.83,764,Structure matches the UNCTAD/World Bank NTM prevalence-by-sector export (WITS/TRAINS); not independently re-verified against the publisher in this workspace,REAL
DMA,Plastic or Rubber,No NTMs,100.0,211,Structure matches the UNCTAD/World Bank NTM prevalence-by-sector export (WITS/TRAINS); not independently re-verified against the publisher in this workspace,REAL
DMA,Hides and Skins,No NTMs,100.0,69,Structure matches the UNCTAD/World Bank NTM prevalence-by-sector export (WITS/TRAINS); not independently re-verified against the publisher in this workspace,REAL
DMA,Wood,No NTMs,100.0,237,Structure matches the UNCTAD/World Bank NTM prevalence-by-sector export (WITS/TRAINS); not independently re-verified against the publisher in this workspace,REAL
DMA,Textiles and Clothing,1 type,30.09,241,Structure matches the UNCTAD/World Bank NTM prevalence-by-sector export (WITS/TRAINS); not independently re-verified against the publisher in this workspace,REAL
DMA,Textiles and Clothing,No NTMs,69.91,560,Structure matches the UNCTAD/World Bank NTM prevalence-by-sector export (WITS/TRAINS); not independently re-verified against the publisher in this workspace,REAL
DMA,Footwear,1 type,10.2,5,Structure matches the UNCTAD/World Bank NTM prevalence-by-sector export (WITS/TRAINS); not independently re-verified against the publisher in this workspace,REAL
DMA,Footwear,No NTMs,89.8,44,Structure matches the UNCTAD/World Bank NTM prevalence-by-sector export (WITS/TRAINS); not independently re-verified against the publisher in this workspace,REAL
DMA,Stone and Glass,No NTMs,100.0,196,Structure matches the UNCTAD/World Bank NTM prevalence-by-sector export (WITS/TRAINS); not independently re-verified against the publisher in this workspace,REAL
DMA,Metals,No NTMs,100.0,568,Structure matches the UNCTAD/World Bank NTM prevalence-by-sector export (WITS/TRAINS); not independently re-verified against the publisher in this workspace,REAL
DMA,Mach and Elec,1 type,9.75,75,Structure matches the UNCTAD/World Bank NTM prevalence-by-sector export (WITS/TRAINS); not independently re-verified against the publisher in this workspace,REAL
DMA,Mach and Elec,No NTMs,90.25,694,Structure matches the UNCTAD/World Bank NTM prevalence-by-sector export (WITS/TRAINS); not independently re-verified against the publisher in this workspace,REAL
DMA,Transportation,1 type,17.56,23,Structure matches the UNCTAD/World Bank NTM prevalence-by-sector export (WITS/TRAINS); not independently re-verified against the publisher in this workspace,REAL
DMA,Transportation,2 types,0.76,1,Structure matches the UNCTAD/World Bank NTM prevalence-by-sector export (WITS/TRAINS); not independently re-verified against the publisher in this workspace,REAL
DMA,Transportation,No NTMs,81.68,107,Structure matches the UNCTAD/World Bank NTM prevalence-by-sector export (WITS/TRAINS); not independently re-verified against the publisher in this workspace,REAL
DMA,Miscellaneous,1 type,0.28,1,Structure matches the UNCTAD/World Bank NTM prevalence-by-sector export (WITS/TRAINS); not independently re-verified against the publisher in this workspace,REAL
DMA,Miscellaneous,2 types,2.21,8,Structure matches the UNCTAD/World Bank NTM prevalence-by-sector export (WITS/TRAINS); not independently re-verified against the publisher in this workspace,REAL
DMA,Miscellaneous,3+ types,0.28,1,Structure matches the UNCTAD/World Bank NTM prevalence-by-sector export (WITS/TRAINS); not independently re-verified against the publisher in this workspace,REAL
DMA,Miscellaneous,No NTMs,97.24,352,Structure matches the UNCTAD/World Bank NTM prevalence-by-sector export (WITS/TRAINS); not independently re-verified against the publisher in this workspace,REAL
DMA,All Import Products,1 type,12.69,641,Structure matches the UNCTAD/World Bank NTM prevalence-by-sector export (WITS/TRAINS); not independently re-verified against the publisher in this workspace,REAL
DMA,All Import Products,2 types,2.75,139,Structure matches the UNCTAD/World Bank NTM prevalence-by-sector export (WITS/TRAINS); not independently re-verified against the publisher in this workspace,REAL
DMA,All Import Products,3+ types,0.2,10,Structure matches the UNCTAD/World Bank NTM prevalence-by-sector export (WITS/TRAINS); not independently re-verified against the publisher in this workspace,REAL
DMA,All Import Products,No NTMs,84.36,4262,Structure matches the UNCTAD/World Bank NTM prevalence-by-sector export (WITS/TRAINS); not independently re-verified against the publisher in this workspace,REAL
DZA,Animal,1 type,1.19,4,Structure matches the UNCTAD/World Bank NTM prevalence-by-sector export (WITS/TRAINS); not independently re-verified against the publisher in this workspace,REAL
DZA,Animal,2 types,54.17,182,Structure matches the UNCTAD/World Bank NTM prevalence-by-sector export (WITS/TRAINS); not independently re-verified against the publisher in this workspace,REAL
DZA,Animal,No NTMs,44.64,150,Structure matches the UNCTAD/World Bank NTM prevalence-by-sector export (WITS/TRAINS); not independently re-verified against the publisher in this workspace,REAL
DZA,Vegetable,1 type,9.66,34,Structure matches the UNCTAD/World Bank NTM prevalence-by-sector export (WITS/TRAINS); not independently re-verified against the publisher in this workspace,REAL
DZA,Vegetable,2 types,78.69,277,Structure matches the UNCTAD/World Bank NTM prevalence-by-sector export (WITS/TRAINS); not independently re-verified against the publisher in this workspace,REAL
DZA,Vegetable,No NTMs,11.65,41,Structure matches the UNCTAD/World Bank NTM prevalence-by-sector export (WITS/TRAINS); not independently re-verified against the publisher in this workspace,REAL
DZA,Food Products,2 types,80.09,169,Structure matches the UNCTAD/World Bank NTM prevalence-by-sector export (WITS/TRAINS); not independently re-verified against the publisher in this workspace,REAL
DZA,Food Products,No NTMs,19.91,42,Structure matches the UNCTAD/World Bank NTM prevalence-by-sector export (WITS/TRAINS); not independently re-verified against the publisher in this workspace,REAL
DZA,Minerals,1 type,2.86,3,Structure matches the UNCTAD/World Bank NTM prevalence-by-sector export (WITS/TRAINS); not independently re-verified against the publisher in this workspace,REAL
DZA,Minerals,2 types,1.9,2,Structure matches the UNCTAD/World Bank NTM prevalence-by-sector export (WITS/TRAINS); not independently re-verified against the publisher in this workspace,REAL
DZA,Minerals,No NTMs,95.24,100,Structure matches the UNCTAD/World Bank NTM prevalence-by-sector export (WITS/TRAINS); not independently re-verified against the publisher in this workspace,REAL
DZA,Fuels,1 type,13.95,6,Structure matches the UNCTAD/World Bank NTM prevalence-by-sector export (WITS/TRAINS); not independently re-verified against the publisher in this workspace,REAL
DZA,Fuels,No NTMs,86.05,37,Structure matches the UNCTAD/World Bank NTM prevalence-by-sector export (WITS/TRAINS); not independently re-verified against the publisher in this workspace,REAL
DZA,Chemicals,1 type,64.29,506,Structure matches the UNCTAD/World Bank NTM prevalence-by-sector export (WITS/TRAINS); not independently re-verified against the publisher in this workspace,REAL
DZA,Chemicals,2 types,11.05,87,Structure matches the UNCTAD/World Bank NTM prevalence-by-sector export (WITS/TRAINS); not independently re-verified against the publisher in this workspace,REAL
DZA,Chemicals,3+ types,4.45,35,Structure matches the UNCTAD/World Bank NTM prevalence-by-sector export (WITS/TRAINS); not independently re-verified against the publisher in this workspace,REAL
DZA,Chemicals,No NTMs,20.2,159,Structure matches the UNCTAD/World Bank NTM prevalence-by-sector export (WITS/TRAINS); not independently re-verified against the publisher in this workspace,REAL
DZA,Plastic or Rubber,2 types,2.84,6,Structure matches the UNCTAD/World Bank NTM prevalence-by-sector export (WITS/TRAINS); not independently re-verified against the publisher in this workspace,REAL
DZA,Plastic or Rubber,No NTMs,97.16,205,Structure matches the UNCTAD/World Bank NTM prevalence-by-sector export (WITS/TRAINS); not independently re-verified against the publisher in this workspace,REAL
DZA,Hides and Skins,No NTMs,100.0,69,Structure matches the UNCTAD/World Bank NTM prevalence-by-sector export (WITS/TRAINS); not independently re-verified against the publisher in this workspace,REAL
DZA,Wood,1 type,3.4,8,Structure matches the UNCTAD/World Bank NTM prevalence-by-sector export (WITS/TRAINS); not independently re-verified against the publisher in this workspace,REAL
DZA,Wood,No NTMs,96.6,227,Structure matches the UNCTAD/World Bank NTM prevalence-by-sector export (WITS/TRAINS); not independently re-verified against the publisher in this workspace,REAL
DZA,Textiles and Clothing,1 type,89.57,713,Structure matches the UNCTAD/World Bank NTM prevalence-by-sector export (WITS/TRAINS); not independently re-verified against the publisher in this workspace,REAL
DZA,Textiles and Clothing,2 types,0.25,2,Structure matches the UNCTAD/World Bank NTM prevalence-by-sector export (WITS/TRAINS); not independently re-verified against the publisher in this workspace,REAL
DZA,Textiles and Clothing,No NTMs,10.18,81,Structure matches the UNCTAD/World Bank NTM prevalence-by-sector export (WITS/TRAINS); not independently re-verified against the publisher in this workspace,REAL
DZA,Footwear,No NTMs,100.0,47,Structure matches the UNCTAD/World Bank NTM prevalence-by-sector export (WITS/TRAINS); not independently re-verified against the publisher in this workspace,REAL
DZA,Stone and Glass,1 type,2.56,5,Structure matches the UNCTAD/World Bank NTM prevalence-by-sector export (WITS/TRAINS); not independently re-verified against the publisher in this workspace,REAL
DZA,Stone and Glass,No NTMs,97.44,190,Structure matches the UNCTAD/World Bank NTM prevalence-by-sector export (WITS/TRAINS); not independently re-verified against the publisher in this workspace,REAL
DZA,Metals,1 type,0.18,1,Structure matches the UNCTAD/World Bank NTM prevalence-by-sector export (WITS/TRAINS); not independently re-verified against the publisher in this workspace,REAL
DZA,Metals,No NTMs,99.82,562,Structure matches the UNCTAD/World Bank NTM prevalence-by-sector export (WITS/TRAINS); not independently re-verified against the publisher in this workspace,REAL
DZA,Mach and Elec,1 type,33.59,259,Structure matches the UNCTAD/World Bank NTM prevalence-by-sector export (WITS/TRAINS); not independently re-verified against the publisher in this workspace,REAL
DZA,Mach and Elec,2 types,1.43,11,Structure matches the UNCTAD/World Bank NTM prevalence-by-sector export (WITS/TRAINS); not independently re-verified against the publisher in this workspace,REAL
DZA,Mach and Elec,3+ types,0.65,5,Structure matches the UNCTAD/World Bank NTM prevalence-by-sector export (WITS/TRAINS); not independently re-verified against the publisher in this workspace,REAL
DZA,Mach and Elec,No NTMs,64.33,496,Structure matches the UNCTAD/World Bank NTM prevalence-by-sector export (WITS/TRAINS); not independently re-verified against the publisher in this workspace,REAL
DZA,Transportation,1 type,71.54,93,Structure matches the UNCTAD/World Bank NTM prevalence-by-sector export (WITS/TRAINS); not independently re-verified against the publisher in this workspace,REAL
DZA,Transportation,No NTMs,28.46,37,Structure matches the UNCTAD/World Bank NTM prevalence-by-sector export (WITS/TRAINS); not independently re-verified against the publisher in this workspace,REAL
DZA,Miscellaneous,1 type,25.99,92,Structure matches the UNCTAD/World Bank NTM prevalence-by-sector export (WITS/TRAINS); not independently re-verified against the publisher in this workspace,REAL
DZA,Miscellaneous,2 types,1.13,4,Structure matches the UNCTAD/World Bank NTM prevalence-by-sector export (WITS/TRAINS); not independently re-verified against the publisher in this workspace,REAL
DZA,Miscellaneous,3+ types,0.56,2,Structure matches the UNCTAD/World Bank NTM prevalence-by-sector export (WITS/TRAINS); not independently re-verified against the publisher in this workspace,REAL
DZA,Miscellaneous,No NTMs,72.32,256,Structure matches the UNCTAD/World Bank NTM prevalence-by-sector export (WITS/TRAINS); not independently re-verified against the publisher in this workspace,REAL
DZA,All Import Products,1 type,33.12,1724,Structure matches the UNCTAD/World Bank NTM prevalence-by-sector export (WITS/TRAINS); not independently re-verified against the publisher in this workspace,REAL
DZA,All Import Products,2 types,14.22,740,Structure matches the UNCTAD/World Bank NTM prevalence-by-sector export (WITS/TRAINS); not independently re-verified against the publisher in this workspace,REAL
DZA,All Import Products,3+ types,0.81,42,Structure matches the UNCTAD/World Bank NTM prevalence-by-sector export (WITS/TRAINS); not independently re-verified against the publisher in this workspace,REAL
DZA,All Import Products,No NTMs,51.85,2699,Structure matches the UNCTAD/World Bank NTM prevalence-by-sector export (WITS/TRAINS); not independently re-verified against the publisher in this workspace,REAL
ECU,Animal,1 type,0.3,1,Structure matches the UNCTAD/World Bank NTM prevalence-by-sector export (WITS/TRAINS); not independently re-verified against the publisher in this workspace,REAL
ECU,Animal,2 types,2.98,10,Structure matches the UNCTAD/World Bank NTM prevalence-by-sector export (WITS/TRAINS); not independently re-verified against the publisher in this workspace,REAL
ECU,Animal,3+ types,21.43,72,Structure matches the UNCTAD/World Bank NTM prevalence-by-sector export (WITS/TRAINS); not independently re-verified against the publisher in this workspace,REAL
ECU,Animal,No NTMs,75.3,253,Structure matches the UNCTAD/World Bank NTM prevalence-by-sector export (WITS/TRAINS); not independently re-verified against the publisher in this workspace,REAL
ECU,Vegetable,1 type,13.35,47,Structure matches the UNCTAD/World Bank NTM prevalence-by-sector export (WITS/TRAINS); not independently re-verified against the publisher in this workspace,REAL
ECU,Vegetable,2 types,3.69,13,Structure matches the UNCTAD/World Bank NTM prevalence-by-sector export (WITS/TRAINS); not independently re-verified against the publisher in this workspace,REAL
ECU,Vegetable,3+ types,56.53,199,Structure matches the UNCTAD/World Bank NTM prevalence-by-sector export (WITS/TRAINS); not independently re-verified against the publisher in this workspace,REAL
ECU,Vegetable,No NTMs,26.42,93,Structure matches the UNCTAD/World Bank NTM prevalence-by-sector export (WITS/TRAINS); not independently re-verified against the publisher in this workspace,REAL
ECU,Food Products,1 type,1.9,4,Structure matches the UNCTAD/World Bank NTM prevalence-by-sector export (WITS/TRAINS); not independently re-verified against the publisher in this workspace,REAL
ECU,Food Products,2 types,17.06,36,Structure matches the UNCTAD/World Bank NTM prevalence-by-sector export (WITS/TRAINS); not independently re-verified against the publisher in this workspace,REAL
ECU,Food Products,3+ types,61.61,130,Structure matches the UNCTAD/World Bank NTM prevalence-by-sector export (WITS/TRAINS); not independently re-verified against the publisher in this workspace,REAL
ECU,Food Products,No NTMs,19.43,41,Structure matches the UNCTAD/World Bank NTM prevalence-by-sector export (WITS/TRAINS); not independently re-verified against the publisher in this workspace,REAL
ECU,Minerals,1 type,25.71,27,Structure matches the UNCTAD/World Bank NTM prevalence-by-sector export (WITS/TRAINS); not independently re-verified against the publisher in this workspace,REAL
ECU,Minerals,2 types,8.57,9,Structure matches the UNCTAD/World Bank NTM prevalence-by-sector export (WITS/TRAINS); not independently re-verified against the publisher in this workspace,REAL
ECU,Minerals,3+ types,0.95,1,Structure matches the UNCTAD/World Bank NTM prevalence-by-sector export (WITS/TRAINS); not independently re-verified against the publisher in this workspace,REAL
ECU,Minerals,No NTMs,64.76,68,Structure matches the UNCTAD/World Bank NTM prevalence-by-sector export (WITS/TRAINS); not independently re-verified against the publisher in this workspace,REAL
ECU,Fuels,1 type,30.23,13,Structure matches the UNCTAD/World Bank NTM prevalence-by-sector export (WITS/TRAINS); not independently re-verified against the publisher in this workspace,REAL
ECU,Fuels,3+ types,2.33,1,Structure matches the UNCTAD/World Bank NTM prevalence-by-sector export (WITS/TRAINS); not independently re-verified against the publisher in this workspace,REAL
ECU,Fuels,No NTMs,67.44,29,Structure matches the UNCTAD/World Bank NTM prevalence-by-sector export (WITS/TRAINS); not independently re-verified against the publisher in this workspace,REAL
ECU,Chemicals,1 type,16.39,129,Structure matches the UNCTAD/World Bank NTM prevalence-by-sector export (WITS/TRAINS); not independently re-verified against the publisher in this workspace,REAL
ECU,Chemicals,2 types,9.91,78,Structure matches the UNCTAD/World Bank NTM prevalence-by-sector export (WITS/TRAINS); not independently re-verified against the publisher in this workspace,REAL
ECU,Chemicals,3+ types,2.67,21,Structure matches the UNCTAD/World Bank NTM prevalence-by-sector export (WITS/TRAINS); not independently re-verified against the publisher in this workspace,REAL
ECU,Chemicals,No NTMs,71.03,559,Structure matches the UNCTAD/World Bank NTM prevalence-by-sector export (WITS/TRAINS); not independently re-verified against the publisher in this workspace,REAL
ECU,Plastic or Rubber,1 type,54.98,116,Structure matches the UNCTAD/World Bank NTM prevalence-by-sector export (WITS/TRAINS); not independently re-verified against the publisher in this workspace,REAL
ECU,Plastic or Rubber,2 types,2.37,5,Structure matches the UNCTAD/World Bank NTM prevalence-by-sector export (WITS/TRAINS); not independently re-verified against the publisher in this workspace,REAL
ECU,Plastic or Rubber,3+ types,0.95,2,Structure matches the UNCTAD/World Bank NTM prevalence-by-sector export (WITS/TRAINS); not independently re-verified against the publisher in this workspace,REAL
ECU,Plastic or Rubber,No NTMs,41.71,88,Structure matches the UNCTAD/World Bank NTM prevalence-by-sector export (WITS/TRAINS); not independently re-verified against the publisher in this workspace,REAL
ECU,Hides and Skins,1 type,56.52,39,Structure matches the UNCTAD/World Bank NTM prevalence-by-sector export (WITS/TRAINS); not independently re-verified against the publisher in this workspace,REAL
ECU,Hides and Skins,No NTMs,43.48,30,Structure matches the UNCTAD/World Bank NTM prevalence-by-sector export (WITS/TRAINS); not independently re-verified against the publisher in this workspace,REAL
ECU,Wood,1 type,19.57,46,Structure matches the UNCTAD/World Bank NTM prevalence-by-sector export (WITS/TRAINS); not independently re-verified against the publisher in this workspace,REAL
ECU,Wood,2 types,2.13,5,Structure matches the UNCTAD/World Bank NTM prevalence-by-sector export (WITS/TRAINS); not independently re-verified against the publisher in this workspace,REAL
ECU,Wood,3+ types,1.7,4,Structure matches the UNCTAD/World Bank NTM prevalence-by-sector export (WITS/TRAINS); not independently re-verified against the publisher in this workspace,REAL
ECU,Wood,No NTMs,76.6,180,Structure matches the UNCTAD/World Bank NTM prevalence-by-sector export (WITS/TRAINS); not independently re-verified against the publisher in this workspace,REAL
ECU,Textiles and Clothing,3+ types,91.71,730,Structure matches the UNCTAD/World Bank NTM prevalence-by-sector export (WITS/TRAINS); not independently re-verified against the publisher in this workspace,REAL
ECU,Textiles and Clothing,No NTMs,8.29,66,Structure matches the UNCTAD/World Bank NTM prevalence-by-sector export (WITS/TRAINS); not independently re-verified against the publisher in this workspace,REAL
ECU,Footwear,1 type,10.64,5,Structure matches the UNCTAD/World Bank NTM prevalence-by-sector export (WITS/TRAINS); not independently re-verified against the publisher in this workspace,REAL
ECU,Footwear,3+ types,48.94,23,Structure matches the UNCTAD/World Bank NTM prevalence-by-sector export (WITS/TRAINS); not independently re-verified against the publisher in this workspace,REAL
ECU,Footwear,No NTMs,40.43,19,Structure matches the UNCTAD/World Bank NTM prevalence-by-sector export (WITS/TRAINS); not independently re-verified against the publisher in this workspace,REAL
ECU,Stone and Glass,1 type,25.13,49,Structure matches the UNCTAD/World Bank NTM prevalence-by-sector export (WITS/TRAINS); not independently re-verified against the publisher in this workspace,REAL
ECU,Stone and Glass,2 types,5.13,10,Structure matches the UNCTAD/World Bank NTM prevalence-by-sector export (WITS/TRAINS); not independently re-verified against the publisher in this workspace,REAL
ECU,Stone and Glass,No NTMs,69.74,136,Structure matches the UNCTAD/World Bank NTM prevalence-by-sector export (WITS/TRAINS); not independently re-verified against the publisher in this workspace,REAL
ECU,Metals,1 type,32.5,183,Structure matches the UNCTAD/World Bank NTM prevalence-by-sector export (WITS/TRAINS); not independently re-verified against the publisher in this workspace,REAL
ECU,Metals,2 types,3.02,17,Structure matches the UNCTAD/World Bank NTM prevalence-by-sector export (WITS/TRAINS); not independently re-verified against the publisher in this workspace,REAL
ECU,Metals,No NTMs,64.48,363,Structure matches the UNCTAD/World Bank NTM prevalence-by-sector export (WITS/TRAINS); not independently re-verified against the publisher in this workspace,REAL
ECU,Mach and Elec,1 type,43.32,334,Structure matches the UNCTAD/World Bank NTM prevalence-by-sector export (WITS/TRAINS); not independently re-verified against the publisher in this workspace,REAL
ECU,Mach and Elec,2 types,10.51,81,Structure matches the UNCTAD/World Bank NTM prevalence-by-sector export (WITS/TRAINS); not independently re-verified against the publisher in this workspace,REAL
ECU,Mach and Elec,3+ types,0.78,6,Structure matches the UNCTAD/World Bank NTM prevalence-by-sector export (WITS/TRAINS); not independently re-verified against the publisher in this workspace,REAL
ECU,Mach and Elec,No NTMs,45.4,350,Structure matches the UNCTAD/World Bank NTM prevalence-by-sector export (WITS/TRAINS); not independently re-verified against the publisher in this workspace,REAL
ECU,Transportation,1 type,36.92,48,Structure matches the UNCTAD/World Bank NTM prevalence-by-sector export (WITS/TRAINS); not independently re-verified against the publisher in this workspace,REAL
ECU,Transportation,2 types,11.54,15,Structure matches the UNCTAD/World Bank NTM prevalence-by-sector export (WITS/TRAINS); not independently re-verified against the publisher in this workspace,REAL
ECU,Transportation,3+ types,12.31,16,Structure matches the UNCTAD/World Bank NTM prevalence-by-sector export (WITS/TRAINS); not independently re-verified against the publisher in this workspace,REAL
ECU,Transportation,No NTMs,39.23,51,Structure matches the UNCTAD/World Bank NTM prevalence-by-sector export (WITS/TRAINS); not independently re-verified against the publisher in this workspace,REAL
ECU,Miscellaneous,1 type,24.86,88,Structure matches the UNCTAD/World Bank NTM prevalence-by-sector export (WITS/TRAINS); not independently re-verified against the publisher in this workspace,REAL
ECU,Miscellaneous,2 types,6.78,24,Structure matches the UNCTAD/World Bank NTM prevalence-by-sector export (WITS/TRAINS); not independently re-verified against the publisher in this workspace,REAL
ECU,Miscellaneous,3+ types,11.86,42,Structure matches the UNCTAD/World Bank NTM prevalence-by-sector export (WITS/TRAINS); not independently re-verified against the publisher in this workspace,REAL
ECU,Miscellaneous,No NTMs,56.5,200,Structure matches the UNCTAD/World Bank NTM prevalence-by-sector export (WITS/TRAINS); not independently re-verified against the publisher in this workspace,REAL
ECU,All Import Products,1 type,21.69,1129,Structure matches the UNCTAD/World Bank NTM prevalence-by-sector export (WITS/TRAINS); not independently re-verified against the publisher in this workspace,REAL
ECU,All Import Products,2 types,5.82,303,Structure matches the UNCTAD/World Bank NTM prevalence-by-sector export (WITS/TRAINS); not independently re-verified against the publisher in this workspace,REAL
ECU,All Import Products,3+ types,23.96,1247,Structure matches the UNCTAD/World Bank NTM prevalence-by-sector export (WITS/TRAINS); not independently re-verified against the publisher in this workspace,REAL
ECU,All Import Products,No NTMs,48.53,2526,Structure matches the UNCTAD/World Bank NTM prevalence-by-sector export (WITS/TRAINS); not independently re-verified against the publisher in this workspace,REAL
ETH,Animal,1 type,6.85,23,Structure matches the UNCTAD/World Bank NTM prevalence-by-sector export (WITS/TRAINS); not independently re-verified against the publisher in this workspace,REAL
ETH,Animal,2 types,29.46,99,Structure matches the UNCTAD/World Bank NTM prevalence-by-sector export (WITS/TRAINS); not independently re-verified against the publisher in this workspace,REAL
ETH,Animal,3+ types,14.29,48,Structure matches the UNCTAD/World Bank NTM prevalence-by-sector export (WITS/TRAINS); not independently re-verified against the publisher in this workspace,REAL
ETH,Animal,No NTMs,49.4,166,Structure matches the UNCTAD/World Bank NTM prevalence-by-sector export (WITS/TRAINS); not independently re-verified against the publisher in this workspace,REAL
ETH,Vegetable,1 type,10.51,37,Structure matches the UNCTAD/World Bank NTM prevalence-by-sector export (WITS/TRAINS); not independently re-verified against the publisher in this workspace,REAL
ETH,Vegetable,2 types,13.64,48,Structure matches the UNCTAD/World Bank NTM prevalence-by-sector export (WITS/TRAINS); not independently re-verified against the publisher in this workspace,REAL
ETH,Vegetable,3+ types,65.63,231,Structure matches the UNCTAD/World Bank NTM prevalence-by-sector export (WITS/TRAINS); not independently re-verified against the publisher in this workspace,REAL
ETH,Vegetable,No NTMs,10.23,36,Structure matches the UNCTAD/World Bank NTM prevalence-by-sector export (WITS/TRAINS); not independently re-verified against the publisher in this workspace,REAL
ETH,Food Products,1 type,8.53,18,Structure matches the UNCTAD/World Bank NTM prevalence-by-sector export (WITS/TRAINS); not independently re-verified against the publisher in this workspace,REAL
ETH,Food Products,2 types,6.64,14,Structure matches the UNCTAD/World Bank NTM prevalence-by-sector export (WITS/TRAINS); not independently re-verified against the publisher in this workspace,REAL
ETH,Food Products,3+ types,73.93,156,Structure matches the UNCTAD/World Bank NTM prevalence-by-sector export (WITS/TRAINS); not independently re-verified against the publisher in this workspace,REAL
ETH,Food Products,No NTMs,10.9,23,Structure matches the UNCTAD/World Bank NTM prevalence-by-sector export (WITS/TRAINS); not independently re-verified against the publisher in this workspace,REAL
ETH,Minerals,1 type,54.29,57,Structure matches the UNCTAD/World Bank NTM prevalence-by-sector export (WITS/TRAINS); not independently re-verified against the publisher in this workspace,REAL
ETH,Minerals,2 types,3.81,4,Structure matches the UNCTAD/World Bank NTM prevalence-by-sector export (WITS/TRAINS); not independently re-verified against the publisher in this workspace,REAL
ETH,Minerals,3+ types,1.9,2,Structure matches the UNCTAD/World Bank NTM prevalence-by-sector export (WITS/TRAINS); not independently re-verified against the publisher in this workspace,REAL
ETH,Minerals,No NTMs,40.0,42,Structure matches the UNCTAD/World Bank NTM prevalence-by-sector export (WITS/TRAINS); not independently re-verified against the publisher in this workspace,REAL
ETH,Fuels,1 type,25.58,11,Structure matches the UNCTAD/World Bank NTM prevalence-by-sector export (WITS/TRAINS); not independently re-verified against the publisher in this workspace,REAL
ETH,Fuels,3+ types,2.33,1,Structure matches the UNCTAD/World Bank NTM prevalence-by-sector export (WITS/TRAINS); not independently re-verified against the publisher in this workspace,REAL
ETH,Fuels,No NTMs,72.09,31,Structure matches the UNCTAD/World Bank NTM prevalence-by-sector export (WITS/TRAINS); not independently re-verified against the publisher in this workspace,REAL
ETH,Chemicals,1 type,27.57,217,Structure matches the UNCTAD/World Bank NTM prevalence-by-sector export (WITS/TRAINS); not independently re-verified against the publisher in this workspace,REAL
ETH,Chemicals,2 types,5.72,45,Structure matches the UNCTAD/World Bank NTM prevalence-by-sector export (WITS/TRAINS); not independently re-verified against the publisher in this workspace,REAL
ETH,Chemicals,3+ types,5.59,44,Structure matches the UNCTAD/World Bank NTM prevalence-by-sector export (WITS/TRAINS); not independently re-verified against the publisher in this workspace,REAL
ETH,Chemicals,No NTMs,61.12,481,Structure matches the UNCTAD/World Bank NTM prevalence-by-sector export (WITS/TRAINS); not independently re-verified against the publisher in this workspace,REAL
ETH,Plastic or Rubber,1 type,89.57,189,Structure matches the UNCTAD/World Bank NTM prevalence-by-sector export (WITS/TRAINS); not independently re-verified against the publisher in this workspace,REAL
ETH,Plastic or Rubber,2 types,3.79,8,Structure matches the UNCTAD/World Bank NTM prevalence-by-sector export (WITS/TRAINS); not independently re-verified against the publisher in this workspace,REAL
ETH,Plastic or Rubber,3+ types,4.27,9,Structure matches the UNCTAD/World Bank NTM prevalence-by-sector export (WITS/TRAINS); not independently re-verified against the publisher in this workspace,REAL
ETH,Plastic or Rubber,No NTMs,2.37,5,Structure matches the UNCTAD/World Bank NTM prevalence-by-sector export (WITS/TRAINS); not independently re-verified against the publisher in this workspace,REAL
ETH,Hides and Skins,1 type,49.28,34,Structure matches the UNCTAD/World Bank NTM prevalence-by-sector export (WITS/TRAINS); not independently re-verified against the publisher in this workspace,REAL
ETH,Hides and Skins,2 types,18.84,13,Structure matches the UNCTAD/World Bank NTM prevalence-by-sector export (WITS/TRAINS); not independently re-verified against the publisher in this workspace,REAL
ETH,Hides and Skins,3+ types,21.74,15,Structure matches the UNCTAD/World Bank NTM prevalence-by-sector export (WITS/TRAINS); not independently re-verified against the publisher in this workspace,REAL
ETH,Hides and Skins,No NTMs,10.14,7,Structure matches the UNCTAD/World Bank NTM prevalence-by-sector export (WITS/TRAINS); not independently re-verified against the publisher in this workspace,REAL
ETH,Wood,1 type,90.21,212,Structure matches the UNCTAD/World Bank NTM prevalence-by-sector export (WITS/TRAINS); not independently re-verified against the publisher in this workspace,REAL
ETH,Wood,2 types,3.4,8,Structure matches the UNCTAD/World Bank NTM prevalence-by-sector export (WITS/TRAINS); not independently re-verified against the publisher in this workspace,REAL
ETH,Wood,3+ types,1.7,4,Structure matches the UNCTAD/World Bank NTM prevalence-by-sector export (WITS/TRAINS); not independently re-verified against the publisher in this workspace,REAL
ETH,Wood,No NTMs,4.68,11,Structure matches the UNCTAD/World Bank NTM prevalence-by-sector export (WITS/TRAINS); not independently re-verified against the publisher in this workspace,REAL
ETH,Textiles and Clothing,1 type,42.34,337,Structure matches the UNCTAD/World Bank NTM prevalence-by-sector export (WITS/TRAINS); not independently re-verified against the publisher in this workspace,REAL
ETH,Textiles and Clothing,2 types,9.55,76,Structure matches the UNCTAD/World Bank NTM prevalence-by-sector export (WITS/TRAINS); not independently re-verified against the publisher in this workspace,REAL
ETH,Textiles and Clothing,3+ types,37.56,299,Structure matches the UNCTAD/World Bank NTM prevalence-by-sector export (WITS/TRAINS); not independently re-verified against the publisher in this workspace,REAL
ETH,Textiles and Clothing,No NTMs,10.55,84,Structure matches the UNCTAD/World Bank NTM prevalence-by-sector export (WITS/TRAINS); not independently re-verified against the publisher in this workspace,REAL
ETH,Footwear,1 type,89.36,42,Structure matches the UNCTAD/World Bank NTM prevalence-by-sector export (WITS/TRAINS); not independently re-verified against the publisher in this workspace,REAL
ETH,Footwear,2 types,8.51,4,Structure matches the UNCTAD/World Bank NTM prevalence-by-sector export (WITS/TRAINS); not independently re-verified against the publisher in this workspace,REAL
ETH,Footwear,3+ types,2.13,1,Structure matches the UNCTAD/World Bank NTM prevalence-by-sector export (WITS/TRAINS); not independently re-verified against the publisher in this workspace,REAL
ETH,Stone and Glass,1 type,74.87,146,Structure matches the UNCTAD/World Bank NTM prevalence-by-sector export (WITS/TRAINS); not independently re-verified against the publisher in this workspace,REAL
ETH,Stone and Glass,2 types,10.77,21,Structure matches the UNCTAD/World Bank NTM prevalence-by-sector export (WITS/TRAINS); not independently re-verified against the publisher in this workspace,REAL
ETH,Stone and Glass,3+ types,4.62,9,Structure matches the UNCTAD/World Bank NTM prevalence-by-sector export (WITS/TRAINS); not independently re-verified against the publisher in this workspace,REAL
ETH,Stone and Glass,No NTMs,9.74,19,Structure matches the UNCTAD/World Bank NTM prevalence-by-sector export (WITS/TRAINS); not independently re-verified against the publisher in this workspace,REAL
ETH,Metals,1 type,89.7,505,Structure matches the UNCTAD/World Bank NTM prevalence-by-sector export (WITS/TRAINS); not independently re-verified against the publisher in this workspace,REAL
ETH,Metals,2 types,3.02,17,Structure matches the UNCTAD/World Bank NTM prevalence-by-sector export (WITS/TRAINS); not independently re-verified against the publisher in this workspace,REAL
ETH,Metals,3+ types,1.24,7,Structure matches the UNCTAD/World Bank NTM prevalence-by-sector export (WITS/TRAINS); not independently re-verified against the publisher in this workspace,REAL
ETH,Metals,No NTMs,6.04,34,Structure matches the UNCTAD/World Bank NTM prevalence-by-sector export (WITS/TRAINS); not independently re-verified against the publisher in this workspace,REAL
ETH,Mach and Elec,1 type,11.41,88,Structure matches the UNCTAD/World Bank NTM prevalence-by-sector export (WITS/TRAINS); not independently re-verified against the publisher in this workspace,REAL
ETH,Mach and Elec,2 types,57.72,445,Structure matches the UNCTAD/World Bank NTM prevalence-by-sector export (WITS/TRAINS); not independently re-verified against the publisher in this workspace,REAL
ETH,Mach and Elec,3+ types,30.61,236,Structure matches the UNCTAD/World Bank NTM prevalence-by-sector export (WITS/TRAINS); not independently re-verified against the publisher in this workspace,REAL
ETH,Mach and Elec,No NTMs,0.26,2,Structure matches the UNCTAD/World Bank NTM prevalence-by-sector export (WITS/TRAINS); not independently re-verified against the publisher in this workspace,REAL
ETH,Transportation,1 type,76.15,99,Structure matches the UNCTAD/World Bank NTM prevalence-by-sector export (WITS/TRAINS); not independently re-verified against the publisher in this workspace,REAL
ETH,Transportation,2 types,9.23,12,Structure matches the UNCTAD/World Bank NTM prevalence-by-sector export (WITS/TRAINS); not independently re-verified against the publisher in this workspace,REAL
ETH,Transportation,3+ types,8.46,11,Structure matches the UNCTAD/World Bank NTM prevalence-by-sector export (WITS/TRAINS); not independently re-verified against the publisher in this workspace,REAL
ETH,Transportation,No NTMs,6.15,8,Structure matches the UNCTAD/World Bank NTM prevalence-by-sector export (WITS/TRAINS); not independently re-verified against the publisher in this workspace,REAL
ETH,Miscellaneous,1 type,66.95,237,Structure matches the UNCTAD/World Bank NTM prevalence-by-sector export (WITS/TRAINS); not independently re-verified against the publisher in this workspace,REAL
ETH,Miscellaneous,2 types,16.1,57,Structure matches the UNCTAD/World Bank NTM prevalence-by-sector export (WITS/TRAINS); not independently re-verified against the publisher in this workspace,REAL
ETH,Miscellaneous,3+ types,8.19,29,Structure matches the UNCTAD/World Bank NTM prevalence-by-sector export (WITS/TRAINS); not independently re-verified against the publisher in this workspace,REAL
ETH,Miscellaneous,No NTMs,8.76,31,Structure matches the UNCTAD/World Bank NTM prevalence-by-sector export (WITS/TRAINS); not independently re-verified against the publisher in this workspace,REAL
ETH,All Import Products,1 type,43.27,2252,Structure matches the UNCTAD/World Bank NTM prevalence-by-sector export (WITS/TRAINS); not independently re-verified against the publisher in this workspace,REAL
ETH,All Import Products,2 types,16.73,871,Structure matches the UNCTAD/World Bank NTM prevalence-by-sector export (WITS/TRAINS); not independently re-verified against the publisher in this workspace,REAL
ETH,All Import Products,3+ types,21.17,1102,Structure matches the UNCTAD/World Bank NTM prevalence-by-sector export (WITS/TRAINS); not independently re-verified against the publisher in this workspace,REAL
ETH,All Import Products,No NTMs,18.83,980,Structure matches the UNCTAD/World Bank NTM prevalence-by-sector export (WITS/TRAINS); not independently re-verified against the publisher in this workspace,REAL
EUN,Animal,1 type,2.08,7,Structure matches the UNCTAD/World Bank NTM prevalence-by-sector export (WITS/TRAINS); not independently re-verified against the publisher in this workspace,REAL
EUN,Animal,2 types,74.7,251,Structure matches the UNCTAD/World Bank NTM prevalence-by-sector export (WITS/TRAINS); not independently re-verified against the publisher in this workspace,REAL
EUN,Animal,3+ types,18.75,63,Structure matches the UNCTAD/World Bank NTM prevalence-by-sector export (WITS/TRAINS); not independently re-verified against the publisher in this workspace,REAL
EUN,Animal,No NTMs,4.46,15,Structure matches the UNCTAD/World Bank NTM prevalence-by-sector export (WITS/TRAINS); not independently re-verified against the publisher in this workspace,REAL
EUN,Vegetable,1 type,3.69,13,Structure matches the UNCTAD/World Bank NTM prevalence-by-sector export (WITS/TRAINS); not independently re-verified against the publisher in this workspace,REAL
EUN,Vegetable,2 types,87.78,309,Structure matches the UNCTAD/World Bank NTM prevalence-by-sector export (WITS/TRAINS); not independently re-verified against the publisher in this workspace,REAL
EUN,Vegetable,3+ types,7.39,26,Structure matches the UNCTAD/World Bank NTM prevalence-by-sector export (WITS/TRAINS); not independently re-verified against the publisher in this workspace,REAL
EUN,Vegetable,No NTMs,1.14,4,Structure matches the UNCTAD/World Bank NTM prevalence-by-sector export (WITS/TRAINS); not independently re-verified against the publisher in this workspace,REAL
EUN,Food Products,1 type,7.11,15,Structure matches the UNCTAD/World Bank NTM prevalence-by-sector export (WITS/TRAINS); not independently re-verified against the publisher in this workspace,REAL
EUN,Food Products,2 types,80.09,169,Structure matches the UNCTAD/World Bank NTM prevalence-by-sector export (WITS/TRAINS); not independently re-verified against the publisher in this workspace,REAL
EUN,Food Products,3+ types,12.32,26,Structure matches the UNCTAD/World Bank NTM prevalence-by-sector export (WITS/TRAINS); not independently re-verified against the publisher in this workspace,REAL
EUN,Food Products,No NTMs,0.47,1,Structure matches the UNCTAD/World Bank NTM prevalence-by-sector export (WITS/TRAINS); not independently re-verified against the publisher in this workspace,REAL
EUN,Minerals,1 type,45.71,48,Structure matches the UNCTAD/World Bank NTM prevalence-by-sector export (WITS/TRAINS); not independently re-verified against the publisher in this workspace,REAL
EUN,Minerals,2 types,11.43,12,Structure matches the UNCTAD/World Bank NTM prevalence-by-sector export (WITS/TRAINS); not independently re-verified against the publisher in this workspace,REAL
EUN,Minerals,No NTMs,42.86,45,Structure matches the UNCTAD/World Bank NTM prevalence-by-sector export (WITS/TRAINS); not independently re-verified against the publisher in this workspace,REAL
EUN,Fuels,1 type,60.47,26,Structure matches the UNCTAD/World Bank NTM prevalence-by-sector export (WITS/TRAINS); not independently re-verified against the publisher in this workspace,REAL
EUN,Fuels,No NTMs,39.53,17,Structure matches the UNCTAD/World Bank NTM prevalence-by-sector export (WITS/TRAINS); not independently re-verified against the publisher in this workspace,REAL
EUN,Chemicals,1 type,60.74,478,Structure matches the UNCTAD/World Bank NTM prevalence-by-sector export (WITS/TRAINS); not independently re-verified against the publisher in this workspace,REAL
EUN,Chemicals,2 types,5.97,47,Structure matches the UNCTAD/World Bank NTM prevalence-by-sector export (WITS/TRAINS); not independently re-verified against the publisher in this workspace,REAL
EUN,Chemicals,3+ types,29.1,229,Structure matches the UNCTAD/World Bank NTM prevalence-by-sector export (WITS/TRAINS); not independently re-verified against the publisher in this workspace,REAL
EUN,Chemicals,No NTMs,4.19,33,Structure matches the UNCTAD/World Bank NTM prevalence-by-sector export (WITS/TRAINS); not independently re-verified against the publisher in this workspace,REAL
EUN,Plastic or Rubber,1 type,53.08,112,Structure matches the UNCTAD/World Bank NTM prevalence-by-sector export (WITS/TRAINS); not independently re-verified against the publisher in this workspace,REAL
EUN,Plastic or Rubber,2 types,32.7,69,Structure matches the UNCTAD/World Bank NTM prevalence-by-sector export (WITS/TRAINS); not independently re-verified against the publisher in this workspace,REAL
EUN,Plastic or Rubber,3+ types,8.06,17,Structure matches the UNCTAD/World Bank NTM prevalence-by-sector export (WITS/TRAINS); not independently re-verified against the publisher in this workspace,REAL
EUN,Plastic or Rubber,No NTMs,6.16,13,Structure matches the UNCTAD/World Bank NTM prevalence-by-sector export (WITS/TRAINS); not independently re-verified against the publisher in this workspace,REAL
EUN,Hides and Skins,1 type,31.88,22,Structure matches the UNCTAD/World Bank NTM prevalence-by-sector export (WITS/TRAINS); not independently re-verified against the publisher in this workspace,REAL
EUN,Hides and Skins,2 types,55.07,38,Structure matches the UNCTAD/World Bank NTM prevalence-by-sector export (WITS/TRAINS); not independently re-verified against the publisher in this workspace,REAL
EUN,Hides and Skins,3+ types,11.59,8,Structure matches the UNCTAD/World Bank NTM prevalence-by-sector export (WITS/TRAINS); not independently re-verified against the publisher in this workspace,REAL
EUN,Hides and Skins,No NTMs,1.45,1,Structure matches the UNCTAD/World Bank NTM prevalence-by-sector export (WITS/TRAINS); not independently re-verified against the publisher in this workspace,REAL
EUN,Wood,1 type,2.13,5,Structure matches the UNCTAD/World Bank NTM prevalence-by-sector export (WITS/TRAINS); not independently re-verified against the publisher in this workspace,REAL
EUN,Wood,2 types,45.11,106,Structure matches the UNCTAD/World Bank NTM prevalence-by-sector export (WITS/TRAINS); not independently re-verified against the publisher in this workspace,REAL
EUN,Wood,3+ types,36.6,86,Structure matches the UNCTAD/World Bank NTM prevalence-by-sector export (WITS/TRAINS); not independently re-verified against the publisher in this workspace,REAL
EUN,Wood,No NTMs,16.17,38,Structure matches the UNCTAD/World Bank NTM prevalence-by-sector export (WITS/TRAINS); not independently re-verified against the publisher in this workspace,REAL
EUN,Textiles and Clothing,1 type,59.55,474,Structure matches the UNCTAD/World Bank NTM prevalence-by-sector export (WITS/TRAINS); not independently re-verified against the publisher in this workspace,REAL
EUN,Textiles and Clothing,2 types,15.7,125,Structure matches the UNCTAD/World Bank NTM prevalence-by-sector export (WITS/TRAINS); not independently re-verified against the publisher in this workspace,REAL
EUN,Textiles and Clothing,3+ types,24.75,197,Structure matches the UNCTAD/World Bank NTM prevalence-by-sector export (WITS/TRAINS); not independently re-verified against the publisher in this workspace,REAL
EUN,Footwear,1 type,91.49,43,Structure matches the UNCTAD/World Bank NTM prevalence-by-sector export (WITS/TRAINS); not independently re-verified against the publisher in this workspace,REAL
EUN,Footwear,No NTMs,8.51,4,Structure matches the UNCTAD/World Bank NTM prevalence-by-sector export (WITS/TRAINS); not independently re-verified against the publisher in this workspace,REAL
EUN,Stone and Glass,1 type,59.49,116,Structure matches the UNCTAD/World Bank NTM prevalence-by-sector export (WITS/TRAINS); not independently re-verified against the publisher in this workspace,REAL
EUN,Stone and Glass,2 types,15.9,31,Structure matches the UNCTAD/World Bank NTM prevalence-by-sector export (WITS/TRAINS); not independently re-verified against the publisher in this workspace,REAL
EUN,Stone and Glass,No NTMs,24.62,48,Structure matches the UNCTAD/World Bank NTM prevalence-by-sector export (WITS/TRAINS); not independently re-verified against the publisher in this workspace,REAL
EUN,Metals,1 type,76.02,428,Structure matches the UNCTAD/World Bank NTM prevalence-by-sector export (WITS/TRAINS); not independently re-verified against the publisher in this workspace,REAL
EUN,Metals,2 types,15.63,88,Structure matches the UNCTAD/World Bank NTM prevalence-by-sector export (WITS/TRAINS); not independently re-verified against the publisher in this workspace,REAL
EUN,Metals,3+ types,0.18,1,Structure matches the UNCTAD/World Bank NTM prevalence-by-sector export (WITS/TRAINS); not independently re-verified against the publisher in this workspace,REAL
EUN,Metals,No NTMs,8.17,46,Structure matches the UNCTAD/World Bank NTM prevalence-by-sector export (WITS/TRAINS); not independently re-verified against the publisher in this workspace,REAL
EUN,Mach and Elec,1 type,88.59,683,Structure matches the UNCTAD/World Bank NTM prevalence-by-sector export (WITS/TRAINS); not independently re-verified against the publisher in this workspace,REAL
EUN,Mach and Elec,2 types,9.34,72,Structure matches the UNCTAD/World Bank NTM prevalence-by-sector export (WITS/TRAINS); not independently re-verified against the publisher in this workspace,REAL
EUN,Mach and Elec,3+ types,0.65,5,Structure matches the UNCTAD/World Bank NTM prevalence-by-sector export (WITS/TRAINS); not independently re-verified against the publisher in this workspace,REAL
EUN,Mach and Elec,No NTMs,1.43,11,Structure matches the UNCTAD/World Bank NTM prevalence-by-sector export (WITS/TRAINS); not independently re-verified against the publisher in this workspace,REAL
EUN,Transportation,1 type,81.54,106,Structure matches the UNCTAD/World Bank NTM prevalence-by-sector export (WITS/TRAINS); not independently re-verified against the publisher in this workspace,REAL
EUN,Transportation,2 types,12.31,16,Structure matches the UNCTAD/World Bank NTM prevalence-by-sector export (WITS/TRAINS); not independently re-verified against the publisher in this workspace,REAL
EUN,Transportation,No NTMs,6.15,8,Structure matches the UNCTAD/World Bank NTM prevalence-by-sector export (WITS/TRAINS); not independently re-verified against the publisher in this workspace,REAL
EUN,Miscellaneous,1 type,69.21,245,Structure matches the UNCTAD/World Bank NTM prevalence-by-sector export (WITS/TRAINS); not independently re-verified against the publisher in this workspace,REAL
EUN,Miscellaneous,2 types,12.43,44,Structure matches the UNCTAD/World Bank NTM prevalence-by-sector export (WITS/TRAINS); not independently re-verified against the publisher in this workspace,REAL
EUN,Miscellaneous,3+ types,2.26,8,Structure matches the UNCTAD/World Bank NTM prevalence-by-sector export (WITS/TRAINS); not independently re-verified against the publisher in this workspace,REAL
EUN,Miscellaneous,No NTMs,16.1,57,Structure matches the UNCTAD/World Bank NTM prevalence-by-sector export (WITS/TRAINS); not independently re-verified against the publisher in this workspace,REAL
EUN,All Import Products,1 type,54.2,2821,Structure matches the UNCTAD/World Bank NTM prevalence-by-sector export (WITS/TRAINS); not independently re-verified against the publisher in this workspace,REAL
EUN,All Import Products,2 types,26.46,1377,Structure matches the UNCTAD/World Bank NTM prevalence-by-sector export (WITS/TRAINS); not independently re-verified against the publisher in this workspace,REAL
EUN,All Import Products,3+ types,12.8,666,Structure matches the UNCTAD/World Bank NTM prevalence-by-sector export (WITS/TRAINS); not independently re-verified against the publisher in this workspace,REAL
EUN,All Import Products,No NTMs,6.55,341,Structure matches the UNCTAD/World Bank NTM prevalence-by-sector export (WITS/TRAINS); not independently re-verified against the publisher in this workspace,REAL
GHA,Animal,1 type,3.07,7,Structure matches the UNCTAD/World Bank NTM prevalence-by-sector export (WITS/TRAINS); not independently re-verified against the publisher in this workspace,REAL
GHA,Animal,2 types,27.63,63,Structure matches the UNCTAD/World Bank NTM prevalence-by-sector export (WITS/TRAINS); not independently re-verified against the publisher in this workspace,REAL
GHA,Animal,3+ types,56.58,129,Structure matches the UNCTAD/World Bank NTM prevalence-by-sector export (WITS/TRAINS); not independently re-verified against the publisher in this workspace,REAL
GHA,Animal,No NTMs,12.72,29,Structure matches the UNCTAD/World Bank NTM prevalence-by-sector export (WITS/TRAINS); not independently re-verified against the publisher in this workspace,REAL
GHA,Vegetable,1 type,2.99,9,Structure matches the UNCTAD/World Bank NTM prevalence-by-sector export (WITS/TRAINS); not independently re-verified against the publisher in this workspace,REAL
GHA,Vegetable,2 types,24.25,73,Structure matches the UNCTAD/World Bank NTM prevalence-by-sector export (WITS/TRAINS); not independently re-verified against the publisher in this workspace,REAL
GHA,Vegetable,3+ types,69.1,208,Structure matches the UNCTAD/World Bank NTM prevalence-by-sector export (WITS/TRAINS); not independently re-verified against the publisher in this workspace,REAL
GHA,Vegetable,No NTMs,3.65,11,Structure matches the UNCTAD/World Bank NTM prevalence-by-sector export (WITS/TRAINS); not independently re-verified against the publisher in this workspace,REAL
GHA,Food Products,1 type,6.22,12,Structure matches the UNCTAD/World Bank NTM prevalence-by-sector export (WITS/TRAINS); not independently re-verified against the publisher in this workspace,REAL
GHA,Food Products,2 types,23.32,45,Structure matches the UNCTAD/World Bank NTM prevalence-by-sector export (WITS/TRAINS); not independently re-verified against the publisher in this workspace,REAL
GHA,Food Products,3+ types,62.69,121,Structure matches the UNCTAD/World Bank NTM prevalence-by-sector export (WITS/TRAINS); not independently re-verified against the publisher in this workspace,REAL
GHA,Food Products,No NTMs,7.77,15,Structure matches the UNCTAD/World Bank NTM prevalence-by-sector export (WITS/TRAINS); not independently re-verified against the publisher in this workspace,REAL
GHA,Minerals,1 type,3.77,4,Structure matches the UNCTAD/World Bank NTM prevalence-by-sector export (WITS/TRAINS); not independently re-verified against the publisher in this workspace,REAL
GHA,Minerals,2 types,1.89,2,Structure matches the UNCTAD/World Bank NTM prevalence-by-sector export (WITS/TRAINS); not independently re-verified against the publisher in this workspace,REAL
GHA,Minerals,3+ types,0.94,1,Structure matches the UNCTAD/World Bank NTM prevalence-by-sector export (WITS/TRAINS); not independently re-verified against the publisher in this workspace,REAL
GHA,Minerals,No NTMs,93.4,99,Structure matches the UNCTAD/World Bank NTM prevalence-by-sector export (WITS/TRAINS); not independently re-verified against the publisher in this workspace,REAL
GHA,Fuels,1 type,9.52,4,Structure matches the UNCTAD/World Bank NTM prevalence-by-sector export (WITS/TRAINS); not independently re-verified against the publisher in this workspace,REAL
GHA,Fuels,2 types,30.95,13,Structure matches the UNCTAD/World Bank NTM prevalence-by-sector export (WITS/TRAINS); not independently re-verified against the publisher in this workspace,REAL
GHA,Fuels,3+ types,2.38,1,Structure matches the UNCTAD/World Bank NTM prevalence-by-sector export (WITS/TRAINS); not independently re-verified against the publisher in this workspace,REAL
GHA,Fuels,No NTMs,57.14,24,Structure matches the UNCTAD/World Bank NTM prevalence-by-sector export (WITS/TRAINS); not independently re-verified against the publisher in this workspace,REAL
GHA,Chemicals,1 type,4.82,38,Structure matches the UNCTAD/World Bank NTM prevalence-by-sector export (WITS/TRAINS); not independently re-verified against the publisher in this workspace,REAL
GHA,Chemicals,2 types,60.58,478,Structure matches the UNCTAD/World Bank NTM prevalence-by-sector export (WITS/TRAINS); not independently re-verified against the publisher in this workspace,REAL
GHA,Chemicals,3+ types,5.07,40,Structure matches the UNCTAD/World Bank NTM prevalence-by-sector export (WITS/TRAINS); not independently re-verified against the publisher in this workspace,REAL
GHA,Chemicals,No NTMs,29.53,233,Structure matches the UNCTAD/World Bank NTM prevalence-by-sector export (WITS/TRAINS); not independently re-verified against the publisher in this workspace,REAL
GHA,Plastic or Rubber,1 type,0.95,2,Structure matches the UNCTAD/World Bank NTM prevalence-by-sector export (WITS/TRAINS); not independently re-verified against the publisher in this workspace,REAL
GHA,Plastic or Rubber,2 types,0.47,1,Structure matches the UNCTAD/World Bank NTM prevalence-by-sector export (WITS/TRAINS); not independently re-verified against the publisher in this workspace,REAL
GHA,Plastic or Rubber,3+ types,1.9,4,Structure matches the UNCTAD/World Bank NTM prevalence-by-sector export (WITS/TRAINS); not independently re-verified against the publisher in this workspace,REAL
GHA,Plastic or Rubber,No NTMs,96.68,204,Structure matches the UNCTAD/World Bank NTM prevalence-by-sector export (WITS/TRAINS); not independently re-verified against the publisher in this workspace,REAL
GHA,Hides and Skins,1 type,20.29,14,Structure matches the UNCTAD/World Bank NTM prevalence-by-sector export (WITS/TRAINS); not independently re-verified against the publisher in this workspace,REAL
GHA,Hides and Skins,2 types,26.09,18,Structure matches the UNCTAD/World Bank NTM prevalence-by-sector export (WITS/TRAINS); not independently re-verified against the publisher in this workspace,REAL
GHA,Hides and Skins,No NTMs,53.62,37,Structure matches the UNCTAD/World Bank NTM prevalence-by-sector export (WITS/TRAINS); not independently re-verified against the publisher in this workspace,REAL
GHA,Wood,1 type,5.91,14,Structure matches the UNCTAD/World Bank NTM prevalence-by-sector export (WITS/TRAINS); not independently re-verified against the publisher in this workspace,REAL
GHA,Wood,2 types,24.47,58,Structure matches the UNCTAD/World Bank NTM prevalence-by-sector export (WITS/TRAINS); not independently re-verified against the publisher in this workspace,REAL
GHA,Wood,No NTMs,69.62,165,Structure matches the UNCTAD/World Bank NTM prevalence-by-sector export (WITS/TRAINS); not independently re-verified against the publisher in this workspace,REAL
GHA,Textiles and Clothing,1 type,4.24,34,Structure matches the UNCTAD/World Bank NTM prevalence-by-sector export (WITS/TRAINS); not independently re-verified against the publisher in this workspace,REAL
GHA,Textiles and Clothing,2 types,6.74,54,Structure matches the UNCTAD/World Bank NTM prevalence-by-sector export (WITS/TRAINS); not independently re-verified against the publisher in this workspace,REAL
GHA,Textiles and Clothing,No NTMs,89.01,713,Structure matches the UNCTAD/World Bank NTM prevalence-by-sector export (WITS/TRAINS); not independently re-verified against the publisher in this workspace,REAL
GHA,Footwear,2 types,30.61,15,Structure matches the UNCTAD/World Bank NTM prevalence-by-sector export (WITS/TRAINS); not independently re-verified against the publisher in this workspace,REAL
GHA,Footwear,No NTMs,69.39,34,Structure matches the UNCTAD/World Bank NTM prevalence-by-sector export (WITS/TRAINS); not independently re-verified against the publisher in this workspace,REAL
GHA,Stone and Glass,1 type,19.9,39,Structure matches the UNCTAD/World Bank NTM prevalence-by-sector export (WITS/TRAINS); not independently re-verified against the publisher in this workspace,REAL
GHA,Stone and Glass,2 types,5.61,11,Structure matches the UNCTAD/World Bank NTM prevalence-by-sector export (WITS/TRAINS); not independently re-verified against the publisher in this workspace,REAL
GHA,Stone and Glass,No NTMs,74.49,146,Structure matches the UNCTAD/World Bank NTM prevalence-by-sector export (WITS/TRAINS); not independently re-verified against the publisher in this workspace,REAL
GHA,Metals,1 type,1.23,7,Structure matches the UNCTAD/World Bank NTM prevalence-by-sector export (WITS/TRAINS); not independently re-verified against the publisher in this workspace,REAL
GHA,Metals,No NTMs,98.77,561,Structure matches the UNCTAD/World Bank NTM prevalence-by-sector export (WITS/TRAINS); not independently re-verified against the publisher in this workspace,REAL
GHA,Mach and Elec,2 types,35.5,273,Structure matches the UNCTAD/World Bank NTM prevalence-by-sector export (WITS/TRAINS); not independently re-verified against the publisher in this workspace,REAL
GHA,Mach and Elec,3+ types,2.73,21,Structure matches the UNCTAD/World Bank NTM prevalence-by-sector export (WITS/TRAINS); not independently re-verified against the publisher in this workspace,REAL
GHA,Mach and Elec,No NTMs,61.77,475,Structure matches the UNCTAD/World Bank NTM prevalence-by-sector export (WITS/TRAINS); not independently re-verified against the publisher in this workspace,REAL
GHA,Transportation,2 types,11.45,15,Structure matches the UNCTAD/World Bank NTM prevalence-by-sector export (WITS/TRAINS); not independently re-verified against the publisher in this workspace,REAL
GHA,Transportation,3+ types,39.69,52,Structure matches the UNCTAD/World Bank NTM prevalence-by-sector export (WITS/TRAINS); not independently re-verified against the publisher in this workspace,REAL
GHA,Transportation,No NTMs,48.85,64,Structure matches the UNCTAD/World Bank NTM prevalence-by-sector export (WITS/TRAINS); not independently re-verified against the publisher in this workspace,REAL
GHA,Miscellaneous,1 type,6.91,25,Structure matches the UNCTAD/World Bank NTM prevalence-by-sector export (WITS/TRAINS); not independently re-verified against the publisher in this workspace,REAL
GHA,Miscellaneous,2 types,23.48,85,Structure matches the UNCTAD/World Bank NTM prevalence-by-sector export (WITS/TRAINS); not independently re-verified against the publisher in this workspace,REAL
GHA,Miscellaneous,3+ types,1.38,5,Structure matches the UNCTAD/World Bank NTM prevalence-by-sector export (WITS/TRAINS); not independently re-verified against the publisher in this workspace,REAL
GHA,Miscellaneous,No NTMs,68.23,247,Structure matches the UNCTAD/World Bank NTM prevalence-by-sector export (WITS/TRAINS); not independently re-verified against the publisher in this workspace,REAL
GHA,All Import Products,1 type,4.14,209,Structure matches the UNCTAD/World Bank NTM prevalence-by-sector export (WITS/TRAINS); not independently re-verified against the publisher in this workspace,REAL
GHA,All Import Products,2 types,23.83,1204,Structure matches the UNCTAD/World Bank NTM prevalence-by-sector export (WITS/TRAINS); not independently re-verified against the publisher in this workspace,REAL
GHA,All Import Products,3+ types,11.52,582,Structure matches the UNCTAD/World Bank NTM prevalence-by-sector export (WITS/TRAINS); not independently re-verified against the publisher in this workspace,REAL
GHA,All Import Products,No NTMs,60.51,3057,Structure matches the UNCTAD/World Bank NTM prevalence-by-sector export (WITS/TRAINS); not independently re-verified against the publisher in this workspace,REAL
GMB,Animal,1 type,8.77,20,Structure matches the UNCTAD/World Bank NTM prevalence-by-sector export (WITS/TRAINS); not independently re-verified against the publisher in this workspace,REAL
GMB,Animal,2 types,23.68,54,Structure matches the UNCTAD/World Bank NTM prevalence-by-sector export (WITS/TRAINS); not independently re-verified against the publisher in this workspace,REAL
GMB,Animal,3+ types,12.28,28,Structure matches the UNCTAD/World Bank NTM prevalence-by-sector export (WITS/TRAINS); not independently re-verified against the publisher in this workspace,REAL
GMB,Animal,No NTMs,55.26,126,Structure matches the UNCTAD/World Bank NTM prevalence-by-sector export (WITS/TRAINS); not independently re-verified against the publisher in this workspace,REAL
GMB,Vegetable,1 type,0.66,2,Structure matches the UNCTAD/World Bank NTM prevalence-by-sector export (WITS/TRAINS); not independently re-verified against the publisher in this workspace,REAL
GMB,Vegetable,2 types,48.17,145,Structure matches the UNCTAD/World Bank NTM prevalence-by-sector export (WITS/TRAINS); not independently re-verified against the publisher in this workspace,REAL
GMB,Vegetable,3+ types,1.0,3,Structure matches the UNCTAD/World Bank NTM prevalence-by-sector export (WITS/TRAINS); not independently re-verified against the publisher in this workspace,REAL
GMB,Vegetable,No NTMs,50.17,151,Structure matches the UNCTAD/World Bank NTM prevalence-by-sector export (WITS/TRAINS); not independently re-verified against the publisher in this workspace,REAL
GMB,Food Products,1 type,5.18,10,Structure matches the UNCTAD/World Bank NTM prevalence-by-sector export (WITS/TRAINS); not independently re-verified against the publisher in this workspace,REAL
GMB,Food Products,2 types,40.41,78,Structure matches the UNCTAD/World Bank NTM prevalence-by-sector export (WITS/TRAINS); not independently re-verified against the publisher in this workspace,REAL
GMB,Food Products,3+ types,16.58,32,Structure matches the UNCTAD/World Bank NTM prevalence-by-sector export (WITS/TRAINS); not independently re-verified against the publisher in this workspace,REAL
GMB,Food Products,No NTMs,37.82,73,Structure matches the UNCTAD/World Bank NTM prevalence-by-sector export (WITS/TRAINS); not independently re-verified against the publisher in this workspace,REAL
GMB,Minerals,2 types,0.94,1,Structure matches the UNCTAD/World Bank NTM prevalence-by-sector export (WITS/TRAINS); not independently re-verified against the publisher in this workspace,REAL
GMB,Minerals,No NTMs,99.06,105,Structure matches the UNCTAD/World Bank NTM prevalence-by-sector export (WITS/TRAINS); not independently re-verified against the publisher in this workspace,REAL
GMB,Fuels,2 types,14.29,6,Structure matches the UNCTAD/World Bank NTM prevalence-by-sector export (WITS/TRAINS); not independently re-verified against the publisher in this workspace,REAL
GMB,Fuels,3+ types,2.38,1,Structure matches the UNCTAD/World Bank NTM prevalence-by-sector export (WITS/TRAINS); not independently re-verified against the publisher in this workspace,REAL
GMB,Fuels,No NTMs,83.33,35,Structure matches the UNCTAD/World Bank NTM prevalence-by-sector export (WITS/TRAINS); not independently re-verified against the publisher in this workspace,REAL
GMB,Chemicals,1 type,4.06,32,Structure matches the UNCTAD/World Bank NTM prevalence-by-sector export (WITS/TRAINS); not independently re-verified against the publisher in this workspace,REAL
GMB,Chemicals,2 types,0.89,7,Structure matches the UNCTAD/World Bank NTM prevalence-by-sector export (WITS/TRAINS); not independently re-verified against the publisher in this workspace,REAL
GMB,Chemicals,3+ types,0.25,2,Structure matches the UNCTAD/World Bank NTM prevalence-by-sector export (WITS/TRAINS); not independently re-verified against the publisher in this workspace,REAL
GMB,Chemicals,No NTMs,94.8,748,Structure matches the UNCTAD/World Bank NTM prevalence-by-sector export (WITS/TRAINS); not independently re-verified against the publisher in this workspace,REAL
GMB,Plastic or Rubber,No NTMs,100.0,211,Structure matches the UNCTAD/World Bank NTM prevalence-by-sector export (WITS/TRAINS); not independently re-verified against the publisher in this workspace,REAL
GMB,Hides and Skins,1 type,1.45,1,Structure matches the UNCTAD/World Bank NTM prevalence-by-sector export (WITS/TRAINS); not independently re-verified against the publisher in this workspace,REAL
GMB,Hides and Skins,No NTMs,98.55,68,Structure matches the UNCTAD/World Bank NTM prevalence-by-sector export (WITS/TRAINS); not independently re-verified against the publisher in this workspace,REAL
GMB,Wood,No NTMs,100.0,237,Structure matches the UNCTAD/World Bank NTM prevalence-by-sector export (WITS/TRAINS); not independently re-verified against the publisher in this workspace,REAL
GMB,Textiles and Clothing,No NTMs,100.0,801,Structure matches the UNCTAD/World Bank NTM prevalence-by-sector export (WITS/TRAINS); not independently re-verified against the publisher in this workspace,REAL
GMB,Footwear,No NTMs,100.0,49,Structure matches the UNCTAD/World Bank NTM prevalence-by-sector export (WITS/TRAINS); not independently re-verified against the publisher in this workspace,REAL
GMB,Stone and Glass,1 type,0.51,1,Structure matches the UNCTAD/World Bank NTM prevalence-by-sector export (WITS/TRAINS); not independently re-verified against the publisher in this workspace,REAL
GMB,Stone and Glass,No NTMs,99.49,195,Structure matches the UNCTAD/World Bank NTM prevalence-by-sector export (WITS/TRAINS); not independently re-verified against the publisher in this workspace,REAL
GMB,Metals,2 types,0.18,1,Structure matches the UNCTAD/World Bank NTM prevalence-by-sector export (WITS/TRAINS); not independently re-verified against the publisher in this workspace,REAL
GMB,Metals,No NTMs,99.82,567,Structure matches the UNCTAD/World Bank NTM prevalence-by-sector export (WITS/TRAINS); not independently re-verified against the publisher in this workspace,REAL
GMB,Mach and Elec,No NTMs,100.0,769,Structure matches the UNCTAD/World Bank NTM prevalence-by-sector export (WITS/TRAINS); not independently re-verified against the publisher in this workspace,REAL
GMB,Transportation,2 types,12.98,17,Structure matches the UNCTAD/World Bank NTM prevalence-by-sector export (WITS/TRAINS); not independently re-verified against the publisher in this workspace,REAL
GMB,Transportation,No NTMs,87.02,114,Structure matches the UNCTAD/World Bank NTM prevalence-by-sector export (WITS/TRAINS); not independently re-verified against the publisher in this workspace,REAL
GMB,Miscellaneous,No NTMs,100.0,362,Structure matches the UNCTAD/World Bank NTM prevalence-by-sector export (WITS/TRAINS); not independently re-verified against the publisher in this workspace,REAL
GMB,All Import Products,1 type,1.31,66,Structure matches the UNCTAD/World Bank NTM prevalence-by-sector export (WITS/TRAINS); not independently re-verified against the publisher in this workspace,REAL
GMB,All Import Products,2 types,6.12,309,Structure matches the UNCTAD/World Bank NTM prevalence-by-sector export (WITS/TRAINS); not independently re-verified against the publisher in this workspace,REAL
GMB,All Import Products,3+ types,1.31,66,Structure matches the UNCTAD/World Bank NTM prevalence-by-sector export (WITS/TRAINS); not independently re-verified against the publisher in this workspace,REAL
GMB,All Import Products,No NTMs,91.27,4611,Structure matches the UNCTAD/World Bank NTM prevalence-by-sector export (WITS/TRAINS); not independently re-verified against the publisher in this workspace,REAL
GRD,Animal,1 type,15.48,52,Structure matches the UNCTAD/World Bank NTM prevalence-by-sector export (WITS/TRAINS); not independently re-verified against the publisher in this workspace,REAL
GRD,Animal,2 types,8.93,30,Structure matches the UNCTAD/World Bank NTM prevalence-by-sector export (WITS/TRAINS); not independently re-verified against the publisher in this workspace,REAL
GRD,Animal,3+ types,16.96,57,Structure matches the UNCTAD/World Bank NTM prevalence-by-sector export (WITS/TRAINS); not independently re-verified against the publisher in this workspace,REAL
GRD,Animal,No NTMs,58.63,197,Structure matches the UNCTAD/World Bank NTM prevalence-by-sector export (WITS/TRAINS); not independently re-verified against the publisher in this workspace,REAL
GRD,Vegetable,1 type,28.13,99,Structure matches the UNCTAD/World Bank NTM prevalence-by-sector export (WITS/TRAINS); not independently re-verified against the publisher in this workspace,REAL
GRD,Vegetable,2 types,9.38,33,Structure matches the UNCTAD/World Bank NTM prevalence-by-sector export (WITS/TRAINS); not independently re-verified against the publisher in this workspace,REAL
GRD,Vegetable,3+ types,1.7,6,Structure matches the UNCTAD/World Bank NTM prevalence-by-sector export (WITS/TRAINS); not independently re-verified against the publisher in this workspace,REAL
GRD,Vegetable,No NTMs,60.8,214,Structure matches the UNCTAD/World Bank NTM prevalence-by-sector export (WITS/TRAINS); not independently re-verified against the publisher in this workspace,REAL
GRD,Food Products,1 type,52.61,111,Structure matches the UNCTAD/World Bank NTM prevalence-by-sector export (WITS/TRAINS); not independently re-verified against the publisher in this workspace,REAL
GRD,Food Products,2 types,3.32,7,Structure matches the UNCTAD/World Bank NTM prevalence-by-sector export (WITS/TRAINS); not independently re-verified against the publisher in this workspace,REAL
GRD,Food Products,3+ types,8.06,17,Structure matches the UNCTAD/World Bank NTM prevalence-by-sector export (WITS/TRAINS); not independently re-verified against the publisher in this workspace,REAL
GRD,Food Products,No NTMs,36.02,76,Structure matches the UNCTAD/World Bank NTM prevalence-by-sector export (WITS/TRAINS); not independently re-verified against the publisher in this workspace,REAL
GRD,Minerals,1 type,1.9,2,Structure matches the UNCTAD/World Bank NTM prevalence-by-sector export (WITS/TRAINS); not independently re-verified against the publisher in this workspace,REAL
GRD,Minerals,No NTMs,98.1,103,Structure matches the UNCTAD/World Bank NTM prevalence-by-sector export (WITS/TRAINS); not independently re-verified against the publisher in this workspace,REAL
GRD,Fuels,1 type,2.33,1,Structure matches the UNCTAD/World Bank NTM prevalence-by-sector export (WITS/TRAINS); not independently re-verified against the publisher in this workspace,REAL
GRD,Fuels,No NTMs,97.67,42,Structure matches the UNCTAD/World Bank NTM prevalence-by-sector export (WITS/TRAINS); not independently re-verified against the publisher in this workspace,REAL
GRD,Chemicals,1 type,2.8,22,Structure matches the UNCTAD/World Bank NTM prevalence-by-sector export (WITS/TRAINS); not independently re-verified against the publisher in this workspace,REAL
GRD,Chemicals,2 types,1.78,14,Structure matches the UNCTAD/World Bank NTM prevalence-by-sector export (WITS/TRAINS); not independently re-verified against the publisher in this workspace,REAL
GRD,Chemicals,3+ types,1.78,14,Structure matches the UNCTAD/World Bank NTM prevalence-by-sector export (WITS/TRAINS); not independently re-verified against the publisher in this workspace,REAL
GRD,Chemicals,No NTMs,93.65,737,Structure matches the UNCTAD/World Bank NTM prevalence-by-sector export (WITS/TRAINS); not independently re-verified against the publisher in this workspace,REAL
GRD,Plastic or Rubber,1 type,1.42,3,Structure matches the UNCTAD/World Bank NTM prevalence-by-sector export (WITS/TRAINS); not independently re-verified against the publisher in this workspace,REAL
GRD,Plastic or Rubber,No NTMs,98.58,208,Structure matches the UNCTAD/World Bank NTM prevalence-by-sector export (WITS/TRAINS); not independently re-verified against the publisher in this workspace,REAL
GRD,Hides and Skins,1 type,2.9,2,Structure matches the UNCTAD/World Bank NTM prevalence-by-sector export (WITS/TRAINS); not independently re-verified against the publisher in this workspace,REAL
GRD,Hides and Skins,No NTMs,97.1,67,Structure matches the UNCTAD/World Bank NTM prevalence-by-sector export (WITS/TRAINS); not independently re-verified against the publisher in this workspace,REAL
GRD,Wood,1 type,3.83,9,Structure matches the UNCTAD/World Bank NTM prevalence-by-sector export (WITS/TRAINS); not independently re-verified against the publisher in this workspace,REAL
GRD,Wood,No NTMs,96.17,226,Structure matches the UNCTAD/World Bank NTM prevalence-by-sector export (WITS/TRAINS); not independently re-verified against the publisher in this workspace,REAL
GRD,Textiles and Clothing,1 type,0.5,4,Structure matches the UNCTAD/World Bank NTM prevalence-by-sector export (WITS/TRAINS); not independently re-verified against the publisher in this workspace,REAL
GRD,Textiles and Clothing,No NTMs,99.5,792,Structure matches the UNCTAD/World Bank NTM prevalence-by-sector export (WITS/TRAINS); not independently re-verified against the publisher in this workspace,REAL
GRD,Footwear,No NTMs,100.0,47,Structure matches the UNCTAD/World Bank NTM prevalence-by-sector export (WITS/TRAINS); not independently re-verified against the publisher in this workspace,REAL
GRD,Stone and Glass,1 type,0.51,1,Structure matches the UNCTAD/World Bank NTM prevalence-by-sector export (WITS/TRAINS); not independently re-verified against the publisher in this workspace,REAL
GRD,Stone and Glass,No NTMs,99.49,194,Structure matches the UNCTAD/World Bank NTM prevalence-by-sector export (WITS/TRAINS); not independently re-verified against the publisher in this workspace,REAL
GRD,Metals,1 type,0.53,3,Structure matches the UNCTAD/World Bank NTM prevalence-by-sector export (WITS/TRAINS); not independently re-verified against the publisher in this workspace,REAL
GRD,Metals,No NTMs,99.47,560,Structure matches the UNCTAD/World Bank NTM prevalence-by-sector export (WITS/TRAINS); not independently re-verified against the publisher in this workspace,REAL
GRD,Mach and Elec,1 type,5.71,44,Structure matches the UNCTAD/World Bank NTM prevalence-by-sector export (WITS/TRAINS); not independently re-verified against the publisher in this workspace,REAL
GRD,Mach and Elec,No NTMs,94.29,727,Structure matches the UNCTAD/World Bank NTM prevalence-by-sector export (WITS/TRAINS); not independently re-verified against the publisher in this workspace,REAL
GRD,Transportation,1 type,20.77,27,Structure matches the UNCTAD/World Bank NTM prevalence-by-sector export (WITS/TRAINS); not independently re-verified against the publisher in this workspace,REAL
GRD,Transportation,No NTMs,79.23,103,Structure matches the UNCTAD/World Bank NTM prevalence-by-sector export (WITS/TRAINS); not independently re-verified against the publisher in this workspace,REAL
GRD,Miscellaneous,No NTMs,100.0,354,Structure matches the UNCTAD/World Bank NTM prevalence-by-sector export (WITS/TRAINS); not independently re-verified against the publisher in this workspace,REAL
GRD,All Import Products,1 type,7.3,380,Structure matches the UNCTAD/World Bank NTM prevalence-by-sector export (WITS/TRAINS); not independently re-verified against the publisher in this workspace,REAL
GRD,All Import Products,2 types,1.61,84,Structure matches the UNCTAD/World Bank NTM prevalence-by-sector export (WITS/TRAINS); not independently re-verified against the publisher in this workspace,REAL
GRD,All Import Products,3+ types,1.81,94,Structure matches the UNCTAD/World Bank NTM prevalence-by-sector export (WITS/TRAINS); not independently re-verified against the publisher in this workspace,REAL
GRD,All Import Products,No NTMs,89.28,4647,Structure matches the UNCTAD/World Bank NTM prevalence-by-sector export (WITS/TRAINS); not independently re-verified against the publisher in this workspace,REAL
GTM,Animal,1 type,1.79,6,Structure matches the UNCTAD/World Bank NTM prevalence-by-sector export (WITS/TRAINS); not independently re-verified against the publisher in this workspace,REAL
GTM,Animal,2 types,1.19,4,Structure matches the UNCTAD/World Bank NTM prevalence-by-sector export (WITS/TRAINS); not independently re-verified against the publisher in this workspace,REAL
GTM,Animal,No NTMs,97.02,326,Structure matches the UNCTAD/World Bank NTM prevalence-by-sector export (WITS/TRAINS); not independently re-verified against the publisher in this workspace,REAL
GTM,Vegetable,2 types,0.57,2,Structure matches the UNCTAD/World Bank NTM prevalence-by-sector export (WITS/TRAINS); not independently re-verified against the publisher in this workspace,REAL
GTM,Vegetable,3+ types,0.57,2,Structure matches the UNCTAD/World Bank NTM prevalence-by-sector export (WITS/TRAINS); not independently re-verified against the publisher in this workspace,REAL
GTM,Vegetable,No NTMs,98.86,348,Structure matches the UNCTAD/World Bank NTM prevalence-by-sector export (WITS/TRAINS); not independently re-verified against the publisher in this workspace,REAL
GTM,Food Products,1 type,0.47,1,Structure matches the UNCTAD/World Bank NTM prevalence-by-sector export (WITS/TRAINS); not independently re-verified against the publisher in this workspace,REAL
GTM,Food Products,2 types,0.95,2,Structure matches the UNCTAD/World Bank NTM prevalence-by-sector export (WITS/TRAINS); not independently re-verified against the publisher in this workspace,REAL
GTM,Food Products,No NTMs,98.58,208,Structure matches the UNCTAD/World Bank NTM prevalence-by-sector export (WITS/TRAINS); not independently re-verified against the publisher in this workspace,REAL
GTM,Minerals,No NTMs,100.0,105,Structure matches the UNCTAD/World Bank NTM prevalence-by-sector export (WITS/TRAINS); not independently re-verified against the publisher in this workspace,REAL
GTM,Fuels,No NTMs,100.0,43,Structure matches the UNCTAD/World Bank NTM prevalence-by-sector export (WITS/TRAINS); not independently re-verified against the publisher in this workspace,REAL
GTM,Chemicals,1 type,0.51,4,Structure matches the UNCTAD/World Bank NTM prevalence-by-sector export (WITS/TRAINS); not independently re-verified against the publisher in this workspace,REAL
GTM,Chemicals,2 types,0.51,4,Structure matches the UNCTAD/World Bank NTM prevalence-by-sector export (WITS/TRAINS); not independently re-verified against the publisher in this workspace,REAL
GTM,Chemicals,3+ types,0.13,1,Structure matches the UNCTAD/World Bank NTM prevalence-by-sector export (WITS/TRAINS); not independently re-verified against the publisher in this workspace,REAL
GTM,Chemicals,No NTMs,98.86,778,Structure matches the UNCTAD/World Bank NTM prevalence-by-sector export (WITS/TRAINS); not independently re-verified against the publisher in this workspace,REAL
GTM,Plastic or Rubber,No NTMs,100.0,211,Structure matches the UNCTAD/World Bank NTM prevalence-by-sector export (WITS/TRAINS); not independently re-verified against the publisher in this workspace,REAL
GTM,Hides and Skins,No NTMs,100.0,69,Structure matches the UNCTAD/World Bank NTM prevalence-by-sector export (WITS/TRAINS); not independently re-verified against the publisher in this workspace,REAL
GTM,Wood,1 type,0.43,1,Structure matches the UNCTAD/World Bank NTM prevalence-by-sector export (WITS/TRAINS); not independently re-verified against the publisher in this workspace,REAL
GTM,Wood,No NTMs,99.57,234,Structure matches the UNCTAD/World Bank NTM prevalence-by-sector export (WITS/TRAINS); not independently re-verified against the publisher in this workspace,REAL
GTM,Textiles and Clothing,No NTMs,100.0,796,Structure matches the UNCTAD/World Bank NTM prevalence-by-sector export (WITS/TRAINS); not independently re-verified against the publisher in this workspace,REAL
GTM,Footwear,No NTMs,100.0,47,Structure matches the UNCTAD/World Bank NTM prevalence-by-sector export (WITS/TRAINS); not independently re-verified against the publisher in this workspace,REAL
GTM,Stone and Glass,No NTMs,100.0,195,Structure matches the UNCTAD/World Bank NTM prevalence-by-sector export (WITS/TRAINS); not independently re-verified against the publisher in this workspace,REAL
GTM,Metals,No NTMs,100.0,563,Structure matches the UNCTAD/World Bank NTM prevalence-by-sector export (WITS/TRAINS); not independently re-verified against the publisher in this workspace,REAL
GTM,Mach and Elec,No NTMs,100.0,771,Structure matches the UNCTAD/World Bank NTM prevalence-by-sector export (WITS/TRAINS); not independently re-verified against the publisher in this workspace,REAL
GTM,Transportation,1 type,0.77,1,Structure matches the UNCTAD/World Bank NTM prevalence-by-sector export (WITS/TRAINS); not independently re-verified against the publisher in this workspace,REAL
GTM,Transportation,No NTMs,99.23,129,Structure matches the UNCTAD/World Bank NTM prevalence-by-sector export (WITS/TRAINS); not independently re-verified against the publisher in this workspace,REAL
GTM,Miscellaneous,No NTMs,100.0,354,Structure matches the UNCTAD/World Bank NTM prevalence-by-sector export (WITS/TRAINS); not independently re-verified against the publisher in this workspace,REAL
GTM,All Import Products,1 type,0.25,13,Structure matches the UNCTAD/World Bank NTM prevalence-by-sector export (WITS/TRAINS); not independently re-verified against the publisher in this workspace,REAL
GTM,All Import Products,2 types,0.23,12,Structure matches the UNCTAD/World Bank NTM prevalence-by-sector export (WITS/TRAINS); not independently re-verified against the publisher in this workspace,REAL
GTM,All Import Products,3+ types,0.06,3,Structure matches the UNCTAD/World Bank NTM prevalence-by-sector export (WITS/TRAINS); not independently re-verified against the publisher in this workspace,REAL
GTM,All Import Products,No NTMs,99.46,5177,Structure matches the UNCTAD/World Bank NTM prevalence-by-sector export (WITS/TRAINS); not independently re-verified against the publisher in this workspace,REAL
GUY,Animal,1 type,11.4,26,Structure matches the UNCTAD/World Bank NTM prevalence-by-sector export (WITS/TRAINS); not independently re-verified against the publisher in this workspace,REAL
GUY,Animal,2 types,8.77,20,Structure matches the UNCTAD/World Bank NTM prevalence-by-sector export (WITS/TRAINS); not independently re-verified against the publisher in this workspace,REAL
GUY,Animal,3+ types,40.79,93,Structure matches the UNCTAD/World Bank NTM prevalence-by-sector export (WITS/TRAINS); not independently re-verified against the publisher in this workspace,REAL
GUY,Animal,No NTMs,39.04,89,Structure matches the UNCTAD/World Bank NTM prevalence-by-sector export (WITS/TRAINS); not independently re-verified against the publisher in this workspace,REAL
GUY,Vegetable,1 type,7.97,24,Structure matches the UNCTAD/World Bank NTM prevalence-by-sector export (WITS/TRAINS); not independently re-verified against the publisher in this workspace,REAL
GUY,Vegetable,2 types,30.9,93,Structure matches the UNCTAD/World Bank NTM prevalence-by-sector export (WITS/TRAINS); not independently re-verified against the publisher in this workspace,REAL
GUY,Vegetable,3+ types,48.84,147,Structure matches the UNCTAD/World Bank NTM prevalence-by-sector export (WITS/TRAINS); not independently re-verified against the publisher in this workspace,REAL
GUY,Vegetable,No NTMs,12.29,37,Structure matches the UNCTAD/World Bank NTM prevalence-by-sector export (WITS/TRAINS); not independently re-verified against the publisher in this workspace,REAL
GUY,Food Products,1 type,6.74,13,Structure matches the UNCTAD/World Bank NTM prevalence-by-sector export (WITS/TRAINS); not independently re-verified against the publisher in this workspace,REAL
GUY,Food Products,2 types,24.35,47,Structure matches the UNCTAD/World Bank NTM prevalence-by-sector export (WITS/TRAINS); not independently re-verified against the publisher in this workspace,REAL
GUY,Food Products,3+ types,56.48,109,Structure matches the UNCTAD/World Bank NTM prevalence-by-sector export (WITS/TRAINS); not independently re-verified against the publisher in this workspace,REAL
GUY,Food Products,No NTMs,12.44,24,Structure matches the UNCTAD/World Bank NTM prevalence-by-sector export (WITS/TRAINS); not independently re-verified against the publisher in this workspace,REAL
GUY,Minerals,1 type,1.89,2,Structure matches the UNCTAD/World Bank NTM prevalence-by-sector export (WITS/TRAINS); not independently re-verified against the publisher in this workspace,REAL
GUY,Minerals,No NTMs,98.11,104,Structure matches the UNCTAD/World Bank NTM prevalence-by-sector export (WITS/TRAINS); not independently re-verified against the publisher in this workspace,REAL
GUY,Fuels,1 type,9.52,4,Structure matches the UNCTAD/World Bank NTM prevalence-by-sector export (WITS/TRAINS); not independently re-verified against the publisher in this workspace,REAL
GUY,Fuels,2 types,16.67,7,Structure matches the UNCTAD/World Bank NTM prevalence-by-sector export (WITS/TRAINS); not independently re-verified against the publisher in this workspace,REAL
GUY,Fuels,3+ types,2.38,1,Structure matches the UNCTAD/World Bank NTM prevalence-by-sector export (WITS/TRAINS); not independently re-verified against the publisher in this workspace,REAL
GUY,Fuels,No NTMs,71.43,30,Structure matches the UNCTAD/World Bank NTM prevalence-by-sector export (WITS/TRAINS); not independently re-verified against the publisher in this workspace,REAL
GUY,Chemicals,1 type,12.93,102,Structure matches the UNCTAD/World Bank NTM prevalence-by-sector export (WITS/TRAINS); not independently re-verified against the publisher in this workspace,REAL
GUY,Chemicals,2 types,32.07,253,Structure matches the UNCTAD/World Bank NTM prevalence-by-sector export (WITS/TRAINS); not independently re-verified against the publisher in this workspace,REAL
GUY,Chemicals,3+ types,10.14,80,Structure matches the UNCTAD/World Bank NTM prevalence-by-sector export (WITS/TRAINS); not independently re-verified against the publisher in this workspace,REAL
GUY,Chemicals,No NTMs,44.87,354,Structure matches the UNCTAD/World Bank NTM prevalence-by-sector export (WITS/TRAINS); not independently re-verified against the publisher in this workspace,REAL
GUY,Plastic or Rubber,1 type,46.92,99,Structure matches the UNCTAD/World Bank NTM prevalence-by-sector export (WITS/TRAINS); not independently re-verified against the publisher in this workspace,REAL
GUY,Plastic or Rubber,2 types,39.34,83,Structure matches the UNCTAD/World Bank NTM prevalence-by-sector export (WITS/TRAINS); not independently re-verified against the publisher in this workspace,REAL
GUY,Plastic or Rubber,No NTMs,13.74,29,Structure matches the UNCTAD/World Bank NTM prevalence-by-sector export (WITS/TRAINS); not independently re-verified against the publisher in this workspace,REAL
GUY,Hides and Skins,1 type,26.09,18,Structure matches the UNCTAD/World Bank NTM prevalence-by-sector export (WITS/TRAINS); not independently re-verified against the publisher in this workspace,REAL
GUY,Hides and Skins,2 types,28.99,20,Structure matches the UNCTAD/World Bank NTM prevalence-by-sector export (WITS/TRAINS); not independently re-verified against the publisher in this workspace,REAL
GUY,Hides and Skins,No NTMs,44.93,31,Structure matches the UNCTAD/World Bank NTM prevalence-by-sector export (WITS/TRAINS); not independently re-verified against the publisher in this workspace,REAL
GUY,Wood,1 type,36.29,86,Structure matches the UNCTAD/World Bank NTM prevalence-by-sector export (WITS/TRAINS); not independently re-verified against the publisher in this workspace,REAL
GUY,Wood,2 types,39.66,94,Structure matches the UNCTAD/World Bank NTM prevalence-by-sector export (WITS/TRAINS); not independently re-verified against the publisher in this workspace,REAL
GUY,Wood,3+ types,2.95,7,Structure matches the UNCTAD/World Bank NTM prevalence-by-sector export (WITS/TRAINS); not independently re-verified against the publisher in this workspace,REAL
GUY,Wood,No NTMs,21.1,50,Structure matches the UNCTAD/World Bank NTM prevalence-by-sector export (WITS/TRAINS); not independently re-verified against the publisher in this workspace,REAL
GUY,Textiles and Clothing,1 type,39.83,319,Structure matches the UNCTAD/World Bank NTM prevalence-by-sector export (WITS/TRAINS); not independently re-verified against the publisher in this workspace,REAL
GUY,Textiles and Clothing,2 types,22.85,183,Structure matches the UNCTAD/World Bank NTM prevalence-by-sector export (WITS/TRAINS); not independently re-verified against the publisher in this workspace,REAL
GUY,Textiles and Clothing,No NTMs,37.33,299,Structure matches the UNCTAD/World Bank NTM prevalence-by-sector export (WITS/TRAINS); not independently re-verified against the publisher in this workspace,REAL
GUY,Footwear,1 type,28.57,14,Structure matches the UNCTAD/World Bank NTM prevalence-by-sector export (WITS/TRAINS); not independently re-verified against the publisher in this workspace,REAL
GUY,Footwear,2 types,69.39,34,Structure matches the UNCTAD/World Bank NTM prevalence-by-sector export (WITS/TRAINS); not independently re-verified against the publisher in this workspace,REAL
GUY,Footwear,No NTMs,2.04,1,Structure matches the UNCTAD/World Bank NTM prevalence-by-sector export (WITS/TRAINS); not independently re-verified against the publisher in this workspace,REAL
GUY,Stone and Glass,1 type,47.96,94,Structure matches the UNCTAD/World Bank NTM prevalence-by-sector export (WITS/TRAINS); not independently re-verified against the publisher in this workspace,REAL
GUY,Stone and Glass,2 types,30.1,59,Structure matches the UNCTAD/World Bank NTM prevalence-by-sector export (WITS/TRAINS); not independently re-verified against the publisher in this workspace,REAL
GUY,Stone and Glass,No NTMs,21.94,43,Structure matches the UNCTAD/World Bank NTM prevalence-by-sector export (WITS/TRAINS); not independently re-verified against the publisher in this workspace,REAL
GUY,Metals,1 type,22.18,126,Structure matches the UNCTAD/World Bank NTM prevalence-by-sector export (WITS/TRAINS); not independently re-verified against the publisher in this workspace,REAL
GUY,Metals,2 types,34.15,194,Structure matches the UNCTAD/World Bank NTM prevalence-by-sector export (WITS/TRAINS); not independently re-verified against the publisher in this workspace,REAL
GUY,Metals,3+ types,0.18,1,Structure matches the UNCTAD/World Bank NTM prevalence-by-sector export (WITS/TRAINS); not independently re-verified against the publisher in this workspace,REAL
GUY,Metals,No NTMs,43.49,247,Structure matches the UNCTAD/World Bank NTM prevalence-by-sector export (WITS/TRAINS); not independently re-verified against the publisher in this workspace,REAL
GUY,Mach and Elec,1 type,2.21,17,Structure matches the UNCTAD/World Bank NTM prevalence-by-sector export (WITS/TRAINS); not independently re-verified against the publisher in this workspace,REAL
GUY,Mach and Elec,2 types,0.13,1,Structure matches the UNCTAD/World Bank NTM prevalence-by-sector export (WITS/TRAINS); not independently re-verified against the publisher in this workspace,REAL
GUY,Mach and Elec,No NTMs,97.66,751,Structure matches the UNCTAD/World Bank NTM prevalence-by-sector export (WITS/TRAINS); not independently re-verified against the publisher in this workspace,REAL
GUY,Transportation,1 type,32.82,43,Structure matches the UNCTAD/World Bank NTM prevalence-by-sector export (WITS/TRAINS); not independently re-verified against the publisher in this workspace,REAL
GUY,Transportation,No NTMs,67.18,88,Structure matches the UNCTAD/World Bank NTM prevalence-by-sector export (WITS/TRAINS); not independently re-verified against the publisher in this workspace,REAL
GUY,Miscellaneous,1 type,41.16,149,Structure matches the UNCTAD/World Bank NTM prevalence-by-sector export (WITS/TRAINS); not independently re-verified against the publisher in this workspace,REAL
GUY,Miscellaneous,2 types,48.9,177,Structure matches the UNCTAD/World Bank NTM prevalence-by-sector export (WITS/TRAINS); not independently re-verified against the publisher in this workspace,REAL
GUY,Miscellaneous,3+ types,1.66,6,Structure matches the UNCTAD/World Bank NTM prevalence-by-sector export (WITS/TRAINS); not independently re-verified against the publisher in this workspace,REAL
GUY,Miscellaneous,No NTMs,8.29,30,Structure matches the UNCTAD/World Bank NTM prevalence-by-sector export (WITS/TRAINS); not independently re-verified against the publisher in this workspace,REAL
GUY,All Import Products,1 type,22.49,1136,Structure matches the UNCTAD/World Bank NTM prevalence-by-sector export (WITS/TRAINS); not independently re-verified against the publisher in this workspace,REAL
GUY,All Import Products,2 types,25.04,1265,Structure matches the UNCTAD/World Bank NTM prevalence-by-sector export (WITS/TRAINS); not independently re-verified against the publisher in this workspace,REAL
GUY,All Import Products,3+ types,8.79,444,Structure matches the UNCTAD/World Bank NTM prevalence-by-sector export (WITS/TRAINS); not independently re-verified against the publisher in this workspace,REAL
GUY,All Import Products,No NTMs,43.69,2207,Structure matches the UNCTAD/World Bank NTM prevalence-by-sector export (WITS/TRAINS); not independently re-verified against the publisher in this workspace,REAL
HND,Animal,1 type,0.3,1,Structure matches the UNCTAD/World Bank NTM prevalence-by-sector export (WITS/TRAINS); not independently re-verified against the publisher in this workspace,REAL
HND,Animal,2 types,1.19,4,Structure matches the UNCTAD/World Bank NTM prevalence-by-sector export (WITS/TRAINS); not independently re-verified against the publisher in this workspace,REAL
HND,Animal,3+ types,1.19,4,Structure matches the UNCTAD/World Bank NTM prevalence-by-sector export (WITS/TRAINS); not independently re-verified against the publisher in this workspace,REAL
HND,Animal,No NTMs,97.32,327,Structure matches the UNCTAD/World Bank NTM prevalence-by-sector export (WITS/TRAINS); not independently re-verified against the publisher in this workspace,REAL
HND,Vegetable,1 type,0.57,2,Structure matches the UNCTAD/World Bank NTM prevalence-by-sector export (WITS/TRAINS); not independently re-verified against the publisher in this workspace,REAL
HND,Vegetable,3+ types,0.28,1,Structure matches the UNCTAD/World Bank NTM prevalence-by-sector export (WITS/TRAINS); not independently re-verified against the publisher in this workspace,REAL
HND,Vegetable,No NTMs,99.15,349,Structure matches the UNCTAD/World Bank NTM prevalence-by-sector export (WITS/TRAINS); not independently re-verified against the publisher in this workspace,REAL
HND,Food Products,2 types,0.47,1,Structure matches the UNCTAD/World Bank NTM prevalence-by-sector export (WITS/TRAINS); not independently re-verified against the publisher in this workspace,REAL
HND,Food Products,3+ types,0.95,2,Structure matches the UNCTAD/World Bank NTM prevalence-by-sector export (WITS/TRAINS); not independently re-verified against the publisher in this workspace,REAL
HND,Food Products,No NTMs,98.58,208,Structure matches the UNCTAD/World Bank NTM prevalence-by-sector export (WITS/TRAINS); not independently re-verified against the publisher in this workspace,REAL
HND,Minerals,No NTMs,100.0,105,Structure matches the UNCTAD/World Bank NTM prevalence-by-sector export (WITS/TRAINS); not independently re-verified against the publisher in this workspace,REAL
HND,Fuels,No NTMs,100.0,43,Structure matches the UNCTAD/World Bank NTM prevalence-by-sector export (WITS/TRAINS); not independently re-verified against the publisher in this workspace,REAL
HND,Chemicals,1 type,0.25,2,Structure matches the UNCTAD/World Bank NTM prevalence-by-sector export (WITS/TRAINS); not independently re-verified against the publisher in this workspace,REAL
HND,Chemicals,2 types,0.25,2,Structure matches the UNCTAD/World Bank NTM prevalence-by-sector export (WITS/TRAINS); not independently re-verified against the publisher in this workspace,REAL
HND,Chemicals,No NTMs,99.49,783,Structure matches the UNCTAD/World Bank NTM prevalence-by-sector export (WITS/TRAINS); not independently re-verified against the publisher in this workspace,REAL
HND,Plastic or Rubber,No NTMs,100.0,211,Structure matches the UNCTAD/World Bank NTM prevalence-by-sector export (WITS/TRAINS); not independently re-verified against the publisher in this workspace,REAL
HND,Hides and Skins,No NTMs,100.0,69,Structure matches the UNCTAD/World Bank NTM prevalence-by-sector export (WITS/TRAINS); not independently re-verified against the publisher in this workspace,REAL
HND,Wood,1 type,1.7,4,Structure matches the UNCTAD/World Bank NTM prevalence-by-sector export (WITS/TRAINS); not independently re-verified against the publisher in this workspace,REAL
HND,Wood,No NTMs,98.3,231,Structure matches the UNCTAD/World Bank NTM prevalence-by-sector export (WITS/TRAINS); not independently re-verified against the publisher in this workspace,REAL
HND,Textiles and Clothing,No NTMs,100.0,796,Structure matches the UNCTAD/World Bank NTM prevalence-by-sector export (WITS/TRAINS); not independently re-verified against the publisher in this workspace,REAL
HND,Footwear,No NTMs,100.0,47,Structure matches the UNCTAD/World Bank NTM prevalence-by-sector export (WITS/TRAINS); not independently re-verified against the publisher in this workspace,REAL
HND,Stone and Glass,No NTMs,100.0,195,Structure matches the UNCTAD/World Bank NTM prevalence-by-sector export (WITS/TRAINS); not independently re-verified against the publisher in this workspace,REAL
HND,Metals,No NTMs,100.0,563,Structure matches the UNCTAD/World Bank NTM prevalence-by-sector export (WITS/TRAINS); not independently re-verified against the publisher in this workspace,REAL
HND,Mach and Elec,No NTMs,100.0,771,Structure matches the UNCTAD/World Bank NTM prevalence-by-sector export (WITS/TRAINS); not independently re-verified against the publisher in this workspace,REAL
HND,Transportation,1 type,0.77,1,Structure matches the UNCTAD/World Bank NTM prevalence-by-sector export (WITS/TRAINS); not independently re-verified against the publisher in this workspace,REAL
HND,Transportation,No NTMs,99.23,129,Structure matches the UNCTAD/World Bank NTM prevalence-by-sector export (WITS/TRAINS); not independently re-verified against the publisher in this workspace,REAL
HND,Miscellaneous,No NTMs,100.0,354,Structure matches the UNCTAD/World Bank NTM prevalence-by-sector export (WITS/TRAINS); not independently re-verified against the publisher in this workspace,REAL
HND,All Import Products,1 type,0.19,10,Structure matches the UNCTAD/World Bank NTM prevalence-by-sector export (WITS/TRAINS); not independently re-verified against the publisher in this workspace,REAL
HND,All Import Products,2 types,0.13,7,Structure matches the UNCTAD/World Bank NTM prevalence-by-sector export (WITS/TRAINS); not independently re-verified against the publisher in this workspace,REAL
HND,All Import Products,3+ types,0.13,7,Structure matches the UNCTAD/World Bank NTM prevalence-by-sector export (WITS/TRAINS); not independently re-verified against the publisher in this workspace,REAL
HND,All Import Products,No NTMs,99.54,5181,Structure matches the UNCTAD/World Bank NTM prevalence-by-sector export (WITS/TRAINS); not independently re-verified against the publisher in this workspace,REAL
IDN,Animal,1 type,18.45,62,Structure matches the UNCTAD/World Bank NTM prevalence-by-sector export (WITS/TRAINS); not independently re-verified against the publisher in this workspace,REAL
IDN,Animal,2 types,2.98,10,Structure matches the UNCTAD/World Bank NTM prevalence-by-sector export (WITS/TRAINS); not independently re-verified against the publisher in this workspace,REAL
IDN,Animal,3+ types,60.12,202,Structure matches the UNCTAD/World Bank NTM prevalence-by-sector export (WITS/TRAINS); not independently re-verified against the publisher in this workspace,REAL
IDN,Animal,No NTMs,18.45,62,Structure matches the UNCTAD/World Bank NTM prevalence-by-sector export (WITS/TRAINS); not independently re-verified against the publisher in this workspace,REAL
IDN,Vegetable,1 type,26.14,92,Structure matches the UNCTAD/World Bank NTM prevalence-by-sector export (WITS/TRAINS); not independently re-verified against the publisher in this workspace,REAL
IDN,Vegetable,2 types,11.08,39,Structure matches the UNCTAD/World Bank NTM prevalence-by-sector export (WITS/TRAINS); not independently re-verified against the publisher in this workspace,REAL
IDN,Vegetable,3+ types,49.72,175,Structure matches the UNCTAD/World Bank NTM prevalence-by-sector export (WITS/TRAINS); not independently re-verified against the publisher in this workspace,REAL
IDN,Vegetable,No NTMs,13.07,46,Structure matches the UNCTAD/World Bank NTM prevalence-by-sector export (WITS/TRAINS); not independently re-verified against the publisher in this workspace,REAL
IDN,Food Products,1 type,10.9,23,Structure matches the UNCTAD/World Bank NTM prevalence-by-sector export (WITS/TRAINS); not independently re-verified against the publisher in this workspace,REAL
IDN,Food Products,2 types,21.8,46,Structure matches the UNCTAD/World Bank NTM prevalence-by-sector export (WITS/TRAINS); not independently re-verified against the publisher in this workspace,REAL
IDN,Food Products,3+ types,62.09,131,Structure matches the UNCTAD/World Bank NTM prevalence-by-sector export (WITS/TRAINS); not independently re-verified against the publisher in this workspace,REAL
IDN,Food Products,No NTMs,5.21,11,Structure matches the UNCTAD/World Bank NTM prevalence-by-sector export (WITS/TRAINS); not independently re-verified against the publisher in this workspace,REAL
IDN,Minerals,1 type,49.52,52,Structure matches the UNCTAD/World Bank NTM prevalence-by-sector export (WITS/TRAINS); not independently re-verified against the publisher in this workspace,REAL
IDN,Minerals,2 types,4.76,5,Structure matches the UNCTAD/World Bank NTM prevalence-by-sector export (WITS/TRAINS); not independently re-verified against the publisher in this workspace,REAL
IDN,Minerals,3+ types,4.76,5,Structure matches the UNCTAD/World Bank NTM prevalence-by-sector export (WITS/TRAINS); not independently re-verified against the publisher in this workspace,REAL
IDN,Minerals,No NTMs,40.95,43,Structure matches the UNCTAD/World Bank NTM prevalence-by-sector export (WITS/TRAINS); not independently re-verified against the publisher in this workspace,REAL
IDN,Fuels,1 type,48.84,21,Structure matches the UNCTAD/World Bank NTM prevalence-by-sector export (WITS/TRAINS); not independently re-verified against the publisher in this workspace,REAL
IDN,Fuels,2 types,2.33,1,Structure matches the UNCTAD/World Bank NTM prevalence-by-sector export (WITS/TRAINS); not independently re-verified against the publisher in this workspace,REAL
IDN,Fuels,3+ types,18.6,8,Structure matches the UNCTAD/World Bank NTM prevalence-by-sector export (WITS/TRAINS); not independently re-verified against the publisher in this workspace,REAL
IDN,Fuels,No NTMs,30.23,13,Structure matches the UNCTAD/World Bank NTM prevalence-by-sector export (WITS/TRAINS); not independently re-verified against the publisher in this workspace,REAL
IDN,Chemicals,1 type,18.3,144,Structure matches the UNCTAD/World Bank NTM prevalence-by-sector export (WITS/TRAINS); not independently re-verified against the publisher in this workspace,REAL
IDN,Chemicals,2 types,23.25,183,Structure matches the UNCTAD/World Bank NTM prevalence-by-sector export (WITS/TRAINS); not independently re-verified against the publisher in this workspace,REAL
IDN,Chemicals,3+ types,11.31,89,Structure matches the UNCTAD/World Bank NTM prevalence-by-sector export (WITS/TRAINS); not independently re-verified against the publisher in this workspace,REAL
IDN,Chemicals,No NTMs,47.14,371,Structure matches the UNCTAD/World Bank NTM prevalence-by-sector export (WITS/TRAINS); not independently re-verified against the publisher in this workspace,REAL
IDN,Plastic or Rubber,1 type,12.8,27,Structure matches the UNCTAD/World Bank NTM prevalence-by-sector export (WITS/TRAINS); not independently re-verified against the publisher in this workspace,REAL
IDN,Plastic or Rubber,2 types,12.8,27,Structure matches the UNCTAD/World Bank NTM prevalence-by-sector export (WITS/TRAINS); not independently re-verified against the publisher in this workspace,REAL
IDN,Plastic or Rubber,3+ types,1.42,3,Structure matches the UNCTAD/World Bank NTM prevalence-by-sector export (WITS/TRAINS); not independently re-verified against the publisher in this workspace,REAL
IDN,Plastic or Rubber,No NTMs,72.99,154,Structure matches the UNCTAD/World Bank NTM prevalence-by-sector export (WITS/TRAINS); not independently re-verified against the publisher in this workspace,REAL
IDN,Hides and Skins,1 type,72.46,50,Structure matches the UNCTAD/World Bank NTM prevalence-by-sector export (WITS/TRAINS); not independently re-verified against the publisher in this workspace,REAL
IDN,Hides and Skins,2 types,10.14,7,Structure matches the UNCTAD/World Bank NTM prevalence-by-sector export (WITS/TRAINS); not independently re-verified against the publisher in this workspace,REAL
IDN,Hides and Skins,3+ types,2.9,2,Structure matches the UNCTAD/World Bank NTM prevalence-by-sector export (WITS/TRAINS); not independently re-verified against the publisher in this workspace,REAL
IDN,Hides and Skins,No NTMs,14.49,10,Structure matches the UNCTAD/World Bank NTM prevalence-by-sector export (WITS/TRAINS); not independently re-verified against the publisher in this workspace,REAL
IDN,Wood,1 type,16.17,38,Structure matches the UNCTAD/World Bank NTM prevalence-by-sector export (WITS/TRAINS); not independently re-verified against the publisher in this workspace,REAL
IDN,Wood,2 types,31.06,73,Structure matches the UNCTAD/World Bank NTM prevalence-by-sector export (WITS/TRAINS); not independently re-verified against the publisher in this workspace,REAL
IDN,Wood,3+ types,0.85,2,Structure matches the UNCTAD/World Bank NTM prevalence-by-sector export (WITS/TRAINS); not independently re-verified against the publisher in this workspace,REAL
IDN,Wood,No NTMs,51.91,122,Structure matches the UNCTAD/World Bank NTM prevalence-by-sector export (WITS/TRAINS); not independently re-verified against the publisher in this workspace,REAL
IDN,Textiles and Clothing,1 type,20.98,167,Structure matches the UNCTAD/World Bank NTM prevalence-by-sector export (WITS/TRAINS); not independently re-verified against the publisher in this workspace,REAL
IDN,Textiles and Clothing,2 types,11.31,90,Structure matches the UNCTAD/World Bank NTM prevalence-by-sector export (WITS/TRAINS); not independently re-verified against the publisher in this workspace,REAL
IDN,Textiles and Clothing,3+ types,64.32,512,Structure matches the UNCTAD/World Bank NTM prevalence-by-sector export (WITS/TRAINS); not independently re-verified against the publisher in this workspace,REAL
IDN,Textiles and Clothing,No NTMs,3.39,27,Structure matches the UNCTAD/World Bank NTM prevalence-by-sector export (WITS/TRAINS); not independently re-verified against the publisher in this workspace,REAL
IDN,Footwear,1 type,14.89,7,Structure matches the UNCTAD/World Bank NTM prevalence-by-sector export (WITS/TRAINS); not independently re-verified against the publisher in this workspace,REAL
IDN,Footwear,2 types,2.13,1,Structure matches the UNCTAD/World Bank NTM prevalence-by-sector export (WITS/TRAINS); not independently re-verified against the publisher in this workspace,REAL
IDN,Footwear,3+ types,44.68,21,Structure matches the UNCTAD/World Bank NTM prevalence-by-sector export (WITS/TRAINS); not independently re-verified against the publisher in this workspace,REAL
IDN,Footwear,No NTMs,38.3,18,Structure matches the UNCTAD/World Bank NTM prevalence-by-sector export (WITS/TRAINS); not independently re-verified against the publisher in this workspace,REAL
IDN,Stone and Glass,1 type,31.79,62,Structure matches the UNCTAD/World Bank NTM prevalence-by-sector export (WITS/TRAINS); not independently re-verified against the publisher in this workspace,REAL
IDN,Stone and Glass,2 types,8.72,17,Structure matches the UNCTAD/World Bank NTM prevalence-by-sector export (WITS/TRAINS); not independently re-verified against the publisher in this workspace,REAL
IDN,Stone and Glass,3+ types,6.67,13,Structure matches the UNCTAD/World Bank NTM prevalence-by-sector export (WITS/TRAINS); not independently re-verified against the publisher in this workspace,REAL
IDN,Stone and Glass,No NTMs,52.82,103,Structure matches the UNCTAD/World Bank NTM prevalence-by-sector export (WITS/TRAINS); not independently re-verified against the publisher in this workspace,REAL
IDN,Metals,1 type,5.51,31,Structure matches the UNCTAD/World Bank NTM prevalence-by-sector export (WITS/TRAINS); not independently re-verified against the publisher in this workspace,REAL
IDN,Metals,2 types,24.33,137,Structure matches the UNCTAD/World Bank NTM prevalence-by-sector export (WITS/TRAINS); not independently re-verified against the publisher in this workspace,REAL
IDN,Metals,3+ types,1.95,11,Structure matches the UNCTAD/World Bank NTM prevalence-by-sector export (WITS/TRAINS); not independently re-verified against the publisher in this workspace,REAL
IDN,Metals,No NTMs,68.21,384,Structure matches the UNCTAD/World Bank NTM prevalence-by-sector export (WITS/TRAINS); not independently re-verified against the publisher in this workspace,REAL
IDN,Mach and Elec,1 type,14.14,109,Structure matches the UNCTAD/World Bank NTM prevalence-by-sector export (WITS/TRAINS); not independently re-verified against the publisher in this workspace,REAL
IDN,Mach and Elec,2 types,26.33,203,Structure matches the UNCTAD/World Bank NTM prevalence-by-sector export (WITS/TRAINS); not independently re-verified against the publisher in this workspace,REAL
IDN,Mach and Elec,3+ types,5.58,43,Structure matches the UNCTAD/World Bank NTM prevalence-by-sector export (WITS/TRAINS); not independently re-verified against the publisher in this workspace,REAL
IDN,Mach and Elec,No NTMs,53.96,416,Structure matches the UNCTAD/World Bank NTM prevalence-by-sector export (WITS/TRAINS); not independently re-verified against the publisher in this workspace,REAL
IDN,Transportation,1 type,12.31,16,Structure matches the UNCTAD/World Bank NTM prevalence-by-sector export (WITS/TRAINS); not independently re-verified against the publisher in this workspace,REAL
IDN,Transportation,2 types,39.23,51,Structure matches the UNCTAD/World Bank NTM prevalence-by-sector export (WITS/TRAINS); not independently re-verified against the publisher in this workspace,REAL
IDN,Transportation,3+ types,6.92,9,Structure matches the UNCTAD/World Bank NTM prevalence-by-sector export (WITS/TRAINS); not independently re-verified against the publisher in this workspace,REAL
IDN,Transportation,No NTMs,41.54,54,Structure matches the UNCTAD/World Bank NTM prevalence-by-sector export (WITS/TRAINS); not independently re-verified against the publisher in this workspace,REAL
IDN,Miscellaneous,1 type,30.23,107,Structure matches the UNCTAD/World Bank NTM prevalence-by-sector export (WITS/TRAINS); not independently re-verified against the publisher in this workspace,REAL
IDN,Miscellaneous,2 types,11.3,40,Structure matches the UNCTAD/World Bank NTM prevalence-by-sector export (WITS/TRAINS); not independently re-verified against the publisher in this workspace,REAL
IDN,Miscellaneous,3+ types,0.85,3,Structure matches the UNCTAD/World Bank NTM prevalence-by-sector export (WITS/TRAINS); not independently re-verified against the publisher in this workspace,REAL
IDN,Miscellaneous,No NTMs,57.63,204,Structure matches the UNCTAD/World Bank NTM prevalence-by-sector export (WITS/TRAINS); not independently re-verified against the publisher in this workspace,REAL
IDN,All Import Products,1 type,19.37,1008,Structure matches the UNCTAD/World Bank NTM prevalence-by-sector export (WITS/TRAINS); not independently re-verified against the publisher in this workspace,REAL
IDN,All Import Products,2 types,17.87,930,Structure matches the UNCTAD/World Bank NTM prevalence-by-sector export (WITS/TRAINS); not independently re-verified against the publisher in this workspace,REAL
IDN,All Import Products,3+ types,23.61,1229,Structure matches the UNCTAD/World Bank NTM prevalence-by-sector export (WITS/TRAINS); not independently re-verified against the publisher in this workspace,REAL
IDN,All Import Products,No NTMs,39.15,2038,Structure matches the UNCTAD/World Bank NTM prevalence-by-sector export (WITS/TRAINS); not independently re-verified against the publisher in this workspace,REAL
IND,Animal,1 type,22.81,52,Structure matches the UNCTAD/World Bank NTM prevalence-by-sector export (WITS/TRAINS); not independently re-verified against the publisher in this workspace,REAL
IND,Animal,2 types,16.67,38,Structure matches the UNCTAD/World Bank NTM prevalence-by-sector export (WITS/TRAINS); not independently re-verified against the publisher in this workspace,REAL
IND,Animal,3+ types,2.19,5,Structure matches the UNCTAD/World Bank NTM prevalence-by-sector export (WITS/TRAINS); not independently re-verified against the publisher in this workspace,REAL
IND,Animal,No NTMs,58.33,133,Structure matches the UNCTAD/World Bank NTM prevalence-by-sector export (WITS/TRAINS); not independently re-verified against the publisher in this workspace,REAL
IND,Vegetable,1 type,13.29,40,Structure matches the UNCTAD/World Bank NTM prevalence-by-sector export (WITS/TRAINS); not independently re-verified against the publisher in this workspace,REAL
IND,Vegetable,2 types,60.47,182,Structure matches the UNCTAD/World Bank NTM prevalence-by-sector export (WITS/TRAINS); not independently re-verified against the publisher in this workspace,REAL
IND,Vegetable,3+ types,8.31,25,Structure matches the UNCTAD/World Bank NTM prevalence-by-sector export (WITS/TRAINS); not independently re-verified against the publisher in this workspace,REAL
IND,Vegetable,No NTMs,17.94,54,Structure matches the UNCTAD/World Bank NTM prevalence-by-sector export (WITS/TRAINS); not independently re-verified against the publisher in this workspace,REAL
IND,Food Products,1 type,47.15,91,Structure matches the UNCTAD/World Bank NTM prevalence-by-sector export (WITS/TRAINS); not independently re-verified against the publisher in this workspace,REAL
IND,Food Products,2 types,45.6,88,Structure matches the UNCTAD/World Bank NTM prevalence-by-sector export (WITS/TRAINS); not independently re-verified against the publisher in this workspace,REAL
IND,Food Products,3+ types,2.59,5,Structure matches the UNCTAD/World Bank NTM prevalence-by-sector export (WITS/TRAINS); not independently re-verified against the publisher in this workspace,REAL
IND,Food Products,No NTMs,4.66,9,Structure matches the UNCTAD/World Bank NTM prevalence-by-sector export (WITS/TRAINS); not independently re-verified against the publisher in this workspace,REAL
IND,Minerals,1 type,24.53,26,Structure matches the UNCTAD/World Bank NTM prevalence-by-sector export (WITS/TRAINS); not independently re-verified against the publisher in this workspace,REAL
IND,Minerals,2 types,2.83,3,Structure matches the UNCTAD/World Bank NTM prevalence-by-sector export (WITS/TRAINS); not independently re-verified against the publisher in this workspace,REAL
IND,Minerals,No NTMs,72.64,77,Structure matches the UNCTAD/World Bank NTM prevalence-by-sector export (WITS/TRAINS); not independently re-verified against the publisher in this workspace,REAL
IND,Fuels,1 type,11.9,5,Structure matches the UNCTAD/World Bank NTM prevalence-by-sector export (WITS/TRAINS); not independently re-verified against the publisher in this workspace,REAL
IND,Fuels,No NTMs,88.1,37,Structure matches the UNCTAD/World Bank NTM prevalence-by-sector export (WITS/TRAINS); not independently re-verified against the publisher in this workspace,REAL
IND,Chemicals,1 type,25.6,202,Structure matches the UNCTAD/World Bank NTM prevalence-by-sector export (WITS/TRAINS); not independently re-verified against the publisher in this workspace,REAL
IND,Chemicals,2 types,10.01,79,Structure matches the UNCTAD/World Bank NTM prevalence-by-sector export (WITS/TRAINS); not independently re-verified against the publisher in this workspace,REAL
IND,Chemicals,3+ types,0.38,3,Structure matches the UNCTAD/World Bank NTM prevalence-by-sector export (WITS/TRAINS); not independently re-verified against the publisher in this workspace,REAL
IND,Chemicals,No NTMs,64.01,505,Structure matches the UNCTAD/World Bank NTM prevalence-by-sector export (WITS/TRAINS); not independently re-verified against the publisher in this workspace,REAL
IND,Plastic or Rubber,1 type,16.59,35,Structure matches the UNCTAD/World Bank NTM prevalence-by-sector export (WITS/TRAINS); not independently re-verified against the publisher in this workspace,REAL
IND,Plastic or Rubber,No NTMs,83.41,176,Structure matches the UNCTAD/World Bank NTM prevalence-by-sector export (WITS/TRAINS); not independently re-verified against the publisher in this workspace,REAL
IND,Hides and Skins,1 type,30.43,21,Structure matches the UNCTAD/World Bank NTM prevalence-by-sector export (WITS/TRAINS); not independently re-verified against the publisher in this workspace,REAL
IND,Hides and Skins,No NTMs,69.57,48,Structure matches the UNCTAD/World Bank NTM prevalence-by-sector export (WITS/TRAINS); not independently re-verified against the publisher in this workspace,REAL
IND,Wood,1 type,8.86,21,Structure matches the UNCTAD/World Bank NTM prevalence-by-sector export (WITS/TRAINS); not independently re-verified against the publisher in this workspace,REAL
IND,Wood,2 types,0.42,1,Structure matches the UNCTAD/World Bank NTM prevalence-by-sector export (WITS/TRAINS); not independently re-verified against the publisher in this workspace,REAL
IND,Wood,No NTMs,90.72,215,Structure matches the UNCTAD/World Bank NTM prevalence-by-sector export (WITS/TRAINS); not independently re-verified against the publisher in this workspace,REAL
IND,Textiles and Clothing,1 type,1.25,10,Structure matches the UNCTAD/World Bank NTM prevalence-by-sector export (WITS/TRAINS); not independently re-verified against the publisher in this workspace,REAL
IND,Textiles and Clothing,2 types,85.89,688,Structure matches the UNCTAD/World Bank NTM prevalence-by-sector export (WITS/TRAINS); not independently re-verified against the publisher in this workspace,REAL
IND,Textiles and Clothing,3+ types,12.11,97,Structure matches the UNCTAD/World Bank NTM prevalence-by-sector export (WITS/TRAINS); not independently re-verified against the publisher in this workspace,REAL
IND,Textiles and Clothing,No NTMs,0.75,6,Structure matches the UNCTAD/World Bank NTM prevalence-by-sector export (WITS/TRAINS); not independently re-verified against the publisher in this workspace,REAL
IND,Footwear,1 type,24.49,12,Structure matches the UNCTAD/World Bank NTM prevalence-by-sector export (WITS/TRAINS); not independently re-verified against the publisher in this workspace,REAL
IND,Footwear,No NTMs,75.51,37,Structure matches the UNCTAD/World Bank NTM prevalence-by-sector export (WITS/TRAINS); not independently re-verified against the publisher in this workspace,REAL
IND,Stone and Glass,1 type,20.41,40,Structure matches the UNCTAD/World Bank NTM prevalence-by-sector export (WITS/TRAINS); not independently re-verified against the publisher in this workspace,REAL
IND,Stone and Glass,No NTMs,79.59,156,Structure matches the UNCTAD/World Bank NTM prevalence-by-sector export (WITS/TRAINS); not independently re-verified against the publisher in this workspace,REAL
IND,Metals,1 type,15.49,88,Structure matches the UNCTAD/World Bank NTM prevalence-by-sector export (WITS/TRAINS); not independently re-verified against the publisher in this workspace,REAL
IND,Metals,2 types,2.46,14,Structure matches the UNCTAD/World Bank NTM prevalence-by-sector export (WITS/TRAINS); not independently re-verified against the publisher in this workspace,REAL
IND,Metals,No NTMs,82.04,466,Structure matches the UNCTAD/World Bank NTM prevalence-by-sector export (WITS/TRAINS); not independently re-verified against the publisher in this workspace,REAL
IND,Mach and Elec,1 type,13.39,103,Structure matches the UNCTAD/World Bank NTM prevalence-by-sector export (WITS/TRAINS); not independently re-verified against the publisher in this workspace,REAL
IND,Mach and Elec,2 types,1.3,10,Structure matches the UNCTAD/World Bank NTM prevalence-by-sector export (WITS/TRAINS); not independently re-verified against the publisher in this workspace,REAL
IND,Mach and Elec,3+ types,0.13,1,Structure matches the UNCTAD/World Bank NTM prevalence-by-sector export (WITS/TRAINS); not independently re-verified against the publisher in this workspace,REAL
IND,Mach and Elec,No NTMs,85.18,655,Structure matches the UNCTAD/World Bank NTM prevalence-by-sector export (WITS/TRAINS); not independently re-verified against the publisher in this workspace,REAL
IND,Transportation,1 type,4.58,6,Structure matches the UNCTAD/World Bank NTM prevalence-by-sector export (WITS/TRAINS); not independently re-verified against the publisher in this workspace,REAL
IND,Transportation,2 types,52.67,69,Structure matches the UNCTAD/World Bank NTM prevalence-by-sector export (WITS/TRAINS); not independently re-verified against the publisher in this workspace,REAL
IND,Transportation,3+ types,2.29,3,Structure matches the UNCTAD/World Bank NTM prevalence-by-sector export (WITS/TRAINS); not independently re-verified against the publisher in this workspace,REAL
IND,Transportation,No NTMs,40.46,53,Structure matches the UNCTAD/World Bank NTM prevalence-by-sector export (WITS/TRAINS); not independently re-verified against the publisher in this workspace,REAL
IND,Miscellaneous,1 type,8.01,29,Structure matches the UNCTAD/World Bank NTM prevalence-by-sector export (WITS/TRAINS); not independently re-verified against the publisher in this workspace,REAL
IND,Miscellaneous,No NTMs,91.99,333,Structure matches the UNCTAD/World Bank NTM prevalence-by-sector export (WITS/TRAINS); not independently re-verified against the publisher in this workspace,REAL
IND,All Import Products,1 type,15.46,781,Structure matches the UNCTAD/World Bank NTM prevalence-by-sector export (WITS/TRAINS); not independently re-verified against the publisher in this workspace,REAL
IND,All Import Products,2 types,23.2,1172,Structure matches the UNCTAD/World Bank NTM prevalence-by-sector export (WITS/TRAINS); not independently re-verified against the publisher in this workspace,REAL
IND,All Import Products,3+ types,2.75,139,Structure matches the UNCTAD/World Bank NTM prevalence-by-sector export (WITS/TRAINS); not independently re-verified against the publisher in this workspace,REAL
IND,All Import Products,No NTMs,58.59,2960,Structure matches the UNCTAD/World Bank NTM prevalence-by-sector export (WITS/TRAINS); not independently re-verified against the publisher in this workspace,REAL
ISR,Animal,1 type,3.87,13,Structure matches the UNCTAD/World Bank NTM prevalence-by-sector export (WITS/TRAINS); not independently re-verified against the publisher in this workspace,REAL
ISR,Animal,3+ types,61.31,206,Structure matches the UNCTAD/World Bank NTM prevalence-by-sector export (WITS/TRAINS); not independently re-verified against the publisher in this workspace,REAL
ISR,Animal,No NTMs,34.82,117,Structure matches the UNCTAD/World Bank NTM prevalence-by-sector export (WITS/TRAINS); not independently re-verified against the publisher in this workspace,REAL
ISR,Vegetable,1 type,51.99,183,Structure matches the UNCTAD/World Bank NTM prevalence-by-sector export (WITS/TRAINS); not independently re-verified against the publisher in this workspace,REAL
ISR,Vegetable,2 types,18.18,64,Structure matches the UNCTAD/World Bank NTM prevalence-by-sector export (WITS/TRAINS); not independently re-verified against the publisher in this workspace,REAL
ISR,Vegetable,3+ types,21.31,75,Structure matches the UNCTAD/World Bank NTM prevalence-by-sector export (WITS/TRAINS); not independently re-verified against the publisher in this workspace,REAL
ISR,Vegetable,No NTMs,8.52,30,Structure matches the UNCTAD/World Bank NTM prevalence-by-sector export (WITS/TRAINS); not independently re-verified against the publisher in this workspace,REAL
ISR,Food Products,1 type,66.35,140,Structure matches the UNCTAD/World Bank NTM prevalence-by-sector export (WITS/TRAINS); not independently re-verified against the publisher in this workspace,REAL
ISR,Food Products,2 types,7.11,15,Structure matches the UNCTAD/World Bank NTM prevalence-by-sector export (WITS/TRAINS); not independently re-verified against the publisher in this workspace,REAL
ISR,Food Products,3+ types,13.27,28,Structure matches the UNCTAD/World Bank NTM prevalence-by-sector export (WITS/TRAINS); not independently re-verified against the publisher in this workspace,REAL
ISR,Food Products,No NTMs,13.27,28,Structure matches the UNCTAD/World Bank NTM prevalence-by-sector export (WITS/TRAINS); not independently re-verified against the publisher in this workspace,REAL
ISR,Minerals,No NTMs,100.0,105,Structure matches the UNCTAD/World Bank NTM prevalence-by-sector export (WITS/TRAINS); not independently re-verified against the publisher in this workspace,REAL
ISR,Fuels,No NTMs,100.0,43,Structure matches the UNCTAD/World Bank NTM prevalence-by-sector export (WITS/TRAINS); not independently re-verified against the publisher in this workspace,REAL
ISR,Chemicals,1 type,16.52,130,Structure matches the UNCTAD/World Bank NTM prevalence-by-sector export (WITS/TRAINS); not independently re-verified against the publisher in this workspace,REAL
ISR,Chemicals,2 types,1.52,12,Structure matches the UNCTAD/World Bank NTM prevalence-by-sector export (WITS/TRAINS); not independently re-verified against the publisher in this workspace,REAL
ISR,Chemicals,No NTMs,81.96,645,Structure matches the UNCTAD/World Bank NTM prevalence-by-sector export (WITS/TRAINS); not independently re-verified against the publisher in this workspace,REAL
ISR,Plastic or Rubber,No NTMs,100.0,211,Structure matches the UNCTAD/World Bank NTM prevalence-by-sector export (WITS/TRAINS); not independently re-verified against the publisher in this workspace,REAL
ISR,Hides and Skins,3+ types,88.41,61,Structure matches the UNCTAD/World Bank NTM prevalence-by-sector export (WITS/TRAINS); not independently re-verified against the publisher in this workspace,REAL
ISR,Hides and Skins,No NTMs,11.59,8,Structure matches the UNCTAD/World Bank NTM prevalence-by-sector export (WITS/TRAINS); not independently re-verified against the publisher in this workspace,REAL
ISR,Wood,No NTMs,100.0,235,Structure matches the UNCTAD/World Bank NTM prevalence-by-sector export (WITS/TRAINS); not independently re-verified against the publisher in this workspace,REAL
ISR,Textiles and Clothing,No NTMs,100.0,796,Structure matches the UNCTAD/World Bank NTM prevalence-by-sector export (WITS/TRAINS); not independently re-verified against the publisher in this workspace,REAL
ISR,Footwear,No NTMs,100.0,47,Structure matches the UNCTAD/World Bank NTM prevalence-by-sector export (WITS/TRAINS); not independently re-verified against the publisher in this workspace,REAL
ISR,Stone and Glass,No NTMs,100.0,195,Structure matches the UNCTAD/World Bank NTM prevalence-by-sector export (WITS/TRAINS); not independently re-verified against the publisher in this workspace,REAL
ISR,Metals,No NTMs,100.0,563,Structure matches the UNCTAD/World Bank NTM prevalence-by-sector export (WITS/TRAINS); not independently re-verified against the publisher in this workspace,REAL
ISR,Mach and Elec,1 type,5.84,45,Structure matches the UNCTAD/World Bank NTM prevalence-by-sector export (WITS/TRAINS); not independently re-verified against the publisher in this workspace,REAL
ISR,Mach and Elec,No NTMs,94.16,726,Structure matches the UNCTAD/World Bank NTM prevalence-by-sector export (WITS/TRAINS); not independently re-verified against the publisher in this workspace,REAL
ISR,Transportation,1 type,23.08,30,Structure matches the UNCTAD/World Bank NTM prevalence-by-sector export (WITS/TRAINS); not independently re-verified against the publisher in this workspace,REAL
ISR,Transportation,No NTMs,76.92,100,Structure matches the UNCTAD/World Bank NTM prevalence-by-sector export (WITS/TRAINS); not independently re-verified against the publisher in this workspace,REAL
ISR,Miscellaneous,No NTMs,100.0,354,Structure matches the UNCTAD/World Bank NTM prevalence-by-sector export (WITS/TRAINS); not independently re-verified against the publisher in this workspace,REAL
ISR,All Import Products,1 type,10.39,541,Structure matches the UNCTAD/World Bank NTM prevalence-by-sector export (WITS/TRAINS); not independently re-verified against the publisher in this workspace,REAL
ISR,All Import Products,2 types,1.75,91,Structure matches the UNCTAD/World Bank NTM prevalence-by-sector export (WITS/TRAINS); not independently re-verified against the publisher in this workspace,REAL
ISR,All Import Products,3+ types,7.11,370,Structure matches the UNCTAD/World Bank NTM prevalence-by-sector export (WITS/TRAINS); not independently re-verified against the publisher in this workspace,REAL
ISR,All Import Products,No NTMs,80.75,4203,Structure matches the UNCTAD/World Bank NTM prevalence-by-sector export (WITS/TRAINS); not independently re-verified against the publisher in this workspace,REAL
JAM,Animal,1 type,10.12,34,Structure matches the UNCTAD/World Bank NTM prevalence-by-sector export (WITS/TRAINS); not independently re-verified against the publisher in this workspace,REAL
JAM,Animal,2 types,27.68,93,Structure matches the UNCTAD/World Bank NTM prevalence-by-sector export (WITS/TRAINS); not independently re-verified against the publisher in this workspace,REAL
JAM,Animal,3+ types,18.75,63,Structure matches the UNCTAD/World Bank NTM prevalence-by-sector export (WITS/TRAINS); not independently re-verified against the publisher in this workspace,REAL
JAM,Animal,No NTMs,43.45,146,Structure matches the UNCTAD/World Bank NTM prevalence-by-sector export (WITS/TRAINS); not independently re-verified against the publisher in this workspace,REAL
JAM,Vegetable,1 type,3.41,12,Structure matches the UNCTAD/World Bank NTM prevalence-by-sector export (WITS/TRAINS); not independently re-verified against the publisher in this workspace,REAL
JAM,Vegetable,2 types,70.74,249,Structure matches the UNCTAD/World Bank NTM prevalence-by-sector export (WITS/TRAINS); not independently re-verified against the publisher in this workspace,REAL
JAM,Vegetable,3+ types,5.11,18,Structure matches the UNCTAD/World Bank NTM prevalence-by-sector export (WITS/TRAINS); not independently re-verified against the publisher in this workspace,REAL
JAM,Vegetable,No NTMs,20.74,73,Structure matches the UNCTAD/World Bank NTM prevalence-by-sector export (WITS/TRAINS); not independently re-verified against the publisher in this workspace,REAL
JAM,Food Products,1 type,0.47,1,Structure matches the UNCTAD/World Bank NTM prevalence-by-sector export (WITS/TRAINS); not independently re-verified against the publisher in this workspace,REAL
JAM,Food Products,2 types,69.19,146,Structure matches the UNCTAD/World Bank NTM prevalence-by-sector export (WITS/TRAINS); not independently re-verified against the publisher in this workspace,REAL
JAM,Food Products,3+ types,19.91,42,Structure matches the UNCTAD/World Bank NTM prevalence-by-sector export (WITS/TRAINS); not independently re-verified against the publisher in this workspace,REAL
JAM,Food Products,No NTMs,10.43,22,Structure matches the UNCTAD/World Bank NTM prevalence-by-sector export (WITS/TRAINS); not independently re-verified against the publisher in this workspace,REAL
JAM,Minerals,1 type,0.95,1,Structure matches the UNCTAD/World Bank NTM prevalence-by-sector export (WITS/TRAINS); not independently re-verified against the publisher in this workspace,REAL
JAM,Minerals,2 types,2.86,3,Structure matches the UNCTAD/World Bank NTM prevalence-by-sector export (WITS/TRAINS); not independently re-verified against the publisher in this workspace,REAL
JAM,Minerals,No NTMs,96.19,101,Structure matches the UNCTAD/World Bank NTM prevalence-by-sector export (WITS/TRAINS); not independently re-verified against the publisher in this workspace,REAL
JAM,Fuels,2 types,16.28,7,Structure matches the UNCTAD/World Bank NTM prevalence-by-sector export (WITS/TRAINS); not independently re-verified against the publisher in this workspace,REAL
JAM,Fuels,3+ types,4.65,2,Structure matches the UNCTAD/World Bank NTM prevalence-by-sector export (WITS/TRAINS); not independently re-verified against the publisher in this workspace,REAL
JAM,Fuels,No NTMs,79.07,34,Structure matches the UNCTAD/World Bank NTM prevalence-by-sector export (WITS/TRAINS); not independently re-verified against the publisher in this workspace,REAL
JAM,Chemicals,1 type,7.75,61,Structure matches the UNCTAD/World Bank NTM prevalence-by-sector export (WITS/TRAINS); not independently re-verified against the publisher in this workspace,REAL
JAM,Chemicals,2 types,36.21,285,Structure matches the UNCTAD/World Bank NTM prevalence-by-sector export (WITS/TRAINS); not independently re-verified against the publisher in this workspace,REAL
JAM,Chemicals,No NTMs,56.04,441,Structure matches the UNCTAD/World Bank NTM prevalence-by-sector export (WITS/TRAINS); not independently re-verified against the publisher in this workspace,REAL
JAM,Plastic or Rubber,1 type,4.74,10,Structure matches the UNCTAD/World Bank NTM prevalence-by-sector export (WITS/TRAINS); not independently re-verified against the publisher in this workspace,REAL
JAM,Plastic or Rubber,2 types,0.47,1,Structure matches the UNCTAD/World Bank NTM prevalence-by-sector export (WITS/TRAINS); not independently re-verified against the publisher in this workspace,REAL
JAM,Plastic or Rubber,No NTMs,94.79,200,Structure matches the UNCTAD/World Bank NTM prevalence-by-sector export (WITS/TRAINS); not independently re-verified against the publisher in this workspace,REAL
JAM,Hides and Skins,2 types,2.9,2,Structure matches the UNCTAD/World Bank NTM prevalence-by-sector export (WITS/TRAINS); not independently re-verified against the publisher in this workspace,REAL
JAM,Hides and Skins,No NTMs,97.1,67,Structure matches the UNCTAD/World Bank NTM prevalence-by-sector export (WITS/TRAINS); not independently re-verified against the publisher in this workspace,REAL
JAM,Wood,1 type,3.4,8,Structure matches the UNCTAD/World Bank NTM prevalence-by-sector export (WITS/TRAINS); not independently re-verified against the publisher in this workspace,REAL
JAM,Wood,2 types,2.98,7,Structure matches the UNCTAD/World Bank NTM prevalence-by-sector export (WITS/TRAINS); not independently re-verified against the publisher in this workspace,REAL
JAM,Wood,No NTMs,93.62,220,Structure matches the UNCTAD/World Bank NTM prevalence-by-sector export (WITS/TRAINS); not independently re-verified against the publisher in this workspace,REAL
JAM,Textiles and Clothing,1 type,46.61,371,Structure matches the UNCTAD/World Bank NTM prevalence-by-sector export (WITS/TRAINS); not independently re-verified against the publisher in this workspace,REAL
JAM,Textiles and Clothing,No NTMs,53.39,425,Structure matches the UNCTAD/World Bank NTM prevalence-by-sector export (WITS/TRAINS); not independently re-verified against the publisher in this workspace,REAL
JAM,Footwear,1 type,44.68,21,Structure matches the UNCTAD/World Bank NTM prevalence-by-sector export (WITS/TRAINS); not independently re-verified against the publisher in this workspace,REAL
JAM,Footwear,No NTMs,55.32,26,Structure matches the UNCTAD/World Bank NTM prevalence-by-sector export (WITS/TRAINS); not independently re-verified against the publisher in this workspace,REAL
JAM,Stone and Glass,1 type,4.1,8,Structure matches the UNCTAD/World Bank NTM prevalence-by-sector export (WITS/TRAINS); not independently re-verified against the publisher in this workspace,REAL
JAM,Stone and Glass,2 types,0.51,1,Structure matches the UNCTAD/World Bank NTM prevalence-by-sector export (WITS/TRAINS); not independently re-verified against the publisher in this workspace,REAL
JAM,Stone and Glass,No NTMs,95.38,186,Structure matches the UNCTAD/World Bank NTM prevalence-by-sector export (WITS/TRAINS); not independently re-verified against the publisher in this workspace,REAL
JAM,Metals,1 type,0.53,3,Structure matches the UNCTAD/World Bank NTM prevalence-by-sector export (WITS/TRAINS); not independently re-verified against the publisher in this workspace,REAL
JAM,Metals,2 types,0.36,2,Structure matches the UNCTAD/World Bank NTM prevalence-by-sector export (WITS/TRAINS); not independently re-verified against the publisher in this workspace,REAL
JAM,Metals,No NTMs,99.11,558,Structure matches the UNCTAD/World Bank NTM prevalence-by-sector export (WITS/TRAINS); not independently re-verified against the publisher in this workspace,REAL
JAM,Mach and Elec,1 type,1.3,10,Structure matches the UNCTAD/World Bank NTM prevalence-by-sector export (WITS/TRAINS); not independently re-verified against the publisher in this workspace,REAL
JAM,Mach and Elec,No NTMs,98.7,761,Structure matches the UNCTAD/World Bank NTM prevalence-by-sector export (WITS/TRAINS); not independently re-verified against the publisher in this workspace,REAL
JAM,Transportation,1 type,28.46,37,Structure matches the UNCTAD/World Bank NTM prevalence-by-sector export (WITS/TRAINS); not independently re-verified against the publisher in this workspace,REAL
JAM,Transportation,No NTMs,71.54,93,Structure matches the UNCTAD/World Bank NTM prevalence-by-sector export (WITS/TRAINS); not independently re-verified against the publisher in this workspace,REAL
JAM,Miscellaneous,1 type,55.37,196,Structure matches the UNCTAD/World Bank NTM prevalence-by-sector export (WITS/TRAINS); not independently re-verified against the publisher in this workspace,REAL
JAM,Miscellaneous,2 types,1.13,4,Structure matches the UNCTAD/World Bank NTM prevalence-by-sector export (WITS/TRAINS); not independently re-verified against the publisher in this workspace,REAL
JAM,Miscellaneous,No NTMs,43.5,154,Structure matches the UNCTAD/World Bank NTM prevalence-by-sector export (WITS/TRAINS); not independently re-verified against the publisher in this workspace,REAL
JAM,All Import Products,1 type,14.85,773,Structure matches the UNCTAD/World Bank NTM prevalence-by-sector export (WITS/TRAINS); not independently re-verified against the publisher in this workspace,REAL
JAM,All Import Products,2 types,15.37,800,Structure matches the UNCTAD/World Bank NTM prevalence-by-sector export (WITS/TRAINS); not independently re-verified against the publisher in this workspace,REAL
JAM,All Import Products,3+ types,2.4,125,Structure matches the UNCTAD/World Bank NTM prevalence-by-sector export (WITS/TRAINS); not independently re-verified against the publisher in this workspace,REAL
JAM,All Import Products,No NTMs,67.38,3507,Structure matches the UNCTAD/World Bank NTM prevalence-by-sector export (WITS/TRAINS); not independently re-verified against the publisher in this workspace,REAL
JPN,Animal,1 type,13.99,47,Structure matches the UNCTAD/World Bank NTM prevalence-by-sector export (WITS/TRAINS); not independently re-verified against the publisher in this workspace,REAL
JPN,Animal,2 types,21.13,71,Structure matches the UNCTAD/World Bank NTM prevalence-by-sector export (WITS/TRAINS); not independently re-verified against the publisher in this workspace,REAL
JPN,Animal,3+ types,48.51,163,Structure matches the UNCTAD/World Bank NTM prevalence-by-sector export (WITS/TRAINS); not independently re-verified against the publisher in this workspace,REAL
JPN,Animal,No NTMs,16.37,55,Structure matches the UNCTAD/World Bank NTM prevalence-by-sector export (WITS/TRAINS); not independently re-verified against the publisher in this workspace,REAL
JPN,Vegetable,1 type,1.42,5,Structure matches the UNCTAD/World Bank NTM prevalence-by-sector export (WITS/TRAINS); not independently re-verified against the publisher in this workspace,REAL
JPN,Vegetable,2 types,42.05,148,Structure matches the UNCTAD/World Bank NTM prevalence-by-sector export (WITS/TRAINS); not independently re-verified against the publisher in this workspace,REAL
JPN,Vegetable,3+ types,49.43,174,Structure matches the UNCTAD/World Bank NTM prevalence-by-sector export (WITS/TRAINS); not independently re-verified against the publisher in this workspace,REAL
JPN,Vegetable,No NTMs,7.1,25,Structure matches the UNCTAD/World Bank NTM prevalence-by-sector export (WITS/TRAINS); not independently re-verified against the publisher in this workspace,REAL
JPN,Food Products,1 type,0.95,2,Structure matches the UNCTAD/World Bank NTM prevalence-by-sector export (WITS/TRAINS); not independently re-verified against the publisher in this workspace,REAL
JPN,Food Products,2 types,57.35,121,Structure matches the UNCTAD/World Bank NTM prevalence-by-sector export (WITS/TRAINS); not independently re-verified against the publisher in this workspace,REAL
JPN,Food Products,3+ types,37.91,80,Structure matches the UNCTAD/World Bank NTM prevalence-by-sector export (WITS/TRAINS); not independently re-verified against the publisher in this workspace,REAL
JPN,Food Products,No NTMs,3.79,8,Structure matches the UNCTAD/World Bank NTM prevalence-by-sector export (WITS/TRAINS); not independently re-verified against the publisher in this workspace,REAL
JPN,Minerals,1 type,1.9,2,Structure matches the UNCTAD/World Bank NTM prevalence-by-sector export (WITS/TRAINS); not independently re-verified against the publisher in this workspace,REAL
JPN,Minerals,2 types,0.95,1,Structure matches the UNCTAD/World Bank NTM prevalence-by-sector export (WITS/TRAINS); not independently re-verified against the publisher in this workspace,REAL
JPN,Minerals,3+ types,15.24,16,Structure matches the UNCTAD/World Bank NTM prevalence-by-sector export (WITS/TRAINS); not independently re-verified against the publisher in this workspace,REAL
JPN,Minerals,No NTMs,81.9,86,Structure matches the UNCTAD/World Bank NTM prevalence-by-sector export (WITS/TRAINS); not independently re-verified against the publisher in this workspace,REAL
JPN,Fuels,1 type,23.26,10,Structure matches the UNCTAD/World Bank NTM prevalence-by-sector export (WITS/TRAINS); not independently re-verified against the publisher in this workspace,REAL
JPN,Fuels,2 types,13.95,6,Structure matches the UNCTAD/World Bank NTM prevalence-by-sector export (WITS/TRAINS); not independently re-verified against the publisher in this workspace,REAL
JPN,Fuels,3+ types,37.21,16,Structure matches the UNCTAD/World Bank NTM prevalence-by-sector export (WITS/TRAINS); not independently re-verified against the publisher in this workspace,REAL
JPN,Fuels,No NTMs,25.58,11,Structure matches the UNCTAD/World Bank NTM prevalence-by-sector export (WITS/TRAINS); not independently re-verified against the publisher in this workspace,REAL
JPN,Chemicals,1 type,11.56,91,Structure matches the UNCTAD/World Bank NTM prevalence-by-sector export (WITS/TRAINS); not independently re-verified against the publisher in this workspace,REAL
JPN,Chemicals,2 types,10.04,79,Structure matches the UNCTAD/World Bank NTM prevalence-by-sector export (WITS/TRAINS); not independently re-verified against the publisher in this workspace,REAL
JPN,Chemicals,3+ types,52.48,413,Structure matches the UNCTAD/World Bank NTM prevalence-by-sector export (WITS/TRAINS); not independently re-verified against the publisher in this workspace,REAL
JPN,Chemicals,No NTMs,25.92,204,Structure matches the UNCTAD/World Bank NTM prevalence-by-sector export (WITS/TRAINS); not independently re-verified against the publisher in this workspace,REAL
JPN,Plastic or Rubber,1 type,2.37,5,Structure matches the UNCTAD/World Bank NTM prevalence-by-sector export (WITS/TRAINS); not independently re-verified against the publisher in this workspace,REAL
JPN,Plastic or Rubber,2 types,38.86,82,Structure matches the UNCTAD/World Bank NTM prevalence-by-sector export (WITS/TRAINS); not independently re-verified against the publisher in this workspace,REAL
JPN,Plastic or Rubber,3+ types,6.16,13,Structure matches the UNCTAD/World Bank NTM prevalence-by-sector export (WITS/TRAINS); not independently re-verified against the publisher in this workspace,REAL
JPN,Plastic or Rubber,No NTMs,52.61,111,Structure matches the UNCTAD/World Bank NTM prevalence-by-sector export (WITS/TRAINS); not independently re-verified against the publisher in this workspace,REAL
JPN,Hides and Skins,1 type,15.94,11,Structure matches the UNCTAD/World Bank NTM prevalence-by-sector export (WITS/TRAINS); not independently re-verified against the publisher in this workspace,REAL
JPN,Hides and Skins,2 types,5.8,4,Structure matches the UNCTAD/World Bank NTM prevalence-by-sector export (WITS/TRAINS); not independently re-verified against the publisher in this workspace,REAL
JPN,Hides and Skins,3+ types,31.88,22,Structure matches the UNCTAD/World Bank NTM prevalence-by-sector export (WITS/TRAINS); not independently re-verified against the publisher in this workspace,REAL
JPN,Hides and Skins,No NTMs,46.38,32,Structure matches the UNCTAD/World Bank NTM prevalence-by-sector export (WITS/TRAINS); not independently re-verified against the publisher in this workspace,REAL
JPN,Wood,1 type,1.28,3,Structure matches the UNCTAD/World Bank NTM prevalence-by-sector export (WITS/TRAINS); not independently re-verified against the publisher in this workspace,REAL
JPN,Wood,2 types,13.62,32,Structure matches the UNCTAD/World Bank NTM prevalence-by-sector export (WITS/TRAINS); not independently re-verified against the publisher in this workspace,REAL
JPN,Wood,3+ types,1.7,4,Structure matches the UNCTAD/World Bank NTM prevalence-by-sector export (WITS/TRAINS); not independently re-verified against the publisher in this workspace,REAL
JPN,Wood,No NTMs,83.4,196,Structure matches the UNCTAD/World Bank NTM prevalence-by-sector export (WITS/TRAINS); not independently re-verified against the publisher in this workspace,REAL
JPN,Textiles and Clothing,1 type,54.02,430,Structure matches the UNCTAD/World Bank NTM prevalence-by-sector export (WITS/TRAINS); not independently re-verified against the publisher in this workspace,REAL
JPN,Textiles and Clothing,2 types,1.63,13,Structure matches the UNCTAD/World Bank NTM prevalence-by-sector export (WITS/TRAINS); not independently re-verified against the publisher in this workspace,REAL
JPN,Textiles and Clothing,3+ types,1.63,13,Structure matches the UNCTAD/World Bank NTM prevalence-by-sector export (WITS/TRAINS); not independently re-verified against the publisher in this workspace,REAL
JPN,Textiles and Clothing,No NTMs,42.71,340,Structure matches the UNCTAD/World Bank NTM prevalence-by-sector export (WITS/TRAINS); not independently re-verified against the publisher in this workspace,REAL
JPN,Footwear,1 type,27.66,13,Structure matches the UNCTAD/World Bank NTM prevalence-by-sector export (WITS/TRAINS); not independently re-verified against the publisher in this workspace,REAL
JPN,Footwear,No NTMs,72.34,34,Structure matches the UNCTAD/World Bank NTM prevalence-by-sector export (WITS/TRAINS); not independently re-verified against the publisher in this workspace,REAL
JPN,Stone and Glass,1 type,2.56,5,Structure matches the UNCTAD/World Bank NTM prevalence-by-sector export (WITS/TRAINS); not independently re-verified against the publisher in this workspace,REAL
JPN,Stone and Glass,2 types,9.74,19,Structure matches the UNCTAD/World Bank NTM prevalence-by-sector export (WITS/TRAINS); not independently re-verified against the publisher in this workspace,REAL
JPN,Stone and Glass,3+ types,2.56,5,Structure matches the UNCTAD/World Bank NTM prevalence-by-sector export (WITS/TRAINS); not independently re-verified against the publisher in this workspace,REAL
JPN,Stone and Glass,No NTMs,85.13,166,Structure matches the UNCTAD/World Bank NTM prevalence-by-sector export (WITS/TRAINS); not independently re-verified against the publisher in this workspace,REAL
JPN,Metals,1 type,13.32,75,Structure matches the UNCTAD/World Bank NTM prevalence-by-sector export (WITS/TRAINS); not independently re-verified against the publisher in this workspace,REAL
JPN,Metals,2 types,2.13,12,Structure matches the UNCTAD/World Bank NTM prevalence-by-sector export (WITS/TRAINS); not independently re-verified against the publisher in this workspace,REAL
JPN,Metals,3+ types,4.62,26,Structure matches the UNCTAD/World Bank NTM prevalence-by-sector export (WITS/TRAINS); not independently re-verified against the publisher in this workspace,REAL
JPN,Metals,No NTMs,79.93,450,Structure matches the UNCTAD/World Bank NTM prevalence-by-sector export (WITS/TRAINS); not independently re-verified against the publisher in this workspace,REAL
JPN,Mach and Elec,1 type,3.37,26,Structure matches the UNCTAD/World Bank NTM prevalence-by-sector export (WITS/TRAINS); not independently re-verified against the publisher in this workspace,REAL
JPN,Mach and Elec,2 types,1.17,9,Structure matches the UNCTAD/World Bank NTM prevalence-by-sector export (WITS/TRAINS); not independently re-verified against the publisher in this workspace,REAL
JPN,Mach and Elec,3+ types,80.03,617,Structure matches the UNCTAD/World Bank NTM prevalence-by-sector export (WITS/TRAINS); not independently re-verified against the publisher in this workspace,REAL
JPN,Mach and Elec,No NTMs,15.43,119,Structure matches the UNCTAD/World Bank NTM prevalence-by-sector export (WITS/TRAINS); not independently re-verified against the publisher in this workspace,REAL
JPN,Transportation,1 type,34.62,45,Structure matches the UNCTAD/World Bank NTM prevalence-by-sector export (WITS/TRAINS); not independently re-verified against the publisher in this workspace,REAL
JPN,Transportation,2 types,9.23,12,Structure matches the UNCTAD/World Bank NTM prevalence-by-sector export (WITS/TRAINS); not independently re-verified against the publisher in this workspace,REAL
JPN,Transportation,3+ types,8.46,11,Structure matches the UNCTAD/World Bank NTM prevalence-by-sector export (WITS/TRAINS); not independently re-verified against the publisher in this workspace,REAL
JPN,Transportation,No NTMs,47.69,62,Structure matches the UNCTAD/World Bank NTM prevalence-by-sector export (WITS/TRAINS); not independently re-verified against the publisher in this workspace,REAL
JPN,Miscellaneous,1 type,20.34,72,Structure matches the UNCTAD/World Bank NTM prevalence-by-sector export (WITS/TRAINS); not independently re-verified against the publisher in this workspace,REAL
JPN,Miscellaneous,2 types,3.67,13,Structure matches the UNCTAD/World Bank NTM prevalence-by-sector export (WITS/TRAINS); not independently re-verified against the publisher in this workspace,REAL
JPN,Miscellaneous,3+ types,21.75,77,Structure matches the UNCTAD/World Bank NTM prevalence-by-sector export (WITS/TRAINS); not independently re-verified against the publisher in this workspace,REAL
JPN,Miscellaneous,No NTMs,54.24,192,Structure matches the UNCTAD/World Bank NTM prevalence-by-sector export (WITS/TRAINS); not independently re-verified against the publisher in this workspace,REAL
JPN,All Import Products,1 type,16.18,842,Structure matches the UNCTAD/World Bank NTM prevalence-by-sector export (WITS/TRAINS); not independently re-verified against the publisher in this workspace,REAL
JPN,All Import Products,2 types,11.95,622,Structure matches the UNCTAD/World Bank NTM prevalence-by-sector export (WITS/TRAINS); not independently re-verified against the publisher in this workspace,REAL
JPN,All Import Products,3+ types,31.7,1650,Structure matches the UNCTAD/World Bank NTM prevalence-by-sector export (WITS/TRAINS); not independently re-verified against the publisher in this workspace,REAL
JPN,All Import Products,No NTMs,40.17,2091,Structure matches the UNCTAD/World Bank NTM prevalence-by-sector export (WITS/TRAINS); not independently re-verified against the publisher in this workspace,REAL
KHM,Animal,1 type,4.17,14,Structure matches the UNCTAD/World Bank NTM prevalence-by-sector export (WITS/TRAINS); not independently re-verified against the publisher in this workspace,REAL
KHM,Animal,2 types,1.79,6,Structure matches the UNCTAD/World Bank NTM prevalence-by-sector export (WITS/TRAINS); not independently re-verified against the publisher in this workspace,REAL
KHM,Animal,3+ types,40.77,137,Structure matches the UNCTAD/World Bank NTM prevalence-by-sector export (WITS/TRAINS); not independently re-verified against the publisher in this workspace,REAL
KHM,Animal,No NTMs,53.27,179,Structure matches the UNCTAD/World Bank NTM prevalence-by-sector export (WITS/TRAINS); not independently re-verified against the publisher in this workspace,REAL
KHM,Vegetable,1 type,45.45,160,Structure matches the UNCTAD/World Bank NTM prevalence-by-sector export (WITS/TRAINS); not independently re-verified against the publisher in this workspace,REAL
KHM,Vegetable,2 types,17.61,62,Structure matches the UNCTAD/World Bank NTM prevalence-by-sector export (WITS/TRAINS); not independently re-verified against the publisher in this workspace,REAL
KHM,Vegetable,3+ types,11.36,40,Structure matches the UNCTAD/World Bank NTM prevalence-by-sector export (WITS/TRAINS); not independently re-verified against the publisher in this workspace,REAL
KHM,Vegetable,No NTMs,25.57,90,Structure matches the UNCTAD/World Bank NTM prevalence-by-sector export (WITS/TRAINS); not independently re-verified against the publisher in this workspace,REAL
KHM,Food Products,1 type,6.64,14,Structure matches the UNCTAD/World Bank NTM prevalence-by-sector export (WITS/TRAINS); not independently re-verified against the publisher in this workspace,REAL
KHM,Food Products,2 types,32.7,69,Structure matches the UNCTAD/World Bank NTM prevalence-by-sector export (WITS/TRAINS); not independently re-verified against the publisher in this workspace,REAL
KHM,Food Products,3+ types,46.92,99,Structure matches the UNCTAD/World Bank NTM prevalence-by-sector export (WITS/TRAINS); not independently re-verified against the publisher in this workspace,REAL
KHM,Food Products,No NTMs,13.74,29,Structure matches the UNCTAD/World Bank NTM prevalence-by-sector export (WITS/TRAINS); not independently re-verified against the publisher in this workspace,REAL
KHM,Minerals,1 type,11.43,12,Structure matches the UNCTAD/World Bank NTM prevalence-by-sector export (WITS/TRAINS); not independently re-verified against the publisher in this workspace,REAL
KHM,Minerals,No NTMs,88.57,93,Structure matches the UNCTAD/World Bank NTM prevalence-by-sector export (WITS/TRAINS); not independently re-verified against the publisher in this workspace,REAL
KHM,Fuels,1 type,37.21,16,Structure matches the UNCTAD/World Bank NTM prevalence-by-sector export (WITS/TRAINS); not independently re-verified against the publisher in this workspace,REAL
KHM,Fuels,2 types,6.98,3,Structure matches the UNCTAD/World Bank NTM prevalence-by-sector export (WITS/TRAINS); not independently re-verified against the publisher in this workspace,REAL
KHM,Fuels,No NTMs,55.81,24,Structure matches the UNCTAD/World Bank NTM prevalence-by-sector export (WITS/TRAINS); not independently re-verified against the publisher in this workspace,REAL
KHM,Chemicals,1 type,41.42,326,Structure matches the UNCTAD/World Bank NTM prevalence-by-sector export (WITS/TRAINS); not independently re-verified against the publisher in this workspace,REAL
KHM,Chemicals,2 types,7.62,60,Structure matches the UNCTAD/World Bank NTM prevalence-by-sector export (WITS/TRAINS); not independently re-verified against the publisher in this workspace,REAL
KHM,Chemicals,3+ types,2.03,16,Structure matches the UNCTAD/World Bank NTM prevalence-by-sector export (WITS/TRAINS); not independently re-verified against the publisher in this workspace,REAL
KHM,Chemicals,No NTMs,48.92,385,Structure matches the UNCTAD/World Bank NTM prevalence-by-sector export (WITS/TRAINS); not independently re-verified against the publisher in this workspace,REAL
KHM,Plastic or Rubber,1 type,27.96,59,Structure matches the UNCTAD/World Bank NTM prevalence-by-sector export (WITS/TRAINS); not independently re-verified against the publisher in this workspace,REAL
KHM,Plastic or Rubber,2 types,0.47,1,Structure matches the UNCTAD/World Bank NTM prevalence-by-sector export (WITS/TRAINS); not independently re-verified against the publisher in this workspace,REAL
KHM,Plastic or Rubber,3+ types,1.9,4,Structure matches the UNCTAD/World Bank NTM prevalence-by-sector export (WITS/TRAINS); not independently re-verified against the publisher in this workspace,REAL
KHM,Plastic or Rubber,No NTMs,69.67,147,Structure matches the UNCTAD/World Bank NTM prevalence-by-sector export (WITS/TRAINS); not independently re-verified against the publisher in this workspace,REAL
KHM,Hides and Skins,1 type,14.49,10,Structure matches the UNCTAD/World Bank NTM prevalence-by-sector export (WITS/TRAINS); not independently re-verified against the publisher in this workspace,REAL
KHM,Hides and Skins,2 types,1.45,1,Structure matches the UNCTAD/World Bank NTM prevalence-by-sector export (WITS/TRAINS); not independently re-verified against the publisher in this workspace,REAL
KHM,Hides and Skins,3+ types,44.93,31,Structure matches the UNCTAD/World Bank NTM prevalence-by-sector export (WITS/TRAINS); not independently re-verified against the publisher in this workspace,REAL
KHM,Hides and Skins,No NTMs,39.13,27,Structure matches the UNCTAD/World Bank NTM prevalence-by-sector export (WITS/TRAINS); not independently re-verified against the publisher in this workspace,REAL
KHM,Wood,1 type,25.96,61,Structure matches the UNCTAD/World Bank NTM prevalence-by-sector export (WITS/TRAINS); not independently re-verified against the publisher in this workspace,REAL
KHM,Wood,2 types,20.43,48,Structure matches the UNCTAD/World Bank NTM prevalence-by-sector export (WITS/TRAINS); not independently re-verified against the publisher in this workspace,REAL
KHM,Wood,3+ types,27.66,65,Structure matches the UNCTAD/World Bank NTM prevalence-by-sector export (WITS/TRAINS); not independently re-verified against the publisher in this workspace,REAL
KHM,Wood,No NTMs,25.96,61,Structure matches the UNCTAD/World Bank NTM prevalence-by-sector export (WITS/TRAINS); not independently re-verified against the publisher in this workspace,REAL
KHM,Textiles and Clothing,1 type,30.15,240,Structure matches the UNCTAD/World Bank NTM prevalence-by-sector export (WITS/TRAINS); not independently re-verified against the publisher in this workspace,REAL
KHM,Textiles and Clothing,2 types,17.46,139,Structure matches the UNCTAD/World Bank NTM prevalence-by-sector export (WITS/TRAINS); not independently re-verified against the publisher in this workspace,REAL
KHM,Textiles and Clothing,3+ types,25.75,205,Structure matches the UNCTAD/World Bank NTM prevalence-by-sector export (WITS/TRAINS); not independently re-verified against the publisher in this workspace,REAL
KHM,Textiles and Clothing,No NTMs,26.63,212,Structure matches the UNCTAD/World Bank NTM prevalence-by-sector export (WITS/TRAINS); not independently re-verified against the publisher in this workspace,REAL
KHM,Footwear,1 type,40.43,19,Structure matches the UNCTAD/World Bank NTM prevalence-by-sector export (WITS/TRAINS); not independently re-verified against the publisher in this workspace,REAL
KHM,Footwear,2 types,8.51,4,Structure matches the UNCTAD/World Bank NTM prevalence-by-sector export (WITS/TRAINS); not independently re-verified against the publisher in this workspace,REAL
KHM,Footwear,3+ types,31.91,15,Structure matches the UNCTAD/World Bank NTM prevalence-by-sector export (WITS/TRAINS); not independently re-verified against the publisher in this workspace,REAL
KHM,Footwear,No NTMs,19.15,9,Structure matches the UNCTAD/World Bank NTM prevalence-by-sector export (WITS/TRAINS); not independently re-verified against the publisher in this workspace,REAL
KHM,Stone and Glass,1 type,2.56,5,Structure matches the UNCTAD/World Bank NTM prevalence-by-sector export (WITS/TRAINS); not independently re-verified against the publisher in this workspace,REAL
KHM,Stone and Glass,2 types,2.05,4,Structure matches the UNCTAD/World Bank NTM prevalence-by-sector export (WITS/TRAINS); not independently re-verified against the publisher in this workspace,REAL
KHM,Stone and Glass,3+ types,5.13,10,Structure matches the UNCTAD/World Bank NTM prevalence-by-sector export (WITS/TRAINS); not independently re-verified against the publisher in this workspace,REAL
KHM,Stone and Glass,No NTMs,90.26,176,Structure matches the UNCTAD/World Bank NTM prevalence-by-sector export (WITS/TRAINS); not independently re-verified against the publisher in this workspace,REAL
KHM,Metals,1 type,3.02,17,Structure matches the UNCTAD/World Bank NTM prevalence-by-sector export (WITS/TRAINS); not independently re-verified against the publisher in this workspace,REAL
KHM,Metals,3+ types,0.18,1,Structure matches the UNCTAD/World Bank NTM prevalence-by-sector export (WITS/TRAINS); not independently re-verified against the publisher in this workspace,REAL
KHM,Metals,No NTMs,96.8,545,Structure matches the UNCTAD/World Bank NTM prevalence-by-sector export (WITS/TRAINS); not independently re-verified against the publisher in this workspace,REAL
KHM,Mach and Elec,1 type,47.6,367,Structure matches the UNCTAD/World Bank NTM prevalence-by-sector export (WITS/TRAINS); not independently re-verified against the publisher in this workspace,REAL
KHM,Mach and Elec,2 types,47.34,365,Structure matches the UNCTAD/World Bank NTM prevalence-by-sector export (WITS/TRAINS); not independently re-verified against the publisher in this workspace,REAL
KHM,Mach and Elec,3+ types,0.26,2,Structure matches the UNCTAD/World Bank NTM prevalence-by-sector export (WITS/TRAINS); not independently re-verified against the publisher in this workspace,REAL
KHM,Mach and Elec,No NTMs,4.8,37,Structure matches the UNCTAD/World Bank NTM prevalence-by-sector export (WITS/TRAINS); not independently re-verified against the publisher in this workspace,REAL
KHM,Transportation,1 type,16.15,21,Structure matches the UNCTAD/World Bank NTM prevalence-by-sector export (WITS/TRAINS); not independently re-verified against the publisher in this workspace,REAL
KHM,Transportation,2 types,25.38,33,Structure matches the UNCTAD/World Bank NTM prevalence-by-sector export (WITS/TRAINS); not independently re-verified against the publisher in this workspace,REAL
KHM,Transportation,3+ types,36.92,48,Structure matches the UNCTAD/World Bank NTM prevalence-by-sector export (WITS/TRAINS); not independently re-verified against the publisher in this workspace,REAL
KHM,Transportation,No NTMs,21.54,28,Structure matches the UNCTAD/World Bank NTM prevalence-by-sector export (WITS/TRAINS); not independently re-verified against the publisher in this workspace,REAL
KHM,Miscellaneous,1 type,22.32,79,Structure matches the UNCTAD/World Bank NTM prevalence-by-sector export (WITS/TRAINS); not independently re-verified against the publisher in this workspace,REAL
KHM,Miscellaneous,2 types,16.67,59,Structure matches the UNCTAD/World Bank NTM prevalence-by-sector export (WITS/TRAINS); not independently re-verified against the publisher in this workspace,REAL
KHM,Miscellaneous,3+ types,11.3,40,Structure matches the UNCTAD/World Bank NTM prevalence-by-sector export (WITS/TRAINS); not independently re-verified against the publisher in this workspace,REAL
KHM,Miscellaneous,No NTMs,49.72,176,Structure matches the UNCTAD/World Bank NTM prevalence-by-sector export (WITS/TRAINS); not independently re-verified against the publisher in this workspace,REAL
KHM,All Import Products,1 type,27.28,1420,Structure matches the UNCTAD/World Bank NTM prevalence-by-sector export (WITS/TRAINS); not independently re-verified against the publisher in this workspace,REAL
KHM,All Import Products,2 types,16.41,854,Structure matches the UNCTAD/World Bank NTM prevalence-by-sector export (WITS/TRAINS); not independently re-verified against the publisher in this workspace,REAL
KHM,All Import Products,3+ types,13.7,713,Structure matches the UNCTAD/World Bank NTM prevalence-by-sector export (WITS/TRAINS); not independently re-verified against the publisher in this workspace,REAL
KHM,All Import Products,No NTMs,42.61,2218,Structure matches the UNCTAD/World Bank NTM prevalence-by-sector export (WITS/TRAINS); not independently re-verified against the publisher in this workspace,REAL
KWT,Animal,1 type,4.46,15,Structure matches the UNCTAD/World Bank NTM prevalence-by-sector export (WITS/TRAINS); not independently re-verified against the publisher in this workspace,REAL
KWT,Animal,2 types,0.3,1,Structure matches the UNCTAD/World Bank NTM prevalence-by-sector export (WITS/TRAINS); not independently re-verified against the publisher in this workspace,REAL
KWT,Animal,3+ types,70.54,237,Structure matches the UNCTAD/World Bank NTM prevalence-by-sector export (WITS/TRAINS); not independently re-verified against the publisher in this workspace,REAL
KWT,Animal,No NTMs,24.7,83,Structure matches the UNCTAD/World Bank NTM prevalence-by-sector export (WITS/TRAINS); not independently re-verified against the publisher in this workspace,REAL
KWT,Vegetable,1 type,0.28,1,Structure matches the UNCTAD/World Bank NTM prevalence-by-sector export (WITS/TRAINS); not independently re-verified against the publisher in this workspace,REAL
KWT,Vegetable,2 types,2.56,9,Structure matches the UNCTAD/World Bank NTM prevalence-by-sector export (WITS/TRAINS); not independently re-verified against the publisher in this workspace,REAL
KWT,Vegetable,3+ types,92.05,324,Structure matches the UNCTAD/World Bank NTM prevalence-by-sector export (WITS/TRAINS); not independently re-verified against the publisher in this workspace,REAL
KWT,Vegetable,No NTMs,5.11,18,Structure matches the UNCTAD/World Bank NTM prevalence-by-sector export (WITS/TRAINS); not independently re-verified against the publisher in this workspace,REAL
KWT,Food Products,1 type,0.95,2,Structure matches the UNCTAD/World Bank NTM prevalence-by-sector export (WITS/TRAINS); not independently re-verified against the publisher in this workspace,REAL
KWT,Food Products,2 types,6.64,14,Structure matches the UNCTAD/World Bank NTM prevalence-by-sector export (WITS/TRAINS); not independently re-verified against the publisher in this workspace,REAL
KWT,Food Products,3+ types,78.67,166,Structure matches the UNCTAD/World Bank NTM prevalence-by-sector export (WITS/TRAINS); not independently re-verified against the publisher in this workspace,REAL
KWT,Food Products,No NTMs,13.74,29,Structure matches the UNCTAD/World Bank NTM prevalence-by-sector export (WITS/TRAINS); not independently re-verified against the publisher in this workspace,REAL
KWT,Minerals,2 types,1.9,2,Structure matches the UNCTAD/World Bank NTM prevalence-by-sector export (WITS/TRAINS); not independently re-verified against the publisher in this workspace,REAL
KWT,Minerals,No NTMs,98.1,103,Structure matches the UNCTAD/World Bank NTM prevalence-by-sector export (WITS/TRAINS); not independently re-verified against the publisher in this workspace,REAL
KWT,Fuels,1 type,20.93,9,Structure matches the UNCTAD/World Bank NTM prevalence-by-sector export (WITS/TRAINS); not independently re-verified against the publisher in this workspace,REAL
KWT,Fuels,2 types,16.28,7,Structure matches the UNCTAD/World Bank NTM prevalence-by-sector export (WITS/TRAINS); not independently re-verified against the publisher in this workspace,REAL
KWT,Fuels,No NTMs,62.79,27,Structure matches the UNCTAD/World Bank NTM prevalence-by-sector export (WITS/TRAINS); not independently re-verified against the publisher in this workspace,REAL
KWT,Chemicals,1 type,4.83,38,Structure matches the UNCTAD/World Bank NTM prevalence-by-sector export (WITS/TRAINS); not independently re-verified against the publisher in this workspace,REAL
KWT,Chemicals,2 types,2.92,23,Structure matches the UNCTAD/World Bank NTM prevalence-by-sector export (WITS/TRAINS); not independently re-verified against the publisher in this workspace,REAL
KWT,Chemicals,3+ types,10.29,81,Structure matches the UNCTAD/World Bank NTM prevalence-by-sector export (WITS/TRAINS); not independently re-verified against the publisher in this workspace,REAL
KWT,Chemicals,No NTMs,81.96,645,Structure matches the UNCTAD/World Bank NTM prevalence-by-sector export (WITS/TRAINS); not independently re-verified against the publisher in this workspace,REAL
KWT,Plastic or Rubber,1 type,0.95,2,Structure matches the UNCTAD/World Bank NTM prevalence-by-sector export (WITS/TRAINS); not independently re-verified against the publisher in this workspace,REAL
KWT,Plastic or Rubber,2 types,0.47,1,Structure matches the UNCTAD/World Bank NTM prevalence-by-sector export (WITS/TRAINS); not independently re-verified against the publisher in this workspace,REAL
KWT,Plastic or Rubber,No NTMs,98.58,208,Structure matches the UNCTAD/World Bank NTM prevalence-by-sector export (WITS/TRAINS); not independently re-verified against the publisher in this workspace,REAL
KWT,Hides and Skins,1 type,26.09,18,Structure matches the UNCTAD/World Bank NTM prevalence-by-sector export (WITS/TRAINS); not independently re-verified against the publisher in this workspace,REAL
KWT,Hides and Skins,No NTMs,73.91,51,Structure matches the UNCTAD/World Bank NTM prevalence-by-sector export (WITS/TRAINS); not independently re-verified against the publisher in this workspace,REAL
KWT,Wood,1 type,4.68,11,Structure matches the UNCTAD/World Bank NTM prevalence-by-sector export (WITS/TRAINS); not independently re-verified against the publisher in this workspace,REAL
KWT,Wood,No NTMs,95.32,224,Structure matches the UNCTAD/World Bank NTM prevalence-by-sector export (WITS/TRAINS); not independently re-verified against the publisher in this workspace,REAL
KWT,Textiles and Clothing,1 type,7.16,57,Structure matches the UNCTAD/World Bank NTM prevalence-by-sector export (WITS/TRAINS); not independently re-verified against the publisher in this workspace,REAL
KWT,Textiles and Clothing,No NTMs,92.84,739,Structure matches the UNCTAD/World Bank NTM prevalence-by-sector export (WITS/TRAINS); not independently re-verified against the publisher in this workspace,REAL
KWT,Footwear,1 type,27.66,13,Structure matches the UNCTAD/World Bank NTM prevalence-by-sector export (WITS/TRAINS); not independently re-verified against the publisher in this workspace,REAL
KWT,Footwear,No NTMs,72.34,34,Structure matches the UNCTAD/World Bank NTM prevalence-by-sector export (WITS/TRAINS); not independently re-verified against the publisher in this workspace,REAL
KWT,Stone and Glass,1 type,0.51,1,Structure matches the UNCTAD/World Bank NTM prevalence-by-sector export (WITS/TRAINS); not independently re-verified against the publisher in this workspace,REAL
KWT,Stone and Glass,2 types,8.72,17,Structure matches the UNCTAD/World Bank NTM prevalence-by-sector export (WITS/TRAINS); not independently re-verified against the publisher in this workspace,REAL
KWT,Stone and Glass,No NTMs,90.77,177,Structure matches the UNCTAD/World Bank NTM prevalence-by-sector export (WITS/TRAINS); not independently re-verified against the publisher in this workspace,REAL
KWT,Metals,1 type,3.2,18,Structure matches the UNCTAD/World Bank NTM prevalence-by-sector export (WITS/TRAINS); not independently re-verified against the publisher in this workspace,REAL
KWT,Metals,No NTMs,96.8,545,Structure matches the UNCTAD/World Bank NTM prevalence-by-sector export (WITS/TRAINS); not independently re-verified against the publisher in this workspace,REAL
KWT,Mach and Elec,1 type,0.78,6,Structure matches the UNCTAD/World Bank NTM prevalence-by-sector export (WITS/TRAINS); not independently re-verified against the publisher in this workspace,REAL
KWT,Mach and Elec,2 types,1.17,9,Structure matches the UNCTAD/World Bank NTM prevalence-by-sector export (WITS/TRAINS); not independently re-verified against the publisher in this workspace,REAL
KWT,Mach and Elec,No NTMs,98.05,756,Structure matches the UNCTAD/World Bank NTM prevalence-by-sector export (WITS/TRAINS); not independently re-verified against the publisher in this workspace,REAL
KWT,Transportation,1 type,22.31,29,Structure matches the UNCTAD/World Bank NTM prevalence-by-sector export (WITS/TRAINS); not independently re-verified against the publisher in this workspace,REAL
KWT,Transportation,2 types,0.77,1,Structure matches the UNCTAD/World Bank NTM prevalence-by-sector export (WITS/TRAINS); not independently re-verified against the publisher in this workspace,REAL
KWT,Transportation,No NTMs,76.92,100,Structure matches the UNCTAD/World Bank NTM prevalence-by-sector export (WITS/TRAINS); not independently re-verified against the publisher in this workspace,REAL
KWT,Miscellaneous,1 type,5.93,21,Structure matches the UNCTAD/World Bank NTM prevalence-by-sector export (WITS/TRAINS); not independently re-verified against the publisher in this workspace,REAL
KWT,Miscellaneous,2 types,7.63,27,Structure matches the UNCTAD/World Bank NTM prevalence-by-sector export (WITS/TRAINS); not independently re-verified against the publisher in this workspace,REAL
KWT,Miscellaneous,3+ types,4.8,17,Structure matches the UNCTAD/World Bank NTM prevalence-by-sector export (WITS/TRAINS); not independently re-verified against the publisher in this workspace,REAL
KWT,Miscellaneous,No NTMs,81.64,289,Structure matches the UNCTAD/World Bank NTM prevalence-by-sector export (WITS/TRAINS); not independently re-verified against the publisher in this workspace,REAL
KWT,All Import Products,1 type,4.63,241,Structure matches the UNCTAD/World Bank NTM prevalence-by-sector export (WITS/TRAINS); not independently re-verified against the publisher in this workspace,REAL
KWT,All Import Products,2 types,2.13,111,Structure matches the UNCTAD/World Bank NTM prevalence-by-sector export (WITS/TRAINS); not independently re-verified against the publisher in this workspace,REAL
KWT,All Import Products,3+ types,15.85,825,Structure matches the UNCTAD/World Bank NTM prevalence-by-sector export (WITS/TRAINS); not independently re-verified against the publisher in this workspace,REAL
KWT,All Import Products,No NTMs,77.39,4028,Structure matches the UNCTAD/World Bank NTM prevalence-by-sector export (WITS/TRAINS); not independently re-verified against the publisher in this workspace,REAL
LBN,Animal,1 type,4.17,14,Structure matches the UNCTAD/World Bank NTM prevalence-by-sector export (WITS/TRAINS); not independently re-verified against the publisher in this workspace,REAL
LBN,Animal,2 types,26.19,88,Structure matches the UNCTAD/World Bank NTM prevalence-by-sector export (WITS/TRAINS); not independently re-verified against the publisher in this workspace,REAL
LBN,Animal,3+ types,33.93,114,Structure matches the UNCTAD/World Bank NTM prevalence-by-sector export (WITS/TRAINS); not independently re-verified against the publisher in this workspace,REAL
LBN,Animal,No NTMs,35.71,120,Structure matches the UNCTAD/World Bank NTM prevalence-by-sector export (WITS/TRAINS); not independently re-verified against the publisher in this workspace,REAL
LBN,Vegetable,1 type,45.74,161,Structure matches the UNCTAD/World Bank NTM prevalence-by-sector export (WITS/TRAINS); not independently re-verified against the publisher in this workspace,REAL
LBN,Vegetable,2 types,41.48,146,Structure matches the UNCTAD/World Bank NTM prevalence-by-sector export (WITS/TRAINS); not independently re-verified against the publisher in this workspace,REAL
LBN,Vegetable,3+ types,3.41,12,Structure matches the UNCTAD/World Bank NTM prevalence-by-sector export (WITS/TRAINS); not independently re-verified against the publisher in this workspace,REAL
LBN,Vegetable,No NTMs,9.38,33,Structure matches the UNCTAD/World Bank NTM prevalence-by-sector export (WITS/TRAINS); not independently re-verified against the publisher in this workspace,REAL
LBN,Food Products,1 type,22.75,48,Structure matches the UNCTAD/World Bank NTM prevalence-by-sector export (WITS/TRAINS); not independently re-verified against the publisher in this workspace,REAL
LBN,Food Products,2 types,45.97,97,Structure matches the UNCTAD/World Bank NTM prevalence-by-sector export (WITS/TRAINS); not independently re-verified against the publisher in this workspace,REAL
LBN,Food Products,3+ types,18.48,39,Structure matches the UNCTAD/World Bank NTM prevalence-by-sector export (WITS/TRAINS); not independently re-verified against the publisher in this workspace,REAL
LBN,Food Products,No NTMs,12.8,27,Structure matches the UNCTAD/World Bank NTM prevalence-by-sector export (WITS/TRAINS); not independently re-verified against the publisher in this workspace,REAL
LBN,Minerals,2 types,1.9,2,Structure matches the UNCTAD/World Bank NTM prevalence-by-sector export (WITS/TRAINS); not independently re-verified against the publisher in this workspace,REAL
LBN,Minerals,3+ types,5.71,6,Structure matches the UNCTAD/World Bank NTM prevalence-by-sector export (WITS/TRAINS); not independently re-verified against the publisher in this workspace,REAL
LBN,Minerals,No NTMs,92.38,97,Structure matches the UNCTAD/World Bank NTM prevalence-by-sector export (WITS/TRAINS); not independently re-verified against the publisher in this workspace,REAL
LBN,Fuels,1 type,6.98,3,Structure matches the UNCTAD/World Bank NTM prevalence-by-sector export (WITS/TRAINS); not independently re-verified against the publisher in this workspace,REAL
LBN,Fuels,No NTMs,93.02,40,Structure matches the UNCTAD/World Bank NTM prevalence-by-sector export (WITS/TRAINS); not independently re-verified against the publisher in this workspace,REAL
LBN,Chemicals,1 type,4.7,37,Structure matches the UNCTAD/World Bank NTM prevalence-by-sector export (WITS/TRAINS); not independently re-verified against the publisher in this workspace,REAL
LBN,Chemicals,2 types,6.23,49,Structure matches the UNCTAD/World Bank NTM prevalence-by-sector export (WITS/TRAINS); not independently re-verified against the publisher in this workspace,REAL
LBN,Chemicals,3+ types,6.23,49,Structure matches the UNCTAD/World Bank NTM prevalence-by-sector export (WITS/TRAINS); not independently re-verified against the publisher in this workspace,REAL
LBN,Chemicals,No NTMs,82.85,652,Structure matches the UNCTAD/World Bank NTM prevalence-by-sector export (WITS/TRAINS); not independently re-verified against the publisher in this workspace,REAL
LBN,Plastic or Rubber,2 types,0.47,1,Structure matches the UNCTAD/World Bank NTM prevalence-by-sector export (WITS/TRAINS); not independently re-verified against the publisher in this workspace,REAL
LBN,Plastic or Rubber,3+ types,2.37,5,Structure matches the UNCTAD/World Bank NTM prevalence-by-sector export (WITS/TRAINS); not independently re-verified against the publisher in this workspace,REAL
LBN,Plastic or Rubber,No NTMs,97.16,205,Structure matches the UNCTAD/World Bank NTM prevalence-by-sector export (WITS/TRAINS); not independently re-verified against the publisher in this workspace,REAL
LBN,Hides and Skins,2 types,47.83,33,Structure matches the UNCTAD/World Bank NTM prevalence-by-sector export (WITS/TRAINS); not independently re-verified against the publisher in this workspace,REAL
LBN,Hides and Skins,No NTMs,52.17,36,Structure matches the UNCTAD/World Bank NTM prevalence-by-sector export (WITS/TRAINS); not independently re-verified against the publisher in this workspace,REAL
LBN,Wood,1 type,21.28,50,Structure matches the UNCTAD/World Bank NTM prevalence-by-sector export (WITS/TRAINS); not independently re-verified against the publisher in this workspace,REAL
LBN,Wood,2 types,0.85,2,Structure matches the UNCTAD/World Bank NTM prevalence-by-sector export (WITS/TRAINS); not independently re-verified against the publisher in this workspace,REAL
LBN,Wood,3+ types,0.85,2,Structure matches the UNCTAD/World Bank NTM prevalence-by-sector export (WITS/TRAINS); not independently re-verified against the publisher in this workspace,REAL
LBN,Wood,No NTMs,77.02,181,Structure matches the UNCTAD/World Bank NTM prevalence-by-sector export (WITS/TRAINS); not independently re-verified against the publisher in this workspace,REAL
LBN,Textiles and Clothing,1 type,0.75,6,Structure matches the UNCTAD/World Bank NTM prevalence-by-sector export (WITS/TRAINS); not independently re-verified against the publisher in this workspace,REAL
LBN,Textiles and Clothing,3+ types,1.01,8,Structure matches the UNCTAD/World Bank NTM prevalence-by-sector export (WITS/TRAINS); not independently re-verified against the publisher in this workspace,REAL
LBN,Textiles and Clothing,No NTMs,98.24,782,Structure matches the UNCTAD/World Bank NTM prevalence-by-sector export (WITS/TRAINS); not independently re-verified against the publisher in this workspace,REAL
LBN,Footwear,No NTMs,100.0,47,Structure matches the UNCTAD/World Bank NTM prevalence-by-sector export (WITS/TRAINS); not independently re-verified against the publisher in this workspace,REAL
LBN,Stone and Glass,1 type,5.13,10,Structure matches the UNCTAD/World Bank NTM prevalence-by-sector export (WITS/TRAINS); not independently re-verified against the publisher in this workspace,REAL
LBN,Stone and Glass,3+ types,2.05,4,Structure matches the UNCTAD/World Bank NTM prevalence-by-sector export (WITS/TRAINS); not independently re-verified against the publisher in this workspace,REAL
LBN,Stone and Glass,No NTMs,92.82,181,Structure matches the UNCTAD/World Bank NTM prevalence-by-sector export (WITS/TRAINS); not independently re-verified against the publisher in this workspace,REAL
LBN,Metals,1 type,3.02,17,Structure matches the UNCTAD/World Bank NTM prevalence-by-sector export (WITS/TRAINS); not independently re-verified against the publisher in this workspace,REAL
LBN,Metals,2 types,0.18,1,Structure matches the UNCTAD/World Bank NTM prevalence-by-sector export (WITS/TRAINS); not independently re-verified against the publisher in this workspace,REAL
LBN,Metals,3+ types,3.2,18,Structure matches the UNCTAD/World Bank NTM prevalence-by-sector export (WITS/TRAINS); not independently re-verified against the publisher in this workspace,REAL
LBN,Metals,No NTMs,93.61,527,Structure matches the UNCTAD/World Bank NTM prevalence-by-sector export (WITS/TRAINS); not independently re-verified against the publisher in this workspace,REAL
LBN,Mach and Elec,1 type,16.08,124,Structure matches the UNCTAD/World Bank NTM prevalence-by-sector export (WITS/TRAINS); not independently re-verified against the publisher in this workspace,REAL
LBN,Mach and Elec,3+ types,1.17,9,Structure matches the UNCTAD/World Bank NTM prevalence-by-sector export (WITS/TRAINS); not independently re-verified against the publisher in this workspace,REAL
LBN,Mach and Elec,No NTMs,82.75,638,Structure matches the UNCTAD/World Bank NTM prevalence-by-sector export (WITS/TRAINS); not independently re-verified against the publisher in this workspace,REAL
LBN,Transportation,1 type,2.31,3,Structure matches the UNCTAD/World Bank NTM prevalence-by-sector export (WITS/TRAINS); not independently re-verified against the publisher in this workspace,REAL
LBN,Transportation,2 types,15.38,20,Structure matches the UNCTAD/World Bank NTM prevalence-by-sector export (WITS/TRAINS); not independently re-verified against the publisher in this workspace,REAL
LBN,Transportation,3+ types,0.77,1,Structure matches the UNCTAD/World Bank NTM prevalence-by-sector export (WITS/TRAINS); not independently re-verified against the publisher in this workspace,REAL
LBN,Transportation,No NTMs,81.54,106,Structure matches the UNCTAD/World Bank NTM prevalence-by-sector export (WITS/TRAINS); not independently re-verified against the publisher in this workspace,REAL
LBN,Miscellaneous,1 type,5.65,20,Structure matches the UNCTAD/World Bank NTM prevalence-by-sector export (WITS/TRAINS); not independently re-verified against the publisher in this workspace,REAL
LBN,Miscellaneous,2 types,5.65,20,Structure matches the UNCTAD/World Bank NTM prevalence-by-sector export (WITS/TRAINS); not independently re-verified against the publisher in this workspace,REAL
LBN,Miscellaneous,3+ types,1.98,7,Structure matches the UNCTAD/World Bank NTM prevalence-by-sector export (WITS/TRAINS); not independently re-verified against the publisher in this workspace,REAL
LBN,Miscellaneous,No NTMs,86.72,307,Structure matches the UNCTAD/World Bank NTM prevalence-by-sector export (WITS/TRAINS); not independently re-verified against the publisher in this workspace,REAL
LBN,All Import Products,1 type,9.47,493,Structure matches the UNCTAD/World Bank NTM prevalence-by-sector export (WITS/TRAINS); not independently re-verified against the publisher in this workspace,REAL
LBN,All Import Products,2 types,8.82,459,Structure matches the UNCTAD/World Bank NTM prevalence-by-sector export (WITS/TRAINS); not independently re-verified against the publisher in this workspace,REAL
LBN,All Import Products,3+ types,5.26,274,Structure matches the UNCTAD/World Bank NTM prevalence-by-sector export (WITS/TRAINS); not independently re-verified against the publisher in this workspace,REAL
LBN,All Import Products,No NTMs,76.45,3979,Structure matches the UNCTAD/World Bank NTM prevalence-by-sector export (WITS/TRAINS); not independently re-verified against the publisher in this workspace,REAL
LBR,Animal,1 type,2.98,10,Structure matches the UNCTAD/World Bank NTM prevalence-by-sector export (WITS/TRAINS); not independently re-verified against the publisher in this workspace,REAL
LBR,Animal,2 types,38.69,130,Structure matches the UNCTAD/World Bank NTM prevalence-by-sector export (WITS/TRAINS); not independently re-verified against the publisher in this workspace,REAL
LBR,Animal,3+ types,6.55,22,Structure matches the UNCTAD/World Bank NTM prevalence-by-sector export (WITS/TRAINS); not independently re-verified against the publisher in this workspace,REAL
LBR,Animal,No NTMs,51.79,174,Structure matches the UNCTAD/World Bank NTM prevalence-by-sector export (WITS/TRAINS); not independently re-verified against the publisher in this workspace,REAL
LBR,Vegetable,1 type,5.68,20,Structure matches the UNCTAD/World Bank NTM prevalence-by-sector export (WITS/TRAINS); not independently re-verified against the publisher in this workspace,REAL
LBR,Vegetable,2 types,46.31,163,Structure matches the UNCTAD/World Bank NTM prevalence-by-sector export (WITS/TRAINS); not independently re-verified against the publisher in this workspace,REAL
LBR,Vegetable,3+ types,16.48,58,Structure matches the UNCTAD/World Bank NTM prevalence-by-sector export (WITS/TRAINS); not independently re-verified against the publisher in this workspace,REAL
LBR,Vegetable,No NTMs,31.53,111,Structure matches the UNCTAD/World Bank NTM prevalence-by-sector export (WITS/TRAINS); not independently re-verified against the publisher in this workspace,REAL
LBR,Food Products,1 type,2.37,5,Structure matches the UNCTAD/World Bank NTM prevalence-by-sector export (WITS/TRAINS); not independently re-verified against the publisher in this workspace,REAL
LBR,Food Products,2 types,55.45,117,Structure matches the UNCTAD/World Bank NTM prevalence-by-sector export (WITS/TRAINS); not independently re-verified against the publisher in this workspace,REAL
LBR,Food Products,3+ types,21.33,45,Structure matches the UNCTAD/World Bank NTM prevalence-by-sector export (WITS/TRAINS); not independently re-verified against the publisher in this workspace,REAL
LBR,Food Products,No NTMs,20.85,44,Structure matches the UNCTAD/World Bank NTM prevalence-by-sector export (WITS/TRAINS); not independently re-verified against the publisher in this workspace,REAL
LBR,Minerals,1 type,10.48,11,Structure matches the UNCTAD/World Bank NTM prevalence-by-sector export (WITS/TRAINS); not independently re-verified against the publisher in this workspace,REAL
LBR,Minerals,2 types,2.86,3,Structure matches the UNCTAD/World Bank NTM prevalence-by-sector export (WITS/TRAINS); not independently re-verified against the publisher in this workspace,REAL
LBR,Minerals,No NTMs,86.67,91,Structure matches the UNCTAD/World Bank NTM prevalence-by-sector export (WITS/TRAINS); not independently re-verified against the publisher in this workspace,REAL
LBR,Fuels,1 type,25.58,11,Structure matches the UNCTAD/World Bank NTM prevalence-by-sector export (WITS/TRAINS); not independently re-verified against the publisher in this workspace,REAL
LBR,Fuels,2 types,6.98,3,Structure matches the UNCTAD/World Bank NTM prevalence-by-sector export (WITS/TRAINS); not independently re-verified against the publisher in this workspace,REAL
LBR,Fuels,3+ types,2.33,1,Structure matches the UNCTAD/World Bank NTM prevalence-by-sector export (WITS/TRAINS); not independently re-verified against the publisher in this workspace,REAL
LBR,Fuels,No NTMs,65.12,28,Structure matches the UNCTAD/World Bank NTM prevalence-by-sector export (WITS/TRAINS); not independently re-verified against the publisher in this workspace,REAL
LBR,Chemicals,1 type,30.88,243,Structure matches the UNCTAD/World Bank NTM prevalence-by-sector export (WITS/TRAINS); not independently re-verified against the publisher in this workspace,REAL
LBR,Chemicals,2 types,7.75,61,Structure matches the UNCTAD/World Bank NTM prevalence-by-sector export (WITS/TRAINS); not independently re-verified against the publisher in this workspace,REAL
LBR,Chemicals,3+ types,0.89,7,Structure matches the UNCTAD/World Bank NTM prevalence-by-sector export (WITS/TRAINS); not independently re-verified against the publisher in this workspace,REAL
LBR,Chemicals,No NTMs,60.48,476,Structure matches the UNCTAD/World Bank NTM prevalence-by-sector export (WITS/TRAINS); not independently re-verified against the publisher in this workspace,REAL
LBR,Plastic or Rubber,1 type,6.64,14,Structure matches the UNCTAD/World Bank NTM prevalence-by-sector export (WITS/TRAINS); not independently re-verified against the publisher in this workspace,REAL
LBR,Plastic or Rubber,2 types,1.42,3,Structure matches the UNCTAD/World Bank NTM prevalence-by-sector export (WITS/TRAINS); not independently re-verified against the publisher in this workspace,REAL
LBR,Plastic or Rubber,No NTMs,91.94,194,Structure matches the UNCTAD/World Bank NTM prevalence-by-sector export (WITS/TRAINS); not independently re-verified against the publisher in this workspace,REAL
LBR,Hides and Skins,No NTMs,100.0,69,Structure matches the UNCTAD/World Bank NTM prevalence-by-sector export (WITS/TRAINS); not independently re-verified against the publisher in this workspace,REAL
LBR,Wood,1 type,4.68,11,Structure matches the UNCTAD/World Bank NTM prevalence-by-sector export (WITS/TRAINS); not independently re-verified against the publisher in this workspace,REAL
LBR,Wood,No NTMs,95.32,224,Structure matches the UNCTAD/World Bank NTM prevalence-by-sector export (WITS/TRAINS); not independently re-verified against the publisher in this workspace,REAL
LBR,Textiles and Clothing,No NTMs,100.0,796,Structure matches the UNCTAD/World Bank NTM prevalence-by-sector export (WITS/TRAINS); not independently re-verified against the publisher in this workspace,REAL
LBR,Footwear,No NTMs,100.0,47,Structure matches the UNCTAD/World Bank NTM prevalence-by-sector export (WITS/TRAINS); not independently re-verified against the publisher in this workspace,REAL
LBR,Stone and Glass,1 type,5.64,11,Structure matches the UNCTAD/World Bank NTM prevalence-by-sector export (WITS/TRAINS); not independently re-verified against the publisher in this workspace,REAL
LBR,Stone and Glass,2 types,1.03,2,Structure matches the UNCTAD/World Bank NTM prevalence-by-sector export (WITS/TRAINS); not independently re-verified against the publisher in this workspace,REAL
LBR,Stone and Glass,No NTMs,93.33,182,Structure matches the UNCTAD/World Bank NTM prevalence-by-sector export (WITS/TRAINS); not independently re-verified against the publisher in this workspace,REAL
LBR,Metals,1 type,5.51,31,Structure matches the UNCTAD/World Bank NTM prevalence-by-sector export (WITS/TRAINS); not independently re-verified against the publisher in this workspace,REAL
LBR,Metals,No NTMs,94.49,532,Structure matches the UNCTAD/World Bank NTM prevalence-by-sector export (WITS/TRAINS); not independently re-verified against the publisher in this workspace,REAL
LBR,Mach and Elec,1 type,46.04,355,Structure matches the UNCTAD/World Bank NTM prevalence-by-sector export (WITS/TRAINS); not independently re-verified against the publisher in this workspace,REAL
LBR,Mach and Elec,2 types,42.54,328,Structure matches the UNCTAD/World Bank NTM prevalence-by-sector export (WITS/TRAINS); not independently re-verified against the publisher in this workspace,REAL
LBR,Mach and Elec,3+ types,0.91,7,Structure matches the UNCTAD/World Bank NTM prevalence-by-sector export (WITS/TRAINS); not independently re-verified against the publisher in this workspace,REAL
LBR,Mach and Elec,No NTMs,10.51,81,Structure matches the UNCTAD/World Bank NTM prevalence-by-sector export (WITS/TRAINS); not independently re-verified against the publisher in this workspace,REAL
LBR,Transportation,1 type,13.08,17,Structure matches the UNCTAD/World Bank NTM prevalence-by-sector export (WITS/TRAINS); not independently re-verified against the publisher in this workspace,REAL
LBR,Transportation,2 types,0.77,1,Structure matches the UNCTAD/World Bank NTM prevalence-by-sector export (WITS/TRAINS); not independently re-verified against the publisher in this workspace,REAL
LBR,Transportation,No NTMs,86.15,112,Structure matches the UNCTAD/World Bank NTM prevalence-by-sector export (WITS/TRAINS); not independently re-verified against the publisher in this workspace,REAL
LBR,Miscellaneous,1 type,11.02,39,Structure matches the UNCTAD/World Bank NTM prevalence-by-sector export (WITS/TRAINS); not independently re-verified against the publisher in this workspace,REAL
LBR,Miscellaneous,No NTMs,88.98,315,Structure matches the UNCTAD/World Bank NTM prevalence-by-sector export (WITS/TRAINS); not independently re-verified against the publisher in this workspace,REAL
LBR,All Import Products,1 type,14.95,778,Structure matches the UNCTAD/World Bank NTM prevalence-by-sector export (WITS/TRAINS); not independently re-verified against the publisher in this workspace,REAL
LBR,All Import Products,2 types,15.58,811,Structure matches the UNCTAD/World Bank NTM prevalence-by-sector export (WITS/TRAINS); not independently re-verified against the publisher in this workspace,REAL
LBR,All Import Products,3+ types,2.69,140,Structure matches the UNCTAD/World Bank NTM prevalence-by-sector export (WITS/TRAINS); not independently re-verified against the publisher in this workspace,REAL
LBR,All Import Products,No NTMs,66.78,3476,Structure matches the UNCTAD/World Bank NTM prevalence-by-sector export (WITS/TRAINS); not independently re-verified against the publisher in this workspace,REAL
LKA,Animal,1 type,10.42,35,Structure matches the UNCTAD/World Bank NTM prevalence-by-sector export (WITS/TRAINS); not independently re-verified against the publisher in this workspace,REAL
LKA,Animal,3+ types,61.61,207,Structure matches the UNCTAD/World Bank NTM prevalence-by-sector export (WITS/TRAINS); not independently re-verified against the publisher in this workspace,REAL
LKA,Animal,No NTMs,27.98,94,Structure matches the UNCTAD/World Bank NTM prevalence-by-sector export (WITS/TRAINS); not independently re-verified against the publisher in this workspace,REAL
LKA,Vegetable,1 type,7.39,26,Structure matches the UNCTAD/World Bank NTM prevalence-by-sector export (WITS/TRAINS); not independently re-verified against the publisher in this workspace,REAL
LKA,Vegetable,2 types,15.34,54,Structure matches the UNCTAD/World Bank NTM prevalence-by-sector export (WITS/TRAINS); not independently re-verified against the publisher in this workspace,REAL
LKA,Vegetable,3+ types,72.16,254,Structure matches the UNCTAD/World Bank NTM prevalence-by-sector export (WITS/TRAINS); not independently re-verified against the publisher in this workspace,REAL
LKA,Vegetable,No NTMs,5.11,18,Structure matches the UNCTAD/World Bank NTM prevalence-by-sector export (WITS/TRAINS); not independently re-verified against the publisher in this workspace,REAL
LKA,Food Products,1 type,1.9,4,Structure matches the UNCTAD/World Bank NTM prevalence-by-sector export (WITS/TRAINS); not independently re-verified against the publisher in this workspace,REAL
LKA,Food Products,2 types,8.06,17,Structure matches the UNCTAD/World Bank NTM prevalence-by-sector export (WITS/TRAINS); not independently re-verified against the publisher in this workspace,REAL
LKA,Food Products,3+ types,79.62,168,Structure matches the UNCTAD/World Bank NTM prevalence-by-sector export (WITS/TRAINS); not independently re-verified against the publisher in this workspace,REAL
LKA,Food Products,No NTMs,10.43,22,Structure matches the UNCTAD/World Bank NTM prevalence-by-sector export (WITS/TRAINS); not independently re-verified against the publisher in this workspace,REAL
LKA,Minerals,1 type,39.05,41,Structure matches the UNCTAD/World Bank NTM prevalence-by-sector export (WITS/TRAINS); not independently re-verified against the publisher in this workspace,REAL
LKA,Minerals,2 types,2.86,3,Structure matches the UNCTAD/World Bank NTM prevalence-by-sector export (WITS/TRAINS); not independently re-verified against the publisher in this workspace,REAL
LKA,Minerals,3+ types,22.86,24,Structure matches the UNCTAD/World Bank NTM prevalence-by-sector export (WITS/TRAINS); not independently re-verified against the publisher in this workspace,REAL
LKA,Minerals,No NTMs,35.24,37,Structure matches the UNCTAD/World Bank NTM prevalence-by-sector export (WITS/TRAINS); not independently re-verified against the publisher in this workspace,REAL
LKA,Fuels,1 type,25.58,11,Structure matches the UNCTAD/World Bank NTM prevalence-by-sector export (WITS/TRAINS); not independently re-verified against the publisher in this workspace,REAL
LKA,Fuels,3+ types,18.6,8,Structure matches the UNCTAD/World Bank NTM prevalence-by-sector export (WITS/TRAINS); not independently re-verified against the publisher in this workspace,REAL
LKA,Fuels,No NTMs,55.81,24,Structure matches the UNCTAD/World Bank NTM prevalence-by-sector export (WITS/TRAINS); not independently re-verified against the publisher in this workspace,REAL
LKA,Chemicals,1 type,4.57,36,Structure matches the UNCTAD/World Bank NTM prevalence-by-sector export (WITS/TRAINS); not independently re-verified against the publisher in this workspace,REAL
LKA,Chemicals,2 types,11.82,93,Structure matches the UNCTAD/World Bank NTM prevalence-by-sector export (WITS/TRAINS); not independently re-verified against the publisher in this workspace,REAL
LKA,Chemicals,3+ types,19.95,157,Structure matches the UNCTAD/World Bank NTM prevalence-by-sector export (WITS/TRAINS); not independently re-verified against the publisher in this workspace,REAL
LKA,Chemicals,No NTMs,63.66,501,Structure matches the UNCTAD/World Bank NTM prevalence-by-sector export (WITS/TRAINS); not independently re-verified against the publisher in this workspace,REAL
LKA,Plastic or Rubber,1 type,20.38,43,Structure matches the UNCTAD/World Bank NTM prevalence-by-sector export (WITS/TRAINS); not independently re-verified against the publisher in this workspace,REAL
LKA,Plastic or Rubber,2 types,6.16,13,Structure matches the UNCTAD/World Bank NTM prevalence-by-sector export (WITS/TRAINS); not independently re-verified against the publisher in this workspace,REAL
LKA,Plastic or Rubber,3+ types,6.16,13,Structure matches the UNCTAD/World Bank NTM prevalence-by-sector export (WITS/TRAINS); not independently re-verified against the publisher in this workspace,REAL
LKA,Plastic or Rubber,No NTMs,67.3,142,Structure matches the UNCTAD/World Bank NTM prevalence-by-sector export (WITS/TRAINS); not independently re-verified against the publisher in this workspace,REAL
LKA,Hides and Skins,1 type,2.9,2,Structure matches the UNCTAD/World Bank NTM prevalence-by-sector export (WITS/TRAINS); not independently re-verified against the publisher in this workspace,REAL
LKA,Hides and Skins,2 types,27.54,19,Structure matches the UNCTAD/World Bank NTM prevalence-by-sector export (WITS/TRAINS); not independently re-verified against the publisher in this workspace,REAL
LKA,Hides and Skins,3+ types,56.52,39,Structure matches the UNCTAD/World Bank NTM prevalence-by-sector export (WITS/TRAINS); not independently re-verified against the publisher in this workspace,REAL
LKA,Hides and Skins,No NTMs,13.04,9,Structure matches the UNCTAD/World Bank NTM prevalence-by-sector export (WITS/TRAINS); not independently re-verified against the publisher in this workspace,REAL
LKA,Wood,1 type,25.11,59,Structure matches the UNCTAD/World Bank NTM prevalence-by-sector export (WITS/TRAINS); not independently re-verified against the publisher in this workspace,REAL
LKA,Wood,2 types,0.85,2,Structure matches the UNCTAD/World Bank NTM prevalence-by-sector export (WITS/TRAINS); not independently re-verified against the publisher in this workspace,REAL
LKA,Wood,3+ types,1.7,4,Structure matches the UNCTAD/World Bank NTM prevalence-by-sector export (WITS/TRAINS); not independently re-verified against the publisher in this workspace,REAL
LKA,Wood,No NTMs,72.34,170,Structure matches the UNCTAD/World Bank NTM prevalence-by-sector export (WITS/TRAINS); not independently re-verified against the publisher in this workspace,REAL
LKA,Textiles and Clothing,1 type,3.39,27,Structure matches the UNCTAD/World Bank NTM prevalence-by-sector export (WITS/TRAINS); not independently re-verified against the publisher in this workspace,REAL
LKA,Textiles and Clothing,2 types,0.88,7,Structure matches the UNCTAD/World Bank NTM prevalence-by-sector export (WITS/TRAINS); not independently re-verified against the publisher in this workspace,REAL
LKA,Textiles and Clothing,3+ types,1.01,8,Structure matches the UNCTAD/World Bank NTM prevalence-by-sector export (WITS/TRAINS); not independently re-verified against the publisher in this workspace,REAL
LKA,Textiles and Clothing,No NTMs,94.72,754,Structure matches the UNCTAD/World Bank NTM prevalence-by-sector export (WITS/TRAINS); not independently re-verified against the publisher in this workspace,REAL
LKA,Footwear,2 types,8.51,4,Structure matches the UNCTAD/World Bank NTM prevalence-by-sector export (WITS/TRAINS); not independently re-verified against the publisher in this workspace,REAL
LKA,Footwear,No NTMs,91.49,43,Structure matches the UNCTAD/World Bank NTM prevalence-by-sector export (WITS/TRAINS); not independently re-verified against the publisher in this workspace,REAL
LKA,Stone and Glass,1 type,5.13,10,Structure matches the UNCTAD/World Bank NTM prevalence-by-sector export (WITS/TRAINS); not independently re-verified against the publisher in this workspace,REAL
LKA,Stone and Glass,2 types,8.21,16,Structure matches the UNCTAD/World Bank NTM prevalence-by-sector export (WITS/TRAINS); not independently re-verified against the publisher in this workspace,REAL
LKA,Stone and Glass,3+ types,4.1,8,Structure matches the UNCTAD/World Bank NTM prevalence-by-sector export (WITS/TRAINS); not independently re-verified against the publisher in this workspace,REAL
LKA,Stone and Glass,No NTMs,82.56,161,Structure matches the UNCTAD/World Bank NTM prevalence-by-sector export (WITS/TRAINS); not independently re-verified against the publisher in this workspace,REAL
LKA,Metals,1 type,11.01,62,Structure matches the UNCTAD/World Bank NTM prevalence-by-sector export (WITS/TRAINS); not independently re-verified against the publisher in this workspace,REAL
LKA,Metals,2 types,4.62,26,Structure matches the UNCTAD/World Bank NTM prevalence-by-sector export (WITS/TRAINS); not independently re-verified against the publisher in this workspace,REAL
LKA,Metals,3+ types,2.84,16,Structure matches the UNCTAD/World Bank NTM prevalence-by-sector export (WITS/TRAINS); not independently re-verified against the publisher in this workspace,REAL
LKA,Metals,No NTMs,81.53,459,Structure matches the UNCTAD/World Bank NTM prevalence-by-sector export (WITS/TRAINS); not independently re-verified against the publisher in this workspace,REAL
LKA,Mach and Elec,1 type,76.52,590,Structure matches the UNCTAD/World Bank NTM prevalence-by-sector export (WITS/TRAINS); not independently re-verified against the publisher in this workspace,REAL
LKA,Mach and Elec,2 types,2.72,21,Structure matches the UNCTAD/World Bank NTM prevalence-by-sector export (WITS/TRAINS); not independently re-verified against the publisher in this workspace,REAL
LKA,Mach and Elec,3+ types,6.23,48,Structure matches the UNCTAD/World Bank NTM prevalence-by-sector export (WITS/TRAINS); not independently re-verified against the publisher in this workspace,REAL
LKA,Mach and Elec,No NTMs,14.53,112,Structure matches the UNCTAD/World Bank NTM prevalence-by-sector export (WITS/TRAINS); not independently re-verified against the publisher in this workspace,REAL
LKA,Transportation,1 type,33.85,44,Structure matches the UNCTAD/World Bank NTM prevalence-by-sector export (WITS/TRAINS); not independently re-verified against the publisher in this workspace,REAL
LKA,Transportation,2 types,0.77,1,Structure matches the UNCTAD/World Bank NTM prevalence-by-sector export (WITS/TRAINS); not independently re-verified against the publisher in this workspace,REAL
LKA,Transportation,3+ types,39.23,51,Structure matches the UNCTAD/World Bank NTM prevalence-by-sector export (WITS/TRAINS); not independently re-verified against the publisher in this workspace,REAL
LKA,Transportation,No NTMs,26.15,34,Structure matches the UNCTAD/World Bank NTM prevalence-by-sector export (WITS/TRAINS); not independently re-verified against the publisher in this workspace,REAL
LKA,Miscellaneous,1 type,46.33,164,Structure matches the UNCTAD/World Bank NTM prevalence-by-sector export (WITS/TRAINS); not independently re-verified against the publisher in this workspace,REAL
LKA,Miscellaneous,2 types,1.41,5,Structure matches the UNCTAD/World Bank NTM prevalence-by-sector export (WITS/TRAINS); not independently re-verified against the publisher in this workspace,REAL
LKA,Miscellaneous,3+ types,13.56,48,Structure matches the UNCTAD/World Bank NTM prevalence-by-sector export (WITS/TRAINS); not independently re-verified against the publisher in this workspace,REAL
LKA,Miscellaneous,No NTMs,38.7,137,Structure matches the UNCTAD/World Bank NTM prevalence-by-sector export (WITS/TRAINS); not independently re-verified against the publisher in this workspace,REAL
LKA,All Import Products,1 type,22.17,1154,Structure matches the UNCTAD/World Bank NTM prevalence-by-sector export (WITS/TRAINS); not independently re-verified against the publisher in this workspace,REAL
LKA,All Import Products,2 types,5.4,281,Structure matches the UNCTAD/World Bank NTM prevalence-by-sector export (WITS/TRAINS); not independently re-verified against the publisher in this workspace,REAL
LKA,All Import Products,3+ types,20.23,1053,Structure matches the UNCTAD/World Bank NTM prevalence-by-sector export (WITS/TRAINS); not independently re-verified against the publisher in this workspace,REAL
LKA,All Import Products,No NTMs,52.2,2717,Structure matches the UNCTAD/World Bank NTM prevalence-by-sector export (WITS/TRAINS); not independently re-verified against the publisher in this workspace,REAL
MAR,Animal,1 type,9.52,32,Structure matches the UNCTAD/World Bank NTM prevalence-by-sector export (WITS/TRAINS); not independently re-verified against the publisher in this workspace,REAL
MAR,Animal,2 types,22.32,75,Structure matches the UNCTAD/World Bank NTM prevalence-by-sector export (WITS/TRAINS); not independently re-verified against the publisher in this workspace,REAL
MAR,Animal,3+ types,36.61,123,Structure matches the UNCTAD/World Bank NTM prevalence-by-sector export (WITS/TRAINS); not independently re-verified against the publisher in this workspace,REAL
MAR,Animal,No NTMs,31.55,106,Structure matches the UNCTAD/World Bank NTM prevalence-by-sector export (WITS/TRAINS); not independently re-verified against the publisher in this workspace,REAL
MAR,Vegetable,1 type,2.56,9,Structure matches the UNCTAD/World Bank NTM prevalence-by-sector export (WITS/TRAINS); not independently re-verified against the publisher in this workspace,REAL
MAR,Vegetable,2 types,7.95,28,Structure matches the UNCTAD/World Bank NTM prevalence-by-sector export (WITS/TRAINS); not independently re-verified against the publisher in this workspace,REAL
MAR,Vegetable,3+ types,81.25,286,Structure matches the UNCTAD/World Bank NTM prevalence-by-sector export (WITS/TRAINS); not independently re-verified against the publisher in this workspace,REAL
MAR,Vegetable,No NTMs,8.24,29,Structure matches the UNCTAD/World Bank NTM prevalence-by-sector export (WITS/TRAINS); not independently re-verified against the publisher in this workspace,REAL
MAR,Food Products,1 type,7.11,15,Structure matches the UNCTAD/World Bank NTM prevalence-by-sector export (WITS/TRAINS); not independently re-verified against the publisher in this workspace,REAL
MAR,Food Products,2 types,23.22,49,Structure matches the UNCTAD/World Bank NTM prevalence-by-sector export (WITS/TRAINS); not independently re-verified against the publisher in this workspace,REAL
MAR,Food Products,3+ types,62.09,131,Structure matches the UNCTAD/World Bank NTM prevalence-by-sector export (WITS/TRAINS); not independently re-verified against the publisher in this workspace,REAL
MAR,Food Products,No NTMs,7.58,16,Structure matches the UNCTAD/World Bank NTM prevalence-by-sector export (WITS/TRAINS); not independently re-verified against the publisher in this workspace,REAL
MAR,Minerals,1 type,2.86,3,Structure matches the UNCTAD/World Bank NTM prevalence-by-sector export (WITS/TRAINS); not independently re-verified against the publisher in this workspace,REAL
MAR,Minerals,No NTMs,97.14,102,Structure matches the UNCTAD/World Bank NTM prevalence-by-sector export (WITS/TRAINS); not independently re-verified against the publisher in this workspace,REAL
MAR,Fuels,1 type,60.47,26,Structure matches the UNCTAD/World Bank NTM prevalence-by-sector export (WITS/TRAINS); not independently re-verified against the publisher in this workspace,REAL
MAR,Fuels,2 types,4.65,2,Structure matches the UNCTAD/World Bank NTM prevalence-by-sector export (WITS/TRAINS); not independently re-verified against the publisher in this workspace,REAL
MAR,Fuels,3+ types,2.33,1,Structure matches the UNCTAD/World Bank NTM prevalence-by-sector export (WITS/TRAINS); not independently re-verified against the publisher in this workspace,REAL
MAR,Fuels,No NTMs,32.56,14,Structure matches the UNCTAD/World Bank NTM prevalence-by-sector export (WITS/TRAINS); not independently re-verified against the publisher in this workspace,REAL
MAR,Chemicals,1 type,14.23,112,Structure matches the UNCTAD/World Bank NTM prevalence-by-sector export (WITS/TRAINS); not independently re-verified against the publisher in this workspace,REAL
MAR,Chemicals,2 types,6.86,54,Structure matches the UNCTAD/World Bank NTM prevalence-by-sector export (WITS/TRAINS); not independently re-verified against the publisher in this workspace,REAL
MAR,Chemicals,3+ types,3.43,27,Structure matches the UNCTAD/World Bank NTM prevalence-by-sector export (WITS/TRAINS); not independently re-verified against the publisher in this workspace,REAL
MAR,Chemicals,No NTMs,75.48,594,Structure matches the UNCTAD/World Bank NTM prevalence-by-sector export (WITS/TRAINS); not independently re-verified against the publisher in this workspace,REAL
MAR,Plastic or Rubber,1 type,44.55,94,Structure matches the UNCTAD/World Bank NTM prevalence-by-sector export (WITS/TRAINS); not independently re-verified against the publisher in this workspace,REAL
MAR,Plastic or Rubber,No NTMs,55.45,117,Structure matches the UNCTAD/World Bank NTM prevalence-by-sector export (WITS/TRAINS); not independently re-verified against the publisher in this workspace,REAL
MAR,Hides and Skins,1 type,15.94,11,Structure matches the UNCTAD/World Bank NTM prevalence-by-sector export (WITS/TRAINS); not independently re-verified against the publisher in this workspace,REAL
MAR,Hides and Skins,2 types,68.12,47,Structure matches the UNCTAD/World Bank NTM prevalence-by-sector export (WITS/TRAINS); not independently re-verified against the publisher in this workspace,REAL
MAR,Hides and Skins,3+ types,1.45,1,Structure matches the UNCTAD/World Bank NTM prevalence-by-sector export (WITS/TRAINS); not independently re-verified against the publisher in this workspace,REAL
MAR,Hides and Skins,No NTMs,14.49,10,Structure matches the UNCTAD/World Bank NTM prevalence-by-sector export (WITS/TRAINS); not independently re-verified against the publisher in this workspace,REAL
MAR,Wood,1 type,0.43,1,Structure matches the UNCTAD/World Bank NTM prevalence-by-sector export (WITS/TRAINS); not independently re-verified against the publisher in this workspace,REAL
MAR,Wood,3+ types,38.72,91,Structure matches the UNCTAD/World Bank NTM prevalence-by-sector export (WITS/TRAINS); not independently re-verified against the publisher in this workspace,REAL
MAR,Wood,No NTMs,60.85,143,Structure matches the UNCTAD/World Bank NTM prevalence-by-sector export (WITS/TRAINS); not independently re-verified against the publisher in this workspace,REAL
MAR,Textiles and Clothing,1 type,62.31,496,Structure matches the UNCTAD/World Bank NTM prevalence-by-sector export (WITS/TRAINS); not independently re-verified against the publisher in this workspace,REAL
MAR,Textiles and Clothing,2 types,4.4,35,Structure matches the UNCTAD/World Bank NTM prevalence-by-sector export (WITS/TRAINS); not independently re-verified against the publisher in this workspace,REAL
MAR,Textiles and Clothing,No NTMs,33.29,265,Structure matches the UNCTAD/World Bank NTM prevalence-by-sector export (WITS/TRAINS); not independently re-verified against the publisher in this workspace,REAL
MAR,Footwear,1 type,46.81,22,Structure matches the UNCTAD/World Bank NTM prevalence-by-sector export (WITS/TRAINS); not independently re-verified against the publisher in this workspace,REAL
MAR,Footwear,2 types,21.28,10,Structure matches the UNCTAD/World Bank NTM prevalence-by-sector export (WITS/TRAINS); not independently re-verified against the publisher in this workspace,REAL
MAR,Footwear,No NTMs,31.91,15,Structure matches the UNCTAD/World Bank NTM prevalence-by-sector export (WITS/TRAINS); not independently re-verified against the publisher in this workspace,REAL
MAR,Stone and Glass,1 type,31.28,61,Structure matches the UNCTAD/World Bank NTM prevalence-by-sector export (WITS/TRAINS); not independently re-verified against the publisher in this workspace,REAL
MAR,Stone and Glass,2 types,5.13,10,Structure matches the UNCTAD/World Bank NTM prevalence-by-sector export (WITS/TRAINS); not independently re-verified against the publisher in this workspace,REAL
MAR,Stone and Glass,No NTMs,63.59,124,Structure matches the UNCTAD/World Bank NTM prevalence-by-sector export (WITS/TRAINS); not independently re-verified against the publisher in this workspace,REAL
MAR,Metals,1 type,24.33,137,Structure matches the UNCTAD/World Bank NTM prevalence-by-sector export (WITS/TRAINS); not independently re-verified against the publisher in this workspace,REAL
MAR,Metals,2 types,2.13,12,Structure matches the UNCTAD/World Bank NTM prevalence-by-sector export (WITS/TRAINS); not independently re-verified against the publisher in this workspace,REAL
MAR,Metals,No NTMs,73.53,414,Structure matches the UNCTAD/World Bank NTM prevalence-by-sector export (WITS/TRAINS); not independently re-verified against the publisher in this workspace,REAL
MAR,Mach and Elec,1 type,17.51,135,Structure matches the UNCTAD/World Bank NTM prevalence-by-sector export (WITS/TRAINS); not independently re-verified against the publisher in this workspace,REAL
MAR,Mach and Elec,2 types,0.91,7,Structure matches the UNCTAD/World Bank NTM prevalence-by-sector export (WITS/TRAINS); not independently re-verified against the publisher in this workspace,REAL
MAR,Mach and Elec,No NTMs,81.58,629,Structure matches the UNCTAD/World Bank NTM prevalence-by-sector export (WITS/TRAINS); not independently re-verified against the publisher in this workspace,REAL
MAR,Transportation,1 type,12.31,16,Structure matches the UNCTAD/World Bank NTM prevalence-by-sector export (WITS/TRAINS); not independently re-verified against the publisher in this workspace,REAL
MAR,Transportation,No NTMs,87.69,114,Structure matches the UNCTAD/World Bank NTM prevalence-by-sector export (WITS/TRAINS); not independently re-verified against the publisher in this workspace,REAL
MAR,Miscellaneous,1 type,28.81,102,Structure matches the UNCTAD/World Bank NTM prevalence-by-sector export (WITS/TRAINS); not independently re-verified against the publisher in this workspace,REAL
MAR,Miscellaneous,2 types,5.65,20,Structure matches the UNCTAD/World Bank NTM prevalence-by-sector export (WITS/TRAINS); not independently re-verified against the publisher in this workspace,REAL
MAR,Miscellaneous,No NTMs,65.54,232,Structure matches the UNCTAD/World Bank NTM prevalence-by-sector export (WITS/TRAINS); not independently re-verified against the publisher in this workspace,REAL
MAR,All Import Products,1 type,24.44,1272,Structure matches the UNCTAD/World Bank NTM prevalence-by-sector export (WITS/TRAINS); not independently re-verified against the publisher in this workspace,REAL
MAR,All Import Products,2 types,6.71,349,Structure matches the UNCTAD/World Bank NTM prevalence-by-sector export (WITS/TRAINS); not independently re-verified against the publisher in this workspace,REAL
MAR,All Import Products,3+ types,12.68,660,Structure matches the UNCTAD/World Bank NTM prevalence-by-sector export (WITS/TRAINS); not independently re-verified against the publisher in this workspace,REAL
MAR,All Import Products,No NTMs,56.18,2924,Structure matches the UNCTAD/World Bank NTM prevalence-by-sector export (WITS/TRAINS); not independently re-verified against the publisher in this workspace,REAL
MEX,Animal,1 type,10.71,36,Structure matches the UNCTAD/World Bank NTM prevalence-by-sector export (WITS/TRAINS); not independently re-verified against the publisher in this workspace,REAL
MEX,Animal,3+ types,72.02,242,Structure matches the UNCTAD/World Bank NTM prevalence-by-sector export (WITS/TRAINS); not independently re-verified against the publisher in this workspace,REAL
MEX,Animal,No NTMs,17.26,58,Structure matches the UNCTAD/World Bank NTM prevalence-by-sector export (WITS/TRAINS); not independently re-verified against the publisher in this workspace,REAL
MEX,Vegetable,1 type,19.89,70,Structure matches the UNCTAD/World Bank NTM prevalence-by-sector export (WITS/TRAINS); not independently re-verified against the publisher in this workspace,REAL
MEX,Vegetable,2 types,52.27,184,Structure matches the UNCTAD/World Bank NTM prevalence-by-sector export (WITS/TRAINS); not independently re-verified against the publisher in this workspace,REAL
MEX,Vegetable,3+ types,12.5,44,Structure matches the UNCTAD/World Bank NTM prevalence-by-sector export (WITS/TRAINS); not independently re-verified against the publisher in this workspace,REAL
MEX,Vegetable,No NTMs,15.34,54,Structure matches the UNCTAD/World Bank NTM prevalence-by-sector export (WITS/TRAINS); not independently re-verified against the publisher in this workspace,REAL
MEX,Food Products,1 type,18.01,38,Structure matches the UNCTAD/World Bank NTM prevalence-by-sector export (WITS/TRAINS); not independently re-verified against the publisher in this workspace,REAL
MEX,Food Products,2 types,25.59,54,Structure matches the UNCTAD/World Bank NTM prevalence-by-sector export (WITS/TRAINS); not independently re-verified against the publisher in this workspace,REAL
MEX,Food Products,3+ types,41.23,87,Structure matches the UNCTAD/World Bank NTM prevalence-by-sector export (WITS/TRAINS); not independently re-verified against the publisher in this workspace,REAL
MEX,Food Products,No NTMs,15.17,32,Structure matches the UNCTAD/World Bank NTM prevalence-by-sector export (WITS/TRAINS); not independently re-verified against the publisher in this workspace,REAL
MEX,Minerals,1 type,0.95,1,Structure matches the UNCTAD/World Bank NTM prevalence-by-sector export (WITS/TRAINS); not independently re-verified against the publisher in this workspace,REAL
MEX,Minerals,2 types,0.95,1,Structure matches the UNCTAD/World Bank NTM prevalence-by-sector export (WITS/TRAINS); not independently re-verified against the publisher in this workspace,REAL
MEX,Minerals,3+ types,0.95,1,Structure matches the UNCTAD/World Bank NTM prevalence-by-sector export (WITS/TRAINS); not independently re-verified against the publisher in this workspace,REAL
MEX,Minerals,No NTMs,97.14,102,Structure matches the UNCTAD/World Bank NTM prevalence-by-sector export (WITS/TRAINS); not independently re-verified against the publisher in this workspace,REAL
MEX,Fuels,1 type,13.95,6,Structure matches the UNCTAD/World Bank NTM prevalence-by-sector export (WITS/TRAINS); not independently re-verified against the publisher in this workspace,REAL
MEX,Fuels,2 types,9.3,4,Structure matches the UNCTAD/World Bank NTM prevalence-by-sector export (WITS/TRAINS); not independently re-verified against the publisher in this workspace,REAL
MEX,Fuels,3+ types,23.26,10,Structure matches the UNCTAD/World Bank NTM prevalence-by-sector export (WITS/TRAINS); not independently re-verified against the publisher in this workspace,REAL
MEX,Fuels,No NTMs,53.49,23,Structure matches the UNCTAD/World Bank NTM prevalence-by-sector export (WITS/TRAINS); not independently re-verified against the publisher in this workspace,REAL
MEX,Chemicals,1 type,8.77,69,Structure matches the UNCTAD/World Bank NTM prevalence-by-sector export (WITS/TRAINS); not independently re-verified against the publisher in this workspace,REAL
MEX,Chemicals,2 types,14.23,112,Structure matches the UNCTAD/World Bank NTM prevalence-by-sector export (WITS/TRAINS); not independently re-verified against the publisher in this workspace,REAL
MEX,Chemicals,3+ types,13.72,108,Structure matches the UNCTAD/World Bank NTM prevalence-by-sector export (WITS/TRAINS); not independently re-verified against the publisher in this workspace,REAL
MEX,Chemicals,No NTMs,63.28,498,Structure matches the UNCTAD/World Bank NTM prevalence-by-sector export (WITS/TRAINS); not independently re-verified against the publisher in this workspace,REAL
MEX,Plastic or Rubber,1 type,6.16,13,Structure matches the UNCTAD/World Bank NTM prevalence-by-sector export (WITS/TRAINS); not independently re-verified against the publisher in this workspace,REAL
MEX,Plastic or Rubber,3+ types,2.84,6,Structure matches the UNCTAD/World Bank NTM prevalence-by-sector export (WITS/TRAINS); not independently re-verified against the publisher in this workspace,REAL
MEX,Plastic or Rubber,No NTMs,91.0,192,Structure matches the UNCTAD/World Bank NTM prevalence-by-sector export (WITS/TRAINS); not independently re-verified against the publisher in this workspace,REAL
MEX,Hides and Skins,1 type,28.99,20,Structure matches the UNCTAD/World Bank NTM prevalence-by-sector export (WITS/TRAINS); not independently re-verified against the publisher in this workspace,REAL
MEX,Hides and Skins,2 types,23.19,16,Structure matches the UNCTAD/World Bank NTM prevalence-by-sector export (WITS/TRAINS); not independently re-verified against the publisher in this workspace,REAL
MEX,Hides and Skins,3+ types,44.93,31,Structure matches the UNCTAD/World Bank NTM prevalence-by-sector export (WITS/TRAINS); not independently re-verified against the publisher in this workspace,REAL
MEX,Hides and Skins,No NTMs,2.9,2,Structure matches the UNCTAD/World Bank NTM prevalence-by-sector export (WITS/TRAINS); not independently re-verified against the publisher in this workspace,REAL
MEX,Wood,1 type,8.51,20,Structure matches the UNCTAD/World Bank NTM prevalence-by-sector export (WITS/TRAINS); not independently re-verified against the publisher in this workspace,REAL
MEX,Wood,2 types,0.85,2,Structure matches the UNCTAD/World Bank NTM prevalence-by-sector export (WITS/TRAINS); not independently re-verified against the publisher in this workspace,REAL
MEX,Wood,3+ types,16.6,39,Structure matches the UNCTAD/World Bank NTM prevalence-by-sector export (WITS/TRAINS); not independently re-verified against the publisher in this workspace,REAL
MEX,Wood,No NTMs,74.04,174,Structure matches the UNCTAD/World Bank NTM prevalence-by-sector export (WITS/TRAINS); not independently re-verified against the publisher in this workspace,REAL
MEX,Textiles and Clothing,1 type,38.07,303,Structure matches the UNCTAD/World Bank NTM prevalence-by-sector export (WITS/TRAINS); not independently re-verified against the publisher in this workspace,REAL
MEX,Textiles and Clothing,2 types,37.06,295,Structure matches the UNCTAD/World Bank NTM prevalence-by-sector export (WITS/TRAINS); not independently re-verified against the publisher in this workspace,REAL
MEX,Textiles and Clothing,3+ types,19.72,157,Structure matches the UNCTAD/World Bank NTM prevalence-by-sector export (WITS/TRAINS); not independently re-verified against the publisher in this workspace,REAL
MEX,Textiles and Clothing,No NTMs,5.15,41,Structure matches the UNCTAD/World Bank NTM prevalence-by-sector export (WITS/TRAINS); not independently re-verified against the publisher in this workspace,REAL
MEX,Footwear,1 type,12.77,6,Structure matches the UNCTAD/World Bank NTM prevalence-by-sector export (WITS/TRAINS); not independently re-verified against the publisher in this workspace,REAL
MEX,Footwear,2 types,19.15,9,Structure matches the UNCTAD/World Bank NTM prevalence-by-sector export (WITS/TRAINS); not independently re-verified against the publisher in this workspace,REAL
MEX,Footwear,3+ types,19.15,9,Structure matches the UNCTAD/World Bank NTM prevalence-by-sector export (WITS/TRAINS); not independently re-verified against the publisher in this workspace,REAL
MEX,Footwear,No NTMs,48.94,23,Structure matches the UNCTAD/World Bank NTM prevalence-by-sector export (WITS/TRAINS); not independently re-verified against the publisher in this workspace,REAL
MEX,Stone and Glass,1 type,3.08,6,Structure matches the UNCTAD/World Bank NTM prevalence-by-sector export (WITS/TRAINS); not independently re-verified against the publisher in this workspace,REAL
MEX,Stone and Glass,3+ types,0.51,1,Structure matches the UNCTAD/World Bank NTM prevalence-by-sector export (WITS/TRAINS); not independently re-verified against the publisher in this workspace,REAL
MEX,Stone and Glass,No NTMs,96.41,188,Structure matches the UNCTAD/World Bank NTM prevalence-by-sector export (WITS/TRAINS); not independently re-verified against the publisher in this workspace,REAL
MEX,Metals,1 type,5.86,33,Structure matches the UNCTAD/World Bank NTM prevalence-by-sector export (WITS/TRAINS); not independently re-verified against the publisher in this workspace,REAL
MEX,Metals,No NTMs,94.14,530,Structure matches the UNCTAD/World Bank NTM prevalence-by-sector export (WITS/TRAINS); not independently re-verified against the publisher in this workspace,REAL
MEX,Mach and Elec,1 type,38.39,296,Structure matches the UNCTAD/World Bank NTM prevalence-by-sector export (WITS/TRAINS); not independently re-verified against the publisher in this workspace,REAL
MEX,Mach and Elec,3+ types,0.52,4,Structure matches the UNCTAD/World Bank NTM prevalence-by-sector export (WITS/TRAINS); not independently re-verified against the publisher in this workspace,REAL
MEX,Mach and Elec,No NTMs,61.09,471,Structure matches the UNCTAD/World Bank NTM prevalence-by-sector export (WITS/TRAINS); not independently re-verified against the publisher in this workspace,REAL
MEX,Transportation,1 type,7.69,10,Structure matches the UNCTAD/World Bank NTM prevalence-by-sector export (WITS/TRAINS); not independently re-verified against the publisher in this workspace,REAL
MEX,Transportation,2 types,2.31,3,Structure matches the UNCTAD/World Bank NTM prevalence-by-sector export (WITS/TRAINS); not independently re-verified against the publisher in this workspace,REAL
MEX,Transportation,3+ types,16.15,21,Structure matches the UNCTAD/World Bank NTM prevalence-by-sector export (WITS/TRAINS); not independently re-verified against the publisher in this workspace,REAL
MEX,Transportation,No NTMs,73.85,96,Structure matches the UNCTAD/World Bank NTM prevalence-by-sector export (WITS/TRAINS); not independently re-verified against the publisher in this workspace,REAL
MEX,Miscellaneous,1 type,24.58,87,Structure matches the UNCTAD/World Bank NTM prevalence-by-sector export (WITS/TRAINS); not independently re-verified against the publisher in this workspace,REAL
MEX,Miscellaneous,2 types,1.13,4,Structure matches the UNCTAD/World Bank NTM prevalence-by-sector export (WITS/TRAINS); not independently re-verified against the publisher in this workspace,REAL
MEX,Miscellaneous,3+ types,17.23,61,Structure matches the UNCTAD/World Bank NTM prevalence-by-sector export (WITS/TRAINS); not independently re-verified against the publisher in this workspace,REAL
MEX,Miscellaneous,No NTMs,57.06,202,Structure matches the UNCTAD/World Bank NTM prevalence-by-sector export (WITS/TRAINS); not independently re-verified against the publisher in this workspace,REAL
MEX,All Import Products,1 type,19.48,1014,Structure matches the UNCTAD/World Bank NTM prevalence-by-sector export (WITS/TRAINS); not independently re-verified against the publisher in this workspace,REAL
MEX,All Import Products,2 types,13.14,684,Structure matches the UNCTAD/World Bank NTM prevalence-by-sector export (WITS/TRAINS); not independently re-verified against the publisher in this workspace,REAL
MEX,All Import Products,3+ types,15.77,821,Structure matches the UNCTAD/World Bank NTM prevalence-by-sector export (WITS/TRAINS); not independently re-verified against the publisher in this workspace,REAL
MEX,All Import Products,No NTMs,51.6,2686,Structure matches the UNCTAD/World Bank NTM prevalence-by-sector export (WITS/TRAINS); not independently re-verified against the publisher in this workspace,REAL
MMR,Animal,1 type,17.86,60,Structure matches the UNCTAD/World Bank NTM prevalence-by-sector export (WITS/TRAINS); not independently re-verified against the publisher in this workspace,REAL
MMR,Animal,2 types,0.89,3,Structure matches the UNCTAD/World Bank NTM prevalence-by-sector export (WITS/TRAINS); not independently re-verified against the publisher in this workspace,REAL
MMR,Animal,3+ types,37.2,125,Structure matches the UNCTAD/World Bank NTM prevalence-by-sector export (WITS/TRAINS); not independently re-verified against the publisher in this workspace,REAL
MMR,Animal,No NTMs,44.05,148,Structure matches the UNCTAD/World Bank NTM prevalence-by-sector export (WITS/TRAINS); not independently re-verified against the publisher in this workspace,REAL
MMR,Vegetable,1 type,5.4,19,Structure matches the UNCTAD/World Bank NTM prevalence-by-sector export (WITS/TRAINS); not independently re-verified against the publisher in this workspace,REAL
MMR,Vegetable,3+ types,84.09,296,Structure matches the UNCTAD/World Bank NTM prevalence-by-sector export (WITS/TRAINS); not independently re-verified against the publisher in this workspace,REAL
MMR,Vegetable,No NTMs,10.51,37,Structure matches the UNCTAD/World Bank NTM prevalence-by-sector export (WITS/TRAINS); not independently re-verified against the publisher in this workspace,REAL
MMR,Food Products,1 type,6.64,14,Structure matches the UNCTAD/World Bank NTM prevalence-by-sector export (WITS/TRAINS); not independently re-verified against the publisher in this workspace,REAL
MMR,Food Products,2 types,26.54,56,Structure matches the UNCTAD/World Bank NTM prevalence-by-sector export (WITS/TRAINS); not independently re-verified against the publisher in this workspace,REAL
MMR,Food Products,3+ types,57.35,121,Structure matches the UNCTAD/World Bank NTM prevalence-by-sector export (WITS/TRAINS); not independently re-verified against the publisher in this workspace,REAL
MMR,Food Products,No NTMs,9.48,20,Structure matches the UNCTAD/World Bank NTM prevalence-by-sector export (WITS/TRAINS); not independently re-verified against the publisher in this workspace,REAL
MMR,Minerals,1 type,79.05,83,Structure matches the UNCTAD/World Bank NTM prevalence-by-sector export (WITS/TRAINS); not independently re-verified against the publisher in this workspace,REAL
MMR,Minerals,2 types,0.95,1,Structure matches the UNCTAD/World Bank NTM prevalence-by-sector export (WITS/TRAINS); not independently re-verified against the publisher in this workspace,REAL
MMR,Minerals,3+ types,0.95,1,Structure matches the UNCTAD/World Bank NTM prevalence-by-sector export (WITS/TRAINS); not independently re-verified against the publisher in this workspace,REAL
MMR,Minerals,No NTMs,19.05,20,Structure matches the UNCTAD/World Bank NTM prevalence-by-sector export (WITS/TRAINS); not independently re-verified against the publisher in this workspace,REAL
MMR,Fuels,1 type,37.21,16,Structure matches the UNCTAD/World Bank NTM prevalence-by-sector export (WITS/TRAINS); not independently re-verified against the publisher in this workspace,REAL
MMR,Fuels,2 types,25.58,11,Structure matches the UNCTAD/World Bank NTM prevalence-by-sector export (WITS/TRAINS); not independently re-verified against the publisher in this workspace,REAL
MMR,Fuels,3+ types,16.28,7,Structure matches the UNCTAD/World Bank NTM prevalence-by-sector export (WITS/TRAINS); not independently re-verified against the publisher in this workspace,REAL
MMR,Fuels,No NTMs,20.93,9,Structure matches the UNCTAD/World Bank NTM prevalence-by-sector export (WITS/TRAINS); not independently re-verified against the publisher in this workspace,REAL
MMR,Chemicals,1 type,43.58,343,Structure matches the UNCTAD/World Bank NTM prevalence-by-sector export (WITS/TRAINS); not independently re-verified against the publisher in this workspace,REAL
MMR,Chemicals,2 types,9.91,78,Structure matches the UNCTAD/World Bank NTM prevalence-by-sector export (WITS/TRAINS); not independently re-verified against the publisher in this workspace,REAL
MMR,Chemicals,3+ types,4.45,35,Structure matches the UNCTAD/World Bank NTM prevalence-by-sector export (WITS/TRAINS); not independently re-verified against the publisher in this workspace,REAL
MMR,Chemicals,No NTMs,42.06,331,Structure matches the UNCTAD/World Bank NTM prevalence-by-sector export (WITS/TRAINS); not independently re-verified against the publisher in this workspace,REAL
MMR,Plastic or Rubber,1 type,11.37,24,Structure matches the UNCTAD/World Bank NTM prevalence-by-sector export (WITS/TRAINS); not independently re-verified against the publisher in this workspace,REAL
MMR,Plastic or Rubber,No NTMs,88.63,187,Structure matches the UNCTAD/World Bank NTM prevalence-by-sector export (WITS/TRAINS); not independently re-verified against the publisher in this workspace,REAL
MMR,Hides and Skins,1 type,31.88,22,Structure matches the UNCTAD/World Bank NTM prevalence-by-sector export (WITS/TRAINS); not independently re-verified against the publisher in this workspace,REAL
MMR,Hides and Skins,No NTMs,68.12,47,Structure matches the UNCTAD/World Bank NTM prevalence-by-sector export (WITS/TRAINS); not independently re-verified against the publisher in this workspace,REAL
MMR,Wood,1 type,3.83,9,Structure matches the UNCTAD/World Bank NTM prevalence-by-sector export (WITS/TRAINS); not independently re-verified against the publisher in this workspace,REAL
MMR,Wood,3+ types,26.81,63,Structure matches the UNCTAD/World Bank NTM prevalence-by-sector export (WITS/TRAINS); not independently re-verified against the publisher in this workspace,REAL
MMR,Wood,No NTMs,69.36,163,Structure matches the UNCTAD/World Bank NTM prevalence-by-sector export (WITS/TRAINS); not independently re-verified against the publisher in this workspace,REAL
MMR,Textiles and Clothing,1 type,0.63,5,Structure matches the UNCTAD/World Bank NTM prevalence-by-sector export (WITS/TRAINS); not independently re-verified against the publisher in this workspace,REAL
MMR,Textiles and Clothing,3+ types,1.88,15,Structure matches the UNCTAD/World Bank NTM prevalence-by-sector export (WITS/TRAINS); not independently re-verified against the publisher in this workspace,REAL
MMR,Textiles and Clothing,No NTMs,97.49,776,Structure matches the UNCTAD/World Bank NTM prevalence-by-sector export (WITS/TRAINS); not independently re-verified against the publisher in this workspace,REAL
MMR,Footwear,No NTMs,100.0,47,Structure matches the UNCTAD/World Bank NTM prevalence-by-sector export (WITS/TRAINS); not independently re-verified against the publisher in this workspace,REAL
MMR,Stone and Glass,1 type,13.85,27,Structure matches the UNCTAD/World Bank NTM prevalence-by-sector export (WITS/TRAINS); not independently re-verified against the publisher in this workspace,REAL
MMR,Stone and Glass,2 types,0.51,1,Structure matches the UNCTAD/World Bank NTM prevalence-by-sector export (WITS/TRAINS); not independently re-verified against the publisher in this workspace,REAL
MMR,Stone and Glass,No NTMs,85.64,167,Structure matches the UNCTAD/World Bank NTM prevalence-by-sector export (WITS/TRAINS); not independently re-verified against the publisher in this workspace,REAL
MMR,Metals,1 type,16.16,91,Structure matches the UNCTAD/World Bank NTM prevalence-by-sector export (WITS/TRAINS); not independently re-verified against the publisher in this workspace,REAL
MMR,Metals,2 types,0.18,1,Structure matches the UNCTAD/World Bank NTM prevalence-by-sector export (WITS/TRAINS); not independently re-verified against the publisher in this workspace,REAL
MMR,Metals,No NTMs,83.66,471,Structure matches the UNCTAD/World Bank NTM prevalence-by-sector export (WITS/TRAINS); not independently re-verified against the publisher in this workspace,REAL
MMR,Mach and Elec,1 type,13.75,106,Structure matches the UNCTAD/World Bank NTM prevalence-by-sector export (WITS/TRAINS); not independently re-verified against the publisher in this workspace,REAL
MMR,Mach and Elec,2 types,1.82,14,Structure matches the UNCTAD/World Bank NTM prevalence-by-sector export (WITS/TRAINS); not independently re-verified against the publisher in this workspace,REAL
MMR,Mach and Elec,No NTMs,84.44,651,Structure matches the UNCTAD/World Bank NTM prevalence-by-sector export (WITS/TRAINS); not independently re-verified against the publisher in this workspace,REAL
MMR,Transportation,1 type,57.69,75,Structure matches the UNCTAD/World Bank NTM prevalence-by-sector export (WITS/TRAINS); not independently re-verified against the publisher in this workspace,REAL
MMR,Transportation,2 types,0.77,1,Structure matches the UNCTAD/World Bank NTM prevalence-by-sector export (WITS/TRAINS); not independently re-verified against the publisher in this workspace,REAL
MMR,Transportation,No NTMs,41.54,54,Structure matches the UNCTAD/World Bank NTM prevalence-by-sector export (WITS/TRAINS); not independently re-verified against the publisher in this workspace,REAL
MMR,Miscellaneous,1 type,6.78,24,Structure matches the UNCTAD/World Bank NTM prevalence-by-sector export (WITS/TRAINS); not independently re-verified against the publisher in this workspace,REAL
MMR,Miscellaneous,2 types,1.69,6,Structure matches the UNCTAD/World Bank NTM prevalence-by-sector export (WITS/TRAINS); not independently re-verified against the publisher in this workspace,REAL
MMR,Miscellaneous,3+ types,0.56,2,Structure matches the UNCTAD/World Bank NTM prevalence-by-sector export (WITS/TRAINS); not independently re-verified against the publisher in this workspace,REAL
MMR,Miscellaneous,No NTMs,90.96,322,Structure matches the UNCTAD/World Bank NTM prevalence-by-sector export (WITS/TRAINS); not independently re-verified against the publisher in this workspace,REAL
MMR,All Import Products,1 type,17.64,918,Structure matches the UNCTAD/World Bank NTM prevalence-by-sector export (WITS/TRAINS); not independently re-verified against the publisher in this workspace,REAL
MMR,All Import Products,2 types,3.3,172,Structure matches the UNCTAD/World Bank NTM prevalence-by-sector export (WITS/TRAINS); not independently re-verified against the publisher in this workspace,REAL
MMR,All Import Products,3+ types,12.78,665,Structure matches the UNCTAD/World Bank NTM prevalence-by-sector export (WITS/TRAINS); not independently re-verified against the publisher in this workspace,REAL
MMR,All Import Products,No NTMs,66.28,3450,Structure matches the UNCTAD/World Bank NTM prevalence-by-sector export (WITS/TRAINS); not independently re-verified against the publisher in this workspace,REAL
MRT,Animal,1 type,33.63,113,Structure matches the UNCTAD/World Bank NTM prevalence-by-sector export (WITS/TRAINS); not independently re-verified against the publisher in this workspace,REAL
MRT,Animal,2 types,7.14,24,Structure matches the UNCTAD/World Bank NTM prevalence-by-sector export (WITS/TRAINS); not independently re-verified against the publisher in this workspace,REAL
MRT,Animal,3+ types,16.07,54,Structure matches the UNCTAD/World Bank NTM prevalence-by-sector export (WITS/TRAINS); not independently re-verified against the publisher in this workspace,REAL
MRT,Animal,No NTMs,43.15,145,Structure matches the UNCTAD/World Bank NTM prevalence-by-sector export (WITS/TRAINS); not independently re-verified against the publisher in this workspace,REAL
MRT,Vegetable,1 type,65.06,229,Structure matches the UNCTAD/World Bank NTM prevalence-by-sector export (WITS/TRAINS); not independently re-verified against the publisher in this workspace,REAL
MRT,Vegetable,2 types,0.85,3,Structure matches the UNCTAD/World Bank NTM prevalence-by-sector export (WITS/TRAINS); not independently re-verified against the publisher in this workspace,REAL
MRT,Vegetable,No NTMs,34.09,120,Structure matches the UNCTAD/World Bank NTM prevalence-by-sector export (WITS/TRAINS); not independently re-verified against the publisher in this workspace,REAL
MRT,Food Products,1 type,68.72,145,Structure matches the UNCTAD/World Bank NTM prevalence-by-sector export (WITS/TRAINS); not independently re-verified against the publisher in this workspace,REAL
MRT,Food Products,2 types,13.74,29,Structure matches the UNCTAD/World Bank NTM prevalence-by-sector export (WITS/TRAINS); not independently re-verified against the publisher in this workspace,REAL
MRT,Food Products,3+ types,0.95,2,Structure matches the UNCTAD/World Bank NTM prevalence-by-sector export (WITS/TRAINS); not independently re-verified against the publisher in this workspace,REAL
MRT,Food Products,No NTMs,16.59,35,Structure matches the UNCTAD/World Bank NTM prevalence-by-sector export (WITS/TRAINS); not independently re-verified against the publisher in this workspace,REAL
MRT,Minerals,3+ types,0.95,1,Structure matches the UNCTAD/World Bank NTM prevalence-by-sector export (WITS/TRAINS); not independently re-verified against the publisher in this workspace,REAL
MRT,Minerals,No NTMs,99.05,104,Structure matches the UNCTAD/World Bank NTM prevalence-by-sector export (WITS/TRAINS); not independently re-verified against the publisher in this workspace,REAL
MRT,Fuels,3+ types,13.95,6,Structure matches the UNCTAD/World Bank NTM prevalence-by-sector export (WITS/TRAINS); not independently re-verified against the publisher in this workspace,REAL
MRT,Fuels,No NTMs,86.05,37,Structure matches the UNCTAD/World Bank NTM prevalence-by-sector export (WITS/TRAINS); not independently re-verified against the publisher in this workspace,REAL
MRT,Chemicals,1 type,1.02,8,Structure matches the UNCTAD/World Bank NTM prevalence-by-sector export (WITS/TRAINS); not independently re-verified against the publisher in this workspace,REAL
MRT,Chemicals,2 types,0.76,6,Structure matches the UNCTAD/World Bank NTM prevalence-by-sector export (WITS/TRAINS); not independently re-verified against the publisher in this workspace,REAL
MRT,Chemicals,3+ types,0.64,5,Structure matches the UNCTAD/World Bank NTM prevalence-by-sector export (WITS/TRAINS); not independently re-verified against the publisher in this workspace,REAL
MRT,Chemicals,No NTMs,97.59,768,Structure matches the UNCTAD/World Bank NTM prevalence-by-sector export (WITS/TRAINS); not independently re-verified against the publisher in this workspace,REAL
MRT,Plastic or Rubber,1 type,0.47,1,Structure matches the UNCTAD/World Bank NTM prevalence-by-sector export (WITS/TRAINS); not independently re-verified against the publisher in this workspace,REAL
MRT,Plastic or Rubber,2 types,0.95,2,Structure matches the UNCTAD/World Bank NTM prevalence-by-sector export (WITS/TRAINS); not independently re-verified against the publisher in this workspace,REAL
MRT,Plastic or Rubber,3+ types,0.47,1,Structure matches the UNCTAD/World Bank NTM prevalence-by-sector export (WITS/TRAINS); not independently re-verified against the publisher in this workspace,REAL
MRT,Plastic or Rubber,No NTMs,98.1,207,Structure matches the UNCTAD/World Bank NTM prevalence-by-sector export (WITS/TRAINS); not independently re-verified against the publisher in this workspace,REAL
MRT,Hides and Skins,1 type,20.29,14,Structure matches the UNCTAD/World Bank NTM prevalence-by-sector export (WITS/TRAINS); not independently re-verified against the publisher in this workspace,REAL
MRT,Hides and Skins,2 types,8.7,6,Structure matches the UNCTAD/World Bank NTM prevalence-by-sector export (WITS/TRAINS); not independently re-verified against the publisher in this workspace,REAL
MRT,Hides and Skins,No NTMs,71.01,49,Structure matches the UNCTAD/World Bank NTM prevalence-by-sector export (WITS/TRAINS); not independently re-verified against the publisher in this workspace,REAL
MRT,Wood,1 type,27.23,64,Structure matches the UNCTAD/World Bank NTM prevalence-by-sector export (WITS/TRAINS); not independently re-verified against the publisher in this workspace,REAL
MRT,Wood,No NTMs,72.77,171,Structure matches the UNCTAD/World Bank NTM prevalence-by-sector export (WITS/TRAINS); not independently re-verified against the publisher in this workspace,REAL
MRT,Textiles and Clothing,No NTMs,100.0,796,Structure matches the UNCTAD/World Bank NTM prevalence-by-sector export (WITS/TRAINS); not independently re-verified against the publisher in this workspace,REAL
MRT,Footwear,No NTMs,100.0,47,Structure matches the UNCTAD/World Bank NTM prevalence-by-sector export (WITS/TRAINS); not independently re-verified against the publisher in this workspace,REAL
MRT,Stone and Glass,No NTMs,100.0,195,Structure matches the UNCTAD/World Bank NTM prevalence-by-sector export (WITS/TRAINS); not independently re-verified against the publisher in this workspace,REAL
MRT,Metals,1 type,1.42,8,Structure matches the UNCTAD/World Bank NTM prevalence-by-sector export (WITS/TRAINS); not independently re-verified against the publisher in this workspace,REAL
MRT,Metals,No NTMs,98.58,555,Structure matches the UNCTAD/World Bank NTM prevalence-by-sector export (WITS/TRAINS); not independently re-verified against the publisher in this workspace,REAL
MRT,Mach and Elec,No NTMs,100.0,771,Structure matches the UNCTAD/World Bank NTM prevalence-by-sector export (WITS/TRAINS); not independently re-verified against the publisher in this workspace,REAL
MRT,Transportation,1 type,30.0,39,Structure matches the UNCTAD/World Bank NTM prevalence-by-sector export (WITS/TRAINS); not independently re-verified against the publisher in this workspace,REAL
MRT,Transportation,No NTMs,70.0,91,Structure matches the UNCTAD/World Bank NTM prevalence-by-sector export (WITS/TRAINS); not independently re-verified against the publisher in this workspace,REAL
MRT,Miscellaneous,1 type,0.56,2,Structure matches the UNCTAD/World Bank NTM prevalence-by-sector export (WITS/TRAINS); not independently re-verified against the publisher in this workspace,REAL
MRT,Miscellaneous,2 types,1.13,4,Structure matches the UNCTAD/World Bank NTM prevalence-by-sector export (WITS/TRAINS); not independently re-verified against the publisher in this workspace,REAL
MRT,Miscellaneous,No NTMs,98.31,348,Structure matches the UNCTAD/World Bank NTM prevalence-by-sector export (WITS/TRAINS); not independently re-verified against the publisher in this workspace,REAL
MRT,All Import Products,1 type,11.97,623,Structure matches the UNCTAD/World Bank NTM prevalence-by-sector export (WITS/TRAINS); not independently re-verified against the publisher in this workspace,REAL
MRT,All Import Products,2 types,1.42,74,Structure matches the UNCTAD/World Bank NTM prevalence-by-sector export (WITS/TRAINS); not independently re-verified against the publisher in this workspace,REAL
MRT,All Import Products,3+ types,1.33,69,Structure matches the UNCTAD/World Bank NTM prevalence-by-sector export (WITS/TRAINS); not independently re-verified against the publisher in this workspace,REAL
MRT,All Import Products,No NTMs,85.28,4439,Structure matches the UNCTAD/World Bank NTM prevalence-by-sector export (WITS/TRAINS); not independently re-verified against the publisher in this workspace,REAL
MYS,Animal,1 type,2.38,8,Structure matches the UNCTAD/World Bank NTM prevalence-by-sector export (WITS/TRAINS); not independently re-verified against the publisher in this workspace,REAL
MYS,Animal,2 types,16.96,57,Structure matches the UNCTAD/World Bank NTM prevalence-by-sector export (WITS/TRAINS); not independently re-verified against the publisher in this workspace,REAL
MYS,Animal,3+ types,73.51,247,Structure matches the UNCTAD/World Bank NTM prevalence-by-sector export (WITS/TRAINS); not independently re-verified against the publisher in this workspace,REAL
MYS,Animal,No NTMs,7.14,24,Structure matches the UNCTAD/World Bank NTM prevalence-by-sector export (WITS/TRAINS); not independently re-verified against the publisher in this workspace,REAL
MYS,Vegetable,1 type,2.27,8,Structure matches the UNCTAD/World Bank NTM prevalence-by-sector export (WITS/TRAINS); not independently re-verified against the publisher in this workspace,REAL
MYS,Vegetable,2 types,12.78,45,Structure matches the UNCTAD/World Bank NTM prevalence-by-sector export (WITS/TRAINS); not independently re-verified against the publisher in this workspace,REAL
MYS,Vegetable,3+ types,82.95,292,Structure matches the UNCTAD/World Bank NTM prevalence-by-sector export (WITS/TRAINS); not independently re-verified against the publisher in this workspace,REAL
MYS,Vegetable,No NTMs,1.99,7,Structure matches the UNCTAD/World Bank NTM prevalence-by-sector export (WITS/TRAINS); not independently re-verified against the publisher in this workspace,REAL
MYS,Food Products,1 type,2.37,5,Structure matches the UNCTAD/World Bank NTM prevalence-by-sector export (WITS/TRAINS); not independently re-verified against the publisher in this workspace,REAL
MYS,Food Products,2 types,61.61,130,Structure matches the UNCTAD/World Bank NTM prevalence-by-sector export (WITS/TRAINS); not independently re-verified against the publisher in this workspace,REAL
MYS,Food Products,3+ types,34.12,72,Structure matches the UNCTAD/World Bank NTM prevalence-by-sector export (WITS/TRAINS); not independently re-verified against the publisher in this workspace,REAL
MYS,Food Products,No NTMs,1.9,4,Structure matches the UNCTAD/World Bank NTM prevalence-by-sector export (WITS/TRAINS); not independently re-verified against the publisher in this workspace,REAL
MYS,Minerals,1 type,11.43,12,Structure matches the UNCTAD/World Bank NTM prevalence-by-sector export (WITS/TRAINS); not independently re-verified against the publisher in this workspace,REAL
MYS,Minerals,2 types,2.86,3,Structure matches the UNCTAD/World Bank NTM prevalence-by-sector export (WITS/TRAINS); not independently re-verified against the publisher in this workspace,REAL
MYS,Minerals,No NTMs,85.71,90,Structure matches the UNCTAD/World Bank NTM prevalence-by-sector export (WITS/TRAINS); not independently re-verified against the publisher in this workspace,REAL
MYS,Fuels,1 type,2.33,1,Structure matches the UNCTAD/World Bank NTM prevalence-by-sector export (WITS/TRAINS); not independently re-verified against the publisher in this workspace,REAL
MYS,Fuels,3+ types,39.53,17,Structure matches the UNCTAD/World Bank NTM prevalence-by-sector export (WITS/TRAINS); not independently re-verified against the publisher in this workspace,REAL
MYS,Fuels,No NTMs,58.14,25,Structure matches the UNCTAD/World Bank NTM prevalence-by-sector export (WITS/TRAINS); not independently re-verified against the publisher in this workspace,REAL
MYS,Chemicals,1 type,15.76,124,Structure matches the UNCTAD/World Bank NTM prevalence-by-sector export (WITS/TRAINS); not independently re-verified against the publisher in this workspace,REAL
MYS,Chemicals,2 types,9.02,71,Structure matches the UNCTAD/World Bank NTM prevalence-by-sector export (WITS/TRAINS); not independently re-verified against the publisher in this workspace,REAL
MYS,Chemicals,3+ types,2.41,19,Structure matches the UNCTAD/World Bank NTM prevalence-by-sector export (WITS/TRAINS); not independently re-verified against the publisher in this workspace,REAL
MYS,Chemicals,No NTMs,72.81,573,Structure matches the UNCTAD/World Bank NTM prevalence-by-sector export (WITS/TRAINS); not independently re-verified against the publisher in this workspace,REAL
MYS,Plastic or Rubber,1 type,3.32,7,Structure matches the UNCTAD/World Bank NTM prevalence-by-sector export (WITS/TRAINS); not independently re-verified against the publisher in this workspace,REAL
MYS,Plastic or Rubber,No NTMs,96.68,204,Structure matches the UNCTAD/World Bank NTM prevalence-by-sector export (WITS/TRAINS); not independently re-verified against the publisher in this workspace,REAL
MYS,Hides and Skins,1 type,2.9,2,Structure matches the UNCTAD/World Bank NTM prevalence-by-sector export (WITS/TRAINS); not independently re-verified against the publisher in this workspace,REAL
MYS,Hides and Skins,2 types,27.54,19,Structure matches the UNCTAD/World Bank NTM prevalence-by-sector export (WITS/TRAINS); not independently re-verified against the publisher in this workspace,REAL
MYS,Hides and Skins,3+ types,47.83,33,Structure matches the UNCTAD/World Bank NTM prevalence-by-sector export (WITS/TRAINS); not independently re-verified against the publisher in this workspace,REAL
MYS,Hides and Skins,No NTMs,21.74,15,Structure matches the UNCTAD/World Bank NTM prevalence-by-sector export (WITS/TRAINS); not independently re-verified against the publisher in this workspace,REAL
MYS,Wood,1 type,5.96,14,Structure matches the UNCTAD/World Bank NTM prevalence-by-sector export (WITS/TRAINS); not independently re-verified against the publisher in this workspace,REAL
MYS,Wood,2 types,33.62,79,Structure matches the UNCTAD/World Bank NTM prevalence-by-sector export (WITS/TRAINS); not independently re-verified against the publisher in this workspace,REAL
MYS,Wood,3+ types,6.81,16,Structure matches the UNCTAD/World Bank NTM prevalence-by-sector export (WITS/TRAINS); not independently re-verified against the publisher in this workspace,REAL
MYS,Wood,No NTMs,53.62,126,Structure matches the UNCTAD/World Bank NTM prevalence-by-sector export (WITS/TRAINS); not independently re-verified against the publisher in this workspace,REAL
MYS,Textiles and Clothing,1 type,0.75,6,Structure matches the UNCTAD/World Bank NTM prevalence-by-sector export (WITS/TRAINS); not independently re-verified against the publisher in this workspace,REAL
MYS,Textiles and Clothing,2 types,3.02,24,Structure matches the UNCTAD/World Bank NTM prevalence-by-sector export (WITS/TRAINS); not independently re-verified against the publisher in this workspace,REAL
MYS,Textiles and Clothing,3+ types,7.91,63,Structure matches the UNCTAD/World Bank NTM prevalence-by-sector export (WITS/TRAINS); not independently re-verified against the publisher in this workspace,REAL
MYS,Textiles and Clothing,No NTMs,88.32,703,Structure matches the UNCTAD/World Bank NTM prevalence-by-sector export (WITS/TRAINS); not independently re-verified against the publisher in this workspace,REAL
MYS,Footwear,3+ types,31.91,15,Structure matches the UNCTAD/World Bank NTM prevalence-by-sector export (WITS/TRAINS); not independently re-verified against the publisher in this workspace,REAL
MYS,Footwear,No NTMs,68.09,32,Structure matches the UNCTAD/World Bank NTM prevalence-by-sector export (WITS/TRAINS); not independently re-verified against the publisher in this workspace,REAL
MYS,Stone and Glass,1 type,3.59,7,Structure matches the UNCTAD/World Bank NTM prevalence-by-sector export (WITS/TRAINS); not independently re-verified against the publisher in this workspace,REAL
MYS,Stone and Glass,3+ types,2.05,4,Structure matches the UNCTAD/World Bank NTM prevalence-by-sector export (WITS/TRAINS); not independently re-verified against the publisher in this workspace,REAL
MYS,Stone and Glass,No NTMs,94.36,184,Structure matches the UNCTAD/World Bank NTM prevalence-by-sector export (WITS/TRAINS); not independently re-verified against the publisher in this workspace,REAL
MYS,Metals,1 type,5.68,32,Structure matches the UNCTAD/World Bank NTM prevalence-by-sector export (WITS/TRAINS); not independently re-verified against the publisher in this workspace,REAL
MYS,Metals,3+ types,1.95,11,Structure matches the UNCTAD/World Bank NTM prevalence-by-sector export (WITS/TRAINS); not independently re-verified against the publisher in this workspace,REAL
MYS,Metals,No NTMs,92.36,520,Structure matches the UNCTAD/World Bank NTM prevalence-by-sector export (WITS/TRAINS); not independently re-verified against the publisher in this workspace,REAL
MYS,Mach and Elec,1 type,39.95,308,Structure matches the UNCTAD/World Bank NTM prevalence-by-sector export (WITS/TRAINS); not independently re-verified against the publisher in this workspace,REAL
MYS,Mach and Elec,2 types,0.91,7,Structure matches the UNCTAD/World Bank NTM prevalence-by-sector export (WITS/TRAINS); not independently re-verified against the publisher in this workspace,REAL
MYS,Mach and Elec,No NTMs,59.14,456,Structure matches the UNCTAD/World Bank NTM prevalence-by-sector export (WITS/TRAINS); not independently re-verified against the publisher in this workspace,REAL
MYS,Transportation,1 type,11.54,15,Structure matches the UNCTAD/World Bank NTM prevalence-by-sector export (WITS/TRAINS); not independently re-verified against the publisher in this workspace,REAL
MYS,Transportation,2 types,3.08,4,Structure matches the UNCTAD/World Bank NTM prevalence-by-sector export (WITS/TRAINS); not independently re-verified against the publisher in this workspace,REAL
MYS,Transportation,No NTMs,85.38,111,Structure matches the UNCTAD/World Bank NTM prevalence-by-sector export (WITS/TRAINS); not independently re-verified against the publisher in this workspace,REAL
MYS,Miscellaneous,1 type,5.65,20,Structure matches the UNCTAD/World Bank NTM prevalence-by-sector export (WITS/TRAINS); not independently re-verified against the publisher in this workspace,REAL
MYS,Miscellaneous,2 types,3.67,13,Structure matches the UNCTAD/World Bank NTM prevalence-by-sector export (WITS/TRAINS); not independently re-verified against the publisher in this workspace,REAL
MYS,Miscellaneous,3+ types,24.58,87,Structure matches the UNCTAD/World Bank NTM prevalence-by-sector export (WITS/TRAINS); not independently re-verified against the publisher in this workspace,REAL
MYS,Miscellaneous,No NTMs,66.1,234,Structure matches the UNCTAD/World Bank NTM prevalence-by-sector export (WITS/TRAINS); not independently re-verified against the publisher in this workspace,REAL
MYS,All Import Products,1 type,10.93,569,Structure matches the UNCTAD/World Bank NTM prevalence-by-sector export (WITS/TRAINS); not independently re-verified against the publisher in this workspace,REAL
MYS,All Import Products,2 types,8.68,452,Structure matches the UNCTAD/World Bank NTM prevalence-by-sector export (WITS/TRAINS); not independently re-verified against the publisher in this workspace,REAL
MYS,All Import Products,3+ types,16.83,876,Structure matches the UNCTAD/World Bank NTM prevalence-by-sector export (WITS/TRAINS); not independently re-verified against the publisher in this workspace,REAL
MYS,All Import Products,No NTMs,63.55,3308,Structure matches the UNCTAD/World Bank NTM prevalence-by-sector export (WITS/TRAINS); not independently re-verified against the publisher in this workspace,REAL
NER,Animal,1 type,52.63,120,Structure matches the UNCTAD/World Bank NTM prevalence-by-sector export (WITS/TRAINS); not independently re-verified against the publisher in this workspace,REAL
NER,Animal,2 types,0.44,1,Structure matches the UNCTAD/World Bank NTM prevalence-by-sector export (WITS/TRAINS); not independently re-verified against the publisher in this workspace,REAL
NER,Animal,No NTMs,46.93,107,Structure matches the UNCTAD/World Bank NTM prevalence-by-sector export (WITS/TRAINS); not independently re-verified against the publisher in this workspace,REAL
NER,Vegetable,1 type,1.99,6,Structure matches the UNCTAD/World Bank NTM prevalence-by-sector export (WITS/TRAINS); not independently re-verified against the publisher in this workspace,REAL
NER,Vegetable,2 types,74.42,224,Structure matches the UNCTAD/World Bank NTM prevalence-by-sector export (WITS/TRAINS); not independently re-verified against the publisher in this workspace,REAL
NER,Vegetable,3+ types,2.66,8,Structure matches the UNCTAD/World Bank NTM prevalence-by-sector export (WITS/TRAINS); not independently re-verified against the publisher in this workspace,REAL
NER,Vegetable,No NTMs,20.93,63,Structure matches the UNCTAD/World Bank NTM prevalence-by-sector export (WITS/TRAINS); not independently re-verified against the publisher in this workspace,REAL
NER,Food Products,1 type,55.44,107,Structure matches the UNCTAD/World Bank NTM prevalence-by-sector export (WITS/TRAINS); not independently re-verified against the publisher in this workspace,REAL
NER,Food Products,2 types,25.91,50,Structure matches the UNCTAD/World Bank NTM prevalence-by-sector export (WITS/TRAINS); not independently re-verified against the publisher in this workspace,REAL
NER,Food Products,3+ types,1.04,2,Structure matches the UNCTAD/World Bank NTM prevalence-by-sector export (WITS/TRAINS); not independently re-verified against the publisher in this workspace,REAL
NER,Food Products,No NTMs,17.62,34,Structure matches the UNCTAD/World Bank NTM prevalence-by-sector export (WITS/TRAINS); not independently re-verified against the publisher in this workspace,REAL
NER,Minerals,1 type,3.77,4,Structure matches the UNCTAD/World Bank NTM prevalence-by-sector export (WITS/TRAINS); not independently re-verified against the publisher in this workspace,REAL
NER,Minerals,No NTMs,96.23,102,Structure matches the UNCTAD/World Bank NTM prevalence-by-sector export (WITS/TRAINS); not independently re-verified against the publisher in this workspace,REAL
NER,Fuels,2 types,42.86,18,Structure matches the UNCTAD/World Bank NTM prevalence-by-sector export (WITS/TRAINS); not independently re-verified against the publisher in this workspace,REAL
NER,Fuels,No NTMs,57.14,24,Structure matches the UNCTAD/World Bank NTM prevalence-by-sector export (WITS/TRAINS); not independently re-verified against the publisher in this workspace,REAL
NER,Chemicals,1 type,6.21,49,Structure matches the UNCTAD/World Bank NTM prevalence-by-sector export (WITS/TRAINS); not independently re-verified against the publisher in this workspace,REAL
NER,Chemicals,2 types,0.13,1,Structure matches the UNCTAD/World Bank NTM prevalence-by-sector export (WITS/TRAINS); not independently re-verified against the publisher in this workspace,REAL
NER,Chemicals,No NTMs,93.66,739,Structure matches the UNCTAD/World Bank NTM prevalence-by-sector export (WITS/TRAINS); not independently re-verified against the publisher in this workspace,REAL
NER,Plastic or Rubber,No NTMs,100.0,211,Structure matches the UNCTAD/World Bank NTM prevalence-by-sector export (WITS/TRAINS); not independently re-verified against the publisher in this workspace,REAL
NER,Hides and Skins,No NTMs,100.0,69,Structure matches the UNCTAD/World Bank NTM prevalence-by-sector export (WITS/TRAINS); not independently re-verified against the publisher in this workspace,REAL
NER,Wood,1 type,0.42,1,Structure matches the UNCTAD/World Bank NTM prevalence-by-sector export (WITS/TRAINS); not independently re-verified against the publisher in this workspace,REAL
NER,Wood,2 types,24.47,58,Structure matches the UNCTAD/World Bank NTM prevalence-by-sector export (WITS/TRAINS); not independently re-verified against the publisher in this workspace,REAL
NER,Wood,No NTMs,75.11,178,Structure matches the UNCTAD/World Bank NTM prevalence-by-sector export (WITS/TRAINS); not independently re-verified against the publisher in this workspace,REAL
NER,Textiles and Clothing,2 types,1.62,13,Structure matches the UNCTAD/World Bank NTM prevalence-by-sector export (WITS/TRAINS); not independently re-verified against the publisher in this workspace,REAL
NER,Textiles and Clothing,No NTMs,98.38,788,Structure matches the UNCTAD/World Bank NTM prevalence-by-sector export (WITS/TRAINS); not independently re-verified against the publisher in this workspace,REAL
NER,Footwear,No NTMs,100.0,49,Structure matches the UNCTAD/World Bank NTM prevalence-by-sector export (WITS/TRAINS); not independently re-verified against the publisher in this workspace,REAL
NER,Stone and Glass,1 type,0.51,1,Structure matches the UNCTAD/World Bank NTM prevalence-by-sector export (WITS/TRAINS); not independently re-verified against the publisher in this workspace,REAL
NER,Stone and Glass,No NTMs,99.49,195,Structure matches the UNCTAD/World Bank NTM prevalence-by-sector export (WITS/TRAINS); not independently re-verified against the publisher in this workspace,REAL
NER,Metals,No NTMs,100.0,568,Structure matches the UNCTAD/World Bank NTM prevalence-by-sector export (WITS/TRAINS); not independently re-verified against the publisher in this workspace,REAL
NER,Mach and Elec,1 type,2.21,17,Structure matches the UNCTAD/World Bank NTM prevalence-by-sector export (WITS/TRAINS); not independently re-verified against the publisher in this workspace,REAL
NER,Mach and Elec,No NTMs,97.79,752,Structure matches the UNCTAD/World Bank NTM prevalence-by-sector export (WITS/TRAINS); not independently re-verified against the publisher in this workspace,REAL
NER,Transportation,1 type,1.53,2,Structure matches the UNCTAD/World Bank NTM prevalence-by-sector export (WITS/TRAINS); not independently re-verified against the publisher in this workspace,REAL
NER,Transportation,No NTMs,98.47,129,Structure matches the UNCTAD/World Bank NTM prevalence-by-sector export (WITS/TRAINS); not independently re-verified against the publisher in this workspace,REAL
NER,Miscellaneous,1 type,4.7,17,Structure matches the UNCTAD/World Bank NTM prevalence-by-sector export (WITS/TRAINS); not independently re-verified against the publisher in this workspace,REAL
NER,Miscellaneous,No NTMs,95.3,345,Structure matches the UNCTAD/World Bank NTM prevalence-by-sector export (WITS/TRAINS); not independently re-verified against the publisher in this workspace,REAL
NER,All Import Products,1 type,6.41,324,Structure matches the UNCTAD/World Bank NTM prevalence-by-sector export (WITS/TRAINS); not independently re-verified against the publisher in this workspace,REAL
NER,All Import Products,2 types,7.22,365,Structure matches the UNCTAD/World Bank NTM prevalence-by-sector export (WITS/TRAINS); not independently re-verified against the publisher in this workspace,REAL
NER,All Import Products,3+ types,0.2,10,Structure matches the UNCTAD/World Bank NTM prevalence-by-sector export (WITS/TRAINS); not independently re-verified against the publisher in this workspace,REAL
NER,All Import Products,No NTMs,86.16,4353,Structure matches the UNCTAD/World Bank NTM prevalence-by-sector export (WITS/TRAINS); not independently re-verified against the publisher in this workspace,REAL
NGA,Animal,1 type,27.63,63,Structure matches the UNCTAD/World Bank NTM prevalence-by-sector export (WITS/TRAINS); not independently re-verified against the publisher in this workspace,REAL
NGA,Animal,2 types,22.81,52,Structure matches the UNCTAD/World Bank NTM prevalence-by-sector export (WITS/TRAINS); not independently re-verified against the publisher in this workspace,REAL
NGA,Animal,3+ types,10.53,24,Structure matches the UNCTAD/World Bank NTM prevalence-by-sector export (WITS/TRAINS); not independently re-verified against the publisher in this workspace,REAL
NGA,Animal,No NTMs,39.04,89,Structure matches the UNCTAD/World Bank NTM prevalence-by-sector export (WITS/TRAINS); not independently re-verified against the publisher in this workspace,REAL
NGA,Vegetable,1 type,81.73,246,Structure matches the UNCTAD/World Bank NTM prevalence-by-sector export (WITS/TRAINS); not independently re-verified against the publisher in this workspace,REAL
NGA,Vegetable,2 types,3.65,11,Structure matches the UNCTAD/World Bank NTM prevalence-by-sector export (WITS/TRAINS); not independently re-verified against the publisher in this workspace,REAL
NGA,Vegetable,3+ types,3.32,10,Structure matches the UNCTAD/World Bank NTM prevalence-by-sector export (WITS/TRAINS); not independently re-verified against the publisher in this workspace,REAL
NGA,Vegetable,No NTMs,11.3,34,Structure matches the UNCTAD/World Bank NTM prevalence-by-sector export (WITS/TRAINS); not independently re-verified against the publisher in this workspace,REAL
NGA,Food Products,1 type,18.13,35,Structure matches the UNCTAD/World Bank NTM prevalence-by-sector export (WITS/TRAINS); not independently re-verified against the publisher in this workspace,REAL
NGA,Food Products,2 types,56.48,109,Structure matches the UNCTAD/World Bank NTM prevalence-by-sector export (WITS/TRAINS); not independently re-verified against the publisher in this workspace,REAL
NGA,Food Products,3+ types,19.69,38,Structure matches the UNCTAD/World Bank NTM prevalence-by-sector export (WITS/TRAINS); not independently re-verified against the publisher in this workspace,REAL
NGA,Food Products,No NTMs,5.7,11,Structure matches the UNCTAD/World Bank NTM prevalence-by-sector export (WITS/TRAINS); not independently re-verified against the publisher in this workspace,REAL
NGA,Minerals,1 type,15.09,16,Structure matches the UNCTAD/World Bank NTM prevalence-by-sector export (WITS/TRAINS); not independently re-verified against the publisher in this workspace,REAL
NGA,Minerals,No NTMs,84.91,90,Structure matches the UNCTAD/World Bank NTM prevalence-by-sector export (WITS/TRAINS); not independently re-verified against the publisher in this workspace,REAL
NGA,Fuels,1 type,7.14,3,Structure matches the UNCTAD/World Bank NTM prevalence-by-sector export (WITS/TRAINS); not independently re-verified against the publisher in this workspace,REAL
NGA,Fuels,No NTMs,92.86,39,Structure matches the UNCTAD/World Bank NTM prevalence-by-sector export (WITS/TRAINS); not independently re-verified against the publisher in this workspace,REAL
NGA,Chemicals,1 type,17.87,141,Structure matches the UNCTAD/World Bank NTM prevalence-by-sector export (WITS/TRAINS); not independently re-verified against the publisher in this workspace,REAL
NGA,Chemicals,2 types,2.53,20,Structure matches the UNCTAD/World Bank NTM prevalence-by-sector export (WITS/TRAINS); not independently re-verified against the publisher in this workspace,REAL
NGA,Chemicals,3+ types,0.76,6,Structure matches the UNCTAD/World Bank NTM prevalence-by-sector export (WITS/TRAINS); not independently re-verified against the publisher in this workspace,REAL
NGA,Chemicals,No NTMs,78.83,622,Structure matches the UNCTAD/World Bank NTM prevalence-by-sector export (WITS/TRAINS); not independently re-verified against the publisher in this workspace,REAL
NGA,Plastic or Rubber,1 type,95.73,202,Structure matches the UNCTAD/World Bank NTM prevalence-by-sector export (WITS/TRAINS); not independently re-verified against the publisher in this workspace,REAL
NGA,Plastic or Rubber,2 types,3.32,7,Structure matches the UNCTAD/World Bank NTM prevalence-by-sector export (WITS/TRAINS); not independently re-verified against the publisher in this workspace,REAL
NGA,Plastic or Rubber,No NTMs,0.95,2,Structure matches the UNCTAD/World Bank NTM prevalence-by-sector export (WITS/TRAINS); not independently re-verified against the publisher in this workspace,REAL
NGA,Hides and Skins,1 type,30.43,21,Structure matches the UNCTAD/World Bank NTM prevalence-by-sector export (WITS/TRAINS); not independently re-verified against the publisher in this workspace,REAL
NGA,Hides and Skins,2 types,26.09,18,Structure matches the UNCTAD/World Bank NTM prevalence-by-sector export (WITS/TRAINS); not independently re-verified against the publisher in this workspace,REAL
NGA,Hides and Skins,3+ types,24.64,17,Structure matches the UNCTAD/World Bank NTM prevalence-by-sector export (WITS/TRAINS); not independently re-verified against the publisher in this workspace,REAL
NGA,Hides and Skins,No NTMs,18.84,13,Structure matches the UNCTAD/World Bank NTM prevalence-by-sector export (WITS/TRAINS); not independently re-verified against the publisher in this workspace,REAL
NGA,Wood,1 type,82.28,195,Structure matches the UNCTAD/World Bank NTM prevalence-by-sector export (WITS/TRAINS); not independently re-verified against the publisher in this workspace,REAL
NGA,Wood,2 types,5.06,12,Structure matches the UNCTAD/World Bank NTM prevalence-by-sector export (WITS/TRAINS); not independently re-verified against the publisher in this workspace,REAL
NGA,Wood,3+ types,7.17,17,Structure matches the UNCTAD/World Bank NTM prevalence-by-sector export (WITS/TRAINS); not independently re-verified against the publisher in this workspace,REAL
NGA,Wood,No NTMs,5.49,13,Structure matches the UNCTAD/World Bank NTM prevalence-by-sector export (WITS/TRAINS); not independently re-verified against the publisher in this workspace,REAL
NGA,Textiles and Clothing,1 type,74.91,600,Structure matches the UNCTAD/World Bank NTM prevalence-by-sector export (WITS/TRAINS); not independently re-verified against the publisher in this workspace,REAL
NGA,Textiles and Clothing,2 types,7.87,63,Structure matches the UNCTAD/World Bank NTM prevalence-by-sector export (WITS/TRAINS); not independently re-verified against the publisher in this workspace,REAL
NGA,Textiles and Clothing,3+ types,0.12,1,Structure matches the UNCTAD/World Bank NTM prevalence-by-sector export (WITS/TRAINS); not independently re-verified against the publisher in this workspace,REAL
NGA,Textiles and Clothing,No NTMs,17.1,137,Structure matches the UNCTAD/World Bank NTM prevalence-by-sector export (WITS/TRAINS); not independently re-verified against the publisher in this workspace,REAL
NGA,Footwear,1 type,69.39,34,Structure matches the UNCTAD/World Bank NTM prevalence-by-sector export (WITS/TRAINS); not independently re-verified against the publisher in this workspace,REAL
NGA,Footwear,2 types,24.49,12,Structure matches the UNCTAD/World Bank NTM prevalence-by-sector export (WITS/TRAINS); not independently re-verified against the publisher in this workspace,REAL
NGA,Footwear,3+ types,6.12,3,Structure matches the UNCTAD/World Bank NTM prevalence-by-sector export (WITS/TRAINS); not independently re-verified against the publisher in this workspace,REAL
NGA,Stone and Glass,1 type,88.78,174,Structure matches the UNCTAD/World Bank NTM prevalence-by-sector export (WITS/TRAINS); not independently re-verified against the publisher in this workspace,REAL
NGA,Stone and Glass,2 types,1.02,2,Structure matches the UNCTAD/World Bank NTM prevalence-by-sector export (WITS/TRAINS); not independently re-verified against the publisher in this workspace,REAL
NGA,Stone and Glass,No NTMs,10.2,20,Structure matches the UNCTAD/World Bank NTM prevalence-by-sector export (WITS/TRAINS); not independently re-verified against the publisher in this workspace,REAL
NGA,Metals,1 type,91.73,521,Structure matches the UNCTAD/World Bank NTM prevalence-by-sector export (WITS/TRAINS); not independently re-verified against the publisher in this workspace,REAL
NGA,Metals,2 types,2.11,12,Structure matches the UNCTAD/World Bank NTM prevalence-by-sector export (WITS/TRAINS); not independently re-verified against the publisher in this workspace,REAL
NGA,Metals,3+ types,0.18,1,Structure matches the UNCTAD/World Bank NTM prevalence-by-sector export (WITS/TRAINS); not independently re-verified against the publisher in this workspace,REAL
NGA,Metals,No NTMs,5.99,34,Structure matches the UNCTAD/World Bank NTM prevalence-by-sector export (WITS/TRAINS); not independently re-verified against the publisher in this workspace,REAL
NGA,Mach and Elec,1 type,16.64,128,Structure matches the UNCTAD/World Bank NTM prevalence-by-sector export (WITS/TRAINS); not independently re-verified against the publisher in this workspace,REAL
NGA,Mach and Elec,2 types,59.56,458,Structure matches the UNCTAD/World Bank NTM prevalence-by-sector export (WITS/TRAINS); not independently re-verified against the publisher in this workspace,REAL
NGA,Mach and Elec,3+ types,23.54,181,Structure matches the UNCTAD/World Bank NTM prevalence-by-sector export (WITS/TRAINS); not independently re-verified against the publisher in this workspace,REAL
NGA,Mach and Elec,No NTMs,0.26,2,Structure matches the UNCTAD/World Bank NTM prevalence-by-sector export (WITS/TRAINS); not independently re-verified against the publisher in this workspace,REAL
NGA,Transportation,1 type,78.63,103,Structure matches the UNCTAD/World Bank NTM prevalence-by-sector export (WITS/TRAINS); not independently re-verified against the publisher in this workspace,REAL
NGA,Transportation,2 types,19.85,26,Structure matches the UNCTAD/World Bank NTM prevalence-by-sector export (WITS/TRAINS); not independently re-verified against the publisher in this workspace,REAL
NGA,Transportation,No NTMs,1.53,2,Structure matches the UNCTAD/World Bank NTM prevalence-by-sector export (WITS/TRAINS); not independently re-verified against the publisher in this workspace,REAL
NGA,Miscellaneous,1 type,78.45,284,Structure matches the UNCTAD/World Bank NTM prevalence-by-sector export (WITS/TRAINS); not independently re-verified against the publisher in this workspace,REAL
NGA,Miscellaneous,2 types,16.85,61,Structure matches the UNCTAD/World Bank NTM prevalence-by-sector export (WITS/TRAINS); not independently re-verified against the publisher in this workspace,REAL
NGA,Miscellaneous,3+ types,1.1,4,Structure matches the UNCTAD/World Bank NTM prevalence-by-sector export (WITS/TRAINS); not independently re-verified against the publisher in this workspace,REAL
NGA,Miscellaneous,No NTMs,3.59,13,Structure matches the UNCTAD/World Bank NTM prevalence-by-sector export (WITS/TRAINS); not independently re-verified against the publisher in this workspace,REAL
NGA,All Import Products,1 type,54.75,2766,Structure matches the UNCTAD/World Bank NTM prevalence-by-sector export (WITS/TRAINS); not independently re-verified against the publisher in this workspace,REAL
NGA,All Import Products,2 types,17.08,863,Structure matches the UNCTAD/World Bank NTM prevalence-by-sector export (WITS/TRAINS); not independently re-verified against the publisher in this workspace,REAL
NGA,All Import Products,3+ types,5.98,302,Structure matches the UNCTAD/World Bank NTM prevalence-by-sector export (WITS/TRAINS); not independently re-verified against the publisher in this workspace,REAL
NGA,All Import Products,No NTMs,22.19,1121,Structure matches the UNCTAD/World Bank NTM prevalence-by-sector export (WITS/TRAINS); not independently re-verified against the publisher in this workspace,REAL
NIC,Animal,1 type,21.13,71,Structure matches the UNCTAD/World Bank NTM prevalence-by-sector export (WITS/TRAINS); not independently re-verified against the publisher in this workspace,REAL
NIC,Animal,2 types,13.69,46,Structure matches the UNCTAD/World Bank NTM prevalence-by-sector export (WITS/TRAINS); not independently re-verified against the publisher in this workspace,REAL
NIC,Animal,3+ types,19.35,65,Structure matches the UNCTAD/World Bank NTM prevalence-by-sector export (WITS/TRAINS); not independently re-verified against the publisher in this workspace,REAL
NIC,Animal,No NTMs,45.83,154,Structure matches the UNCTAD/World Bank NTM prevalence-by-sector export (WITS/TRAINS); not independently re-verified against the publisher in this workspace,REAL
NIC,Vegetable,1 type,4.83,17,Structure matches the UNCTAD/World Bank NTM prevalence-by-sector export (WITS/TRAINS); not independently re-verified against the publisher in this workspace,REAL
NIC,Vegetable,2 types,31.82,112,Structure matches the UNCTAD/World Bank NTM prevalence-by-sector export (WITS/TRAINS); not independently re-verified against the publisher in this workspace,REAL
NIC,Vegetable,3+ types,45.74,161,Structure matches the UNCTAD/World Bank NTM prevalence-by-sector export (WITS/TRAINS); not independently re-verified against the publisher in this workspace,REAL
NIC,Vegetable,No NTMs,17.61,62,Structure matches the UNCTAD/World Bank NTM prevalence-by-sector export (WITS/TRAINS); not independently re-verified against the publisher in this workspace,REAL
NIC,Food Products,1 type,23.7,50,Structure matches the UNCTAD/World Bank NTM prevalence-by-sector export (WITS/TRAINS); not independently re-verified against the publisher in this workspace,REAL
NIC,Food Products,2 types,35.07,74,Structure matches the UNCTAD/World Bank NTM prevalence-by-sector export (WITS/TRAINS); not independently re-verified against the publisher in this workspace,REAL
NIC,Food Products,3+ types,26.54,56,Structure matches the UNCTAD/World Bank NTM prevalence-by-sector export (WITS/TRAINS); not independently re-verified against the publisher in this workspace,REAL
NIC,Food Products,No NTMs,14.69,31,Structure matches the UNCTAD/World Bank NTM prevalence-by-sector export (WITS/TRAINS); not independently re-verified against the publisher in this workspace,REAL
NIC,Minerals,1 type,50.48,53,Structure matches the UNCTAD/World Bank NTM prevalence-by-sector export (WITS/TRAINS); not independently re-verified against the publisher in this workspace,REAL
NIC,Minerals,2 types,0.95,1,Structure matches the UNCTAD/World Bank NTM prevalence-by-sector export (WITS/TRAINS); not independently re-verified against the publisher in this workspace,REAL
NIC,Minerals,No NTMs,48.57,51,Structure matches the UNCTAD/World Bank NTM prevalence-by-sector export (WITS/TRAINS); not independently re-verified against the publisher in this workspace,REAL
NIC,Fuels,1 type,6.98,3,Structure matches the UNCTAD/World Bank NTM prevalence-by-sector export (WITS/TRAINS); not independently re-verified against the publisher in this workspace,REAL
NIC,Fuels,2 types,9.3,4,Structure matches the UNCTAD/World Bank NTM prevalence-by-sector export (WITS/TRAINS); not independently re-verified against the publisher in this workspace,REAL
NIC,Fuels,3+ types,2.33,1,Structure matches the UNCTAD/World Bank NTM prevalence-by-sector export (WITS/TRAINS); not independently re-verified against the publisher in this workspace,REAL
NIC,Fuels,No NTMs,81.4,35,Structure matches the UNCTAD/World Bank NTM prevalence-by-sector export (WITS/TRAINS); not independently re-verified against the publisher in this workspace,REAL
NIC,Chemicals,1 type,9.53,75,Structure matches the UNCTAD/World Bank NTM prevalence-by-sector export (WITS/TRAINS); not independently re-verified against the publisher in this workspace,REAL
NIC,Chemicals,2 types,4.83,38,Structure matches the UNCTAD/World Bank NTM prevalence-by-sector export (WITS/TRAINS); not independently re-verified against the publisher in this workspace,REAL
NIC,Chemicals,3+ types,0.38,3,Structure matches the UNCTAD/World Bank NTM prevalence-by-sector export (WITS/TRAINS); not independently re-verified against the publisher in this workspace,REAL
NIC,Chemicals,No NTMs,85.26,671,Structure matches the UNCTAD/World Bank NTM prevalence-by-sector export (WITS/TRAINS); not independently re-verified against the publisher in this workspace,REAL
NIC,Plastic or Rubber,1 type,8.53,18,Structure matches the UNCTAD/World Bank NTM prevalence-by-sector export (WITS/TRAINS); not independently re-verified against the publisher in this workspace,REAL
NIC,Plastic or Rubber,No NTMs,91.47,193,Structure matches the UNCTAD/World Bank NTM prevalence-by-sector export (WITS/TRAINS); not independently re-verified against the publisher in this workspace,REAL
NIC,Hides and Skins,1 type,11.59,8,Structure matches the UNCTAD/World Bank NTM prevalence-by-sector export (WITS/TRAINS); not independently re-verified against the publisher in this workspace,REAL
NIC,Hides and Skins,2 types,5.8,4,Structure matches the UNCTAD/World Bank NTM prevalence-by-sector export (WITS/TRAINS); not independently re-verified against the publisher in this workspace,REAL
NIC,Hides and Skins,No NTMs,82.61,57,Structure matches the UNCTAD/World Bank NTM prevalence-by-sector export (WITS/TRAINS); not independently re-verified against the publisher in this workspace,REAL
NIC,Wood,1 type,5.53,13,Structure matches the UNCTAD/World Bank NTM prevalence-by-sector export (WITS/TRAINS); not independently re-verified against the publisher in this workspace,REAL
NIC,Wood,No NTMs,94.47,222,Structure matches the UNCTAD/World Bank NTM prevalence-by-sector export (WITS/TRAINS); not independently re-verified against the publisher in this workspace,REAL
NIC,Textiles and Clothing,1 type,56.91,453,Structure matches the UNCTAD/World Bank NTM prevalence-by-sector export (WITS/TRAINS); not independently re-verified against the publisher in this workspace,REAL
NIC,Textiles and Clothing,2 types,19.47,155,Structure matches the UNCTAD/World Bank NTM prevalence-by-sector export (WITS/TRAINS); not independently re-verified against the publisher in this workspace,REAL
NIC,Textiles and Clothing,No NTMs,23.62,188,Structure matches the UNCTAD/World Bank NTM prevalence-by-sector export (WITS/TRAINS); not independently re-verified against the publisher in this workspace,REAL
NIC,Footwear,1 type,82.98,39,Structure matches the UNCTAD/World Bank NTM prevalence-by-sector export (WITS/TRAINS); not independently re-verified against the publisher in this workspace,REAL
NIC,Footwear,2 types,2.13,1,Structure matches the UNCTAD/World Bank NTM prevalence-by-sector export (WITS/TRAINS); not independently re-verified against the publisher in this workspace,REAL
NIC,Footwear,No NTMs,14.89,7,Structure matches the UNCTAD/World Bank NTM prevalence-by-sector export (WITS/TRAINS); not independently re-verified against the publisher in this workspace,REAL
NIC,Stone and Glass,1 type,19.49,38,Structure matches the UNCTAD/World Bank NTM prevalence-by-sector export (WITS/TRAINS); not independently re-verified against the publisher in this workspace,REAL
NIC,Stone and Glass,No NTMs,80.51,157,Structure matches the UNCTAD/World Bank NTM prevalence-by-sector export (WITS/TRAINS); not independently re-verified against the publisher in this workspace,REAL
NIC,Metals,1 type,2.31,13,Structure matches the UNCTAD/World Bank NTM prevalence-by-sector export (WITS/TRAINS); not independently re-verified against the publisher in this workspace,REAL
NIC,Metals,No NTMs,97.69,550,Structure matches the UNCTAD/World Bank NTM prevalence-by-sector export (WITS/TRAINS); not independently re-verified against the publisher in this workspace,REAL
NIC,Mach and Elec,1 type,6.87,53,Structure matches the UNCTAD/World Bank NTM prevalence-by-sector export (WITS/TRAINS); not independently re-verified against the publisher in this workspace,REAL
NIC,Mach and Elec,No NTMs,93.13,718,Structure matches the UNCTAD/World Bank NTM prevalence-by-sector export (WITS/TRAINS); not independently re-verified against the publisher in this workspace,REAL
NIC,Transportation,1 type,32.31,42,Structure matches the UNCTAD/World Bank NTM prevalence-by-sector export (WITS/TRAINS); not independently re-verified against the publisher in this workspace,REAL
NIC,Transportation,No NTMs,67.69,88,Structure matches the UNCTAD/World Bank NTM prevalence-by-sector export (WITS/TRAINS); not independently re-verified against the publisher in this workspace,REAL
NIC,Miscellaneous,1 type,19.21,68,Structure matches the UNCTAD/World Bank NTM prevalence-by-sector export (WITS/TRAINS); not independently re-verified against the publisher in this workspace,REAL
NIC,Miscellaneous,2 types,3.67,13,Structure matches the UNCTAD/World Bank NTM prevalence-by-sector export (WITS/TRAINS); not independently re-verified against the publisher in this workspace,REAL
NIC,Miscellaneous,3+ types,0.85,3,Structure matches the UNCTAD/World Bank NTM prevalence-by-sector export (WITS/TRAINS); not independently re-verified against the publisher in this workspace,REAL
NIC,Miscellaneous,No NTMs,76.27,270,Structure matches the UNCTAD/World Bank NTM prevalence-by-sector export (WITS/TRAINS); not independently re-verified against the publisher in this workspace,REAL
NIC,All Import Products,1 type,19.48,1014,Structure matches the UNCTAD/World Bank NTM prevalence-by-sector export (WITS/TRAINS); not independently re-verified against the publisher in this workspace,REAL
NIC,All Import Products,2 types,8.61,448,Structure matches the UNCTAD/World Bank NTM prevalence-by-sector export (WITS/TRAINS); not independently re-verified against the publisher in this workspace,REAL
NIC,All Import Products,3+ types,5.55,289,Structure matches the UNCTAD/World Bank NTM prevalence-by-sector export (WITS/TRAINS); not independently re-verified against the publisher in this workspace,REAL
NIC,All Import Products,No NTMs,66.36,3454,Structure matches the UNCTAD/World Bank NTM prevalence-by-sector export (WITS/TRAINS); not independently re-verified against the publisher in this workspace,REAL
NPL,Animal,1 type,7.46,17,Structure matches the UNCTAD/World Bank NTM prevalence-by-sector export (WITS/TRAINS); not independently re-verified against the publisher in this workspace,REAL
NPL,Animal,2 types,2.19,5,Structure matches the UNCTAD/World Bank NTM prevalence-by-sector export (WITS/TRAINS); not independently re-verified against the publisher in this workspace,REAL
NPL,Animal,No NTMs,90.35,206,Structure matches the UNCTAD/World Bank NTM prevalence-by-sector export (WITS/TRAINS); not independently re-verified against the publisher in this workspace,REAL
NPL,Vegetable,1 type,3.65,11,Structure matches the UNCTAD/World Bank NTM prevalence-by-sector export (WITS/TRAINS); not independently re-verified against the publisher in this workspace,REAL
NPL,Vegetable,2 types,12.96,39,Structure matches the UNCTAD/World Bank NTM prevalence-by-sector export (WITS/TRAINS); not independently re-verified against the publisher in this workspace,REAL
NPL,Vegetable,3+ types,0.33,1,Structure matches the UNCTAD/World Bank NTM prevalence-by-sector export (WITS/TRAINS); not independently re-verified against the publisher in this workspace,REAL
NPL,Vegetable,No NTMs,83.06,250,Structure matches the UNCTAD/World Bank NTM prevalence-by-sector export (WITS/TRAINS); not independently re-verified against the publisher in this workspace,REAL
NPL,Food Products,1 type,8.81,17,Structure matches the UNCTAD/World Bank NTM prevalence-by-sector export (WITS/TRAINS); not independently re-verified against the publisher in this workspace,REAL
NPL,Food Products,2 types,7.77,15,Structure matches the UNCTAD/World Bank NTM prevalence-by-sector export (WITS/TRAINS); not independently re-verified against the publisher in this workspace,REAL
NPL,Food Products,3+ types,0.52,1,Structure matches the UNCTAD/World Bank NTM prevalence-by-sector export (WITS/TRAINS); not independently re-verified against the publisher in this workspace,REAL
NPL,Food Products,No NTMs,82.9,160,Structure matches the UNCTAD/World Bank NTM prevalence-by-sector export (WITS/TRAINS); not independently re-verified against the publisher in this workspace,REAL
NPL,Minerals,1 type,1.89,2,Structure matches the UNCTAD/World Bank NTM prevalence-by-sector export (WITS/TRAINS); not independently re-verified against the publisher in this workspace,REAL
NPL,Minerals,2 types,0.94,1,Structure matches the UNCTAD/World Bank NTM prevalence-by-sector export (WITS/TRAINS); not independently re-verified against the publisher in this workspace,REAL
NPL,Minerals,No NTMs,97.17,103,Structure matches the UNCTAD/World Bank NTM prevalence-by-sector export (WITS/TRAINS); not independently re-verified against the publisher in this workspace,REAL
NPL,Fuels,3+ types,80.95,34,Structure matches the UNCTAD/World Bank NTM prevalence-by-sector export (WITS/TRAINS); not independently re-verified against the publisher in this workspace,REAL
NPL,Fuels,No NTMs,19.05,8,Structure matches the UNCTAD/World Bank NTM prevalence-by-sector export (WITS/TRAINS); not independently re-verified against the publisher in this workspace,REAL
NPL,Chemicals,1 type,40.81,322,Structure matches the UNCTAD/World Bank NTM prevalence-by-sector export (WITS/TRAINS); not independently re-verified against the publisher in this workspace,REAL
NPL,Chemicals,2 types,3.93,31,Structure matches the UNCTAD/World Bank NTM prevalence-by-sector export (WITS/TRAINS); not independently re-verified against the publisher in this workspace,REAL
NPL,Chemicals,No NTMs,55.26,436,Structure matches the UNCTAD/World Bank NTM prevalence-by-sector export (WITS/TRAINS); not independently re-verified against the publisher in this workspace,REAL
NPL,Plastic or Rubber,1 type,0.47,1,Structure matches the UNCTAD/World Bank NTM prevalence-by-sector export (WITS/TRAINS); not independently re-verified against the publisher in this workspace,REAL
NPL,Plastic or Rubber,No NTMs,99.53,210,Structure matches the UNCTAD/World Bank NTM prevalence-by-sector export (WITS/TRAINS); not independently re-verified against the publisher in this workspace,REAL
NPL,Hides and Skins,No NTMs,100.0,69,Structure matches the UNCTAD/World Bank NTM prevalence-by-sector export (WITS/TRAINS); not independently re-verified against the publisher in this workspace,REAL
NPL,Wood,No NTMs,100.0,237,Structure matches the UNCTAD/World Bank NTM prevalence-by-sector export (WITS/TRAINS); not independently re-verified against the publisher in this workspace,REAL
NPL,Textiles and Clothing,1 type,0.62,5,Structure matches the UNCTAD/World Bank NTM prevalence-by-sector export (WITS/TRAINS); not independently re-verified against the publisher in this workspace,REAL
NPL,Textiles and Clothing,No NTMs,99.38,796,Structure matches the UNCTAD/World Bank NTM prevalence-by-sector export (WITS/TRAINS); not independently re-verified against the publisher in this workspace,REAL
NPL,Footwear,No NTMs,100.0,49,Structure matches the UNCTAD/World Bank NTM prevalence-by-sector export (WITS/TRAINS); not independently re-verified against the publisher in this workspace,REAL
NPL,Stone and Glass,1 type,0.51,1,Structure matches the UNCTAD/World Bank NTM prevalence-by-sector export (WITS/TRAINS); not independently re-verified against the publisher in this workspace,REAL
NPL,Stone and Glass,No NTMs,99.49,195,Structure matches the UNCTAD/World Bank NTM prevalence-by-sector export (WITS/TRAINS); not independently re-verified against the publisher in this workspace,REAL
NPL,Metals,1 type,0.35,2,Structure matches the UNCTAD/World Bank NTM prevalence-by-sector export (WITS/TRAINS); not independently re-verified against the publisher in this workspace,REAL
NPL,Metals,No NTMs,99.65,566,Structure matches the UNCTAD/World Bank NTM prevalence-by-sector export (WITS/TRAINS); not independently re-verified against the publisher in this workspace,REAL
NPL,Mach and Elec,1 type,65.28,502,Structure matches the UNCTAD/World Bank NTM prevalence-by-sector export (WITS/TRAINS); not independently re-verified against the publisher in this workspace,REAL
NPL,Mach and Elec,No NTMs,34.72,267,Structure matches the UNCTAD/World Bank NTM prevalence-by-sector export (WITS/TRAINS); not independently re-verified against the publisher in this workspace,REAL
NPL,Transportation,1 type,3.05,4,Structure matches the UNCTAD/World Bank NTM prevalence-by-sector export (WITS/TRAINS); not independently re-verified against the publisher in this workspace,REAL
NPL,Transportation,No NTMs,96.95,127,Structure matches the UNCTAD/World Bank NTM prevalence-by-sector export (WITS/TRAINS); not independently re-verified against the publisher in this workspace,REAL
NPL,Miscellaneous,1 type,0.28,1,Structure matches the UNCTAD/World Bank NTM prevalence-by-sector export (WITS/TRAINS); not independently re-verified against the publisher in this workspace,REAL
NPL,Miscellaneous,No NTMs,99.72,361,Structure matches the UNCTAD/World Bank NTM prevalence-by-sector export (WITS/TRAINS); not independently re-verified against the publisher in this workspace,REAL
NPL,All Import Products,1 type,17.52,885,Structure matches the UNCTAD/World Bank NTM prevalence-by-sector export (WITS/TRAINS); not independently re-verified against the publisher in this workspace,REAL
NPL,All Import Products,2 types,1.8,91,Structure matches the UNCTAD/World Bank NTM prevalence-by-sector export (WITS/TRAINS); not independently re-verified against the publisher in this workspace,REAL
NPL,All Import Products,3+ types,0.71,36,Structure matches the UNCTAD/World Bank NTM prevalence-by-sector export (WITS/TRAINS); not independently re-verified against the publisher in this workspace,REAL
NPL,All Import Products,No NTMs,79.97,4040,Structure matches the UNCTAD/World Bank NTM prevalence-by-sector export (WITS/TRAINS); not independently re-verified against the publisher in this workspace,REAL
NZL,Animal,1 type,19.94,67,Structure matches the UNCTAD/World Bank NTM prevalence-by-sector export (WITS/TRAINS); not independently re-verified against the publisher in this workspace,REAL
NZL,Animal,2 types,8.93,30,Structure matches the UNCTAD/World Bank NTM prevalence-by-sector export (WITS/TRAINS); not independently re-verified against the publisher in this workspace,REAL
NZL,Animal,3+ types,51.79,174,Structure matches the UNCTAD/World Bank NTM prevalence-by-sector export (WITS/TRAINS); not independently re-verified against the publisher in this workspace,REAL
NZL,Animal,No NTMs,19.35,65,Structure matches the UNCTAD/World Bank NTM prevalence-by-sector export (WITS/TRAINS); not independently re-verified against the publisher in this workspace,REAL
NZL,Vegetable,1 type,13.64,48,Structure matches the UNCTAD/World Bank NTM prevalence-by-sector export (WITS/TRAINS); not independently re-verified against the publisher in this workspace,REAL
NZL,Vegetable,2 types,70.45,248,Structure matches the UNCTAD/World Bank NTM prevalence-by-sector export (WITS/TRAINS); not independently re-verified against the publisher in this workspace,REAL
NZL,Vegetable,3+ types,5.11,18,Structure matches the UNCTAD/World Bank NTM prevalence-by-sector export (WITS/TRAINS); not independently re-verified against the publisher in this workspace,REAL
NZL,Vegetable,No NTMs,10.8,38,Structure matches the UNCTAD/World Bank NTM prevalence-by-sector export (WITS/TRAINS); not independently re-verified against the publisher in this workspace,REAL
NZL,Food Products,1 type,0.95,2,Structure matches the UNCTAD/World Bank NTM prevalence-by-sector export (WITS/TRAINS); not independently re-verified against the publisher in this workspace,REAL
NZL,Food Products,2 types,68.25,144,Structure matches the UNCTAD/World Bank NTM prevalence-by-sector export (WITS/TRAINS); not independently re-verified against the publisher in this workspace,REAL
NZL,Food Products,3+ types,27.01,57,Structure matches the UNCTAD/World Bank NTM prevalence-by-sector export (WITS/TRAINS); not independently re-verified against the publisher in this workspace,REAL
NZL,Food Products,No NTMs,3.79,8,Structure matches the UNCTAD/World Bank NTM prevalence-by-sector export (WITS/TRAINS); not independently re-verified against the publisher in this workspace,REAL
NZL,Minerals,1 type,33.33,35,Structure matches the UNCTAD/World Bank NTM prevalence-by-sector export (WITS/TRAINS); not independently re-verified against the publisher in this workspace,REAL
NZL,Minerals,2 types,0.95,1,Structure matches the UNCTAD/World Bank NTM prevalence-by-sector export (WITS/TRAINS); not independently re-verified against the publisher in this workspace,REAL
NZL,Minerals,No NTMs,65.71,69,Structure matches the UNCTAD/World Bank NTM prevalence-by-sector export (WITS/TRAINS); not independently re-verified against the publisher in this workspace,REAL
NZL,Fuels,1 type,34.88,15,Structure matches the UNCTAD/World Bank NTM prevalence-by-sector export (WITS/TRAINS); not independently re-verified against the publisher in this workspace,REAL
NZL,Fuels,2 types,2.33,1,Structure matches the UNCTAD/World Bank NTM prevalence-by-sector export (WITS/TRAINS); not independently re-verified against the publisher in this workspace,REAL
NZL,Fuels,No NTMs,62.79,27,Structure matches the UNCTAD/World Bank NTM prevalence-by-sector export (WITS/TRAINS); not independently re-verified against the publisher in this workspace,REAL
NZL,Chemicals,1 type,26.3,207,Structure matches the UNCTAD/World Bank NTM prevalence-by-sector export (WITS/TRAINS); not independently re-verified against the publisher in this workspace,REAL
NZL,Chemicals,2 types,18.68,147,Structure matches the UNCTAD/World Bank NTM prevalence-by-sector export (WITS/TRAINS); not independently re-verified against the publisher in this workspace,REAL
NZL,Chemicals,3+ types,3.05,24,Structure matches the UNCTAD/World Bank NTM prevalence-by-sector export (WITS/TRAINS); not independently re-verified against the publisher in this workspace,REAL
NZL,Chemicals,No NTMs,51.97,409,Structure matches the UNCTAD/World Bank NTM prevalence-by-sector export (WITS/TRAINS); not independently re-verified against the publisher in this workspace,REAL
NZL,Plastic or Rubber,1 type,4.74,10,Structure matches the UNCTAD/World Bank NTM prevalence-by-sector export (WITS/TRAINS); not independently re-verified against the publisher in this workspace,REAL
NZL,Plastic or Rubber,2 types,5.21,11,Structure matches the UNCTAD/World Bank NTM prevalence-by-sector export (WITS/TRAINS); not independently re-verified against the publisher in this workspace,REAL
NZL,Plastic or Rubber,No NTMs,90.05,190,Structure matches the UNCTAD/World Bank NTM prevalence-by-sector export (WITS/TRAINS); not independently re-verified against the publisher in this workspace,REAL
NZL,Hides and Skins,1 type,23.19,16,Structure matches the UNCTAD/World Bank NTM prevalence-by-sector export (WITS/TRAINS); not independently re-verified against the publisher in this workspace,REAL
NZL,Hides and Skins,2 types,21.74,15,Structure matches the UNCTAD/World Bank NTM prevalence-by-sector export (WITS/TRAINS); not independently re-verified against the publisher in this workspace,REAL
NZL,Hides and Skins,3+ types,20.29,14,Structure matches the UNCTAD/World Bank NTM prevalence-by-sector export (WITS/TRAINS); not independently re-verified against the publisher in this workspace,REAL
NZL,Hides and Skins,No NTMs,34.78,24,Structure matches the UNCTAD/World Bank NTM prevalence-by-sector export (WITS/TRAINS); not independently re-verified against the publisher in this workspace,REAL
NZL,Wood,1 type,33.19,78,Structure matches the UNCTAD/World Bank NTM prevalence-by-sector export (WITS/TRAINS); not independently re-verified against the publisher in this workspace,REAL
NZL,Wood,2 types,0.43,1,Structure matches the UNCTAD/World Bank NTM prevalence-by-sector export (WITS/TRAINS); not independently re-verified against the publisher in this workspace,REAL
NZL,Wood,3+ types,5.11,12,Structure matches the UNCTAD/World Bank NTM prevalence-by-sector export (WITS/TRAINS); not independently re-verified against the publisher in this workspace,REAL
NZL,Wood,No NTMs,61.28,144,Structure matches the UNCTAD/World Bank NTM prevalence-by-sector export (WITS/TRAINS); not independently re-verified against the publisher in this workspace,REAL
NZL,Textiles and Clothing,1 type,28.39,226,Structure matches the UNCTAD/World Bank NTM prevalence-by-sector export (WITS/TRAINS); not independently re-verified against the publisher in this workspace,REAL
NZL,Textiles and Clothing,2 types,3.14,25,Structure matches the UNCTAD/World Bank NTM prevalence-by-sector export (WITS/TRAINS); not independently re-verified against the publisher in this workspace,REAL
NZL,Textiles and Clothing,3+ types,7.41,59,Structure matches the UNCTAD/World Bank NTM prevalence-by-sector export (WITS/TRAINS); not independently re-verified against the publisher in this workspace,REAL
NZL,Textiles and Clothing,No NTMs,61.06,486,Structure matches the UNCTAD/World Bank NTM prevalence-by-sector export (WITS/TRAINS); not independently re-verified against the publisher in this workspace,REAL
NZL,Footwear,1 type,27.66,13,Structure matches the UNCTAD/World Bank NTM prevalence-by-sector export (WITS/TRAINS); not independently re-verified against the publisher in this workspace,REAL
NZL,Footwear,2 types,29.79,14,Structure matches the UNCTAD/World Bank NTM prevalence-by-sector export (WITS/TRAINS); not independently re-verified against the publisher in this workspace,REAL
NZL,Footwear,3+ types,2.13,1,Structure matches the UNCTAD/World Bank NTM prevalence-by-sector export (WITS/TRAINS); not independently re-verified against the publisher in this workspace,REAL
NZL,Footwear,No NTMs,40.43,19,Structure matches the UNCTAD/World Bank NTM prevalence-by-sector export (WITS/TRAINS); not independently re-verified against the publisher in this workspace,REAL
NZL,Stone and Glass,1 type,9.23,18,Structure matches the UNCTAD/World Bank NTM prevalence-by-sector export (WITS/TRAINS); not independently re-verified against the publisher in this workspace,REAL
NZL,Stone and Glass,2 types,3.08,6,Structure matches the UNCTAD/World Bank NTM prevalence-by-sector export (WITS/TRAINS); not independently re-verified against the publisher in this workspace,REAL
NZL,Stone and Glass,3+ types,0.51,1,Structure matches the UNCTAD/World Bank NTM prevalence-by-sector export (WITS/TRAINS); not independently re-verified against the publisher in this workspace,REAL
NZL,Stone and Glass,No NTMs,87.18,170,Structure matches the UNCTAD/World Bank NTM prevalence-by-sector export (WITS/TRAINS); not independently re-verified against the publisher in this workspace,REAL
NZL,Metals,1 type,11.01,62,Structure matches the UNCTAD/World Bank NTM prevalence-by-sector export (WITS/TRAINS); not independently re-verified against the publisher in this workspace,REAL
NZL,Metals,2 types,4.26,24,Structure matches the UNCTAD/World Bank NTM prevalence-by-sector export (WITS/TRAINS); not independently re-verified against the publisher in this workspace,REAL
NZL,Metals,No NTMs,84.72,477,Structure matches the UNCTAD/World Bank NTM prevalence-by-sector export (WITS/TRAINS); not independently re-verified against the publisher in this workspace,REAL
NZL,Mach and Elec,1 type,72.76,561,Structure matches the UNCTAD/World Bank NTM prevalence-by-sector export (WITS/TRAINS); not independently re-verified against the publisher in this workspace,REAL
NZL,Mach and Elec,2 types,10.12,78,Structure matches the UNCTAD/World Bank NTM prevalence-by-sector export (WITS/TRAINS); not independently re-verified against the publisher in this workspace,REAL
NZL,Mach and Elec,3+ types,1.43,11,Structure matches the UNCTAD/World Bank NTM prevalence-by-sector export (WITS/TRAINS); not independently re-verified against the publisher in this workspace,REAL
NZL,Mach and Elec,No NTMs,15.69,121,Structure matches the UNCTAD/World Bank NTM prevalence-by-sector export (WITS/TRAINS); not independently re-verified against the publisher in this workspace,REAL
NZL,Transportation,1 type,23.85,31,Structure matches the UNCTAD/World Bank NTM prevalence-by-sector export (WITS/TRAINS); not independently re-verified against the publisher in this workspace,REAL
NZL,Transportation,2 types,50.77,66,Structure matches the UNCTAD/World Bank NTM prevalence-by-sector export (WITS/TRAINS); not independently re-verified against the publisher in this workspace,REAL
NZL,Transportation,No NTMs,25.38,33,Structure matches the UNCTAD/World Bank NTM prevalence-by-sector export (WITS/TRAINS); not independently re-verified against the publisher in this workspace,REAL
NZL,Miscellaneous,1 type,29.38,104,Structure matches the UNCTAD/World Bank NTM prevalence-by-sector export (WITS/TRAINS); not independently re-verified against the publisher in this workspace,REAL
NZL,Miscellaneous,2 types,12.99,46,Structure matches the UNCTAD/World Bank NTM prevalence-by-sector export (WITS/TRAINS); not independently re-verified against the publisher in this workspace,REAL
NZL,Miscellaneous,3+ types,0.28,1,Structure matches the UNCTAD/World Bank NTM prevalence-by-sector export (WITS/TRAINS); not independently re-verified against the publisher in this workspace,REAL
NZL,Miscellaneous,No NTMs,57.34,203,Structure matches the UNCTAD/World Bank NTM prevalence-by-sector export (WITS/TRAINS); not independently re-verified against the publisher in this workspace,REAL
NZL,All Import Products,1 type,28.68,1493,Structure matches the UNCTAD/World Bank NTM prevalence-by-sector export (WITS/TRAINS); not independently re-verified against the publisher in this workspace,REAL
NZL,All Import Products,2 types,16.46,857,Structure matches the UNCTAD/World Bank NTM prevalence-by-sector export (WITS/TRAINS); not independently re-verified against the publisher in this workspace,REAL
NZL,All Import Products,3+ types,7.15,372,Structure matches the UNCTAD/World Bank NTM prevalence-by-sector export (WITS/TRAINS); not independently re-verified against the publisher in this workspace,REAL
NZL,All Import Products,No NTMs,47.7,2483,Structure matches the UNCTAD/World Bank NTM prevalence-by-sector export (WITS/TRAINS); not independently re-verified against the publisher in this workspace,REAL
OMN,Animal,1 type,5.06,17,Structure matches the UNCTAD/World Bank NTM prevalence-by-sector export (WITS/TRAINS); not independently re-verified against the publisher in this workspace,REAL
OMN,Animal,2 types,6.55,22,Structure matches the UNCTAD/World Bank NTM prevalence-by-sector export (WITS/TRAINS); not independently re-verified against the publisher in this workspace,REAL
OMN,Animal,3+ types,72.62,244,Structure matches the UNCTAD/World Bank NTM prevalence-by-sector export (WITS/TRAINS); not independently re-verified against the publisher in this workspace,REAL
OMN,Animal,No NTMs,15.77,53,Structure matches the UNCTAD/World Bank NTM prevalence-by-sector export (WITS/TRAINS); not independently re-verified against the publisher in this workspace,REAL
OMN,Vegetable,1 type,2.84,10,Structure matches the UNCTAD/World Bank NTM prevalence-by-sector export (WITS/TRAINS); not independently re-verified against the publisher in this workspace,REAL
OMN,Vegetable,2 types,6.25,22,Structure matches the UNCTAD/World Bank NTM prevalence-by-sector export (WITS/TRAINS); not independently re-verified against the publisher in this workspace,REAL
OMN,Vegetable,3+ types,85.8,302,Structure matches the UNCTAD/World Bank NTM prevalence-by-sector export (WITS/TRAINS); not independently re-verified against the publisher in this workspace,REAL
OMN,Vegetable,No NTMs,5.11,18,Structure matches the UNCTAD/World Bank NTM prevalence-by-sector export (WITS/TRAINS); not independently re-verified against the publisher in this workspace,REAL
OMN,Food Products,1 type,23.7,50,Structure matches the UNCTAD/World Bank NTM prevalence-by-sector export (WITS/TRAINS); not independently re-verified against the publisher in this workspace,REAL
OMN,Food Products,2 types,36.49,77,Structure matches the UNCTAD/World Bank NTM prevalence-by-sector export (WITS/TRAINS); not independently re-verified against the publisher in this workspace,REAL
OMN,Food Products,3+ types,36.02,76,Structure matches the UNCTAD/World Bank NTM prevalence-by-sector export (WITS/TRAINS); not independently re-verified against the publisher in this workspace,REAL
OMN,Food Products,No NTMs,3.79,8,Structure matches the UNCTAD/World Bank NTM prevalence-by-sector export (WITS/TRAINS); not independently re-verified against the publisher in this workspace,REAL
OMN,Minerals,2 types,60.0,63,Structure matches the UNCTAD/World Bank NTM prevalence-by-sector export (WITS/TRAINS); not independently re-verified against the publisher in this workspace,REAL
OMN,Minerals,3+ types,1.9,2,Structure matches the UNCTAD/World Bank NTM prevalence-by-sector export (WITS/TRAINS); not independently re-verified against the publisher in this workspace,REAL
OMN,Minerals,No NTMs,38.1,40,Structure matches the UNCTAD/World Bank NTM prevalence-by-sector export (WITS/TRAINS); not independently re-verified against the publisher in this workspace,REAL
OMN,Fuels,1 type,11.63,5,Structure matches the UNCTAD/World Bank NTM prevalence-by-sector export (WITS/TRAINS); not independently re-verified against the publisher in this workspace,REAL
OMN,Fuels,2 types,32.56,14,Structure matches the UNCTAD/World Bank NTM prevalence-by-sector export (WITS/TRAINS); not independently re-verified against the publisher in this workspace,REAL
OMN,Fuels,No NTMs,55.81,24,Structure matches the UNCTAD/World Bank NTM prevalence-by-sector export (WITS/TRAINS); not independently re-verified against the publisher in this workspace,REAL
OMN,Chemicals,1 type,0.64,5,Structure matches the UNCTAD/World Bank NTM prevalence-by-sector export (WITS/TRAINS); not independently re-verified against the publisher in this workspace,REAL
OMN,Chemicals,2 types,70.01,551,Structure matches the UNCTAD/World Bank NTM prevalence-by-sector export (WITS/TRAINS); not independently re-verified against the publisher in this workspace,REAL
OMN,Chemicals,3+ types,5.46,43,Structure matches the UNCTAD/World Bank NTM prevalence-by-sector export (WITS/TRAINS); not independently re-verified against the publisher in this workspace,REAL
OMN,Chemicals,No NTMs,23.89,188,Structure matches the UNCTAD/World Bank NTM prevalence-by-sector export (WITS/TRAINS); not independently re-verified against the publisher in this workspace,REAL
OMN,Plastic or Rubber,1 type,1.42,3,Structure matches the UNCTAD/World Bank NTM prevalence-by-sector export (WITS/TRAINS); not independently re-verified against the publisher in this workspace,REAL
OMN,Plastic or Rubber,No NTMs,98.58,208,Structure matches the UNCTAD/World Bank NTM prevalence-by-sector export (WITS/TRAINS); not independently re-verified against the publisher in this workspace,REAL
OMN,Hides and Skins,No NTMs,100.0,69,Structure matches the UNCTAD/World Bank NTM prevalence-by-sector export (WITS/TRAINS); not independently re-verified against the publisher in this workspace,REAL
OMN,Wood,1 type,5.96,14,Structure matches the UNCTAD/World Bank NTM prevalence-by-sector export (WITS/TRAINS); not independently re-verified against the publisher in this workspace,REAL
OMN,Wood,2 types,8.09,19,Structure matches the UNCTAD/World Bank NTM prevalence-by-sector export (WITS/TRAINS); not independently re-verified against the publisher in this workspace,REAL
OMN,Wood,No NTMs,85.96,202,Structure matches the UNCTAD/World Bank NTM prevalence-by-sector export (WITS/TRAINS); not independently re-verified against the publisher in this workspace,REAL
OMN,Textiles and Clothing,1 type,89.7,714,Structure matches the UNCTAD/World Bank NTM prevalence-by-sector export (WITS/TRAINS); not independently re-verified against the publisher in this workspace,REAL
OMN,Textiles and Clothing,2 types,0.13,1,Structure matches the UNCTAD/World Bank NTM prevalence-by-sector export (WITS/TRAINS); not independently re-verified against the publisher in this workspace,REAL
OMN,Textiles and Clothing,No NTMs,10.18,81,Structure matches the UNCTAD/World Bank NTM prevalence-by-sector export (WITS/TRAINS); not independently re-verified against the publisher in this workspace,REAL
OMN,Footwear,1 type,53.19,25,Structure matches the UNCTAD/World Bank NTM prevalence-by-sector export (WITS/TRAINS); not independently re-verified against the publisher in this workspace,REAL
OMN,Footwear,No NTMs,46.81,22,Structure matches the UNCTAD/World Bank NTM prevalence-by-sector export (WITS/TRAINS); not independently re-verified against the publisher in this workspace,REAL
OMN,Stone and Glass,1 type,13.85,27,Structure matches the UNCTAD/World Bank NTM prevalence-by-sector export (WITS/TRAINS); not independently re-verified against the publisher in this workspace,REAL
OMN,Stone and Glass,No NTMs,86.15,168,Structure matches the UNCTAD/World Bank NTM prevalence-by-sector export (WITS/TRAINS); not independently re-verified against the publisher in this workspace,REAL
OMN,Metals,1 type,1.24,7,Structure matches the UNCTAD/World Bank NTM prevalence-by-sector export (WITS/TRAINS); not independently re-verified against the publisher in this workspace,REAL
OMN,Metals,No NTMs,98.76,556,Structure matches the UNCTAD/World Bank NTM prevalence-by-sector export (WITS/TRAINS); not independently re-verified against the publisher in this workspace,REAL
OMN,Mach and Elec,1 type,25.94,200,Structure matches the UNCTAD/World Bank NTM prevalence-by-sector export (WITS/TRAINS); not independently re-verified against the publisher in this workspace,REAL
OMN,Mach and Elec,No NTMs,74.06,571,Structure matches the UNCTAD/World Bank NTM prevalence-by-sector export (WITS/TRAINS); not independently re-verified against the publisher in this workspace,REAL
OMN,Transportation,1 type,55.38,72,Structure matches the UNCTAD/World Bank NTM prevalence-by-sector export (WITS/TRAINS); not independently re-verified against the publisher in this workspace,REAL
OMN,Transportation,No NTMs,44.62,58,Structure matches the UNCTAD/World Bank NTM prevalence-by-sector export (WITS/TRAINS); not independently re-verified against the publisher in this workspace,REAL
OMN,Miscellaneous,1 type,2.54,9,Structure matches the UNCTAD/World Bank NTM prevalence-by-sector export (WITS/TRAINS); not independently re-verified against the publisher in this workspace,REAL
OMN,Miscellaneous,2 types,4.8,17,Structure matches the UNCTAD/World Bank NTM prevalence-by-sector export (WITS/TRAINS); not independently re-verified against the publisher in this workspace,REAL
OMN,Miscellaneous,3+ types,0.28,1,Structure matches the UNCTAD/World Bank NTM prevalence-by-sector export (WITS/TRAINS); not independently re-verified against the publisher in this workspace,REAL
OMN,Miscellaneous,No NTMs,92.37,327,Structure matches the UNCTAD/World Bank NTM prevalence-by-sector export (WITS/TRAINS); not independently re-verified against the publisher in this workspace,REAL
OMN,All Import Products,1 type,22.25,1158,Structure matches the UNCTAD/World Bank NTM prevalence-by-sector export (WITS/TRAINS); not independently re-verified against the publisher in this workspace,REAL
OMN,All Import Products,2 types,15.1,786,Structure matches the UNCTAD/World Bank NTM prevalence-by-sector export (WITS/TRAINS); not independently re-verified against the publisher in this workspace,REAL
OMN,All Import Products,3+ types,12.83,668,Structure matches the UNCTAD/World Bank NTM prevalence-by-sector export (WITS/TRAINS); not independently re-verified against the publisher in this workspace,REAL
OMN,All Import Products,No NTMs,49.82,2593,Structure matches the UNCTAD/World Bank NTM prevalence-by-sector export (WITS/TRAINS); not independently re-verified against the publisher in this workspace,REAL
PAK,Animal,1 type,16.37,55,Structure matches the UNCTAD/World Bank NTM prevalence-by-sector export (WITS/TRAINS); not independently re-verified against the publisher in this workspace,REAL
PAK,Animal,2 types,11.9,40,Structure matches the UNCTAD/World Bank NTM prevalence-by-sector export (WITS/TRAINS); not independently re-verified against the publisher in this workspace,REAL
PAK,Animal,3+ types,31.85,107,Structure matches the UNCTAD/World Bank NTM prevalence-by-sector export (WITS/TRAINS); not independently re-verified against the publisher in this workspace,REAL
PAK,Animal,No NTMs,39.88,134,Structure matches the UNCTAD/World Bank NTM prevalence-by-sector export (WITS/TRAINS); not independently re-verified against the publisher in this workspace,REAL
PAK,Vegetable,1 type,20.45,72,Structure matches the UNCTAD/World Bank NTM prevalence-by-sector export (WITS/TRAINS); not independently re-verified against the publisher in this workspace,REAL
PAK,Vegetable,2 types,3.69,13,Structure matches the UNCTAD/World Bank NTM prevalence-by-sector export (WITS/TRAINS); not independently re-verified against the publisher in this workspace,REAL
PAK,Vegetable,3+ types,20.45,72,Structure matches the UNCTAD/World Bank NTM prevalence-by-sector export (WITS/TRAINS); not independently re-verified against the publisher in this workspace,REAL
PAK,Vegetable,No NTMs,55.4,195,Structure matches the UNCTAD/World Bank NTM prevalence-by-sector export (WITS/TRAINS); not independently re-verified against the publisher in this workspace,REAL
PAK,Food Products,1 type,7.11,15,Structure matches the UNCTAD/World Bank NTM prevalence-by-sector export (WITS/TRAINS); not independently re-verified against the publisher in this workspace,REAL
PAK,Food Products,2 types,8.06,17,Structure matches the UNCTAD/World Bank NTM prevalence-by-sector export (WITS/TRAINS); not independently re-verified against the publisher in this workspace,REAL
PAK,Food Products,3+ types,9.95,21,Structure matches the UNCTAD/World Bank NTM prevalence-by-sector export (WITS/TRAINS); not independently re-verified against the publisher in this workspace,REAL
PAK,Food Products,No NTMs,74.88,158,Structure matches the UNCTAD/World Bank NTM prevalence-by-sector export (WITS/TRAINS); not independently re-verified against the publisher in this workspace,REAL
PAK,Minerals,No NTMs,100.0,105,Structure matches the UNCTAD/World Bank NTM prevalence-by-sector export (WITS/TRAINS); not independently re-verified against the publisher in this workspace,REAL
PAK,Fuels,1 type,6.98,3,Structure matches the UNCTAD/World Bank NTM prevalence-by-sector export (WITS/TRAINS); not independently re-verified against the publisher in this workspace,REAL
PAK,Fuels,No NTMs,93.02,40,Structure matches the UNCTAD/World Bank NTM prevalence-by-sector export (WITS/TRAINS); not independently re-verified against the publisher in this workspace,REAL
PAK,Chemicals,1 type,9.15,72,Structure matches the UNCTAD/World Bank NTM prevalence-by-sector export (WITS/TRAINS); not independently re-verified against the publisher in this workspace,REAL
PAK,Chemicals,2 types,4.57,36,Structure matches the UNCTAD/World Bank NTM prevalence-by-sector export (WITS/TRAINS); not independently re-verified against the publisher in this workspace,REAL
PAK,Chemicals,3+ types,1.14,9,Structure matches the UNCTAD/World Bank NTM prevalence-by-sector export (WITS/TRAINS); not independently re-verified against the publisher in this workspace,REAL
PAK,Chemicals,No NTMs,85.13,670,Structure matches the UNCTAD/World Bank NTM prevalence-by-sector export (WITS/TRAINS); not independently re-verified against the publisher in this workspace,REAL
PAK,Plastic or Rubber,1 type,1.42,3,Structure matches the UNCTAD/World Bank NTM prevalence-by-sector export (WITS/TRAINS); not independently re-verified against the publisher in this workspace,REAL
PAK,Plastic or Rubber,2 types,1.9,4,Structure matches the UNCTAD/World Bank NTM prevalence-by-sector export (WITS/TRAINS); not independently re-verified against the publisher in this workspace,REAL
PAK,Plastic or Rubber,No NTMs,96.68,204,Structure matches the UNCTAD/World Bank NTM prevalence-by-sector export (WITS/TRAINS); not independently re-verified against the publisher in this workspace,REAL
PAK,Hides and Skins,1 type,11.59,8,Structure matches the UNCTAD/World Bank NTM prevalence-by-sector export (WITS/TRAINS); not independently re-verified against the publisher in this workspace,REAL
PAK,Hides and Skins,2 types,39.13,27,Structure matches the UNCTAD/World Bank NTM prevalence-by-sector export (WITS/TRAINS); not independently re-verified against the publisher in this workspace,REAL
PAK,Hides and Skins,No NTMs,49.28,34,Structure matches the UNCTAD/World Bank NTM prevalence-by-sector export (WITS/TRAINS); not independently re-verified against the publisher in this workspace,REAL
PAK,Wood,1 type,5.53,13,Structure matches the UNCTAD/World Bank NTM prevalence-by-sector export (WITS/TRAINS); not independently re-verified against the publisher in this workspace,REAL
PAK,Wood,2 types,4.26,10,Structure matches the UNCTAD/World Bank NTM prevalence-by-sector export (WITS/TRAINS); not independently re-verified against the publisher in this workspace,REAL
PAK,Wood,No NTMs,90.21,212,Structure matches the UNCTAD/World Bank NTM prevalence-by-sector export (WITS/TRAINS); not independently re-verified against the publisher in this workspace,REAL
PAK,Textiles and Clothing,1 type,2.64,21,Structure matches the UNCTAD/World Bank NTM prevalence-by-sector export (WITS/TRAINS); not independently re-verified against the publisher in this workspace,REAL
PAK,Textiles and Clothing,2 types,7.04,56,Structure matches the UNCTAD/World Bank NTM prevalence-by-sector export (WITS/TRAINS); not independently re-verified against the publisher in this workspace,REAL
PAK,Textiles and Clothing,No NTMs,90.33,719,Structure matches the UNCTAD/World Bank NTM prevalence-by-sector export (WITS/TRAINS); not independently re-verified against the publisher in this workspace,REAL
PAK,Footwear,2 types,31.91,15,Structure matches the UNCTAD/World Bank NTM prevalence-by-sector export (WITS/TRAINS); not independently re-verified against the publisher in this workspace,REAL
PAK,Footwear,No NTMs,68.09,32,Structure matches the UNCTAD/World Bank NTM prevalence-by-sector export (WITS/TRAINS); not independently re-verified against the publisher in this workspace,REAL
PAK,Stone and Glass,1 type,1.54,3,Structure matches the UNCTAD/World Bank NTM prevalence-by-sector export (WITS/TRAINS); not independently re-verified against the publisher in this workspace,REAL
PAK,Stone and Glass,2 types,4.62,9,Structure matches the UNCTAD/World Bank NTM prevalence-by-sector export (WITS/TRAINS); not independently re-verified against the publisher in this workspace,REAL
PAK,Stone and Glass,3+ types,10.77,21,Structure matches the UNCTAD/World Bank NTM prevalence-by-sector export (WITS/TRAINS); not independently re-verified against the publisher in this workspace,REAL
PAK,Stone and Glass,No NTMs,83.08,162,Structure matches the UNCTAD/World Bank NTM prevalence-by-sector export (WITS/TRAINS); not independently re-verified against the publisher in this workspace,REAL
PAK,Metals,2 types,1.95,11,Structure matches the UNCTAD/World Bank NTM prevalence-by-sector export (WITS/TRAINS); not independently re-verified against the publisher in this workspace,REAL
PAK,Metals,No NTMs,98.05,552,Structure matches the UNCTAD/World Bank NTM prevalence-by-sector export (WITS/TRAINS); not independently re-verified against the publisher in this workspace,REAL
PAK,Mach and Elec,1 type,0.13,1,Structure matches the UNCTAD/World Bank NTM prevalence-by-sector export (WITS/TRAINS); not independently re-verified against the publisher in this workspace,REAL
PAK,Mach and Elec,2 types,0.52,4,Structure matches the UNCTAD/World Bank NTM prevalence-by-sector export (WITS/TRAINS); not independently re-verified against the publisher in this workspace,REAL
PAK,Mach and Elec,No NTMs,99.35,766,Structure matches the UNCTAD/World Bank NTM prevalence-by-sector export (WITS/TRAINS); not independently re-verified against the publisher in this workspace,REAL
PAK,Transportation,1 type,18.46,24,Structure matches the UNCTAD/World Bank NTM prevalence-by-sector export (WITS/TRAINS); not independently re-verified against the publisher in this workspace,REAL
PAK,Transportation,2 types,5.38,7,Structure matches the UNCTAD/World Bank NTM prevalence-by-sector export (WITS/TRAINS); not independently re-verified against the publisher in this workspace,REAL
PAK,Transportation,No NTMs,76.15,99,Structure matches the UNCTAD/World Bank NTM prevalence-by-sector export (WITS/TRAINS); not independently re-verified against the publisher in this workspace,REAL
PAK,Miscellaneous,1 type,5.65,20,Structure matches the UNCTAD/World Bank NTM prevalence-by-sector export (WITS/TRAINS); not independently re-verified against the publisher in this workspace,REAL
PAK,Miscellaneous,2 types,7.34,26,Structure matches the UNCTAD/World Bank NTM prevalence-by-sector export (WITS/TRAINS); not independently re-verified against the publisher in this workspace,REAL
PAK,Miscellaneous,3+ types,2.82,10,Structure matches the UNCTAD/World Bank NTM prevalence-by-sector export (WITS/TRAINS); not independently re-verified against the publisher in this workspace,REAL
PAK,Miscellaneous,No NTMs,84.18,298,Structure matches the UNCTAD/World Bank NTM prevalence-by-sector export (WITS/TRAINS); not independently re-verified against the publisher in this workspace,REAL
PAK,All Import Products,1 type,5.96,310,Structure matches the UNCTAD/World Bank NTM prevalence-by-sector export (WITS/TRAINS); not independently re-verified against the publisher in this workspace,REAL
PAK,All Import Products,2 types,5.28,275,Structure matches the UNCTAD/World Bank NTM prevalence-by-sector export (WITS/TRAINS); not independently re-verified against the publisher in this workspace,REAL
PAK,All Import Products,3+ types,4.61,240,Structure matches the UNCTAD/World Bank NTM prevalence-by-sector export (WITS/TRAINS); not independently re-verified against the publisher in this workspace,REAL
PAK,All Import Products,No NTMs,84.15,4380,Structure matches the UNCTAD/World Bank NTM prevalence-by-sector export (WITS/TRAINS); not independently re-verified against the publisher in this workspace,REAL
PAN,Animal,2 types,0.6,2,Structure matches the UNCTAD/World Bank NTM prevalence-by-sector export (WITS/TRAINS); not independently re-verified against the publisher in this workspace,REAL
PAN,Animal,3+ types,3.57,12,Structure matches the UNCTAD/World Bank NTM prevalence-by-sector export (WITS/TRAINS); not independently re-verified against the publisher in this workspace,REAL
PAN,Animal,No NTMs,95.83,322,Structure matches the UNCTAD/World Bank NTM prevalence-by-sector export (WITS/TRAINS); not independently re-verified against the publisher in this workspace,REAL
PAN,Vegetable,1 type,0.57,2,Structure matches the UNCTAD/World Bank NTM prevalence-by-sector export (WITS/TRAINS); not independently re-verified against the publisher in this workspace,REAL
PAN,Vegetable,2 types,7.67,27,Structure matches the UNCTAD/World Bank NTM prevalence-by-sector export (WITS/TRAINS); not independently re-verified against the publisher in this workspace,REAL
PAN,Vegetable,3+ types,1.14,4,Structure matches the UNCTAD/World Bank NTM prevalence-by-sector export (WITS/TRAINS); not independently re-verified against the publisher in this workspace,REAL
PAN,Vegetable,No NTMs,90.63,319,Structure matches the UNCTAD/World Bank NTM prevalence-by-sector export (WITS/TRAINS); not independently re-verified against the publisher in this workspace,REAL
PAN,Food Products,1 type,2.37,5,Structure matches the UNCTAD/World Bank NTM prevalence-by-sector export (WITS/TRAINS); not independently re-verified against the publisher in this workspace,REAL
PAN,Food Products,2 types,9.95,21,Structure matches the UNCTAD/World Bank NTM prevalence-by-sector export (WITS/TRAINS); not independently re-verified against the publisher in this workspace,REAL
PAN,Food Products,3+ types,9.95,21,Structure matches the UNCTAD/World Bank NTM prevalence-by-sector export (WITS/TRAINS); not independently re-verified against the publisher in this workspace,REAL
PAN,Food Products,No NTMs,77.73,164,Structure matches the UNCTAD/World Bank NTM prevalence-by-sector export (WITS/TRAINS); not independently re-verified against the publisher in this workspace,REAL
PAN,Minerals,1 type,6.67,7,Structure matches the UNCTAD/World Bank NTM prevalence-by-sector export (WITS/TRAINS); not independently re-verified against the publisher in this workspace,REAL
PAN,Minerals,No NTMs,93.33,98,Structure matches the UNCTAD/World Bank NTM prevalence-by-sector export (WITS/TRAINS); not independently re-verified against the publisher in this workspace,REAL
PAN,Fuels,No NTMs,100.0,43,Structure matches the UNCTAD/World Bank NTM prevalence-by-sector export (WITS/TRAINS); not independently re-verified against the publisher in this workspace,REAL
PAN,Chemicals,1 type,2.29,18,Structure matches the UNCTAD/World Bank NTM prevalence-by-sector export (WITS/TRAINS); not independently re-verified against the publisher in this workspace,REAL
PAN,Chemicals,2 types,7.88,62,Structure matches the UNCTAD/World Bank NTM prevalence-by-sector export (WITS/TRAINS); not independently re-verified against the publisher in this workspace,REAL
PAN,Chemicals,3+ types,0.13,1,Structure matches the UNCTAD/World Bank NTM prevalence-by-sector export (WITS/TRAINS); not independently re-verified against the publisher in this workspace,REAL
PAN,Chemicals,No NTMs,89.71,706,Structure matches the UNCTAD/World Bank NTM prevalence-by-sector export (WITS/TRAINS); not independently re-verified against the publisher in this workspace,REAL
PAN,Plastic or Rubber,1 type,0.47,1,Structure matches the UNCTAD/World Bank NTM prevalence-by-sector export (WITS/TRAINS); not independently re-verified against the publisher in this workspace,REAL
PAN,Plastic or Rubber,No NTMs,99.53,210,Structure matches the UNCTAD/World Bank NTM prevalence-by-sector export (WITS/TRAINS); not independently re-verified against the publisher in this workspace,REAL
PAN,Hides and Skins,No NTMs,100.0,69,Structure matches the UNCTAD/World Bank NTM prevalence-by-sector export (WITS/TRAINS); not independently re-verified against the publisher in this workspace,REAL
PAN,Wood,No NTMs,100.0,235,Structure matches the UNCTAD/World Bank NTM prevalence-by-sector export (WITS/TRAINS); not independently re-verified against the publisher in this workspace,REAL
PAN,Textiles and Clothing,1 type,2.26,18,Structure matches the UNCTAD/World Bank NTM prevalence-by-sector export (WITS/TRAINS); not independently re-verified against the publisher in this workspace,REAL
PAN,Textiles and Clothing,No NTMs,97.74,778,Structure matches the UNCTAD/World Bank NTM prevalence-by-sector export (WITS/TRAINS); not independently re-verified against the publisher in this workspace,REAL
PAN,Footwear,No NTMs,100.0,47,Structure matches the UNCTAD/World Bank NTM prevalence-by-sector export (WITS/TRAINS); not independently re-verified against the publisher in this workspace,REAL
PAN,Stone and Glass,1 type,2.56,5,Structure matches the UNCTAD/World Bank NTM prevalence-by-sector export (WITS/TRAINS); not independently re-verified against the publisher in this workspace,REAL
PAN,Stone and Glass,No NTMs,97.44,190,Structure matches the UNCTAD/World Bank NTM prevalence-by-sector export (WITS/TRAINS); not independently re-verified against the publisher in this workspace,REAL
PAN,Metals,No NTMs,100.0,563,Structure matches the UNCTAD/World Bank NTM prevalence-by-sector export (WITS/TRAINS); not independently re-verified against the publisher in this workspace,REAL
PAN,Mach and Elec,1 type,0.65,5,Structure matches the UNCTAD/World Bank NTM prevalence-by-sector export (WITS/TRAINS); not independently re-verified against the publisher in this workspace,REAL
PAN,Mach and Elec,2 types,0.39,3,Structure matches the UNCTAD/World Bank NTM prevalence-by-sector export (WITS/TRAINS); not independently re-verified against the publisher in this workspace,REAL
PAN,Mach and Elec,No NTMs,98.96,763,Structure matches the UNCTAD/World Bank NTM prevalence-by-sector export (WITS/TRAINS); not independently re-verified against the publisher in this workspace,REAL
PAN,Transportation,1 type,1.54,2,Structure matches the UNCTAD/World Bank NTM prevalence-by-sector export (WITS/TRAINS); not independently re-verified against the publisher in this workspace,REAL
PAN,Transportation,2 types,0.77,1,Structure matches the UNCTAD/World Bank NTM prevalence-by-sector export (WITS/TRAINS); not independently re-verified against the publisher in this workspace,REAL
PAN,Transportation,No NTMs,97.69,127,Structure matches the UNCTAD/World Bank NTM prevalence-by-sector export (WITS/TRAINS); not independently re-verified against the publisher in this workspace,REAL
PAN,Miscellaneous,1 type,0.56,2,Structure matches the UNCTAD/World Bank NTM prevalence-by-sector export (WITS/TRAINS); not independently re-verified against the publisher in this workspace,REAL
PAN,Miscellaneous,No NTMs,99.44,352,Structure matches the UNCTAD/World Bank NTM prevalence-by-sector export (WITS/TRAINS); not independently re-verified against the publisher in this workspace,REAL
PAN,All Import Products,1 type,1.25,65,Structure matches the UNCTAD/World Bank NTM prevalence-by-sector export (WITS/TRAINS); not independently re-verified against the publisher in this workspace,REAL
PAN,All Import Products,2 types,2.23,116,Structure matches the UNCTAD/World Bank NTM prevalence-by-sector export (WITS/TRAINS); not independently re-verified against the publisher in this workspace,REAL
PAN,All Import Products,3+ types,0.73,38,Structure matches the UNCTAD/World Bank NTM prevalence-by-sector export (WITS/TRAINS); not independently re-verified against the publisher in this workspace,REAL
PAN,All Import Products,No NTMs,95.79,4986,Structure matches the UNCTAD/World Bank NTM prevalence-by-sector export (WITS/TRAINS); not independently re-verified against the publisher in this workspace,REAL
PER,Animal,1 type,17.26,58,Structure matches the UNCTAD/World Bank NTM prevalence-by-sector export (WITS/TRAINS); not independently re-verified against the publisher in this workspace,REAL
PER,Animal,2 types,19.35,65,Structure matches the UNCTAD/World Bank NTM prevalence-by-sector export (WITS/TRAINS); not independently re-verified against the publisher in this workspace,REAL
PER,Animal,3+ types,34.52,116,Structure matches the UNCTAD/World Bank NTM prevalence-by-sector export (WITS/TRAINS); not independently re-verified against the publisher in this workspace,REAL
PER,Animal,No NTMs,28.87,97,Structure matches the UNCTAD/World Bank NTM prevalence-by-sector export (WITS/TRAINS); not independently re-verified against the publisher in this workspace,REAL
PER,Vegetable,1 type,21.59,76,Structure matches the UNCTAD/World Bank NTM prevalence-by-sector export (WITS/TRAINS); not independently re-verified against the publisher in this workspace,REAL
PER,Vegetable,2 types,27.27,96,Structure matches the UNCTAD/World Bank NTM prevalence-by-sector export (WITS/TRAINS); not independently re-verified against the publisher in this workspace,REAL
PER,Vegetable,3+ types,38.92,137,Structure matches the UNCTAD/World Bank NTM prevalence-by-sector export (WITS/TRAINS); not independently re-verified against the publisher in this workspace,REAL
PER,Vegetable,No NTMs,12.22,43,Structure matches the UNCTAD/World Bank NTM prevalence-by-sector export (WITS/TRAINS); not independently re-verified against the publisher in this workspace,REAL
PER,Food Products,1 type,2.37,5,Structure matches the UNCTAD/World Bank NTM prevalence-by-sector export (WITS/TRAINS); not independently re-verified against the publisher in this workspace,REAL
PER,Food Products,2 types,68.72,145,Structure matches the UNCTAD/World Bank NTM prevalence-by-sector export (WITS/TRAINS); not independently re-verified against the publisher in this workspace,REAL
PER,Food Products,3+ types,22.75,48,Structure matches the UNCTAD/World Bank NTM prevalence-by-sector export (WITS/TRAINS); not independently re-verified against the publisher in this workspace,REAL
PER,Food Products,No NTMs,6.16,13,Structure matches the UNCTAD/World Bank NTM prevalence-by-sector export (WITS/TRAINS); not independently re-verified against the publisher in this workspace,REAL
PER,Minerals,1 type,83.81,88,Structure matches the UNCTAD/World Bank NTM prevalence-by-sector export (WITS/TRAINS); not independently re-verified against the publisher in this workspace,REAL
PER,Minerals,2 types,0.95,1,Structure matches the UNCTAD/World Bank NTM prevalence-by-sector export (WITS/TRAINS); not independently re-verified against the publisher in this workspace,REAL
PER,Minerals,No NTMs,15.24,16,Structure matches the UNCTAD/World Bank NTM prevalence-by-sector export (WITS/TRAINS); not independently re-verified against the publisher in this workspace,REAL
PER,Fuels,1 type,65.12,28,Structure matches the UNCTAD/World Bank NTM prevalence-by-sector export (WITS/TRAINS); not independently re-verified against the publisher in this workspace,REAL
PER,Fuels,2 types,9.3,4,Structure matches the UNCTAD/World Bank NTM prevalence-by-sector export (WITS/TRAINS); not independently re-verified against the publisher in this workspace,REAL
PER,Fuels,No NTMs,25.58,11,Structure matches the UNCTAD/World Bank NTM prevalence-by-sector export (WITS/TRAINS); not independently re-verified against the publisher in this workspace,REAL
PER,Chemicals,1 type,63.79,502,Structure matches the UNCTAD/World Bank NTM prevalence-by-sector export (WITS/TRAINS); not independently re-verified against the publisher in this workspace,REAL
PER,Chemicals,2 types,7.5,59,Structure matches the UNCTAD/World Bank NTM prevalence-by-sector export (WITS/TRAINS); not independently re-verified against the publisher in this workspace,REAL
PER,Chemicals,3+ types,0.13,1,Structure matches the UNCTAD/World Bank NTM prevalence-by-sector export (WITS/TRAINS); not independently re-verified against the publisher in this workspace,REAL
PER,Chemicals,No NTMs,28.59,225,Structure matches the UNCTAD/World Bank NTM prevalence-by-sector export (WITS/TRAINS); not independently re-verified against the publisher in this workspace,REAL
PER,Plastic or Rubber,1 type,7.58,16,Structure matches the UNCTAD/World Bank NTM prevalence-by-sector export (WITS/TRAINS); not independently re-verified against the publisher in this workspace,REAL
PER,Plastic or Rubber,2 types,1.42,3,Structure matches the UNCTAD/World Bank NTM prevalence-by-sector export (WITS/TRAINS); not independently re-verified against the publisher in this workspace,REAL
PER,Plastic or Rubber,No NTMs,91.0,192,Structure matches the UNCTAD/World Bank NTM prevalence-by-sector export (WITS/TRAINS); not independently re-verified against the publisher in this workspace,REAL
PER,Hides and Skins,1 type,37.68,26,Structure matches the UNCTAD/World Bank NTM prevalence-by-sector export (WITS/TRAINS); not independently re-verified against the publisher in this workspace,REAL
PER,Hides and Skins,2 types,1.45,1,Structure matches the UNCTAD/World Bank NTM prevalence-by-sector export (WITS/TRAINS); not independently re-verified against the publisher in this workspace,REAL
PER,Hides and Skins,No NTMs,60.87,42,Structure matches the UNCTAD/World Bank NTM prevalence-by-sector export (WITS/TRAINS); not independently re-verified against the publisher in this workspace,REAL
PER,Wood,1 type,30.21,71,Structure matches the UNCTAD/World Bank NTM prevalence-by-sector export (WITS/TRAINS); not independently re-verified against the publisher in this workspace,REAL
PER,Wood,2 types,4.26,10,Structure matches the UNCTAD/World Bank NTM prevalence-by-sector export (WITS/TRAINS); not independently re-verified against the publisher in this workspace,REAL
PER,Wood,No NTMs,65.53,154,Structure matches the UNCTAD/World Bank NTM prevalence-by-sector export (WITS/TRAINS); not independently re-verified against the publisher in this workspace,REAL
PER,Textiles and Clothing,1 type,5.28,42,Structure matches the UNCTAD/World Bank NTM prevalence-by-sector export (WITS/TRAINS); not independently re-verified against the publisher in this workspace,REAL
PER,Textiles and Clothing,2 types,0.13,1,Structure matches the UNCTAD/World Bank NTM prevalence-by-sector export (WITS/TRAINS); not independently re-verified against the publisher in this workspace,REAL
PER,Textiles and Clothing,No NTMs,94.6,753,Structure matches the UNCTAD/World Bank NTM prevalence-by-sector export (WITS/TRAINS); not independently re-verified against the publisher in this workspace,REAL
PER,Footwear,1 type,48.94,23,Structure matches the UNCTAD/World Bank NTM prevalence-by-sector export (WITS/TRAINS); not independently re-verified against the publisher in this workspace,REAL
PER,Footwear,No NTMs,51.06,24,Structure matches the UNCTAD/World Bank NTM prevalence-by-sector export (WITS/TRAINS); not independently re-verified against the publisher in this workspace,REAL
PER,Stone and Glass,No NTMs,100.0,195,Structure matches the UNCTAD/World Bank NTM prevalence-by-sector export (WITS/TRAINS); not independently re-verified against the publisher in this workspace,REAL
PER,Metals,1 type,0.89,5,Structure matches the UNCTAD/World Bank NTM prevalence-by-sector export (WITS/TRAINS); not independently re-verified against the publisher in this workspace,REAL
PER,Metals,No NTMs,99.11,558,Structure matches the UNCTAD/World Bank NTM prevalence-by-sector export (WITS/TRAINS); not independently re-verified against the publisher in this workspace,REAL
PER,Mach and Elec,1 type,2.98,23,Structure matches the UNCTAD/World Bank NTM prevalence-by-sector export (WITS/TRAINS); not independently re-verified against the publisher in this workspace,REAL
PER,Mach and Elec,2 types,1.82,14,Structure matches the UNCTAD/World Bank NTM prevalence-by-sector export (WITS/TRAINS); not independently re-verified against the publisher in this workspace,REAL
PER,Mach and Elec,No NTMs,95.2,734,Structure matches the UNCTAD/World Bank NTM prevalence-by-sector export (WITS/TRAINS); not independently re-verified against the publisher in this workspace,REAL
PER,Transportation,1 type,18.46,24,Structure matches the UNCTAD/World Bank NTM prevalence-by-sector export (WITS/TRAINS); not independently re-verified against the publisher in this workspace,REAL
PER,Transportation,2 types,8.46,11,Structure matches the UNCTAD/World Bank NTM prevalence-by-sector export (WITS/TRAINS); not independently re-verified against the publisher in this workspace,REAL
PER,Transportation,No NTMs,73.08,95,Structure matches the UNCTAD/World Bank NTM prevalence-by-sector export (WITS/TRAINS); not independently re-verified against the publisher in this workspace,REAL
PER,Miscellaneous,1 type,16.67,59,Structure matches the UNCTAD/World Bank NTM prevalence-by-sector export (WITS/TRAINS); not independently re-verified against the publisher in this workspace,REAL
PER,Miscellaneous,No NTMs,83.33,295,Structure matches the UNCTAD/World Bank NTM prevalence-by-sector export (WITS/TRAINS); not independently re-verified against the publisher in this workspace,REAL
PER,All Import Products,1 type,20.1,1046,Structure matches the UNCTAD/World Bank NTM prevalence-by-sector export (WITS/TRAINS); not independently re-verified against the publisher in this workspace,REAL
PER,All Import Products,2 types,7.88,410,Structure matches the UNCTAD/World Bank NTM prevalence-by-sector export (WITS/TRAINS); not independently re-verified against the publisher in this workspace,REAL
PER,All Import Products,3+ types,5.8,302,Structure matches the UNCTAD/World Bank NTM prevalence-by-sector export (WITS/TRAINS); not independently re-verified against the publisher in this workspace,REAL
PER,All Import Products,No NTMs,66.22,3447,Structure matches the UNCTAD/World Bank NTM prevalence-by-sector export (WITS/TRAINS); not independently re-verified against the publisher in this workspace,REAL
PHL,Animal,1 type,8.63,29,Structure matches the UNCTAD/World Bank NTM prevalence-by-sector export (WITS/TRAINS); not independently re-verified against the publisher in this workspace,REAL
PHL,Animal,2 types,4.17,14,Structure matches the UNCTAD/World Bank NTM prevalence-by-sector export (WITS/TRAINS); not independently re-verified against the publisher in this workspace,REAL
PHL,Animal,3+ types,77.68,261,Structure matches the UNCTAD/World Bank NTM prevalence-by-sector export (WITS/TRAINS); not independently re-verified against the publisher in this workspace,REAL
PHL,Animal,No NTMs,9.52,32,Structure matches the UNCTAD/World Bank NTM prevalence-by-sector export (WITS/TRAINS); not independently re-verified against the publisher in this workspace,REAL
PHL,Vegetable,1 type,3.13,11,Structure matches the UNCTAD/World Bank NTM prevalence-by-sector export (WITS/TRAINS); not independently re-verified against the publisher in this workspace,REAL
PHL,Vegetable,2 types,3.69,13,Structure matches the UNCTAD/World Bank NTM prevalence-by-sector export (WITS/TRAINS); not independently re-verified against the publisher in this workspace,REAL
PHL,Vegetable,3+ types,89.77,316,Structure matches the UNCTAD/World Bank NTM prevalence-by-sector export (WITS/TRAINS); not independently re-verified against the publisher in this workspace,REAL
PHL,Vegetable,No NTMs,3.41,12,Structure matches the UNCTAD/World Bank NTM prevalence-by-sector export (WITS/TRAINS); not independently re-verified against the publisher in this workspace,REAL
PHL,Food Products,1 type,2.37,5,Structure matches the UNCTAD/World Bank NTM prevalence-by-sector export (WITS/TRAINS); not independently re-verified against the publisher in this workspace,REAL
PHL,Food Products,3+ types,96.68,204,Structure matches the UNCTAD/World Bank NTM prevalence-by-sector export (WITS/TRAINS); not independently re-verified against the publisher in this workspace,REAL
PHL,Food Products,No NTMs,0.95,2,Structure matches the UNCTAD/World Bank NTM prevalence-by-sector export (WITS/TRAINS); not independently re-verified against the publisher in this workspace,REAL
PHL,Minerals,1 type,8.57,9,Structure matches the UNCTAD/World Bank NTM prevalence-by-sector export (WITS/TRAINS); not independently re-verified against the publisher in this workspace,REAL
PHL,Minerals,3+ types,77.14,81,Structure matches the UNCTAD/World Bank NTM prevalence-by-sector export (WITS/TRAINS); not independently re-verified against the publisher in this workspace,REAL
PHL,Minerals,No NTMs,14.29,15,Structure matches the UNCTAD/World Bank NTM prevalence-by-sector export (WITS/TRAINS); not independently re-verified against the publisher in this workspace,REAL
PHL,Fuels,1 type,4.65,2,Structure matches the UNCTAD/World Bank NTM prevalence-by-sector export (WITS/TRAINS); not independently re-verified against the publisher in this workspace,REAL
PHL,Fuels,2 types,6.98,3,Structure matches the UNCTAD/World Bank NTM prevalence-by-sector export (WITS/TRAINS); not independently re-verified against the publisher in this workspace,REAL
PHL,Fuels,3+ types,74.42,32,Structure matches the UNCTAD/World Bank NTM prevalence-by-sector export (WITS/TRAINS); not independently re-verified against the publisher in this workspace,REAL
PHL,Fuels,No NTMs,13.95,6,Structure matches the UNCTAD/World Bank NTM prevalence-by-sector export (WITS/TRAINS); not independently re-verified against the publisher in this workspace,REAL
PHL,Chemicals,1 type,17.28,136,Structure matches the UNCTAD/World Bank NTM prevalence-by-sector export (WITS/TRAINS); not independently re-verified against the publisher in this workspace,REAL
PHL,Chemicals,2 types,12.07,95,Structure matches the UNCTAD/World Bank NTM prevalence-by-sector export (WITS/TRAINS); not independently re-verified against the publisher in this workspace,REAL
PHL,Chemicals,3+ types,21.98,173,Structure matches the UNCTAD/World Bank NTM prevalence-by-sector export (WITS/TRAINS); not independently re-verified against the publisher in this workspace,REAL
PHL,Chemicals,No NTMs,48.67,383,Structure matches the UNCTAD/World Bank NTM prevalence-by-sector export (WITS/TRAINS); not independently re-verified against the publisher in this workspace,REAL
PHL,Plastic or Rubber,1 type,30.33,64,Structure matches the UNCTAD/World Bank NTM prevalence-by-sector export (WITS/TRAINS); not independently re-verified against the publisher in this workspace,REAL
PHL,Plastic or Rubber,2 types,20.38,43,Structure matches the UNCTAD/World Bank NTM prevalence-by-sector export (WITS/TRAINS); not independently re-verified against the publisher in this workspace,REAL
PHL,Plastic or Rubber,3+ types,9.48,20,Structure matches the UNCTAD/World Bank NTM prevalence-by-sector export (WITS/TRAINS); not independently re-verified against the publisher in this workspace,REAL
PHL,Plastic or Rubber,No NTMs,39.81,84,Structure matches the UNCTAD/World Bank NTM prevalence-by-sector export (WITS/TRAINS); not independently re-verified against the publisher in this workspace,REAL
PHL,Hides and Skins,1 type,26.09,18,Structure matches the UNCTAD/World Bank NTM prevalence-by-sector export (WITS/TRAINS); not independently re-verified against the publisher in this workspace,REAL
PHL,Hides and Skins,2 types,20.29,14,Structure matches the UNCTAD/World Bank NTM prevalence-by-sector export (WITS/TRAINS); not independently re-verified against the publisher in this workspace,REAL
PHL,Hides and Skins,3+ types,30.43,21,Structure matches the UNCTAD/World Bank NTM prevalence-by-sector export (WITS/TRAINS); not independently re-verified against the publisher in this workspace,REAL
PHL,Hides and Skins,No NTMs,23.19,16,Structure matches the UNCTAD/World Bank NTM prevalence-by-sector export (WITS/TRAINS); not independently re-verified against the publisher in this workspace,REAL
PHL,Wood,1 type,21.7,51,Structure matches the UNCTAD/World Bank NTM prevalence-by-sector export (WITS/TRAINS); not independently re-verified against the publisher in this workspace,REAL
PHL,Wood,2 types,3.83,9,Structure matches the UNCTAD/World Bank NTM prevalence-by-sector export (WITS/TRAINS); not independently re-verified against the publisher in this workspace,REAL
PHL,Wood,3+ types,44.68,105,Structure matches the UNCTAD/World Bank NTM prevalence-by-sector export (WITS/TRAINS); not independently re-verified against the publisher in this workspace,REAL
PHL,Wood,No NTMs,29.79,70,Structure matches the UNCTAD/World Bank NTM prevalence-by-sector export (WITS/TRAINS); not independently re-verified against the publisher in this workspace,REAL
PHL,Textiles and Clothing,1 type,36.06,287,Structure matches the UNCTAD/World Bank NTM prevalence-by-sector export (WITS/TRAINS); not independently re-verified against the publisher in this workspace,REAL
PHL,Textiles and Clothing,2 types,3.14,25,Structure matches the UNCTAD/World Bank NTM prevalence-by-sector export (WITS/TRAINS); not independently re-verified against the publisher in this workspace,REAL
PHL,Textiles and Clothing,3+ types,8.29,66,Structure matches the UNCTAD/World Bank NTM prevalence-by-sector export (WITS/TRAINS); not independently re-verified against the publisher in this workspace,REAL
PHL,Textiles and Clothing,No NTMs,52.51,418,Structure matches the UNCTAD/World Bank NTM prevalence-by-sector export (WITS/TRAINS); not independently re-verified against the publisher in this workspace,REAL
PHL,Footwear,1 type,53.19,25,Structure matches the UNCTAD/World Bank NTM prevalence-by-sector export (WITS/TRAINS); not independently re-verified against the publisher in this workspace,REAL
PHL,Footwear,2 types,10.64,5,Structure matches the UNCTAD/World Bank NTM prevalence-by-sector export (WITS/TRAINS); not independently re-verified against the publisher in this workspace,REAL
PHL,Footwear,3+ types,23.4,11,Structure matches the UNCTAD/World Bank NTM prevalence-by-sector export (WITS/TRAINS); not independently re-verified against the publisher in this workspace,REAL
PHL,Footwear,No NTMs,12.77,6,Structure matches the UNCTAD/World Bank NTM prevalence-by-sector export (WITS/TRAINS); not independently re-verified against the publisher in this workspace,REAL
PHL,Stone and Glass,1 type,4.1,8,Structure matches the UNCTAD/World Bank NTM prevalence-by-sector export (WITS/TRAINS); not independently re-verified against the publisher in this workspace,REAL
PHL,Stone and Glass,2 types,20.51,40,Structure matches the UNCTAD/World Bank NTM prevalence-by-sector export (WITS/TRAINS); not independently re-verified against the publisher in this workspace,REAL
PHL,Stone and Glass,3+ types,24.62,48,Structure matches the UNCTAD/World Bank NTM prevalence-by-sector export (WITS/TRAINS); not independently re-verified against the publisher in this workspace,REAL
PHL,Stone and Glass,No NTMs,50.77,99,Structure matches the UNCTAD/World Bank NTM prevalence-by-sector export (WITS/TRAINS); not independently re-verified against the publisher in this workspace,REAL
PHL,Metals,1 type,10.3,58,Structure matches the UNCTAD/World Bank NTM prevalence-by-sector export (WITS/TRAINS); not independently re-verified against the publisher in this workspace,REAL
PHL,Metals,2 types,23.98,135,Structure matches the UNCTAD/World Bank NTM prevalence-by-sector export (WITS/TRAINS); not independently re-verified against the publisher in this workspace,REAL
PHL,Metals,3+ types,12.08,68,Structure matches the UNCTAD/World Bank NTM prevalence-by-sector export (WITS/TRAINS); not independently re-verified against the publisher in this workspace,REAL
PHL,Metals,No NTMs,53.64,302,Structure matches the UNCTAD/World Bank NTM prevalence-by-sector export (WITS/TRAINS); not independently re-verified against the publisher in this workspace,REAL
PHL,Mach and Elec,2 types,14.79,114,Structure matches the UNCTAD/World Bank NTM prevalence-by-sector export (WITS/TRAINS); not independently re-verified against the publisher in this workspace,REAL
PHL,Mach and Elec,3+ types,80.67,622,Structure matches the UNCTAD/World Bank NTM prevalence-by-sector export (WITS/TRAINS); not independently re-verified against the publisher in this workspace,REAL
PHL,Mach and Elec,No NTMs,4.54,35,Structure matches the UNCTAD/World Bank NTM prevalence-by-sector export (WITS/TRAINS); not independently re-verified against the publisher in this workspace,REAL
PHL,Transportation,1 type,10.77,14,Structure matches the UNCTAD/World Bank NTM prevalence-by-sector export (WITS/TRAINS); not independently re-verified against the publisher in this workspace,REAL
PHL,Transportation,2 types,59.23,77,Structure matches the UNCTAD/World Bank NTM prevalence-by-sector export (WITS/TRAINS); not independently re-verified against the publisher in this workspace,REAL
PHL,Transportation,3+ types,20.77,27,Structure matches the UNCTAD/World Bank NTM prevalence-by-sector export (WITS/TRAINS); not independently re-verified against the publisher in this workspace,REAL
PHL,Transportation,No NTMs,9.23,12,Structure matches the UNCTAD/World Bank NTM prevalence-by-sector export (WITS/TRAINS); not independently re-verified against the publisher in this workspace,REAL
PHL,Miscellaneous,1 type,16.95,60,Structure matches the UNCTAD/World Bank NTM prevalence-by-sector export (WITS/TRAINS); not independently re-verified against the publisher in this workspace,REAL
PHL,Miscellaneous,2 types,35.88,127,Structure matches the UNCTAD/World Bank NTM prevalence-by-sector export (WITS/TRAINS); not independently re-verified against the publisher in this workspace,REAL
PHL,Miscellaneous,3+ types,24.58,87,Structure matches the UNCTAD/World Bank NTM prevalence-by-sector export (WITS/TRAINS); not independently re-verified against the publisher in this workspace,REAL
PHL,Miscellaneous,No NTMs,22.6,80,Structure matches the UNCTAD/World Bank NTM prevalence-by-sector export (WITS/TRAINS); not independently re-verified against the publisher in this workspace,REAL
PHL,All Import Products,1 type,14.93,777,Structure matches the UNCTAD/World Bank NTM prevalence-by-sector export (WITS/TRAINS); not independently re-verified against the publisher in this workspace,REAL
PHL,All Import Products,2 types,13.72,714,Structure matches the UNCTAD/World Bank NTM prevalence-by-sector export (WITS/TRAINS); not independently re-verified against the publisher in this workspace,REAL
PHL,All Import Products,3+ types,41.15,2142,Structure matches the UNCTAD/World Bank NTM prevalence-by-sector export (WITS/TRAINS); not independently re-verified against the publisher in this workspace,REAL
PHL,All Import Products,No NTMs,30.2,1572,Structure matches the UNCTAD/World Bank NTM prevalence-by-sector export (WITS/TRAINS); not independently re-verified against the publisher in this workspace,REAL
PRY,Animal,1 type,7.14,24,Structure matches the UNCTAD/World Bank NTM prevalence-by-sector export (WITS/TRAINS); not independently re-verified against the publisher in this workspace,REAL
PRY,Animal,2 types,20.83,70,Structure matches the UNCTAD/World Bank NTM prevalence-by-sector export (WITS/TRAINS); not independently re-verified against the publisher in this workspace,REAL
PRY,Animal,3+ types,6.55,22,Structure matches the UNCTAD/World Bank NTM prevalence-by-sector export (WITS/TRAINS); not independently re-verified against the publisher in this workspace,REAL
PRY,Animal,No NTMs,65.48,220,Structure matches the UNCTAD/World Bank NTM prevalence-by-sector export (WITS/TRAINS); not independently re-verified against the publisher in this workspace,REAL
PRY,Vegetable,1 type,6.25,22,Structure matches the UNCTAD/World Bank NTM prevalence-by-sector export (WITS/TRAINS); not independently re-verified against the publisher in this workspace,REAL
PRY,Vegetable,2 types,46.88,165,Structure matches the UNCTAD/World Bank NTM prevalence-by-sector export (WITS/TRAINS); not independently re-verified against the publisher in this workspace,REAL
PRY,Vegetable,3+ types,19.03,67,Structure matches the UNCTAD/World Bank NTM prevalence-by-sector export (WITS/TRAINS); not independently re-verified against the publisher in this workspace,REAL
PRY,Vegetable,No NTMs,27.84,98,Structure matches the UNCTAD/World Bank NTM prevalence-by-sector export (WITS/TRAINS); not independently re-verified against the publisher in this workspace,REAL
PRY,Food Products,1 type,3.32,7,Structure matches the UNCTAD/World Bank NTM prevalence-by-sector export (WITS/TRAINS); not independently re-verified against the publisher in this workspace,REAL
PRY,Food Products,2 types,40.28,85,Structure matches the UNCTAD/World Bank NTM prevalence-by-sector export (WITS/TRAINS); not independently re-verified against the publisher in this workspace,REAL
PRY,Food Products,3+ types,40.76,86,Structure matches the UNCTAD/World Bank NTM prevalence-by-sector export (WITS/TRAINS); not independently re-verified against the publisher in this workspace,REAL
PRY,Food Products,No NTMs,15.64,33,Structure matches the UNCTAD/World Bank NTM prevalence-by-sector export (WITS/TRAINS); not independently re-verified against the publisher in this workspace,REAL
PRY,Minerals,2 types,5.71,6,Structure matches the UNCTAD/World Bank NTM prevalence-by-sector export (WITS/TRAINS); not independently re-verified against the publisher in this workspace,REAL
PRY,Minerals,No NTMs,94.29,99,Structure matches the UNCTAD/World Bank NTM prevalence-by-sector export (WITS/TRAINS); not independently re-verified against the publisher in this workspace,REAL
PRY,Fuels,1 type,13.95,6,Structure matches the UNCTAD/World Bank NTM prevalence-by-sector export (WITS/TRAINS); not independently re-verified against the publisher in this workspace,REAL
PRY,Fuels,3+ types,2.33,1,Structure matches the UNCTAD/World Bank NTM prevalence-by-sector export (WITS/TRAINS); not independently re-verified against the publisher in this workspace,REAL
PRY,Fuels,No NTMs,83.72,36,Structure matches the UNCTAD/World Bank NTM prevalence-by-sector export (WITS/TRAINS); not independently re-verified against the publisher in this workspace,REAL
PRY,Chemicals,1 type,3.3,26,Structure matches the UNCTAD/World Bank NTM prevalence-by-sector export (WITS/TRAINS); not independently re-verified against the publisher in this workspace,REAL
PRY,Chemicals,2 types,7.75,61,Structure matches the UNCTAD/World Bank NTM prevalence-by-sector export (WITS/TRAINS); not independently re-verified against the publisher in this workspace,REAL
PRY,Chemicals,3+ types,4.45,35,Structure matches the UNCTAD/World Bank NTM prevalence-by-sector export (WITS/TRAINS); not independently re-verified against the publisher in this workspace,REAL
PRY,Chemicals,No NTMs,84.5,665,Structure matches the UNCTAD/World Bank NTM prevalence-by-sector export (WITS/TRAINS); not independently re-verified against the publisher in this workspace,REAL
PRY,Plastic or Rubber,1 type,2.37,5,Structure matches the UNCTAD/World Bank NTM prevalence-by-sector export (WITS/TRAINS); not independently re-verified against the publisher in this workspace,REAL
PRY,Plastic or Rubber,2 types,0.47,1,Structure matches the UNCTAD/World Bank NTM prevalence-by-sector export (WITS/TRAINS); not independently re-verified against the publisher in this workspace,REAL
PRY,Plastic or Rubber,No NTMs,97.16,205,Structure matches the UNCTAD/World Bank NTM prevalence-by-sector export (WITS/TRAINS); not independently re-verified against the publisher in this workspace,REAL
PRY,Hides and Skins,1 type,7.25,5,Structure matches the UNCTAD/World Bank NTM prevalence-by-sector export (WITS/TRAINS); not independently re-verified against the publisher in this workspace,REAL
PRY,Hides and Skins,No NTMs,92.75,64,Structure matches the UNCTAD/World Bank NTM prevalence-by-sector export (WITS/TRAINS); not independently re-verified against the publisher in this workspace,REAL
PRY,Wood,1 type,18.72,44,Structure matches the UNCTAD/World Bank NTM prevalence-by-sector export (WITS/TRAINS); not independently re-verified against the publisher in this workspace,REAL
PRY,Wood,No NTMs,81.28,191,Structure matches the UNCTAD/World Bank NTM prevalence-by-sector export (WITS/TRAINS); not independently re-verified against the publisher in this workspace,REAL
PRY,Textiles and Clothing,1 type,1.38,11,Structure matches the UNCTAD/World Bank NTM prevalence-by-sector export (WITS/TRAINS); not independently re-verified against the publisher in this workspace,REAL
PRY,Textiles and Clothing,2 types,30.03,239,Structure matches the UNCTAD/World Bank NTM prevalence-by-sector export (WITS/TRAINS); not independently re-verified against the publisher in this workspace,REAL
PRY,Textiles and Clothing,3+ types,3.64,29,Structure matches the UNCTAD/World Bank NTM prevalence-by-sector export (WITS/TRAINS); not independently re-verified against the publisher in this workspace,REAL
PRY,Textiles and Clothing,No NTMs,64.95,517,Structure matches the UNCTAD/World Bank NTM prevalence-by-sector export (WITS/TRAINS); not independently re-verified against the publisher in this workspace,REAL
PRY,Footwear,1 type,51.06,24,Structure matches the UNCTAD/World Bank NTM prevalence-by-sector export (WITS/TRAINS); not independently re-verified against the publisher in this workspace,REAL
PRY,Footwear,2 types,8.51,4,Structure matches the UNCTAD/World Bank NTM prevalence-by-sector export (WITS/TRAINS); not independently re-verified against the publisher in this workspace,REAL
PRY,Footwear,No NTMs,40.43,19,Structure matches the UNCTAD/World Bank NTM prevalence-by-sector export (WITS/TRAINS); not independently re-verified against the publisher in this workspace,REAL
PRY,Stone and Glass,1 type,7.69,15,Structure matches the UNCTAD/World Bank NTM prevalence-by-sector export (WITS/TRAINS); not independently re-verified against the publisher in this workspace,REAL
PRY,Stone and Glass,No NTMs,92.31,180,Structure matches the UNCTAD/World Bank NTM prevalence-by-sector export (WITS/TRAINS); not independently re-verified against the publisher in this workspace,REAL
PRY,Metals,1 type,5.15,29,Structure matches the UNCTAD/World Bank NTM prevalence-by-sector export (WITS/TRAINS); not independently re-verified against the publisher in this workspace,REAL
PRY,Metals,No NTMs,94.85,534,Structure matches the UNCTAD/World Bank NTM prevalence-by-sector export (WITS/TRAINS); not independently re-verified against the publisher in this workspace,REAL
PRY,Mach and Elec,1 type,7.91,61,Structure matches the UNCTAD/World Bank NTM prevalence-by-sector export (WITS/TRAINS); not independently re-verified against the publisher in this workspace,REAL
PRY,Mach and Elec,2 types,0.13,1,Structure matches the UNCTAD/World Bank NTM prevalence-by-sector export (WITS/TRAINS); not independently re-verified against the publisher in this workspace,REAL
PRY,Mach and Elec,No NTMs,91.96,709,Structure matches the UNCTAD/World Bank NTM prevalence-by-sector export (WITS/TRAINS); not independently re-verified against the publisher in this workspace,REAL
PRY,Transportation,1 type,21.54,28,Structure matches the UNCTAD/World Bank NTM prevalence-by-sector export (WITS/TRAINS); not independently re-verified against the publisher in this workspace,REAL
PRY,Transportation,No NTMs,78.46,102,Structure matches the UNCTAD/World Bank NTM prevalence-by-sector export (WITS/TRAINS); not independently re-verified against the publisher in this workspace,REAL
PRY,Miscellaneous,1 type,29.1,103,Structure matches the UNCTAD/World Bank NTM prevalence-by-sector export (WITS/TRAINS); not independently re-verified against the publisher in this workspace,REAL
PRY,Miscellaneous,2 types,9.89,35,Structure matches the UNCTAD/World Bank NTM prevalence-by-sector export (WITS/TRAINS); not independently re-verified against the publisher in this workspace,REAL
PRY,Miscellaneous,3+ types,3.67,13,Structure matches the UNCTAD/World Bank NTM prevalence-by-sector export (WITS/TRAINS); not independently re-verified against the publisher in this workspace,REAL
PRY,Miscellaneous,No NTMs,57.34,203,Structure matches the UNCTAD/World Bank NTM prevalence-by-sector export (WITS/TRAINS); not independently re-verified against the publisher in this workspace,REAL
PRY,All Import Products,1 type,7.88,410,Structure matches the UNCTAD/World Bank NTM prevalence-by-sector export (WITS/TRAINS); not independently re-verified against the publisher in this workspace,REAL
PRY,All Import Products,2 types,12.81,667,Structure matches the UNCTAD/World Bank NTM prevalence-by-sector export (WITS/TRAINS); not independently re-verified against the publisher in this workspace,REAL
PRY,All Import Products,3+ types,4.86,253,Structure matches the UNCTAD/World Bank NTM prevalence-by-sector export (WITS/TRAINS); not independently re-verified against the publisher in this workspace,REAL
PRY,All Import Products,No NTMs,74.45,3875,Structure matches the UNCTAD/World Bank NTM prevalence-by-sector export (WITS/TRAINS); not independently re-verified against the publisher in this workspace,REAL
PSE,Animal,1 type,0.3,1,Structure matches the UNCTAD/World Bank NTM prevalence-by-sector export (WITS/TRAINS); not independently re-verified against the publisher in this workspace,REAL
PSE,Animal,2 types,13.99,47,Structure matches the UNCTAD/World Bank NTM prevalence-by-sector export (WITS/TRAINS); not independently re-verified against the publisher in this workspace,REAL
PSE,Animal,3+ types,11.9,40,Structure matches the UNCTAD/World Bank NTM prevalence-by-sector export (WITS/TRAINS); not independently re-verified against the publisher in this workspace,REAL
PSE,Animal,No NTMs,73.81,248,Structure matches the UNCTAD/World Bank NTM prevalence-by-sector export (WITS/TRAINS); not independently re-verified against the publisher in this workspace,REAL
PSE,Vegetable,1 type,4.55,16,Structure matches the UNCTAD/World Bank NTM prevalence-by-sector export (WITS/TRAINS); not independently re-verified against the publisher in this workspace,REAL
PSE,Vegetable,2 types,19.32,68,Structure matches the UNCTAD/World Bank NTM prevalence-by-sector export (WITS/TRAINS); not independently re-verified against the publisher in this workspace,REAL
PSE,Vegetable,3+ types,45.74,161,Structure matches the UNCTAD/World Bank NTM prevalence-by-sector export (WITS/TRAINS); not independently re-verified against the publisher in this workspace,REAL
PSE,Vegetable,No NTMs,30.4,107,Structure matches the UNCTAD/World Bank NTM prevalence-by-sector export (WITS/TRAINS); not independently re-verified against the publisher in this workspace,REAL
PSE,Food Products,1 type,0.95,2,Structure matches the UNCTAD/World Bank NTM prevalence-by-sector export (WITS/TRAINS); not independently re-verified against the publisher in this workspace,REAL
PSE,Food Products,2 types,21.33,45,Structure matches the UNCTAD/World Bank NTM prevalence-by-sector export (WITS/TRAINS); not independently re-verified against the publisher in this workspace,REAL
PSE,Food Products,3+ types,41.71,88,Structure matches the UNCTAD/World Bank NTM prevalence-by-sector export (WITS/TRAINS); not independently re-verified against the publisher in this workspace,REAL
PSE,Food Products,No NTMs,36.02,76,Structure matches the UNCTAD/World Bank NTM prevalence-by-sector export (WITS/TRAINS); not independently re-verified against the publisher in this workspace,REAL
PSE,Minerals,1 type,0.95,1,Structure matches the UNCTAD/World Bank NTM prevalence-by-sector export (WITS/TRAINS); not independently re-verified against the publisher in this workspace,REAL
PSE,Minerals,2 types,4.76,5,Structure matches the UNCTAD/World Bank NTM prevalence-by-sector export (WITS/TRAINS); not independently re-verified against the publisher in this workspace,REAL
PSE,Minerals,No NTMs,94.29,99,Structure matches the UNCTAD/World Bank NTM prevalence-by-sector export (WITS/TRAINS); not independently re-verified against the publisher in this workspace,REAL
PSE,Fuels,1 type,11.63,5,Structure matches the UNCTAD/World Bank NTM prevalence-by-sector export (WITS/TRAINS); not independently re-verified against the publisher in this workspace,REAL
PSE,Fuels,No NTMs,88.37,38,Structure matches the UNCTAD/World Bank NTM prevalence-by-sector export (WITS/TRAINS); not independently re-verified against the publisher in this workspace,REAL
PSE,Chemicals,1 type,13.85,109,Structure matches the UNCTAD/World Bank NTM prevalence-by-sector export (WITS/TRAINS); not independently re-verified against the publisher in this workspace,REAL
PSE,Chemicals,2 types,35.2,277,Structure matches the UNCTAD/World Bank NTM prevalence-by-sector export (WITS/TRAINS); not independently re-verified against the publisher in this workspace,REAL
PSE,Chemicals,3+ types,1.4,11,Structure matches the UNCTAD/World Bank NTM prevalence-by-sector export (WITS/TRAINS); not independently re-verified against the publisher in this workspace,REAL
PSE,Chemicals,No NTMs,49.56,390,Structure matches the UNCTAD/World Bank NTM prevalence-by-sector export (WITS/TRAINS); not independently re-verified against the publisher in this workspace,REAL
PSE,Plastic or Rubber,1 type,30.81,65,Structure matches the UNCTAD/World Bank NTM prevalence-by-sector export (WITS/TRAINS); not independently re-verified against the publisher in this workspace,REAL
PSE,Plastic or Rubber,No NTMs,69.19,146,Structure matches the UNCTAD/World Bank NTM prevalence-by-sector export (WITS/TRAINS); not independently re-verified against the publisher in this workspace,REAL
PSE,Hides and Skins,1 type,31.88,22,Structure matches the UNCTAD/World Bank NTM prevalence-by-sector export (WITS/TRAINS); not independently re-verified against the publisher in this workspace,REAL
PSE,Hides and Skins,No NTMs,68.12,47,Structure matches the UNCTAD/World Bank NTM prevalence-by-sector export (WITS/TRAINS); not independently re-verified against the publisher in this workspace,REAL
PSE,Wood,1 type,48.51,114,Structure matches the UNCTAD/World Bank NTM prevalence-by-sector export (WITS/TRAINS); not independently re-verified against the publisher in this workspace,REAL
PSE,Wood,No NTMs,51.49,121,Structure matches the UNCTAD/World Bank NTM prevalence-by-sector export (WITS/TRAINS); not independently re-verified against the publisher in this workspace,REAL
PSE,Textiles and Clothing,1 type,38.07,303,Structure matches the UNCTAD/World Bank NTM prevalence-by-sector export (WITS/TRAINS); not independently re-verified against the publisher in this workspace,REAL
PSE,Textiles and Clothing,No NTMs,61.93,493,Structure matches the UNCTAD/World Bank NTM prevalence-by-sector export (WITS/TRAINS); not independently re-verified against the publisher in this workspace,REAL
PSE,Footwear,1 type,72.34,34,Structure matches the UNCTAD/World Bank NTM prevalence-by-sector export (WITS/TRAINS); not independently re-verified against the publisher in this workspace,REAL
PSE,Footwear,No NTMs,27.66,13,Structure matches the UNCTAD/World Bank NTM prevalence-by-sector export (WITS/TRAINS); not independently re-verified against the publisher in this workspace,REAL
PSE,Stone and Glass,1 type,43.08,84,Structure matches the UNCTAD/World Bank NTM prevalence-by-sector export (WITS/TRAINS); not independently re-verified against the publisher in this workspace,REAL
PSE,Stone and Glass,3+ types,10.77,21,Structure matches the UNCTAD/World Bank NTM prevalence-by-sector export (WITS/TRAINS); not independently re-verified against the publisher in this workspace,REAL
PSE,Stone and Glass,No NTMs,46.15,90,Structure matches the UNCTAD/World Bank NTM prevalence-by-sector export (WITS/TRAINS); not independently re-verified against the publisher in this workspace,REAL
PSE,Metals,1 type,36.77,207,Structure matches the UNCTAD/World Bank NTM prevalence-by-sector export (WITS/TRAINS); not independently re-verified against the publisher in this workspace,REAL
PSE,Metals,No NTMs,63.23,356,Structure matches the UNCTAD/World Bank NTM prevalence-by-sector export (WITS/TRAINS); not independently re-verified against the publisher in this workspace,REAL
PSE,Mach and Elec,1 type,6.49,50,Structure matches the UNCTAD/World Bank NTM prevalence-by-sector export (WITS/TRAINS); not independently re-verified against the publisher in this workspace,REAL
PSE,Mach and Elec,No NTMs,93.51,721,Structure matches the UNCTAD/World Bank NTM prevalence-by-sector export (WITS/TRAINS); not independently re-verified against the publisher in this workspace,REAL
PSE,Transportation,1 type,10.77,14,Structure matches the UNCTAD/World Bank NTM prevalence-by-sector export (WITS/TRAINS); not independently re-verified against the publisher in this workspace,REAL
PSE,Transportation,No NTMs,89.23,116,Structure matches the UNCTAD/World Bank NTM prevalence-by-sector export (WITS/TRAINS); not independently re-verified against the publisher in this workspace,REAL
PSE,Miscellaneous,1 type,33.9,120,Structure matches the UNCTAD/World Bank NTM prevalence-by-sector export (WITS/TRAINS); not independently re-verified against the publisher in this workspace,REAL
PSE,Miscellaneous,2 types,5.93,21,Structure matches the UNCTAD/World Bank NTM prevalence-by-sector export (WITS/TRAINS); not independently re-verified against the publisher in this workspace,REAL
PSE,Miscellaneous,No NTMs,60.17,213,Structure matches the UNCTAD/World Bank NTM prevalence-by-sector export (WITS/TRAINS); not independently re-verified against the publisher in this workspace,REAL
PSE,All Import Products,1 type,22.04,1147,Structure matches the UNCTAD/World Bank NTM prevalence-by-sector export (WITS/TRAINS); not independently re-verified against the publisher in this workspace,REAL
PSE,All Import Products,2 types,8.9,463,Structure matches the UNCTAD/World Bank NTM prevalence-by-sector export (WITS/TRAINS); not independently re-verified against the publisher in this workspace,REAL
PSE,All Import Products,3+ types,6.17,321,Structure matches the UNCTAD/World Bank NTM prevalence-by-sector export (WITS/TRAINS); not independently re-verified against the publisher in this workspace,REAL
PSE,All Import Products,No NTMs,62.9,3274,Structure matches the UNCTAD/World Bank NTM prevalence-by-sector export (WITS/TRAINS); not independently re-verified against the publisher in this workspace,REAL
QAT,Animal,1 type,2.38,8,Structure matches the UNCTAD/World Bank NTM prevalence-by-sector export (WITS/TRAINS); not independently re-verified against the publisher in this workspace,REAL
QAT,Animal,2 types,18.75,63,Structure matches the UNCTAD/World Bank NTM prevalence-by-sector export (WITS/TRAINS); not independently re-verified against the publisher in this workspace,REAL
QAT,Animal,3+ types,67.26,226,Structure matches the UNCTAD/World Bank NTM prevalence-by-sector export (WITS/TRAINS); not independently re-verified against the publisher in this workspace,REAL
QAT,Animal,No NTMs,11.61,39,Structure matches the UNCTAD/World Bank NTM prevalence-by-sector export (WITS/TRAINS); not independently re-verified against the publisher in this workspace,REAL
QAT,Vegetable,1 type,0.28,1,Structure matches the UNCTAD/World Bank NTM prevalence-by-sector export (WITS/TRAINS); not independently re-verified against the publisher in this workspace,REAL
QAT,Vegetable,2 types,11.08,39,Structure matches the UNCTAD/World Bank NTM prevalence-by-sector export (WITS/TRAINS); not independently re-verified against the publisher in this workspace,REAL
QAT,Vegetable,3+ types,86.08,303,Structure matches the UNCTAD/World Bank NTM prevalence-by-sector export (WITS/TRAINS); not independently re-verified against the publisher in this workspace,REAL
QAT,Vegetable,No NTMs,2.56,9,Structure matches the UNCTAD/World Bank NTM prevalence-by-sector export (WITS/TRAINS); not independently re-verified against the publisher in this workspace,REAL
QAT,Food Products,1 type,3.79,8,Structure matches the UNCTAD/World Bank NTM prevalence-by-sector export (WITS/TRAINS); not independently re-verified against the publisher in this workspace,REAL
QAT,Food Products,2 types,67.3,142,Structure matches the UNCTAD/World Bank NTM prevalence-by-sector export (WITS/TRAINS); not independently re-verified against the publisher in this workspace,REAL
QAT,Food Products,3+ types,25.59,54,Structure matches the UNCTAD/World Bank NTM prevalence-by-sector export (WITS/TRAINS); not independently re-verified against the publisher in this workspace,REAL
QAT,Food Products,No NTMs,3.32,7,Structure matches the UNCTAD/World Bank NTM prevalence-by-sector export (WITS/TRAINS); not independently re-verified against the publisher in this workspace,REAL
QAT,Minerals,1 type,31.43,33,Structure matches the UNCTAD/World Bank NTM prevalence-by-sector export (WITS/TRAINS); not independently re-verified against the publisher in this workspace,REAL
QAT,Minerals,2 types,2.86,3,Structure matches the UNCTAD/World Bank NTM prevalence-by-sector export (WITS/TRAINS); not independently re-verified against the publisher in this workspace,REAL
QAT,Minerals,No NTMs,65.71,69,Structure matches the UNCTAD/World Bank NTM prevalence-by-sector export (WITS/TRAINS); not independently re-verified against the publisher in this workspace,REAL
QAT,Fuels,1 type,30.23,13,Structure matches the UNCTAD/World Bank NTM prevalence-by-sector export (WITS/TRAINS); not independently re-verified against the publisher in this workspace,REAL
QAT,Fuels,2 types,18.6,8,Structure matches the UNCTAD/World Bank NTM prevalence-by-sector export (WITS/TRAINS); not independently re-verified against the publisher in this workspace,REAL
QAT,Fuels,No NTMs,51.16,22,Structure matches the UNCTAD/World Bank NTM prevalence-by-sector export (WITS/TRAINS); not independently re-verified against the publisher in this workspace,REAL
QAT,Chemicals,1 type,69.12,544,Structure matches the UNCTAD/World Bank NTM prevalence-by-sector export (WITS/TRAINS); not independently re-verified against the publisher in this workspace,REAL
QAT,Chemicals,2 types,9.53,75,Structure matches the UNCTAD/World Bank NTM prevalence-by-sector export (WITS/TRAINS); not independently re-verified against the publisher in this workspace,REAL
QAT,Chemicals,3+ types,3.94,31,Structure matches the UNCTAD/World Bank NTM prevalence-by-sector export (WITS/TRAINS); not independently re-verified against the publisher in this workspace,REAL
QAT,Chemicals,No NTMs,17.41,137,Structure matches the UNCTAD/World Bank NTM prevalence-by-sector export (WITS/TRAINS); not independently re-verified against the publisher in this workspace,REAL
QAT,Plastic or Rubber,1 type,52.13,110,Structure matches the UNCTAD/World Bank NTM prevalence-by-sector export (WITS/TRAINS); not independently re-verified against the publisher in this workspace,REAL
QAT,Plastic or Rubber,2 types,0.95,2,Structure matches the UNCTAD/World Bank NTM prevalence-by-sector export (WITS/TRAINS); not independently re-verified against the publisher in this workspace,REAL
QAT,Plastic or Rubber,No NTMs,46.92,99,Structure matches the UNCTAD/World Bank NTM prevalence-by-sector export (WITS/TRAINS); not independently re-verified against the publisher in this workspace,REAL
QAT,Hides and Skins,1 type,71.01,49,Structure matches the UNCTAD/World Bank NTM prevalence-by-sector export (WITS/TRAINS); not independently re-verified against the publisher in this workspace,REAL
QAT,Hides and Skins,2 types,13.04,9,Structure matches the UNCTAD/World Bank NTM prevalence-by-sector export (WITS/TRAINS); not independently re-verified against the publisher in this workspace,REAL
QAT,Hides and Skins,No NTMs,15.94,11,Structure matches the UNCTAD/World Bank NTM prevalence-by-sector export (WITS/TRAINS); not independently re-verified against the publisher in this workspace,REAL
QAT,Wood,1 type,13.19,31,Structure matches the UNCTAD/World Bank NTM prevalence-by-sector export (WITS/TRAINS); not independently re-verified against the publisher in this workspace,REAL
QAT,Wood,2 types,9.79,23,Structure matches the UNCTAD/World Bank NTM prevalence-by-sector export (WITS/TRAINS); not independently re-verified against the publisher in this workspace,REAL
QAT,Wood,No NTMs,77.02,181,Structure matches the UNCTAD/World Bank NTM prevalence-by-sector export (WITS/TRAINS); not independently re-verified against the publisher in this workspace,REAL
QAT,Textiles and Clothing,1 type,11.43,91,Structure matches the UNCTAD/World Bank NTM prevalence-by-sector export (WITS/TRAINS); not independently re-verified against the publisher in this workspace,REAL
QAT,Textiles and Clothing,2 types,4.9,39,Structure matches the UNCTAD/World Bank NTM prevalence-by-sector export (WITS/TRAINS); not independently re-verified against the publisher in this workspace,REAL
QAT,Textiles and Clothing,No NTMs,83.67,666,Structure matches the UNCTAD/World Bank NTM prevalence-by-sector export (WITS/TRAINS); not independently re-verified against the publisher in this workspace,REAL
QAT,Footwear,1 type,10.64,5,Structure matches the UNCTAD/World Bank NTM prevalence-by-sector export (WITS/TRAINS); not independently re-verified against the publisher in this workspace,REAL
QAT,Footwear,2 types,21.28,10,Structure matches the UNCTAD/World Bank NTM prevalence-by-sector export (WITS/TRAINS); not independently re-verified against the publisher in this workspace,REAL
QAT,Footwear,No NTMs,68.09,32,Structure matches the UNCTAD/World Bank NTM prevalence-by-sector export (WITS/TRAINS); not independently re-verified against the publisher in this workspace,REAL
QAT,Stone and Glass,1 type,23.59,46,Structure matches the UNCTAD/World Bank NTM prevalence-by-sector export (WITS/TRAINS); not independently re-verified against the publisher in this workspace,REAL
QAT,Stone and Glass,2 types,0.51,1,Structure matches the UNCTAD/World Bank NTM prevalence-by-sector export (WITS/TRAINS); not independently re-verified against the publisher in this workspace,REAL
QAT,Stone and Glass,No NTMs,75.9,148,Structure matches the UNCTAD/World Bank NTM prevalence-by-sector export (WITS/TRAINS); not independently re-verified against the publisher in this workspace,REAL
QAT,Metals,1 type,6.75,38,Structure matches the UNCTAD/World Bank NTM prevalence-by-sector export (WITS/TRAINS); not independently re-verified against the publisher in this workspace,REAL
QAT,Metals,2 types,0.89,5,Structure matches the UNCTAD/World Bank NTM prevalence-by-sector export (WITS/TRAINS); not independently re-verified against the publisher in this workspace,REAL
QAT,Metals,No NTMs,92.36,520,Structure matches the UNCTAD/World Bank NTM prevalence-by-sector export (WITS/TRAINS); not independently re-verified against the publisher in this workspace,REAL
QAT,Mach and Elec,1 type,87.16,672,Structure matches the UNCTAD/World Bank NTM prevalence-by-sector export (WITS/TRAINS); not independently re-verified against the publisher in this workspace,REAL
QAT,Mach and Elec,No NTMs,12.84,99,Structure matches the UNCTAD/World Bank NTM prevalence-by-sector export (WITS/TRAINS); not independently re-verified against the publisher in this workspace,REAL
QAT,Transportation,1 type,79.23,103,Structure matches the UNCTAD/World Bank NTM prevalence-by-sector export (WITS/TRAINS); not independently re-verified against the publisher in this workspace,REAL
QAT,Transportation,No NTMs,20.77,27,Structure matches the UNCTAD/World Bank NTM prevalence-by-sector export (WITS/TRAINS); not independently re-verified against the publisher in this workspace,REAL
QAT,Miscellaneous,1 type,56.5,200,Structure matches the UNCTAD/World Bank NTM prevalence-by-sector export (WITS/TRAINS); not independently re-verified against the publisher in this workspace,REAL
QAT,Miscellaneous,2 types,10.45,37,Structure matches the UNCTAD/World Bank NTM prevalence-by-sector export (WITS/TRAINS); not independently re-verified against the publisher in this workspace,REAL
QAT,Miscellaneous,No NTMs,33.05,117,Structure matches the UNCTAD/World Bank NTM prevalence-by-sector export (WITS/TRAINS); not independently re-verified against the publisher in this workspace,REAL
QAT,All Import Products,1 type,37.5,1952,Structure matches the UNCTAD/World Bank NTM prevalence-by-sector export (WITS/TRAINS); not independently re-verified against the publisher in this workspace,REAL
QAT,All Import Products,2 types,8.76,456,Structure matches the UNCTAD/World Bank NTM prevalence-by-sector export (WITS/TRAINS); not independently re-verified against the publisher in this workspace,REAL
QAT,All Import Products,3+ types,11.8,614,Structure matches the UNCTAD/World Bank NTM prevalence-by-sector export (WITS/TRAINS); not independently re-verified against the publisher in this workspace,REAL
QAT,All Import Products,No NTMs,41.94,2183,Structure matches the UNCTAD/World Bank NTM prevalence-by-sector export (WITS/TRAINS); not independently re-verified against the publisher in this workspace,REAL
RUS,Animal,1 type,11.9,40,Structure matches the UNCTAD/World Bank NTM prevalence-by-sector export (WITS/TRAINS); not independently re-verified against the publisher in this workspace,REAL
RUS,Animal,2 types,3.27,11,Structure matches the UNCTAD/World Bank NTM prevalence-by-sector export (WITS/TRAINS); not independently re-verified against the publisher in this workspace,REAL
RUS,Animal,3+ types,77.68,261,Structure matches the UNCTAD/World Bank NTM prevalence-by-sector export (WITS/TRAINS); not independently re-verified against the publisher in this workspace,REAL
RUS,Animal,No NTMs,7.14,24,Structure matches the UNCTAD/World Bank NTM prevalence-by-sector export (WITS/TRAINS); not independently re-verified against the publisher in this workspace,REAL
RUS,Vegetable,1 type,1.99,7,Structure matches the UNCTAD/World Bank NTM prevalence-by-sector export (WITS/TRAINS); not independently re-verified against the publisher in this workspace,REAL
RUS,Vegetable,2 types,1.14,4,Structure matches the UNCTAD/World Bank NTM prevalence-by-sector export (WITS/TRAINS); not independently re-verified against the publisher in this workspace,REAL
RUS,Vegetable,3+ types,93.18,328,Structure matches the UNCTAD/World Bank NTM prevalence-by-sector export (WITS/TRAINS); not independently re-verified against the publisher in this workspace,REAL
RUS,Vegetable,No NTMs,3.69,13,Structure matches the UNCTAD/World Bank NTM prevalence-by-sector export (WITS/TRAINS); not independently re-verified against the publisher in this workspace,REAL
RUS,Food Products,1 type,3.32,7,Structure matches the UNCTAD/World Bank NTM prevalence-by-sector export (WITS/TRAINS); not independently re-verified against the publisher in this workspace,REAL
RUS,Food Products,2 types,4.27,9,Structure matches the UNCTAD/World Bank NTM prevalence-by-sector export (WITS/TRAINS); not independently re-verified against the publisher in this workspace,REAL
RUS,Food Products,3+ types,91.0,192,Structure matches the UNCTAD/World Bank NTM prevalence-by-sector export (WITS/TRAINS); not independently re-verified against the publisher in this workspace,REAL
RUS,Food Products,No NTMs,1.42,3,Structure matches the UNCTAD/World Bank NTM prevalence-by-sector export (WITS/TRAINS); not independently re-verified against the publisher in this workspace,REAL
RUS,Minerals,1 type,4.76,5,Structure matches the UNCTAD/World Bank NTM prevalence-by-sector export (WITS/TRAINS); not independently re-verified against the publisher in this workspace,REAL
RUS,Minerals,2 types,34.29,36,Structure matches the UNCTAD/World Bank NTM prevalence-by-sector export (WITS/TRAINS); not independently re-verified against the publisher in this workspace,REAL
RUS,Minerals,3+ types,52.38,55,Structure matches the UNCTAD/World Bank NTM prevalence-by-sector export (WITS/TRAINS); not independently re-verified against the publisher in this workspace,REAL
RUS,Minerals,No NTMs,8.57,9,Structure matches the UNCTAD/World Bank NTM prevalence-by-sector export (WITS/TRAINS); not independently re-verified against the publisher in this workspace,REAL
RUS,Fuels,1 type,13.95,6,Structure matches the UNCTAD/World Bank NTM prevalence-by-sector export (WITS/TRAINS); not independently re-verified against the publisher in this workspace,REAL
RUS,Fuels,2 types,51.16,22,Structure matches the UNCTAD/World Bank NTM prevalence-by-sector export (WITS/TRAINS); not independently re-verified against the publisher in this workspace,REAL
RUS,Fuels,3+ types,23.26,10,Structure matches the UNCTAD/World Bank NTM prevalence-by-sector export (WITS/TRAINS); not independently re-verified against the publisher in this workspace,REAL
RUS,Fuels,No NTMs,11.63,5,Structure matches the UNCTAD/World Bank NTM prevalence-by-sector export (WITS/TRAINS); not independently re-verified against the publisher in this workspace,REAL
RUS,Chemicals,1 type,8.89,70,Structure matches the UNCTAD/World Bank NTM prevalence-by-sector export (WITS/TRAINS); not independently re-verified against the publisher in this workspace,REAL
RUS,Chemicals,2 types,37.36,294,Structure matches the UNCTAD/World Bank NTM prevalence-by-sector export (WITS/TRAINS); not independently re-verified against the publisher in this workspace,REAL
RUS,Chemicals,3+ types,48.92,385,Structure matches the UNCTAD/World Bank NTM prevalence-by-sector export (WITS/TRAINS); not independently re-verified against the publisher in this workspace,REAL
RUS,Chemicals,No NTMs,4.83,38,Structure matches the UNCTAD/World Bank NTM prevalence-by-sector export (WITS/TRAINS); not independently re-verified against the publisher in this workspace,REAL
RUS,Plastic or Rubber,1 type,25.12,53,Structure matches the UNCTAD/World Bank NTM prevalence-by-sector export (WITS/TRAINS); not independently re-verified against the publisher in this workspace,REAL
RUS,Plastic or Rubber,2 types,46.92,99,Structure matches the UNCTAD/World Bank NTM prevalence-by-sector export (WITS/TRAINS); not independently re-verified against the publisher in this workspace,REAL
RUS,Plastic or Rubber,3+ types,27.96,59,Structure matches the UNCTAD/World Bank NTM prevalence-by-sector export (WITS/TRAINS); not independently re-verified against the publisher in this workspace,REAL
RUS,Hides and Skins,1 type,13.04,9,Structure matches the UNCTAD/World Bank NTM prevalence-by-sector export (WITS/TRAINS); not independently re-verified against the publisher in this workspace,REAL
RUS,Hides and Skins,2 types,39.13,27,Structure matches the UNCTAD/World Bank NTM prevalence-by-sector export (WITS/TRAINS); not independently re-verified against the publisher in this workspace,REAL
RUS,Hides and Skins,3+ types,42.03,29,Structure matches the UNCTAD/World Bank NTM prevalence-by-sector export (WITS/TRAINS); not independently re-verified against the publisher in this workspace,REAL
RUS,Hides and Skins,No NTMs,5.8,4,Structure matches the UNCTAD/World Bank NTM prevalence-by-sector export (WITS/TRAINS); not independently re-verified against the publisher in this workspace,REAL
RUS,Wood,1 type,42.55,100,Structure matches the UNCTAD/World Bank NTM prevalence-by-sector export (WITS/TRAINS); not independently re-verified against the publisher in this workspace,REAL
RUS,Wood,2 types,35.32,83,Structure matches the UNCTAD/World Bank NTM prevalence-by-sector export (WITS/TRAINS); not independently re-verified against the publisher in this workspace,REAL
RUS,Wood,3+ types,19.15,45,Structure matches the UNCTAD/World Bank NTM prevalence-by-sector export (WITS/TRAINS); not independently re-verified against the publisher in this workspace,REAL
RUS,Wood,No NTMs,2.98,7,Structure matches the UNCTAD/World Bank NTM prevalence-by-sector export (WITS/TRAINS); not independently re-verified against the publisher in this workspace,REAL
RUS,Textiles and Clothing,1 type,18.72,149,Structure matches the UNCTAD/World Bank NTM prevalence-by-sector export (WITS/TRAINS); not independently re-verified against the publisher in this workspace,REAL
RUS,Textiles and Clothing,2 types,66.71,531,Structure matches the UNCTAD/World Bank NTM prevalence-by-sector export (WITS/TRAINS); not independently re-verified against the publisher in this workspace,REAL
RUS,Textiles and Clothing,3+ types,13.32,106,Structure matches the UNCTAD/World Bank NTM prevalence-by-sector export (WITS/TRAINS); not independently re-verified against the publisher in this workspace,REAL
RUS,Textiles and Clothing,No NTMs,1.26,10,Structure matches the UNCTAD/World Bank NTM prevalence-by-sector export (WITS/TRAINS); not independently re-verified against the publisher in this workspace,REAL
RUS,Footwear,1 type,57.45,27,Structure matches the UNCTAD/World Bank NTM prevalence-by-sector export (WITS/TRAINS); not independently re-verified against the publisher in this workspace,REAL
RUS,Footwear,2 types,27.66,13,Structure matches the UNCTAD/World Bank NTM prevalence-by-sector export (WITS/TRAINS); not independently re-verified against the publisher in this workspace,REAL
RUS,Footwear,3+ types,12.77,6,Structure matches the UNCTAD/World Bank NTM prevalence-by-sector export (WITS/TRAINS); not independently re-verified against the publisher in this workspace,REAL
RUS,Footwear,No NTMs,2.13,1,Structure matches the UNCTAD/World Bank NTM prevalence-by-sector export (WITS/TRAINS); not independently re-verified against the publisher in this workspace,REAL
RUS,Stone and Glass,1 type,29.74,58,Structure matches the UNCTAD/World Bank NTM prevalence-by-sector export (WITS/TRAINS); not independently re-verified against the publisher in this workspace,REAL
RUS,Stone and Glass,2 types,28.21,55,Structure matches the UNCTAD/World Bank NTM prevalence-by-sector export (WITS/TRAINS); not independently re-verified against the publisher in this workspace,REAL
RUS,Stone and Glass,3+ types,39.49,77,Structure matches the UNCTAD/World Bank NTM prevalence-by-sector export (WITS/TRAINS); not independently re-verified against the publisher in this workspace,REAL
RUS,Stone and Glass,No NTMs,2.56,5,Structure matches the UNCTAD/World Bank NTM prevalence-by-sector export (WITS/TRAINS); not independently re-verified against the publisher in this workspace,REAL
RUS,Metals,1 type,60.04,338,Structure matches the UNCTAD/World Bank NTM prevalence-by-sector export (WITS/TRAINS); not independently re-verified against the publisher in this workspace,REAL
RUS,Metals,2 types,23.8,134,Structure matches the UNCTAD/World Bank NTM prevalence-by-sector export (WITS/TRAINS); not independently re-verified against the publisher in this workspace,REAL
RUS,Metals,3+ types,12.61,71,Structure matches the UNCTAD/World Bank NTM prevalence-by-sector export (WITS/TRAINS); not independently re-verified against the publisher in this workspace,REAL
RUS,Metals,No NTMs,3.55,20,Structure matches the UNCTAD/World Bank NTM prevalence-by-sector export (WITS/TRAINS); not independently re-verified against the publisher in this workspace,REAL
RUS,Mach and Elec,1 type,12.84,99,Structure matches the UNCTAD/World Bank NTM prevalence-by-sector export (WITS/TRAINS); not independently re-verified against the publisher in this workspace,REAL
RUS,Mach and Elec,2 types,55.38,427,Structure matches the UNCTAD/World Bank NTM prevalence-by-sector export (WITS/TRAINS); not independently re-verified against the publisher in this workspace,REAL
RUS,Mach and Elec,3+ types,31.65,244,Structure matches the UNCTAD/World Bank NTM prevalence-by-sector export (WITS/TRAINS); not independently re-verified against the publisher in this workspace,REAL
RUS,Mach and Elec,No NTMs,0.13,1,Structure matches the UNCTAD/World Bank NTM prevalence-by-sector export (WITS/TRAINS); not independently re-verified against the publisher in this workspace,REAL
RUS,Transportation,1 type,10.0,13,Structure matches the UNCTAD/World Bank NTM prevalence-by-sector export (WITS/TRAINS); not independently re-verified against the publisher in this workspace,REAL
RUS,Transportation,2 types,16.92,22,Structure matches the UNCTAD/World Bank NTM prevalence-by-sector export (WITS/TRAINS); not independently re-verified against the publisher in this workspace,REAL
RUS,Transportation,3+ types,70.0,91,Structure matches the UNCTAD/World Bank NTM prevalence-by-sector export (WITS/TRAINS); not independently re-verified against the publisher in this workspace,REAL
RUS,Transportation,No NTMs,3.08,4,Structure matches the UNCTAD/World Bank NTM prevalence-by-sector export (WITS/TRAINS); not independently re-verified against the publisher in this workspace,REAL
RUS,Miscellaneous,1 type,44.92,159,Structure matches the UNCTAD/World Bank NTM prevalence-by-sector export (WITS/TRAINS); not independently re-verified against the publisher in this workspace,REAL
RUS,Miscellaneous,2 types,31.36,111,Structure matches the UNCTAD/World Bank NTM prevalence-by-sector export (WITS/TRAINS); not independently re-verified against the publisher in this workspace,REAL
RUS,Miscellaneous,3+ types,18.64,66,Structure matches the UNCTAD/World Bank NTM prevalence-by-sector export (WITS/TRAINS); not independently re-verified against the publisher in this workspace,REAL
RUS,Miscellaneous,No NTMs,5.08,18,Structure matches the UNCTAD/World Bank NTM prevalence-by-sector export (WITS/TRAINS); not independently re-verified against the publisher in this workspace,REAL
RUS,All Import Products,1 type,21.9,1140,Structure matches the UNCTAD/World Bank NTM prevalence-by-sector export (WITS/TRAINS); not independently re-verified against the publisher in this workspace,REAL
RUS,All Import Products,2 types,36.08,1878,Structure matches the UNCTAD/World Bank NTM prevalence-by-sector export (WITS/TRAINS); not independently re-verified against the publisher in this workspace,REAL
RUS,All Import Products,3+ types,38.9,2025,Structure matches the UNCTAD/World Bank NTM prevalence-by-sector export (WITS/TRAINS); not independently re-verified against the publisher in this workspace,REAL
RUS,All Import Products,No NTMs,3.11,162,Structure matches the UNCTAD/World Bank NTM prevalence-by-sector export (WITS/TRAINS); not independently re-verified against the publisher in this workspace,REAL
SAU,Animal,1 type,3.27,11,Structure matches the UNCTAD/World Bank NTM prevalence-by-sector export (WITS/TRAINS); not independently re-verified against the publisher in this workspace,REAL
SAU,Animal,2 types,1.19,4,Structure matches the UNCTAD/World Bank NTM prevalence-by-sector export (WITS/TRAINS); not independently re-verified against the publisher in this workspace,REAL
SAU,Animal,3+ types,53.87,181,Structure matches the UNCTAD/World Bank NTM prevalence-by-sector export (WITS/TRAINS); not independently re-verified against the publisher in this workspace,REAL
SAU,Animal,No NTMs,41.67,140,Structure matches the UNCTAD/World Bank NTM prevalence-by-sector export (WITS/TRAINS); not independently re-verified against the publisher in this workspace,REAL
SAU,Vegetable,1 type,1.7,6,Structure matches the UNCTAD/World Bank NTM prevalence-by-sector export (WITS/TRAINS); not independently re-verified against the publisher in this workspace,REAL
SAU,Vegetable,2 types,20.17,71,Structure matches the UNCTAD/World Bank NTM prevalence-by-sector export (WITS/TRAINS); not independently re-verified against the publisher in this workspace,REAL
SAU,Vegetable,3+ types,66.76,235,Structure matches the UNCTAD/World Bank NTM prevalence-by-sector export (WITS/TRAINS); not independently re-verified against the publisher in this workspace,REAL
SAU,Vegetable,No NTMs,11.36,40,Structure matches the UNCTAD/World Bank NTM prevalence-by-sector export (WITS/TRAINS); not independently re-verified against the publisher in this workspace,REAL
SAU,Food Products,1 type,0.47,1,Structure matches the UNCTAD/World Bank NTM prevalence-by-sector export (WITS/TRAINS); not independently re-verified against the publisher in this workspace,REAL
SAU,Food Products,2 types,14.22,30,Structure matches the UNCTAD/World Bank NTM prevalence-by-sector export (WITS/TRAINS); not independently re-verified against the publisher in this workspace,REAL
SAU,Food Products,3+ types,69.19,146,Structure matches the UNCTAD/World Bank NTM prevalence-by-sector export (WITS/TRAINS); not independently re-verified against the publisher in this workspace,REAL
SAU,Food Products,No NTMs,16.11,34,Structure matches the UNCTAD/World Bank NTM prevalence-by-sector export (WITS/TRAINS); not independently re-verified against the publisher in this workspace,REAL
SAU,Minerals,1 type,36.19,38,Structure matches the UNCTAD/World Bank NTM prevalence-by-sector export (WITS/TRAINS); not independently re-verified against the publisher in this workspace,REAL
SAU,Minerals,2 types,14.29,15,Structure matches the UNCTAD/World Bank NTM prevalence-by-sector export (WITS/TRAINS); not independently re-verified against the publisher in this workspace,REAL
SAU,Minerals,3+ types,0.95,1,Structure matches the UNCTAD/World Bank NTM prevalence-by-sector export (WITS/TRAINS); not independently re-verified against the publisher in this workspace,REAL
SAU,Minerals,No NTMs,48.57,51,Structure matches the UNCTAD/World Bank NTM prevalence-by-sector export (WITS/TRAINS); not independently re-verified against the publisher in this workspace,REAL
SAU,Fuels,1 type,30.23,13,Structure matches the UNCTAD/World Bank NTM prevalence-by-sector export (WITS/TRAINS); not independently re-verified against the publisher in this workspace,REAL
SAU,Fuels,No NTMs,69.77,30,Structure matches the UNCTAD/World Bank NTM prevalence-by-sector export (WITS/TRAINS); not independently re-verified against the publisher in this workspace,REAL
SAU,Chemicals,1 type,4.83,38,Structure matches the UNCTAD/World Bank NTM prevalence-by-sector export (WITS/TRAINS); not independently re-verified against the publisher in this workspace,REAL
SAU,Chemicals,2 types,3.68,29,Structure matches the UNCTAD/World Bank NTM prevalence-by-sector export (WITS/TRAINS); not independently re-verified against the publisher in this workspace,REAL
SAU,Chemicals,3+ types,23.25,183,Structure matches the UNCTAD/World Bank NTM prevalence-by-sector export (WITS/TRAINS); not independently re-verified against the publisher in this workspace,REAL
SAU,Chemicals,No NTMs,68.23,537,Structure matches the UNCTAD/World Bank NTM prevalence-by-sector export (WITS/TRAINS); not independently re-verified against the publisher in this workspace,REAL
SAU,Plastic or Rubber,1 type,30.33,64,Structure matches the UNCTAD/World Bank NTM prevalence-by-sector export (WITS/TRAINS); not independently re-verified against the publisher in this workspace,REAL
SAU,Plastic or Rubber,2 types,3.32,7,Structure matches the UNCTAD/World Bank NTM prevalence-by-sector export (WITS/TRAINS); not independently re-verified against the publisher in this workspace,REAL
SAU,Plastic or Rubber,3+ types,47.39,100,Structure matches the UNCTAD/World Bank NTM prevalence-by-sector export (WITS/TRAINS); not independently re-verified against the publisher in this workspace,REAL
SAU,Plastic or Rubber,No NTMs,18.96,40,Structure matches the UNCTAD/World Bank NTM prevalence-by-sector export (WITS/TRAINS); not independently re-verified against the publisher in this workspace,REAL
SAU,Hides and Skins,1 type,2.9,2,Structure matches the UNCTAD/World Bank NTM prevalence-by-sector export (WITS/TRAINS); not independently re-verified against the publisher in this workspace,REAL
SAU,Hides and Skins,2 types,2.9,2,Structure matches the UNCTAD/World Bank NTM prevalence-by-sector export (WITS/TRAINS); not independently re-verified against the publisher in this workspace,REAL
SAU,Hides and Skins,3+ types,43.48,30,Structure matches the UNCTAD/World Bank NTM prevalence-by-sector export (WITS/TRAINS); not independently re-verified against the publisher in this workspace,REAL
SAU,Hides and Skins,No NTMs,50.72,35,Structure matches the UNCTAD/World Bank NTM prevalence-by-sector export (WITS/TRAINS); not independently re-verified against the publisher in this workspace,REAL
SAU,Wood,1 type,2.55,6,Structure matches the UNCTAD/World Bank NTM prevalence-by-sector export (WITS/TRAINS); not independently re-verified against the publisher in this workspace,REAL
SAU,Wood,2 types,8.94,21,Structure matches the UNCTAD/World Bank NTM prevalence-by-sector export (WITS/TRAINS); not independently re-verified against the publisher in this workspace,REAL
SAU,Wood,3+ types,34.04,80,Structure matches the UNCTAD/World Bank NTM prevalence-by-sector export (WITS/TRAINS); not independently re-verified against the publisher in this workspace,REAL
SAU,Wood,No NTMs,54.47,128,Structure matches the UNCTAD/World Bank NTM prevalence-by-sector export (WITS/TRAINS); not independently re-verified against the publisher in this workspace,REAL
SAU,Textiles and Clothing,1 type,1.13,9,Structure matches the UNCTAD/World Bank NTM prevalence-by-sector export (WITS/TRAINS); not independently re-verified against the publisher in this workspace,REAL
SAU,Textiles and Clothing,2 types,28.02,223,Structure matches the UNCTAD/World Bank NTM prevalence-by-sector export (WITS/TRAINS); not independently re-verified against the publisher in this workspace,REAL
SAU,Textiles and Clothing,3+ types,63.57,506,Structure matches the UNCTAD/World Bank NTM prevalence-by-sector export (WITS/TRAINS); not independently re-verified against the publisher in this workspace,REAL
SAU,Textiles and Clothing,No NTMs,7.29,58,Structure matches the UNCTAD/World Bank NTM prevalence-by-sector export (WITS/TRAINS); not independently re-verified against the publisher in this workspace,REAL
SAU,Footwear,2 types,4.26,2,Structure matches the UNCTAD/World Bank NTM prevalence-by-sector export (WITS/TRAINS); not independently re-verified against the publisher in this workspace,REAL
SAU,Footwear,3+ types,70.21,33,Structure matches the UNCTAD/World Bank NTM prevalence-by-sector export (WITS/TRAINS); not independently re-verified against the publisher in this workspace,REAL
SAU,Footwear,No NTMs,25.53,12,Structure matches the UNCTAD/World Bank NTM prevalence-by-sector export (WITS/TRAINS); not independently re-verified against the publisher in this workspace,REAL
SAU,Stone and Glass,1 type,7.18,14,Structure matches the UNCTAD/World Bank NTM prevalence-by-sector export (WITS/TRAINS); not independently re-verified against the publisher in this workspace,REAL
SAU,Stone and Glass,2 types,1.54,3,Structure matches the UNCTAD/World Bank NTM prevalence-by-sector export (WITS/TRAINS); not independently re-verified against the publisher in this workspace,REAL
SAU,Stone and Glass,3+ types,26.67,52,Structure matches the UNCTAD/World Bank NTM prevalence-by-sector export (WITS/TRAINS); not independently re-verified against the publisher in this workspace,REAL
SAU,Stone and Glass,No NTMs,64.62,126,Structure matches the UNCTAD/World Bank NTM prevalence-by-sector export (WITS/TRAINS); not independently re-verified against the publisher in this workspace,REAL
SAU,Metals,1 type,23.8,134,Structure matches the UNCTAD/World Bank NTM prevalence-by-sector export (WITS/TRAINS); not independently re-verified against the publisher in this workspace,REAL
SAU,Metals,2 types,21.31,120,Structure matches the UNCTAD/World Bank NTM prevalence-by-sector export (WITS/TRAINS); not independently re-verified against the publisher in this workspace,REAL
SAU,Metals,3+ types,1.95,11,Structure matches the UNCTAD/World Bank NTM prevalence-by-sector export (WITS/TRAINS); not independently re-verified against the publisher in this workspace,REAL
SAU,Metals,No NTMs,52.93,298,Structure matches the UNCTAD/World Bank NTM prevalence-by-sector export (WITS/TRAINS); not independently re-verified against the publisher in this workspace,REAL
SAU,Mach and Elec,1 type,60.7,468,Structure matches the UNCTAD/World Bank NTM prevalence-by-sector export (WITS/TRAINS); not independently re-verified against the publisher in this workspace,REAL
SAU,Mach and Elec,2 types,4.15,32,Structure matches the UNCTAD/World Bank NTM prevalence-by-sector export (WITS/TRAINS); not independently re-verified against the publisher in this workspace,REAL
SAU,Mach and Elec,3+ types,22.31,172,Structure matches the UNCTAD/World Bank NTM prevalence-by-sector export (WITS/TRAINS); not independently re-verified against the publisher in this workspace,REAL
SAU,Mach and Elec,No NTMs,12.84,99,Structure matches the UNCTAD/World Bank NTM prevalence-by-sector export (WITS/TRAINS); not independently re-verified against the publisher in this workspace,REAL
SAU,Transportation,1 type,58.46,76,Structure matches the UNCTAD/World Bank NTM prevalence-by-sector export (WITS/TRAINS); not independently re-verified against the publisher in this workspace,REAL
SAU,Transportation,2 types,12.31,16,Structure matches the UNCTAD/World Bank NTM prevalence-by-sector export (WITS/TRAINS); not independently re-verified against the publisher in this workspace,REAL
SAU,Transportation,No NTMs,29.23,38,Structure matches the UNCTAD/World Bank NTM prevalence-by-sector export (WITS/TRAINS); not independently re-verified against the publisher in this workspace,REAL
SAU,Miscellaneous,1 type,28.53,101,Structure matches the UNCTAD/World Bank NTM prevalence-by-sector export (WITS/TRAINS); not independently re-verified against the publisher in this workspace,REAL
SAU,Miscellaneous,2 types,7.91,28,Structure matches the UNCTAD/World Bank NTM prevalence-by-sector export (WITS/TRAINS); not independently re-verified against the publisher in this workspace,REAL
SAU,Miscellaneous,3+ types,51.69,183,Structure matches the UNCTAD/World Bank NTM prevalence-by-sector export (WITS/TRAINS); not independently re-verified against the publisher in this workspace,REAL
SAU,Miscellaneous,No NTMs,11.86,42,Structure matches the UNCTAD/World Bank NTM prevalence-by-sector export (WITS/TRAINS); not independently re-verified against the publisher in this workspace,REAL
SAU,All Import Products,1 type,18.85,981,Structure matches the UNCTAD/World Bank NTM prevalence-by-sector export (WITS/TRAINS); not independently re-verified against the publisher in this workspace,REAL
SAU,All Import Products,2 types,11.59,603,Structure matches the UNCTAD/World Bank NTM prevalence-by-sector export (WITS/TRAINS); not independently re-verified against the publisher in this workspace,REAL
SAU,All Import Products,3+ types,36.75,1913,Structure matches the UNCTAD/World Bank NTM prevalence-by-sector export (WITS/TRAINS); not independently re-verified against the publisher in this workspace,REAL
SAU,All Import Products,No NTMs,32.81,1708,Structure matches the UNCTAD/World Bank NTM prevalence-by-sector export (WITS/TRAINS); not independently re-verified against the publisher in this workspace,REAL
SEN,Animal,1 type,28.51,65,Structure matches the UNCTAD/World Bank NTM prevalence-by-sector export (WITS/TRAINS); not independently re-verified against the publisher in this workspace,REAL
SEN,Animal,2 types,24.56,56,Structure matches the UNCTAD/World Bank NTM prevalence-by-sector export (WITS/TRAINS); not independently re-verified against the publisher in this workspace,REAL
SEN,Animal,3+ types,16.67,38,Structure matches the UNCTAD/World Bank NTM prevalence-by-sector export (WITS/TRAINS); not independently re-verified against the publisher in this workspace,REAL
SEN,Animal,No NTMs,30.26,69,Structure matches the UNCTAD/World Bank NTM prevalence-by-sector export (WITS/TRAINS); not independently re-verified against the publisher in this workspace,REAL
SEN,Vegetable,1 type,55.48,167,Structure matches the UNCTAD/World Bank NTM prevalence-by-sector export (WITS/TRAINS); not independently re-verified against the publisher in this workspace,REAL
SEN,Vegetable,2 types,29.9,90,Structure matches the UNCTAD/World Bank NTM prevalence-by-sector export (WITS/TRAINS); not independently re-verified against the publisher in this workspace,REAL
SEN,Vegetable,3+ types,0.66,2,Structure matches the UNCTAD/World Bank NTM prevalence-by-sector export (WITS/TRAINS); not independently re-verified against the publisher in this workspace,REAL
SEN,Vegetable,No NTMs,13.95,42,Structure matches the UNCTAD/World Bank NTM prevalence-by-sector export (WITS/TRAINS); not independently re-verified against the publisher in this workspace,REAL
SEN,Food Products,1 type,24.87,48,Structure matches the UNCTAD/World Bank NTM prevalence-by-sector export (WITS/TRAINS); not independently re-verified against the publisher in this workspace,REAL
SEN,Food Products,2 types,8.81,17,Structure matches the UNCTAD/World Bank NTM prevalence-by-sector export (WITS/TRAINS); not independently re-verified against the publisher in this workspace,REAL
SEN,Food Products,3+ types,0.52,1,Structure matches the UNCTAD/World Bank NTM prevalence-by-sector export (WITS/TRAINS); not independently re-verified against the publisher in this workspace,REAL
SEN,Food Products,No NTMs,65.8,127,Structure matches the UNCTAD/World Bank NTM prevalence-by-sector export (WITS/TRAINS); not independently re-verified against the publisher in this workspace,REAL
SEN,Minerals,2 types,0.94,1,Structure matches the UNCTAD/World Bank NTM prevalence-by-sector export (WITS/TRAINS); not independently re-verified against the publisher in this workspace,REAL
SEN,Minerals,No NTMs,99.06,105,Structure matches the UNCTAD/World Bank NTM prevalence-by-sector export (WITS/TRAINS); not independently re-verified against the publisher in this workspace,REAL
SEN,Fuels,1 type,47.62,20,Structure matches the UNCTAD/World Bank NTM prevalence-by-sector export (WITS/TRAINS); not independently re-verified against the publisher in this workspace,REAL
SEN,Fuels,No NTMs,52.38,22,Structure matches the UNCTAD/World Bank NTM prevalence-by-sector export (WITS/TRAINS); not independently re-verified against the publisher in this workspace,REAL
SEN,Chemicals,1 type,1.65,13,Structure matches the UNCTAD/World Bank NTM prevalence-by-sector export (WITS/TRAINS); not independently re-verified against the publisher in this workspace,REAL
SEN,Chemicals,No NTMs,98.35,776,Structure matches the UNCTAD/World Bank NTM prevalence-by-sector export (WITS/TRAINS); not independently re-verified against the publisher in this workspace,REAL
SEN,Plastic or Rubber,No NTMs,100.0,211,Structure matches the UNCTAD/World Bank NTM prevalence-by-sector export (WITS/TRAINS); not independently re-verified against the publisher in this workspace,REAL
SEN,Hides and Skins,1 type,21.74,15,Structure matches the UNCTAD/World Bank NTM prevalence-by-sector export (WITS/TRAINS); not independently re-verified against the publisher in this workspace,REAL
SEN,Hides and Skins,2 types,14.49,10,Structure matches the UNCTAD/World Bank NTM prevalence-by-sector export (WITS/TRAINS); not independently re-verified against the publisher in this workspace,REAL
SEN,Hides and Skins,No NTMs,63.77,44,Structure matches the UNCTAD/World Bank NTM prevalence-by-sector export (WITS/TRAINS); not independently re-verified against the publisher in this workspace,REAL
SEN,Wood,1 type,2.11,5,Structure matches the UNCTAD/World Bank NTM prevalence-by-sector export (WITS/TRAINS); not independently re-verified against the publisher in this workspace,REAL
SEN,Wood,2 types,1.27,3,Structure matches the UNCTAD/World Bank NTM prevalence-by-sector export (WITS/TRAINS); not independently re-verified against the publisher in this workspace,REAL
SEN,Wood,No NTMs,96.62,229,Structure matches the UNCTAD/World Bank NTM prevalence-by-sector export (WITS/TRAINS); not independently re-verified against the publisher in this workspace,REAL
SEN,Textiles and Clothing,1 type,76.4,612,Structure matches the UNCTAD/World Bank NTM prevalence-by-sector export (WITS/TRAINS); not independently re-verified against the publisher in this workspace,REAL
SEN,Textiles and Clothing,2 types,5.87,47,Structure matches the UNCTAD/World Bank NTM prevalence-by-sector export (WITS/TRAINS); not independently re-verified against the publisher in this workspace,REAL
SEN,Textiles and Clothing,No NTMs,17.73,142,Structure matches the UNCTAD/World Bank NTM prevalence-by-sector export (WITS/TRAINS); not independently re-verified against the publisher in this workspace,REAL
SEN,Footwear,1 type,20.41,10,Structure matches the UNCTAD/World Bank NTM prevalence-by-sector export (WITS/TRAINS); not independently re-verified against the publisher in this workspace,REAL
SEN,Footwear,2 types,4.08,2,Structure matches the UNCTAD/World Bank NTM prevalence-by-sector export (WITS/TRAINS); not independently re-verified against the publisher in this workspace,REAL
SEN,Footwear,No NTMs,75.51,37,Structure matches the UNCTAD/World Bank NTM prevalence-by-sector export (WITS/TRAINS); not independently re-verified against the publisher in this workspace,REAL
SEN,Stone and Glass,1 type,0.51,1,Structure matches the UNCTAD/World Bank NTM prevalence-by-sector export (WITS/TRAINS); not independently re-verified against the publisher in this workspace,REAL
SEN,Stone and Glass,2 types,1.02,2,Structure matches the UNCTAD/World Bank NTM prevalence-by-sector export (WITS/TRAINS); not independently re-verified against the publisher in this workspace,REAL
SEN,Stone and Glass,No NTMs,98.47,193,Structure matches the UNCTAD/World Bank NTM prevalence-by-sector export (WITS/TRAINS); not independently re-verified against the publisher in this workspace,REAL
SEN,Metals,1 type,0.18,1,Structure matches the UNCTAD/World Bank NTM prevalence-by-sector export (WITS/TRAINS); not independently re-verified against the publisher in this workspace,REAL
SEN,Metals,No NTMs,99.82,567,Structure matches the UNCTAD/World Bank NTM prevalence-by-sector export (WITS/TRAINS); not independently re-verified against the publisher in this workspace,REAL
SEN,Mach and Elec,1 type,2.08,16,Structure matches the UNCTAD/World Bank NTM prevalence-by-sector export (WITS/TRAINS); not independently re-verified against the publisher in this workspace,REAL
SEN,Mach and Elec,2 types,0.78,6,Structure matches the UNCTAD/World Bank NTM prevalence-by-sector export (WITS/TRAINS); not independently re-verified against the publisher in this workspace,REAL
SEN,Mach and Elec,No NTMs,97.14,747,Structure matches the UNCTAD/World Bank NTM prevalence-by-sector export (WITS/TRAINS); not independently re-verified against the publisher in this workspace,REAL
SEN,Transportation,1 type,14.5,19,Structure matches the UNCTAD/World Bank NTM prevalence-by-sector export (WITS/TRAINS); not independently re-verified against the publisher in this workspace,REAL
SEN,Transportation,No NTMs,85.5,112,Structure matches the UNCTAD/World Bank NTM prevalence-by-sector export (WITS/TRAINS); not independently re-verified against the publisher in this workspace,REAL
SEN,Miscellaneous,1 type,0.55,2,Structure matches the UNCTAD/World Bank NTM prevalence-by-sector export (WITS/TRAINS); not independently re-verified against the publisher in this workspace,REAL
SEN,Miscellaneous,2 types,0.28,1,Structure matches the UNCTAD/World Bank NTM prevalence-by-sector export (WITS/TRAINS); not independently re-verified against the publisher in this workspace,REAL
SEN,Miscellaneous,No NTMs,99.17,359,Structure matches the UNCTAD/World Bank NTM prevalence-by-sector export (WITS/TRAINS); not independently re-verified against the publisher in this workspace,REAL
SEN,All Import Products,1 type,19.68,994,Structure matches the UNCTAD/World Bank NTM prevalence-by-sector export (WITS/TRAINS); not independently re-verified against the publisher in this workspace,REAL
SEN,All Import Products,2 types,4.65,235,Structure matches the UNCTAD/World Bank NTM prevalence-by-sector export (WITS/TRAINS); not independently re-verified against the publisher in this workspace,REAL
SEN,All Import Products,3+ types,0.81,41,Structure matches the UNCTAD/World Bank NTM prevalence-by-sector export (WITS/TRAINS); not independently re-verified against the publisher in this workspace,REAL
SEN,All Import Products,No NTMs,74.86,3782,Structure matches the UNCTAD/World Bank NTM prevalence-by-sector export (WITS/TRAINS); not independently re-verified against the publisher in this workspace,REAL
SGP,Animal,1 type,2.08,7,Structure matches the UNCTAD/World Bank NTM prevalence-by-sector export (WITS/TRAINS); not independently re-verified against the publisher in this workspace,REAL
SGP,Animal,2 types,0.89,3,Structure matches the UNCTAD/World Bank NTM prevalence-by-sector export (WITS/TRAINS); not independently re-verified against the publisher in this workspace,REAL
SGP,Animal,3+ types,70.24,236,Structure matches the UNCTAD/World Bank NTM prevalence-by-sector export (WITS/TRAINS); not independently re-verified against the publisher in this workspace,REAL
SGP,Animal,No NTMs,26.79,90,Structure matches the UNCTAD/World Bank NTM prevalence-by-sector export (WITS/TRAINS); not independently re-verified against the publisher in this workspace,REAL
SGP,Vegetable,1 type,13.07,46,Structure matches the UNCTAD/World Bank NTM prevalence-by-sector export (WITS/TRAINS); not independently re-verified against the publisher in this workspace,REAL
SGP,Vegetable,2 types,13.92,49,Structure matches the UNCTAD/World Bank NTM prevalence-by-sector export (WITS/TRAINS); not independently re-verified against the publisher in this workspace,REAL
SGP,Vegetable,3+ types,61.93,218,Structure matches the UNCTAD/World Bank NTM prevalence-by-sector export (WITS/TRAINS); not independently re-verified against the publisher in this workspace,REAL
SGP,Vegetable,No NTMs,11.08,39,Structure matches the UNCTAD/World Bank NTM prevalence-by-sector export (WITS/TRAINS); not independently re-verified against the publisher in this workspace,REAL
SGP,Food Products,1 type,0.47,1,Structure matches the UNCTAD/World Bank NTM prevalence-by-sector export (WITS/TRAINS); not independently re-verified against the publisher in this workspace,REAL
SGP,Food Products,2 types,9.48,20,Structure matches the UNCTAD/World Bank NTM prevalence-by-sector export (WITS/TRAINS); not independently re-verified against the publisher in this workspace,REAL
SGP,Food Products,3+ types,79.62,168,Structure matches the UNCTAD/World Bank NTM prevalence-by-sector export (WITS/TRAINS); not independently re-verified against the publisher in this workspace,REAL
SGP,Food Products,No NTMs,10.43,22,Structure matches the UNCTAD/World Bank NTM prevalence-by-sector export (WITS/TRAINS); not independently re-verified against the publisher in this workspace,REAL
SGP,Minerals,1 type,1.9,2,Structure matches the UNCTAD/World Bank NTM prevalence-by-sector export (WITS/TRAINS); not independently re-verified against the publisher in this workspace,REAL
SGP,Minerals,2 types,0.95,1,Structure matches the UNCTAD/World Bank NTM prevalence-by-sector export (WITS/TRAINS); not independently re-verified against the publisher in this workspace,REAL
SGP,Minerals,3+ types,7.62,8,Structure matches the UNCTAD/World Bank NTM prevalence-by-sector export (WITS/TRAINS); not independently re-verified against the publisher in this workspace,REAL
SGP,Minerals,No NTMs,89.52,94,Structure matches the UNCTAD/World Bank NTM prevalence-by-sector export (WITS/TRAINS); not independently re-verified against the publisher in this workspace,REAL
SGP,Fuels,1 type,4.65,2,Structure matches the UNCTAD/World Bank NTM prevalence-by-sector export (WITS/TRAINS); not independently re-verified against the publisher in this workspace,REAL
SGP,Fuels,2 types,2.33,1,Structure matches the UNCTAD/World Bank NTM prevalence-by-sector export (WITS/TRAINS); not independently re-verified against the publisher in this workspace,REAL
SGP,Fuels,3+ types,25.58,11,Structure matches the UNCTAD/World Bank NTM prevalence-by-sector export (WITS/TRAINS); not independently re-verified against the publisher in this workspace,REAL
SGP,Fuels,No NTMs,67.44,29,Structure matches the UNCTAD/World Bank NTM prevalence-by-sector export (WITS/TRAINS); not independently re-verified against the publisher in this workspace,REAL
SGP,Chemicals,1 type,24.14,190,Structure matches the UNCTAD/World Bank NTM prevalence-by-sector export (WITS/TRAINS); not independently re-verified against the publisher in this workspace,REAL
SGP,Chemicals,2 types,9.66,76,Structure matches the UNCTAD/World Bank NTM prevalence-by-sector export (WITS/TRAINS); not independently re-verified against the publisher in this workspace,REAL
SGP,Chemicals,3+ types,13.09,103,Structure matches the UNCTAD/World Bank NTM prevalence-by-sector export (WITS/TRAINS); not independently re-verified against the publisher in this workspace,REAL
SGP,Chemicals,No NTMs,53.11,418,Structure matches the UNCTAD/World Bank NTM prevalence-by-sector export (WITS/TRAINS); not independently re-verified against the publisher in this workspace,REAL
SGP,Plastic or Rubber,1 type,3.32,7,Structure matches the UNCTAD/World Bank NTM prevalence-by-sector export (WITS/TRAINS); not independently re-verified against the publisher in this workspace,REAL
SGP,Plastic or Rubber,2 types,2.84,6,Structure matches the UNCTAD/World Bank NTM prevalence-by-sector export (WITS/TRAINS); not independently re-verified against the publisher in this workspace,REAL
SGP,Plastic or Rubber,3+ types,0.95,2,Structure matches the UNCTAD/World Bank NTM prevalence-by-sector export (WITS/TRAINS); not independently re-verified against the publisher in this workspace,REAL
SGP,Plastic or Rubber,No NTMs,92.89,196,Structure matches the UNCTAD/World Bank NTM prevalence-by-sector export (WITS/TRAINS); not independently re-verified against the publisher in this workspace,REAL
SGP,Hides and Skins,1 type,7.25,5,Structure matches the UNCTAD/World Bank NTM prevalence-by-sector export (WITS/TRAINS); not independently re-verified against the publisher in this workspace,REAL
SGP,Hides and Skins,3+ types,1.45,1,Structure matches the UNCTAD/World Bank NTM prevalence-by-sector export (WITS/TRAINS); not independently re-verified against the publisher in this workspace,REAL
SGP,Hides and Skins,No NTMs,91.3,63,Structure matches the UNCTAD/World Bank NTM prevalence-by-sector export (WITS/TRAINS); not independently re-verified against the publisher in this workspace,REAL
SGP,Wood,1 type,1.28,3,Structure matches the UNCTAD/World Bank NTM prevalence-by-sector export (WITS/TRAINS); not independently re-verified against the publisher in this workspace,REAL
SGP,Wood,2 types,0.85,2,Structure matches the UNCTAD/World Bank NTM prevalence-by-sector export (WITS/TRAINS); not independently re-verified against the publisher in this workspace,REAL
SGP,Wood,3+ types,0.85,2,Structure matches the UNCTAD/World Bank NTM prevalence-by-sector export (WITS/TRAINS); not independently re-verified against the publisher in this workspace,REAL
SGP,Wood,No NTMs,97.02,228,Structure matches the UNCTAD/World Bank NTM prevalence-by-sector export (WITS/TRAINS); not independently re-verified against the publisher in this workspace,REAL
SGP,Textiles and Clothing,1 type,0.38,3,Structure matches the UNCTAD/World Bank NTM prevalence-by-sector export (WITS/TRAINS); not independently re-verified against the publisher in this workspace,REAL
SGP,Textiles and Clothing,2 types,0.5,4,Structure matches the UNCTAD/World Bank NTM prevalence-by-sector export (WITS/TRAINS); not independently re-verified against the publisher in this workspace,REAL
SGP,Textiles and Clothing,No NTMs,99.12,789,Structure matches the UNCTAD/World Bank NTM prevalence-by-sector export (WITS/TRAINS); not independently re-verified against the publisher in this workspace,REAL
SGP,Footwear,2 types,2.13,1,Structure matches the UNCTAD/World Bank NTM prevalence-by-sector export (WITS/TRAINS); not independently re-verified against the publisher in this workspace,REAL
SGP,Footwear,No NTMs,97.87,46,Structure matches the UNCTAD/World Bank NTM prevalence-by-sector export (WITS/TRAINS); not independently re-verified against the publisher in this workspace,REAL
SGP,Stone and Glass,1 type,7.69,15,Structure matches the UNCTAD/World Bank NTM prevalence-by-sector export (WITS/TRAINS); not independently re-verified against the publisher in this workspace,REAL
SGP,Stone and Glass,3+ types,2.05,4,Structure matches the UNCTAD/World Bank NTM prevalence-by-sector export (WITS/TRAINS); not independently re-verified against the publisher in this workspace,REAL
SGP,Stone and Glass,No NTMs,90.26,176,Structure matches the UNCTAD/World Bank NTM prevalence-by-sector export (WITS/TRAINS); not independently re-verified against the publisher in this workspace,REAL
SGP,Metals,1 type,1.24,7,Structure matches the UNCTAD/World Bank NTM prevalence-by-sector export (WITS/TRAINS); not independently re-verified against the publisher in this workspace,REAL
SGP,Metals,2 types,0.71,4,Structure matches the UNCTAD/World Bank NTM prevalence-by-sector export (WITS/TRAINS); not independently re-verified against the publisher in this workspace,REAL
SGP,Metals,3+ types,2.13,12,Structure matches the UNCTAD/World Bank NTM prevalence-by-sector export (WITS/TRAINS); not independently re-verified against the publisher in this workspace,REAL
SGP,Metals,No NTMs,95.91,540,Structure matches the UNCTAD/World Bank NTM prevalence-by-sector export (WITS/TRAINS); not independently re-verified against the publisher in this workspace,REAL
SGP,Mach and Elec,1 type,1.17,9,Structure matches the UNCTAD/World Bank NTM prevalence-by-sector export (WITS/TRAINS); not independently re-verified against the publisher in this workspace,REAL
SGP,Mach and Elec,2 types,8.95,69,Structure matches the UNCTAD/World Bank NTM prevalence-by-sector export (WITS/TRAINS); not independently re-verified against the publisher in this workspace,REAL
SGP,Mach and Elec,3+ types,2.2,17,Structure matches the UNCTAD/World Bank NTM prevalence-by-sector export (WITS/TRAINS); not independently re-verified against the publisher in this workspace,REAL
SGP,Mach and Elec,No NTMs,87.68,676,Structure matches the UNCTAD/World Bank NTM prevalence-by-sector export (WITS/TRAINS); not independently re-verified against the publisher in this workspace,REAL
SGP,Transportation,2 types,31.54,41,Structure matches the UNCTAD/World Bank NTM prevalence-by-sector export (WITS/TRAINS); not independently re-verified against the publisher in this workspace,REAL
SGP,Transportation,3+ types,2.31,3,Structure matches the UNCTAD/World Bank NTM prevalence-by-sector export (WITS/TRAINS); not independently re-verified against the publisher in this workspace,REAL
SGP,Transportation,No NTMs,66.15,86,Structure matches the UNCTAD/World Bank NTM prevalence-by-sector export (WITS/TRAINS); not independently re-verified against the publisher in this workspace,REAL
SGP,Miscellaneous,1 type,3.39,12,Structure matches the UNCTAD/World Bank NTM prevalence-by-sector export (WITS/TRAINS); not independently re-verified against the publisher in this workspace,REAL
SGP,Miscellaneous,2 types,5.65,20,Structure matches the UNCTAD/World Bank NTM prevalence-by-sector export (WITS/TRAINS); not independently re-verified against the publisher in this workspace,REAL
SGP,Miscellaneous,3+ types,9.6,34,Structure matches the UNCTAD/World Bank NTM prevalence-by-sector export (WITS/TRAINS); not independently re-verified against the publisher in this workspace,REAL
SGP,Miscellaneous,No NTMs,81.36,288,Structure matches the UNCTAD/World Bank NTM prevalence-by-sector export (WITS/TRAINS); not independently re-verified against the publisher in this workspace,REAL
SGP,All Import Products,1 type,5.94,309,Structure matches the UNCTAD/World Bank NTM prevalence-by-sector export (WITS/TRAINS); not independently re-verified against the publisher in this workspace,REAL
SGP,All Import Products,2 types,5.71,297,Structure matches the UNCTAD/World Bank NTM prevalence-by-sector export (WITS/TRAINS); not independently re-verified against the publisher in this workspace,REAL
SGP,All Import Products,3+ types,15.73,819,Structure matches the UNCTAD/World Bank NTM prevalence-by-sector export (WITS/TRAINS); not independently re-verified against the publisher in this workspace,REAL
SGP,All Import Products,No NTMs,72.62,3780,Structure matches the UNCTAD/World Bank NTM prevalence-by-sector export (WITS/TRAINS); not independently re-verified against the publisher in this workspace,REAL
SLV,Animal,2 types,1.79,6,Structure matches the UNCTAD/World Bank NTM prevalence-by-sector export (WITS/TRAINS); not independently re-verified against the publisher in this workspace,REAL
SLV,Animal,No NTMs,98.21,330,Structure matches the UNCTAD/World Bank NTM prevalence-by-sector export (WITS/TRAINS); not independently re-verified against the publisher in this workspace,REAL
SLV,Vegetable,1 type,0.85,3,Structure matches the UNCTAD/World Bank NTM prevalence-by-sector export (WITS/TRAINS); not independently re-verified against the publisher in this workspace,REAL
SLV,Vegetable,No NTMs,99.15,349,Structure matches the UNCTAD/World Bank NTM prevalence-by-sector export (WITS/TRAINS); not independently re-verified against the publisher in this workspace,REAL
SLV,Food Products,2 types,0.95,2,Structure matches the UNCTAD/World Bank NTM prevalence-by-sector export (WITS/TRAINS); not independently re-verified against the publisher in this workspace,REAL
SLV,Food Products,3+ types,0.47,1,Structure matches the UNCTAD/World Bank NTM prevalence-by-sector export (WITS/TRAINS); not independently re-verified against the publisher in this workspace,REAL
SLV,Food Products,No NTMs,98.58,208,Structure matches the UNCTAD/World Bank NTM prevalence-by-sector export (WITS/TRAINS); not independently re-verified against the publisher in this workspace,REAL
SLV,Minerals,No NTMs,100.0,105,Structure matches the UNCTAD/World Bank NTM prevalence-by-sector export (WITS/TRAINS); not independently re-verified against the publisher in this workspace,REAL
SLV,Fuels,No NTMs,100.0,43,Structure matches the UNCTAD/World Bank NTM prevalence-by-sector export (WITS/TRAINS); not independently re-verified against the publisher in this workspace,REAL
SLV,Chemicals,1 type,2.54,20,Structure matches the UNCTAD/World Bank NTM prevalence-by-sector export (WITS/TRAINS); not independently re-verified against the publisher in this workspace,REAL
SLV,Chemicals,2 types,0.51,4,Structure matches the UNCTAD/World Bank NTM prevalence-by-sector export (WITS/TRAINS); not independently re-verified against the publisher in this workspace,REAL
SLV,Chemicals,No NTMs,96.95,763,Structure matches the UNCTAD/World Bank NTM prevalence-by-sector export (WITS/TRAINS); not independently re-verified against the publisher in this workspace,REAL
SLV,Plastic or Rubber,No NTMs,100.0,211,Structure matches the UNCTAD/World Bank NTM prevalence-by-sector export (WITS/TRAINS); not independently re-verified against the publisher in this workspace,REAL
SLV,Hides and Skins,No NTMs,100.0,69,Structure matches the UNCTAD/World Bank NTM prevalence-by-sector export (WITS/TRAINS); not independently re-verified against the publisher in this workspace,REAL
SLV,Wood,No NTMs,100.0,235,Structure matches the UNCTAD/World Bank NTM prevalence-by-sector export (WITS/TRAINS); not independently re-verified against the publisher in this workspace,REAL
SLV,Textiles and Clothing,1 type,0.5,4,Structure matches the UNCTAD/World Bank NTM prevalence-by-sector export (WITS/TRAINS); not independently re-verified against the publisher in this workspace,REAL
SLV,Textiles and Clothing,No NTMs,99.5,792,Structure matches the UNCTAD/World Bank NTM prevalence-by-sector export (WITS/TRAINS); not independently re-verified against the publisher in this workspace,REAL
SLV,Footwear,No NTMs,100.0,47,Structure matches the UNCTAD/World Bank NTM prevalence-by-sector export (WITS/TRAINS); not independently re-verified against the publisher in this workspace,REAL
SLV,Stone and Glass,No NTMs,100.0,195,Structure matches the UNCTAD/World Bank NTM prevalence-by-sector export (WITS/TRAINS); not independently re-verified against the publisher in this workspace,REAL
SLV,Metals,No NTMs,100.0,563,Structure matches the UNCTAD/World Bank NTM prevalence-by-sector export (WITS/TRAINS); not independently re-verified against the publisher in this workspace,REAL
SLV,Mach and Elec,2 types,0.13,1,Structure matches the UNCTAD/World Bank NTM prevalence-by-sector export (WITS/TRAINS); not independently re-verified against the publisher in this workspace,REAL
SLV,Mach and Elec,No NTMs,99.87,770,Structure matches the UNCTAD/World Bank NTM prevalence-by-sector export (WITS/TRAINS); not independently re-verified against the publisher in this workspace,REAL
SLV,Transportation,1 type,0.77,1,Structure matches the UNCTAD/World Bank NTM prevalence-by-sector export (WITS/TRAINS); not independently re-verified against the publisher in this workspace,REAL
SLV,Transportation,No NTMs,99.23,129,Structure matches the UNCTAD/World Bank NTM prevalence-by-sector export (WITS/TRAINS); not independently re-verified against the publisher in this workspace,REAL
SLV,Miscellaneous,No NTMs,100.0,354,Structure matches the UNCTAD/World Bank NTM prevalence-by-sector export (WITS/TRAINS); not independently re-verified against the publisher in this workspace,REAL
SLV,All Import Products,1 type,0.54,28,Structure matches the UNCTAD/World Bank NTM prevalence-by-sector export (WITS/TRAINS); not independently re-verified against the publisher in this workspace,REAL
SLV,All Import Products,2 types,0.25,13,Structure matches the UNCTAD/World Bank NTM prevalence-by-sector export (WITS/TRAINS); not independently re-verified against the publisher in this workspace,REAL
SLV,All Import Products,3+ types,0.02,1,Structure matches the UNCTAD/World Bank NTM prevalence-by-sector export (WITS/TRAINS); not independently re-verified against the publisher in this workspace,REAL
SLV,All Import Products,No NTMs,99.19,5163,Structure matches the UNCTAD/World Bank NTM prevalence-by-sector export (WITS/TRAINS); not independently re-verified against the publisher in this workspace,REAL
SUR,Animal,1 type,31.58,72,Structure matches the UNCTAD/World Bank NTM prevalence-by-sector export (WITS/TRAINS); not independently re-verified against the publisher in this workspace,REAL
SUR,Animal,No NTMs,68.42,156,Structure matches the UNCTAD/World Bank NTM prevalence-by-sector export (WITS/TRAINS); not independently re-verified against the publisher in this workspace,REAL
SUR,Vegetable,1 type,20.6,62,Structure matches the UNCTAD/World Bank NTM prevalence-by-sector export (WITS/TRAINS); not independently re-verified against the publisher in this workspace,REAL
SUR,Vegetable,2 types,35.55,107,Structure matches the UNCTAD/World Bank NTM prevalence-by-sector export (WITS/TRAINS); not independently re-verified against the publisher in this workspace,REAL
SUR,Vegetable,No NTMs,43.85,132,Structure matches the UNCTAD/World Bank NTM prevalence-by-sector export (WITS/TRAINS); not independently re-verified against the publisher in this workspace,REAL
SUR,Food Products,1 type,26.94,52,Structure matches the UNCTAD/World Bank NTM prevalence-by-sector export (WITS/TRAINS); not independently re-verified against the publisher in this workspace,REAL
SUR,Food Products,2 types,2.59,5,Structure matches the UNCTAD/World Bank NTM prevalence-by-sector export (WITS/TRAINS); not independently re-verified against the publisher in this workspace,REAL
SUR,Food Products,No NTMs,70.47,136,Structure matches the UNCTAD/World Bank NTM prevalence-by-sector export (WITS/TRAINS); not independently re-verified against the publisher in this workspace,REAL
SUR,Minerals,1 type,35.85,38,Structure matches the UNCTAD/World Bank NTM prevalence-by-sector export (WITS/TRAINS); not independently re-verified against the publisher in this workspace,REAL
SUR,Minerals,No NTMs,64.15,68,Structure matches the UNCTAD/World Bank NTM prevalence-by-sector export (WITS/TRAINS); not independently re-verified against the publisher in this workspace,REAL
SUR,Fuels,No NTMs,100.0,42,Structure matches the UNCTAD/World Bank NTM prevalence-by-sector export (WITS/TRAINS); not independently re-verified against the publisher in this workspace,REAL
SUR,Chemicals,1 type,1.65,13,Structure matches the UNCTAD/World Bank NTM prevalence-by-sector export (WITS/TRAINS); not independently re-verified against the publisher in this workspace,REAL
SUR,Chemicals,No NTMs,98.35,776,Structure matches the UNCTAD/World Bank NTM prevalence-by-sector export (WITS/TRAINS); not independently re-verified against the publisher in this workspace,REAL
SUR,Plastic or Rubber,1 type,6.16,13,Structure matches the UNCTAD/World Bank NTM prevalence-by-sector export (WITS/TRAINS); not independently re-verified against the publisher in this workspace,REAL
SUR,Plastic or Rubber,No NTMs,93.84,198,Structure matches the UNCTAD/World Bank NTM prevalence-by-sector export (WITS/TRAINS); not independently re-verified against the publisher in this workspace,REAL
SUR,Hides and Skins,No NTMs,100.0,69,Structure matches the UNCTAD/World Bank NTM prevalence-by-sector export (WITS/TRAINS); not independently re-verified against the publisher in this workspace,REAL
SUR,Wood,1 type,21.52,51,Structure matches the UNCTAD/World Bank NTM prevalence-by-sector export (WITS/TRAINS); not independently re-verified against the publisher in this workspace,REAL
SUR,Wood,2 types,1.69,4,Structure matches the UNCTAD/World Bank NTM prevalence-by-sector export (WITS/TRAINS); not independently re-verified against the publisher in this workspace,REAL
SUR,Wood,No NTMs,76.79,182,Structure matches the UNCTAD/World Bank NTM prevalence-by-sector export (WITS/TRAINS); not independently re-verified against the publisher in this workspace,REAL
SUR,Textiles and Clothing,1 type,1.12,9,Structure matches the UNCTAD/World Bank NTM prevalence-by-sector export (WITS/TRAINS); not independently re-verified against the publisher in this workspace,REAL
SUR,Textiles and Clothing,No NTMs,98.88,792,Structure matches the UNCTAD/World Bank NTM prevalence-by-sector export (WITS/TRAINS); not independently re-verified against the publisher in this workspace,REAL
SUR,Footwear,No NTMs,100.0,49,Structure matches the UNCTAD/World Bank NTM prevalence-by-sector export (WITS/TRAINS); not independently re-verified against the publisher in this workspace,REAL
SUR,Stone and Glass,1 type,4.08,8,Structure matches the UNCTAD/World Bank NTM prevalence-by-sector export (WITS/TRAINS); not independently re-verified against the publisher in this workspace,REAL
SUR,Stone and Glass,No NTMs,95.92,188,Structure matches the UNCTAD/World Bank NTM prevalence-by-sector export (WITS/TRAINS); not independently re-verified against the publisher in this workspace,REAL
SUR,Metals,1 type,0.53,3,Structure matches the UNCTAD/World Bank NTM prevalence-by-sector export (WITS/TRAINS); not independently re-verified against the publisher in this workspace,REAL
SUR,Metals,No NTMs,99.47,565,Structure matches the UNCTAD/World Bank NTM prevalence-by-sector export (WITS/TRAINS); not independently re-verified against the publisher in this workspace,REAL
SUR,Mach and Elec,No NTMs,100.0,769,Structure matches the UNCTAD/World Bank NTM prevalence-by-sector export (WITS/TRAINS); not independently re-verified against the publisher in this workspace,REAL
SUR,Transportation,No NTMs,100.0,131,Structure matches the UNCTAD/World Bank NTM prevalence-by-sector export (WITS/TRAINS); not independently re-verified against the publisher in this workspace,REAL
SUR,Miscellaneous,1 type,4.7,17,Structure matches the UNCTAD/World Bank NTM prevalence-by-sector export (WITS/TRAINS); not independently re-verified against the publisher in this workspace,REAL
SUR,Miscellaneous,2 types,0.55,2,Structure matches the UNCTAD/World Bank NTM prevalence-by-sector export (WITS/TRAINS); not independently re-verified against the publisher in this workspace,REAL
SUR,Miscellaneous,No NTMs,94.75,343,Structure matches the UNCTAD/World Bank NTM prevalence-by-sector export (WITS/TRAINS); not independently re-verified against the publisher in this workspace,REAL
SUR,All Import Products,1 type,6.69,338,Structure matches the UNCTAD/World Bank NTM prevalence-by-sector export (WITS/TRAINS); not independently re-verified against the publisher in this workspace,REAL
SUR,All Import Products,2 types,2.34,118,Structure matches the UNCTAD/World Bank NTM prevalence-by-sector export (WITS/TRAINS); not independently re-verified against the publisher in this workspace,REAL
SUR,All Import Products,No NTMs,90.97,4596,Structure matches the UNCTAD/World Bank NTM prevalence-by-sector export (WITS/TRAINS); not independently re-verified against the publisher in this workspace,REAL
THA,Animal,1 type,2.38,8,Structure matches the UNCTAD/World Bank NTM prevalence-by-sector export (WITS/TRAINS); not independently re-verified against the publisher in this workspace,REAL
THA,Animal,2 types,0.3,1,Structure matches the UNCTAD/World Bank NTM prevalence-by-sector export (WITS/TRAINS); not independently re-verified against the publisher in this workspace,REAL
THA,Animal,3+ types,84.82,285,Structure matches the UNCTAD/World Bank NTM prevalence-by-sector export (WITS/TRAINS); not independently re-verified against the publisher in this workspace,REAL
THA,Animal,No NTMs,12.5,42,Structure matches the UNCTAD/World Bank NTM prevalence-by-sector export (WITS/TRAINS); not independently re-verified against the publisher in this workspace,REAL
THA,Vegetable,1 type,0.28,1,Structure matches the UNCTAD/World Bank NTM prevalence-by-sector export (WITS/TRAINS); not independently re-verified against the publisher in this workspace,REAL
THA,Vegetable,2 types,2.84,10,Structure matches the UNCTAD/World Bank NTM prevalence-by-sector export (WITS/TRAINS); not independently re-verified against the publisher in this workspace,REAL
THA,Vegetable,3+ types,77.27,272,Structure matches the UNCTAD/World Bank NTM prevalence-by-sector export (WITS/TRAINS); not independently re-verified against the publisher in this workspace,REAL
THA,Vegetable,No NTMs,19.6,69,Structure matches the UNCTAD/World Bank NTM prevalence-by-sector export (WITS/TRAINS); not independently re-verified against the publisher in this workspace,REAL
THA,Food Products,1 type,0.95,2,Structure matches the UNCTAD/World Bank NTM prevalence-by-sector export (WITS/TRAINS); not independently re-verified against the publisher in this workspace,REAL
THA,Food Products,2 types,0.47,1,Structure matches the UNCTAD/World Bank NTM prevalence-by-sector export (WITS/TRAINS); not independently re-verified against the publisher in this workspace,REAL
THA,Food Products,3+ types,88.63,187,Structure matches the UNCTAD/World Bank NTM prevalence-by-sector export (WITS/TRAINS); not independently re-verified against the publisher in this workspace,REAL
THA,Food Products,No NTMs,9.95,21,Structure matches the UNCTAD/World Bank NTM prevalence-by-sector export (WITS/TRAINS); not independently re-verified against the publisher in this workspace,REAL
THA,Minerals,1 type,67.62,71,Structure matches the UNCTAD/World Bank NTM prevalence-by-sector export (WITS/TRAINS); not independently re-verified against the publisher in this workspace,REAL
THA,Minerals,2 types,11.43,12,Structure matches the UNCTAD/World Bank NTM prevalence-by-sector export (WITS/TRAINS); not independently re-verified against the publisher in this workspace,REAL
THA,Minerals,3+ types,1.9,2,Structure matches the UNCTAD/World Bank NTM prevalence-by-sector export (WITS/TRAINS); not independently re-verified against the publisher in this workspace,REAL
THA,Minerals,No NTMs,19.05,20,Structure matches the UNCTAD/World Bank NTM prevalence-by-sector export (WITS/TRAINS); not independently re-verified against the publisher in this workspace,REAL
THA,Fuels,1 type,20.93,9,Structure matches the UNCTAD/World Bank NTM prevalence-by-sector export (WITS/TRAINS); not independently re-verified against the publisher in this workspace,REAL
THA,Fuels,2 types,11.63,5,Structure matches the UNCTAD/World Bank NTM prevalence-by-sector export (WITS/TRAINS); not independently re-verified against the publisher in this workspace,REAL
THA,Fuels,3+ types,6.98,3,Structure matches the UNCTAD/World Bank NTM prevalence-by-sector export (WITS/TRAINS); not independently re-verified against the publisher in this workspace,REAL
THA,Fuels,No NTMs,60.47,26,Structure matches the UNCTAD/World Bank NTM prevalence-by-sector export (WITS/TRAINS); not independently re-verified against the publisher in this workspace,REAL
THA,Chemicals,1 type,12.71,100,Structure matches the UNCTAD/World Bank NTM prevalence-by-sector export (WITS/TRAINS); not independently re-verified against the publisher in this workspace,REAL
THA,Chemicals,2 types,1.65,13,Structure matches the UNCTAD/World Bank NTM prevalence-by-sector export (WITS/TRAINS); not independently re-verified against the publisher in this workspace,REAL
THA,Chemicals,3+ types,6.86,54,Structure matches the UNCTAD/World Bank NTM prevalence-by-sector export (WITS/TRAINS); not independently re-verified against the publisher in this workspace,REAL
THA,Chemicals,No NTMs,78.78,620,Structure matches the UNCTAD/World Bank NTM prevalence-by-sector export (WITS/TRAINS); not independently re-verified against the publisher in this workspace,REAL
THA,Plastic or Rubber,1 type,57.35,121,Structure matches the UNCTAD/World Bank NTM prevalence-by-sector export (WITS/TRAINS); not independently re-verified against the publisher in this workspace,REAL
THA,Plastic or Rubber,2 types,5.21,11,Structure matches the UNCTAD/World Bank NTM prevalence-by-sector export (WITS/TRAINS); not independently re-verified against the publisher in this workspace,REAL
THA,Plastic or Rubber,3+ types,3.32,7,Structure matches the UNCTAD/World Bank NTM prevalence-by-sector export (WITS/TRAINS); not independently re-verified against the publisher in this workspace,REAL
THA,Plastic or Rubber,No NTMs,34.12,72,Structure matches the UNCTAD/World Bank NTM prevalence-by-sector export (WITS/TRAINS); not independently re-verified against the publisher in this workspace,REAL
THA,Hides and Skins,No NTMs,100.0,69,Structure matches the UNCTAD/World Bank NTM prevalence-by-sector export (WITS/TRAINS); not independently re-verified against the publisher in this workspace,REAL
THA,Wood,1 type,34.47,81,Structure matches the UNCTAD/World Bank NTM prevalence-by-sector export (WITS/TRAINS); not independently re-verified against the publisher in this workspace,REAL
THA,Wood,2 types,1.28,3,Structure matches the UNCTAD/World Bank NTM prevalence-by-sector export (WITS/TRAINS); not independently re-verified against the publisher in this workspace,REAL
THA,Wood,No NTMs,64.26,151,Structure matches the UNCTAD/World Bank NTM prevalence-by-sector export (WITS/TRAINS); not independently re-verified against the publisher in this workspace,REAL
THA,Textiles and Clothing,1 type,1.01,8,Structure matches the UNCTAD/World Bank NTM prevalence-by-sector export (WITS/TRAINS); not independently re-verified against the publisher in this workspace,REAL
THA,Textiles and Clothing,2 types,0.13,1,Structure matches the UNCTAD/World Bank NTM prevalence-by-sector export (WITS/TRAINS); not independently re-verified against the publisher in this workspace,REAL
THA,Textiles and Clothing,No NTMs,98.87,787,Structure matches the UNCTAD/World Bank NTM prevalence-by-sector export (WITS/TRAINS); not independently re-verified against the publisher in this workspace,REAL
THA,Footwear,No NTMs,100.0,47,Structure matches the UNCTAD/World Bank NTM prevalence-by-sector export (WITS/TRAINS); not independently re-verified against the publisher in this workspace,REAL
THA,Stone and Glass,1 type,15.38,30,Structure matches the UNCTAD/World Bank NTM prevalence-by-sector export (WITS/TRAINS); not independently re-verified against the publisher in this workspace,REAL
THA,Stone and Glass,2 types,7.18,14,Structure matches the UNCTAD/World Bank NTM prevalence-by-sector export (WITS/TRAINS); not independently re-verified against the publisher in this workspace,REAL
THA,Stone and Glass,No NTMs,77.44,151,Structure matches the UNCTAD/World Bank NTM prevalence-by-sector export (WITS/TRAINS); not independently re-verified against the publisher in this workspace,REAL
THA,Metals,1 type,12.43,70,Structure matches the UNCTAD/World Bank NTM prevalence-by-sector export (WITS/TRAINS); not independently re-verified against the publisher in this workspace,REAL
THA,Metals,2 types,2.31,13,Structure matches the UNCTAD/World Bank NTM prevalence-by-sector export (WITS/TRAINS); not independently re-verified against the publisher in this workspace,REAL
THA,Metals,No NTMs,85.26,480,Structure matches the UNCTAD/World Bank NTM prevalence-by-sector export (WITS/TRAINS); not independently re-verified against the publisher in this workspace,REAL
THA,Mach and Elec,1 type,2.33,18,Structure matches the UNCTAD/World Bank NTM prevalence-by-sector export (WITS/TRAINS); not independently re-verified against the publisher in this workspace,REAL
THA,Mach and Elec,2 types,4.41,34,Structure matches the UNCTAD/World Bank NTM prevalence-by-sector export (WITS/TRAINS); not independently re-verified against the publisher in this workspace,REAL
THA,Mach and Elec,No NTMs,93.26,719,Structure matches the UNCTAD/World Bank NTM prevalence-by-sector export (WITS/TRAINS); not independently re-verified against the publisher in this workspace,REAL
THA,Transportation,1 type,15.38,20,Structure matches the UNCTAD/World Bank NTM prevalence-by-sector export (WITS/TRAINS); not independently re-verified against the publisher in this workspace,REAL
THA,Transportation,2 types,3.85,5,Structure matches the UNCTAD/World Bank NTM prevalence-by-sector export (WITS/TRAINS); not independently re-verified against the publisher in this workspace,REAL
THA,Transportation,No NTMs,80.77,105,Structure matches the UNCTAD/World Bank NTM prevalence-by-sector export (WITS/TRAINS); not independently re-verified against the publisher in this workspace,REAL
THA,Miscellaneous,1 type,1.98,7,Structure matches the UNCTAD/World Bank NTM prevalence-by-sector export (WITS/TRAINS); not independently re-verified against the publisher in this workspace,REAL
THA,Miscellaneous,2 types,2.54,9,Structure matches the UNCTAD/World Bank NTM prevalence-by-sector export (WITS/TRAINS); not independently re-verified against the publisher in this workspace,REAL
THA,Miscellaneous,3+ types,8.76,31,Structure matches the UNCTAD/World Bank NTM prevalence-by-sector export (WITS/TRAINS); not independently re-verified against the publisher in this workspace,REAL
THA,Miscellaneous,No NTMs,86.72,307,Structure matches the UNCTAD/World Bank NTM prevalence-by-sector export (WITS/TRAINS); not independently re-verified against the publisher in this workspace,REAL
THA,All Import Products,1 type,10.49,546,Structure matches the UNCTAD/World Bank NTM prevalence-by-sector export (WITS/TRAINS); not independently re-verified against the publisher in this workspace,REAL
THA,All Import Products,2 types,2.54,132,Structure matches the UNCTAD/World Bank NTM prevalence-by-sector export (WITS/TRAINS); not independently re-verified against the publisher in this workspace,REAL
THA,All Import Products,3+ types,16.16,841,Structure matches the UNCTAD/World Bank NTM prevalence-by-sector export (WITS/TRAINS); not independently re-verified against the publisher in this workspace,REAL
THA,All Import Products,No NTMs,70.82,3686,Structure matches the UNCTAD/World Bank NTM prevalence-by-sector export (WITS/TRAINS); not independently re-verified against the publisher in this workspace,REAL
TJK,Animal,1 type,39.47,90,Structure matches the UNCTAD/World Bank NTM prevalence-by-sector export (WITS/TRAINS); not independently re-verified against the publisher in this workspace,REAL
TJK,Animal,2 types,8.33,19,Structure matches the UNCTAD/World Bank NTM prevalence-by-sector export (WITS/TRAINS); not independently re-verified against the publisher in this workspace,REAL
TJK,Animal,No NTMs,52.19,119,Structure matches the UNCTAD/World Bank NTM prevalence-by-sector export (WITS/TRAINS); not independently re-verified against the publisher in this workspace,REAL
TJK,Vegetable,1 type,45.18,136,Structure matches the UNCTAD/World Bank NTM prevalence-by-sector export (WITS/TRAINS); not independently re-verified against the publisher in this workspace,REAL
TJK,Vegetable,2 types,24.58,74,Structure matches the UNCTAD/World Bank NTM prevalence-by-sector export (WITS/TRAINS); not independently re-verified against the publisher in this workspace,REAL
TJK,Vegetable,No NTMs,30.23,91,Structure matches the UNCTAD/World Bank NTM prevalence-by-sector export (WITS/TRAINS); not independently re-verified against the publisher in this workspace,REAL
TJK,Food Products,1 type,14.51,28,Structure matches the UNCTAD/World Bank NTM prevalence-by-sector export (WITS/TRAINS); not independently re-verified against the publisher in this workspace,REAL
TJK,Food Products,2 types,56.48,109,Structure matches the UNCTAD/World Bank NTM prevalence-by-sector export (WITS/TRAINS); not independently re-verified against the publisher in this workspace,REAL
TJK,Food Products,3+ types,17.1,33,Structure matches the UNCTAD/World Bank NTM prevalence-by-sector export (WITS/TRAINS); not independently re-verified against the publisher in this workspace,REAL
TJK,Food Products,No NTMs,11.92,23,Structure matches the UNCTAD/World Bank NTM prevalence-by-sector export (WITS/TRAINS); not independently re-verified against the publisher in this workspace,REAL
TJK,Minerals,1 type,9.43,10,Structure matches the UNCTAD/World Bank NTM prevalence-by-sector export (WITS/TRAINS); not independently re-verified against the publisher in this workspace,REAL
TJK,Minerals,2 types,2.83,3,Structure matches the UNCTAD/World Bank NTM prevalence-by-sector export (WITS/TRAINS); not independently re-verified against the publisher in this workspace,REAL
TJK,Minerals,No NTMs,87.74,93,Structure matches the UNCTAD/World Bank NTM prevalence-by-sector export (WITS/TRAINS); not independently re-verified against the publisher in this workspace,REAL
TJK,Fuels,1 type,11.9,5,Structure matches the UNCTAD/World Bank NTM prevalence-by-sector export (WITS/TRAINS); not independently re-verified against the publisher in this workspace,REAL
TJK,Fuels,2 types,7.14,3,Structure matches the UNCTAD/World Bank NTM prevalence-by-sector export (WITS/TRAINS); not independently re-verified against the publisher in this workspace,REAL
TJK,Fuels,No NTMs,80.95,34,Structure matches the UNCTAD/World Bank NTM prevalence-by-sector export (WITS/TRAINS); not independently re-verified against the publisher in this workspace,REAL
TJK,Chemicals,1 type,13.56,107,Structure matches the UNCTAD/World Bank NTM prevalence-by-sector export (WITS/TRAINS); not independently re-verified against the publisher in this workspace,REAL
TJK,Chemicals,2 types,5.58,44,Structure matches the UNCTAD/World Bank NTM prevalence-by-sector export (WITS/TRAINS); not independently re-verified against the publisher in this workspace,REAL
TJK,Chemicals,3+ types,0.13,1,Structure matches the UNCTAD/World Bank NTM prevalence-by-sector export (WITS/TRAINS); not independently re-verified against the publisher in this workspace,REAL
TJK,Chemicals,No NTMs,80.74,637,Structure matches the UNCTAD/World Bank NTM prevalence-by-sector export (WITS/TRAINS); not independently re-verified against the publisher in this workspace,REAL
TJK,Plastic or Rubber,1 type,20.38,43,Structure matches the UNCTAD/World Bank NTM prevalence-by-sector export (WITS/TRAINS); not independently re-verified against the publisher in this workspace,REAL
TJK,Plastic or Rubber,2 types,10.43,22,Structure matches the UNCTAD/World Bank NTM prevalence-by-sector export (WITS/TRAINS); not independently re-verified against the publisher in this workspace,REAL
TJK,Plastic or Rubber,No NTMs,69.19,146,Structure matches the UNCTAD/World Bank NTM prevalence-by-sector export (WITS/TRAINS); not independently re-verified against the publisher in this workspace,REAL
TJK,Hides and Skins,1 type,18.84,13,Structure matches the UNCTAD/World Bank NTM prevalence-by-sector export (WITS/TRAINS); not independently re-verified against the publisher in this workspace,REAL
TJK,Hides and Skins,No NTMs,81.16,56,Structure matches the UNCTAD/World Bank NTM prevalence-by-sector export (WITS/TRAINS); not independently re-verified against the publisher in this workspace,REAL
TJK,Wood,1 type,21.1,50,Structure matches the UNCTAD/World Bank NTM prevalence-by-sector export (WITS/TRAINS); not independently re-verified against the publisher in this workspace,REAL
TJK,Wood,2 types,8.86,21,Structure matches the UNCTAD/World Bank NTM prevalence-by-sector export (WITS/TRAINS); not independently re-verified against the publisher in this workspace,REAL
TJK,Wood,3+ types,0.42,1,Structure matches the UNCTAD/World Bank NTM prevalence-by-sector export (WITS/TRAINS); not independently re-verified against the publisher in this workspace,REAL
TJK,Wood,No NTMs,69.62,165,Structure matches the UNCTAD/World Bank NTM prevalence-by-sector export (WITS/TRAINS); not independently re-verified against the publisher in this workspace,REAL
TJK,Textiles and Clothing,1 type,23.22,186,Structure matches the UNCTAD/World Bank NTM prevalence-by-sector export (WITS/TRAINS); not independently re-verified against the publisher in this workspace,REAL
TJK,Textiles and Clothing,2 types,0.75,6,Structure matches the UNCTAD/World Bank NTM prevalence-by-sector export (WITS/TRAINS); not independently re-verified against the publisher in this workspace,REAL
TJK,Textiles and Clothing,3+ types,0.25,2,Structure matches the UNCTAD/World Bank NTM prevalence-by-sector export (WITS/TRAINS); not independently re-verified against the publisher in this workspace,REAL
TJK,Textiles and Clothing,No NTMs,75.78,607,Structure matches the UNCTAD/World Bank NTM prevalence-by-sector export (WITS/TRAINS); not independently re-verified against the publisher in this workspace,REAL
TJK,Footwear,1 type,26.53,13,Structure matches the UNCTAD/World Bank NTM prevalence-by-sector export (WITS/TRAINS); not independently re-verified against the publisher in this workspace,REAL
TJK,Footwear,No NTMs,73.47,36,Structure matches the UNCTAD/World Bank NTM prevalence-by-sector export (WITS/TRAINS); not independently re-verified against the publisher in this workspace,REAL
TJK,Stone and Glass,1 type,19.9,39,Structure matches the UNCTAD/World Bank NTM prevalence-by-sector export (WITS/TRAINS); not independently re-verified against the publisher in this workspace,REAL
TJK,Stone and Glass,No NTMs,80.1,157,Structure matches the UNCTAD/World Bank NTM prevalence-by-sector export (WITS/TRAINS); not independently re-verified against the publisher in this workspace,REAL
TJK,Metals,1 type,9.15,52,Structure matches the UNCTAD/World Bank NTM prevalence-by-sector export (WITS/TRAINS); not independently re-verified against the publisher in this workspace,REAL
TJK,Metals,No NTMs,90.85,516,Structure matches the UNCTAD/World Bank NTM prevalence-by-sector export (WITS/TRAINS); not independently re-verified against the publisher in this workspace,REAL
TJK,Mach and Elec,1 type,11.83,91,Structure matches the UNCTAD/World Bank NTM prevalence-by-sector export (WITS/TRAINS); not independently re-verified against the publisher in this workspace,REAL
TJK,Mach and Elec,2 types,0.52,4,Structure matches the UNCTAD/World Bank NTM prevalence-by-sector export (WITS/TRAINS); not independently re-verified against the publisher in this workspace,REAL
TJK,Mach and Elec,No NTMs,87.65,674,Structure matches the UNCTAD/World Bank NTM prevalence-by-sector export (WITS/TRAINS); not independently re-verified against the publisher in this workspace,REAL
TJK,Transportation,1 type,7.63,10,Structure matches the UNCTAD/World Bank NTM prevalence-by-sector export (WITS/TRAINS); not independently re-verified against the publisher in this workspace,REAL
TJK,Transportation,2 types,1.53,2,Structure matches the UNCTAD/World Bank NTM prevalence-by-sector export (WITS/TRAINS); not independently re-verified against the publisher in this workspace,REAL
TJK,Transportation,No NTMs,90.84,119,Structure matches the UNCTAD/World Bank NTM prevalence-by-sector export (WITS/TRAINS); not independently re-verified against the publisher in this workspace,REAL
TJK,Miscellaneous,1 type,19.06,69,Structure matches the UNCTAD/World Bank NTM prevalence-by-sector export (WITS/TRAINS); not independently re-verified against the publisher in this workspace,REAL
TJK,Miscellaneous,2 types,4.42,16,Structure matches the UNCTAD/World Bank NTM prevalence-by-sector export (WITS/TRAINS); not independently re-verified against the publisher in this workspace,REAL
TJK,Miscellaneous,No NTMs,76.52,277,Structure matches the UNCTAD/World Bank NTM prevalence-by-sector export (WITS/TRAINS); not independently re-verified against the publisher in this workspace,REAL
TJK,All Import Products,1 type,18.65,942,Structure matches the UNCTAD/World Bank NTM prevalence-by-sector export (WITS/TRAINS); not independently re-verified against the publisher in this workspace,REAL
TJK,All Import Products,2 types,6.39,323,Structure matches the UNCTAD/World Bank NTM prevalence-by-sector export (WITS/TRAINS); not independently re-verified against the publisher in this workspace,REAL
TJK,All Import Products,3+ types,0.73,37,Structure matches the UNCTAD/World Bank NTM prevalence-by-sector export (WITS/TRAINS); not independently re-verified against the publisher in this workspace,REAL
TJK,All Import Products,No NTMs,74.23,3750,Structure matches the UNCTAD/World Bank NTM prevalence-by-sector export (WITS/TRAINS); not independently re-verified against the publisher in this workspace,REAL
TTO,Animal,1 type,25.44,58,Structure matches the UNCTAD/World Bank NTM prevalence-by-sector export (WITS/TRAINS); not independently re-verified against the publisher in this workspace,REAL
TTO,Animal,2 types,19.3,44,Structure matches the UNCTAD/World Bank NTM prevalence-by-sector export (WITS/TRAINS); not independently re-verified against the publisher in this workspace,REAL
TTO,Animal,3+ types,31.58,72,Structure matches the UNCTAD/World Bank NTM prevalence-by-sector export (WITS/TRAINS); not independently re-verified against the publisher in this workspace,REAL
TTO,Animal,No NTMs,23.68,54,Structure matches the UNCTAD/World Bank NTM prevalence-by-sector export (WITS/TRAINS); not independently re-verified against the publisher in this workspace,REAL
TTO,Vegetable,1 type,75.75,228,Structure matches the UNCTAD/World Bank NTM prevalence-by-sector export (WITS/TRAINS); not independently re-verified against the publisher in this workspace,REAL
TTO,Vegetable,2 types,10.96,33,Structure matches the UNCTAD/World Bank NTM prevalence-by-sector export (WITS/TRAINS); not independently re-verified against the publisher in this workspace,REAL
TTO,Vegetable,3+ types,0.66,2,Structure matches the UNCTAD/World Bank NTM prevalence-by-sector export (WITS/TRAINS); not independently re-verified against the publisher in this workspace,REAL
TTO,Vegetable,No NTMs,12.62,38,Structure matches the UNCTAD/World Bank NTM prevalence-by-sector export (WITS/TRAINS); not independently re-verified against the publisher in this workspace,REAL
TTO,Food Products,1 type,68.91,133,Structure matches the UNCTAD/World Bank NTM prevalence-by-sector export (WITS/TRAINS); not independently re-verified against the publisher in this workspace,REAL
TTO,Food Products,2 types,12.95,25,Structure matches the UNCTAD/World Bank NTM prevalence-by-sector export (WITS/TRAINS); not independently re-verified against the publisher in this workspace,REAL
TTO,Food Products,3+ types,7.25,14,Structure matches the UNCTAD/World Bank NTM prevalence-by-sector export (WITS/TRAINS); not independently re-verified against the publisher in this workspace,REAL
TTO,Food Products,No NTMs,10.88,21,Structure matches the UNCTAD/World Bank NTM prevalence-by-sector export (WITS/TRAINS); not independently re-verified against the publisher in this workspace,REAL
TTO,Minerals,1 type,8.49,9,Structure matches the UNCTAD/World Bank NTM prevalence-by-sector export (WITS/TRAINS); not independently re-verified against the publisher in this workspace,REAL
TTO,Minerals,2 types,2.83,3,Structure matches the UNCTAD/World Bank NTM prevalence-by-sector export (WITS/TRAINS); not independently re-verified against the publisher in this workspace,REAL
TTO,Minerals,3+ types,2.83,3,Structure matches the UNCTAD/World Bank NTM prevalence-by-sector export (WITS/TRAINS); not independently re-verified against the publisher in this workspace,REAL
TTO,Minerals,No NTMs,85.85,91,Structure matches the UNCTAD/World Bank NTM prevalence-by-sector export (WITS/TRAINS); not independently re-verified against the publisher in this workspace,REAL
TTO,Fuels,1 type,30.95,13,Structure matches the UNCTAD/World Bank NTM prevalence-by-sector export (WITS/TRAINS); not independently re-verified against the publisher in this workspace,REAL
TTO,Fuels,2 types,2.38,1,Structure matches the UNCTAD/World Bank NTM prevalence-by-sector export (WITS/TRAINS); not independently re-verified against the publisher in this workspace,REAL
TTO,Fuels,3+ types,4.76,2,Structure matches the UNCTAD/World Bank NTM prevalence-by-sector export (WITS/TRAINS); not independently re-verified against the publisher in this workspace,REAL
TTO,Fuels,No NTMs,61.9,26,Structure matches the UNCTAD/World Bank NTM prevalence-by-sector export (WITS/TRAINS); not independently re-verified against the publisher in this workspace,REAL
TTO,Chemicals,1 type,9.25,73,Structure matches the UNCTAD/World Bank NTM prevalence-by-sector export (WITS/TRAINS); not independently re-verified against the publisher in this workspace,REAL
TTO,Chemicals,2 types,4.18,33,Structure matches the UNCTAD/World Bank NTM prevalence-by-sector export (WITS/TRAINS); not independently re-verified against the publisher in this workspace,REAL
TTO,Chemicals,3+ types,0.89,7,Structure matches the UNCTAD/World Bank NTM prevalence-by-sector export (WITS/TRAINS); not independently re-verified against the publisher in this workspace,REAL
TTO,Chemicals,No NTMs,85.68,676,Structure matches the UNCTAD/World Bank NTM prevalence-by-sector export (WITS/TRAINS); not independently re-verified against the publisher in this workspace,REAL
TTO,Plastic or Rubber,1 type,7.11,15,Structure matches the UNCTAD/World Bank NTM prevalence-by-sector export (WITS/TRAINS); not independently re-verified against the publisher in this workspace,REAL
TTO,Plastic or Rubber,2 types,0.95,2,Structure matches the UNCTAD/World Bank NTM prevalence-by-sector export (WITS/TRAINS); not independently re-verified against the publisher in this workspace,REAL
TTO,Plastic or Rubber,3+ types,1.9,4,Structure matches the UNCTAD/World Bank NTM prevalence-by-sector export (WITS/TRAINS); not independently re-verified against the publisher in this workspace,REAL
TTO,Plastic or Rubber,No NTMs,90.05,190,Structure matches the UNCTAD/World Bank NTM prevalence-by-sector export (WITS/TRAINS); not independently re-verified against the publisher in this workspace,REAL
TTO,Hides and Skins,1 type,15.94,11,Structure matches the UNCTAD/World Bank NTM prevalence-by-sector export (WITS/TRAINS); not independently re-verified against the publisher in this workspace,REAL
TTO,Hides and Skins,3+ types,7.25,5,Structure matches the UNCTAD/World Bank NTM prevalence-by-sector export (WITS/TRAINS); not independently re-verified against the publisher in this workspace,REAL
TTO,Hides and Skins,No NTMs,76.81,53,Structure matches the UNCTAD/World Bank NTM prevalence-by-sector export (WITS/TRAINS); not independently re-verified against the publisher in this workspace,REAL
TTO,Wood,1 type,6.75,16,Structure matches the UNCTAD/World Bank NTM prevalence-by-sector export (WITS/TRAINS); not independently re-verified against the publisher in this workspace,REAL
TTO,Wood,3+ types,0.42,1,Structure matches the UNCTAD/World Bank NTM prevalence-by-sector export (WITS/TRAINS); not independently re-verified against the publisher in this workspace,REAL
TTO,Wood,No NTMs,92.83,220,Structure matches the UNCTAD/World Bank NTM prevalence-by-sector export (WITS/TRAINS); not independently re-verified against the publisher in this workspace,REAL
TTO,Textiles and Clothing,1 type,1.12,9,Structure matches the UNCTAD/World Bank NTM prevalence-by-sector export (WITS/TRAINS); not independently re-verified against the publisher in this workspace,REAL
TTO,Textiles and Clothing,2 types,9.74,78,Structure matches the UNCTAD/World Bank NTM prevalence-by-sector export (WITS/TRAINS); not independently re-verified against the publisher in this workspace,REAL
TTO,Textiles and Clothing,3+ types,21.85,175,Structure matches the UNCTAD/World Bank NTM prevalence-by-sector export (WITS/TRAINS); not independently re-verified against the publisher in this workspace,REAL
TTO,Textiles and Clothing,No NTMs,67.29,539,Structure matches the UNCTAD/World Bank NTM prevalence-by-sector export (WITS/TRAINS); not independently re-verified against the publisher in this workspace,REAL
TTO,Footwear,1 type,10.2,5,Structure matches the UNCTAD/World Bank NTM prevalence-by-sector export (WITS/TRAINS); not independently re-verified against the publisher in this workspace,REAL
TTO,Footwear,2 types,10.2,5,Structure matches the UNCTAD/World Bank NTM prevalence-by-sector export (WITS/TRAINS); not independently re-verified against the publisher in this workspace,REAL
TTO,Footwear,3+ types,30.61,15,Structure matches the UNCTAD/World Bank NTM prevalence-by-sector export (WITS/TRAINS); not independently re-verified against the publisher in this workspace,REAL
TTO,Footwear,No NTMs,48.98,24,Structure matches the UNCTAD/World Bank NTM prevalence-by-sector export (WITS/TRAINS); not independently re-verified against the publisher in this workspace,REAL
TTO,Stone and Glass,1 type,1.53,3,Structure matches the UNCTAD/World Bank NTM prevalence-by-sector export (WITS/TRAINS); not independently re-verified against the publisher in this workspace,REAL
TTO,Stone and Glass,2 types,1.02,2,Structure matches the UNCTAD/World Bank NTM prevalence-by-sector export (WITS/TRAINS); not independently re-verified against the publisher in this workspace,REAL
TTO,Stone and Glass,3+ types,2.04,4,Structure matches the UNCTAD/World Bank NTM prevalence-by-sector export (WITS/TRAINS); not independently re-verified against the publisher in this workspace,REAL
TTO,Stone and Glass,No NTMs,95.41,187,Structure matches the UNCTAD/World Bank NTM prevalence-by-sector export (WITS/TRAINS); not independently re-verified against the publisher in this workspace,REAL
TTO,Metals,1 type,17.96,102,Structure matches the UNCTAD/World Bank NTM prevalence-by-sector export (WITS/TRAINS); not independently re-verified against the publisher in this workspace,REAL
TTO,Metals,No NTMs,82.04,466,Structure matches the UNCTAD/World Bank NTM prevalence-by-sector export (WITS/TRAINS); not independently re-verified against the publisher in this workspace,REAL
TTO,Mach and Elec,1 type,35.5,273,Structure matches the UNCTAD/World Bank NTM prevalence-by-sector export (WITS/TRAINS); not independently re-verified against the publisher in this workspace,REAL
TTO,Mach and Elec,2 types,5.85,45,Structure matches the UNCTAD/World Bank NTM prevalence-by-sector export (WITS/TRAINS); not independently re-verified against the publisher in this workspace,REAL
TTO,Mach and Elec,3+ types,17.04,131,Structure matches the UNCTAD/World Bank NTM prevalence-by-sector export (WITS/TRAINS); not independently re-verified against the publisher in this workspace,REAL
TTO,Mach and Elec,No NTMs,41.61,320,Structure matches the UNCTAD/World Bank NTM prevalence-by-sector export (WITS/TRAINS); not independently re-verified against the publisher in this workspace,REAL
TTO,Transportation,1 type,38.17,50,Structure matches the UNCTAD/World Bank NTM prevalence-by-sector export (WITS/TRAINS); not independently re-verified against the publisher in this workspace,REAL
TTO,Transportation,No NTMs,61.83,81,Structure matches the UNCTAD/World Bank NTM prevalence-by-sector export (WITS/TRAINS); not independently re-verified against the publisher in this workspace,REAL
TTO,Miscellaneous,1 type,48.62,176,Structure matches the UNCTAD/World Bank NTM prevalence-by-sector export (WITS/TRAINS); not independently re-verified against the publisher in this workspace,REAL
TTO,Miscellaneous,2 types,4.97,18,Structure matches the UNCTAD/World Bank NTM prevalence-by-sector export (WITS/TRAINS); not independently re-verified against the publisher in this workspace,REAL
TTO,Miscellaneous,3+ types,8.01,29,Structure matches the UNCTAD/World Bank NTM prevalence-by-sector export (WITS/TRAINS); not independently re-verified against the publisher in this workspace,REAL
TTO,Miscellaneous,No NTMs,38.4,139,Structure matches the UNCTAD/World Bank NTM prevalence-by-sector export (WITS/TRAINS); not independently re-verified against the publisher in this workspace,REAL
TTO,All Import Products,1 type,23.24,1174,Structure matches the UNCTAD/World Bank NTM prevalence-by-sector export (WITS/TRAINS); not independently re-verified against the publisher in this workspace,REAL
TTO,All Import Products,2 types,5.72,289,Structure matches the UNCTAD/World Bank NTM prevalence-by-sector export (WITS/TRAINS); not independently re-verified against the publisher in this workspace,REAL
TTO,All Import Products,3+ types,9.18,464,Structure matches the UNCTAD/World Bank NTM prevalence-by-sector export (WITS/TRAINS); not independently re-verified against the publisher in this workspace,REAL
TTO,All Import Products,No NTMs,61.86,3125,Structure matches the UNCTAD/World Bank NTM prevalence-by-sector export (WITS/TRAINS); not independently re-verified against the publisher in this workspace,REAL
TUN,Animal,1 type,10.12,34,Structure matches the UNCTAD/World Bank NTM prevalence-by-sector export (WITS/TRAINS); not independently re-verified against the publisher in this workspace,REAL
TUN,Animal,3+ types,53.27,179,Structure matches the UNCTAD/World Bank NTM prevalence-by-sector export (WITS/TRAINS); not independently re-verified against the publisher in this workspace,REAL
TUN,Animal,No NTMs,36.61,123,Structure matches the UNCTAD/World Bank NTM prevalence-by-sector export (WITS/TRAINS); not independently re-verified against the publisher in this workspace,REAL
TUN,Vegetable,1 type,9.94,35,Structure matches the UNCTAD/World Bank NTM prevalence-by-sector export (WITS/TRAINS); not independently re-verified against the publisher in this workspace,REAL
TUN,Vegetable,2 types,7.39,26,Structure matches the UNCTAD/World Bank NTM prevalence-by-sector export (WITS/TRAINS); not independently re-verified against the publisher in this workspace,REAL
TUN,Vegetable,3+ types,65.34,230,Structure matches the UNCTAD/World Bank NTM prevalence-by-sector export (WITS/TRAINS); not independently re-verified against the publisher in this workspace,REAL
TUN,Vegetable,No NTMs,17.33,61,Structure matches the UNCTAD/World Bank NTM prevalence-by-sector export (WITS/TRAINS); not independently re-verified against the publisher in this workspace,REAL
TUN,Food Products,1 type,5.21,11,Structure matches the UNCTAD/World Bank NTM prevalence-by-sector export (WITS/TRAINS); not independently re-verified against the publisher in this workspace,REAL
TUN,Food Products,2 types,9.0,19,Structure matches the UNCTAD/World Bank NTM prevalence-by-sector export (WITS/TRAINS); not independently re-verified against the publisher in this workspace,REAL
TUN,Food Products,3+ types,70.62,149,Structure matches the UNCTAD/World Bank NTM prevalence-by-sector export (WITS/TRAINS); not independently re-verified against the publisher in this workspace,REAL
TUN,Food Products,No NTMs,15.17,32,Structure matches the UNCTAD/World Bank NTM prevalence-by-sector export (WITS/TRAINS); not independently re-verified against the publisher in this workspace,REAL
TUN,Minerals,1 type,15.24,16,Structure matches the UNCTAD/World Bank NTM prevalence-by-sector export (WITS/TRAINS); not independently re-verified against the publisher in this workspace,REAL
TUN,Minerals,2 types,5.71,6,Structure matches the UNCTAD/World Bank NTM prevalence-by-sector export (WITS/TRAINS); not independently re-verified against the publisher in this workspace,REAL
TUN,Minerals,3+ types,1.9,2,Structure matches the UNCTAD/World Bank NTM prevalence-by-sector export (WITS/TRAINS); not independently re-verified against the publisher in this workspace,REAL
TUN,Minerals,No NTMs,77.14,81,Structure matches the UNCTAD/World Bank NTM prevalence-by-sector export (WITS/TRAINS); not independently re-verified against the publisher in this workspace,REAL
TUN,Fuels,1 type,16.28,7,Structure matches the UNCTAD/World Bank NTM prevalence-by-sector export (WITS/TRAINS); not independently re-verified against the publisher in this workspace,REAL
TUN,Fuels,2 types,4.65,2,Structure matches the UNCTAD/World Bank NTM prevalence-by-sector export (WITS/TRAINS); not independently re-verified against the publisher in this workspace,REAL
TUN,Fuels,3+ types,16.28,7,Structure matches the UNCTAD/World Bank NTM prevalence-by-sector export (WITS/TRAINS); not independently re-verified against the publisher in this workspace,REAL
TUN,Fuels,No NTMs,62.79,27,Structure matches the UNCTAD/World Bank NTM prevalence-by-sector export (WITS/TRAINS); not independently re-verified against the publisher in this workspace,REAL
TUN,Chemicals,1 type,12.83,101,Structure matches the UNCTAD/World Bank NTM prevalence-by-sector export (WITS/TRAINS); not independently re-verified against the publisher in this workspace,REAL
TUN,Chemicals,2 types,8.26,65,Structure matches the UNCTAD/World Bank NTM prevalence-by-sector export (WITS/TRAINS); not independently re-verified against the publisher in this workspace,REAL
TUN,Chemicals,3+ types,18.55,146,Structure matches the UNCTAD/World Bank NTM prevalence-by-sector export (WITS/TRAINS); not independently re-verified against the publisher in this workspace,REAL
TUN,Chemicals,No NTMs,60.36,475,Structure matches the UNCTAD/World Bank NTM prevalence-by-sector export (WITS/TRAINS); not independently re-verified against the publisher in this workspace,REAL
TUN,Plastic or Rubber,1 type,22.27,47,Structure matches the UNCTAD/World Bank NTM prevalence-by-sector export (WITS/TRAINS); not independently re-verified against the publisher in this workspace,REAL
TUN,Plastic or Rubber,2 types,11.85,25,Structure matches the UNCTAD/World Bank NTM prevalence-by-sector export (WITS/TRAINS); not independently re-verified against the publisher in this workspace,REAL
TUN,Plastic or Rubber,3+ types,16.11,34,Structure matches the UNCTAD/World Bank NTM prevalence-by-sector export (WITS/TRAINS); not independently re-verified against the publisher in this workspace,REAL
TUN,Plastic or Rubber,No NTMs,49.76,105,Structure matches the UNCTAD/World Bank NTM prevalence-by-sector export (WITS/TRAINS); not independently re-verified against the publisher in this workspace,REAL
TUN,Hides and Skins,1 type,7.25,5,Structure matches the UNCTAD/World Bank NTM prevalence-by-sector export (WITS/TRAINS); not independently re-verified against the publisher in this workspace,REAL
TUN,Hides and Skins,2 types,33.33,23,Structure matches the UNCTAD/World Bank NTM prevalence-by-sector export (WITS/TRAINS); not independently re-verified against the publisher in this workspace,REAL
TUN,Hides and Skins,3+ types,31.88,22,Structure matches the UNCTAD/World Bank NTM prevalence-by-sector export (WITS/TRAINS); not independently re-verified against the publisher in this workspace,REAL
TUN,Hides and Skins,No NTMs,27.54,19,Structure matches the UNCTAD/World Bank NTM prevalence-by-sector export (WITS/TRAINS); not independently re-verified against the publisher in this workspace,REAL
TUN,Wood,1 type,22.98,54,Structure matches the UNCTAD/World Bank NTM prevalence-by-sector export (WITS/TRAINS); not independently re-verified against the publisher in this workspace,REAL
TUN,Wood,2 types,10.64,25,Structure matches the UNCTAD/World Bank NTM prevalence-by-sector export (WITS/TRAINS); not independently re-verified against the publisher in this workspace,REAL
TUN,Wood,3+ types,9.36,22,Structure matches the UNCTAD/World Bank NTM prevalence-by-sector export (WITS/TRAINS); not independently re-verified against the publisher in this workspace,REAL
TUN,Wood,No NTMs,57.02,134,Structure matches the UNCTAD/World Bank NTM prevalence-by-sector export (WITS/TRAINS); not independently re-verified against the publisher in this workspace,REAL
TUN,Textiles and Clothing,1 type,28.77,229,Structure matches the UNCTAD/World Bank NTM prevalence-by-sector export (WITS/TRAINS); not independently re-verified against the publisher in this workspace,REAL
TUN,Textiles and Clothing,2 types,11.43,91,Structure matches the UNCTAD/World Bank NTM prevalence-by-sector export (WITS/TRAINS); not independently re-verified against the publisher in this workspace,REAL
TUN,Textiles and Clothing,3+ types,46.86,373,Structure matches the UNCTAD/World Bank NTM prevalence-by-sector export (WITS/TRAINS); not independently re-verified against the publisher in this workspace,REAL
TUN,Textiles and Clothing,No NTMs,12.94,103,Structure matches the UNCTAD/World Bank NTM prevalence-by-sector export (WITS/TRAINS); not independently re-verified against the publisher in this workspace,REAL
TUN,Footwear,1 type,4.26,2,Structure matches the UNCTAD/World Bank NTM prevalence-by-sector export (WITS/TRAINS); not independently re-verified against the publisher in this workspace,REAL
TUN,Footwear,2 types,36.17,17,Structure matches the UNCTAD/World Bank NTM prevalence-by-sector export (WITS/TRAINS); not independently re-verified against the publisher in this workspace,REAL
TUN,Footwear,3+ types,44.68,21,Structure matches the UNCTAD/World Bank NTM prevalence-by-sector export (WITS/TRAINS); not independently re-verified against the publisher in this workspace,REAL
TUN,Footwear,No NTMs,14.89,7,Structure matches the UNCTAD/World Bank NTM prevalence-by-sector export (WITS/TRAINS); not independently re-verified against the publisher in this workspace,REAL
TUN,Stone and Glass,1 type,10.77,21,Structure matches the UNCTAD/World Bank NTM prevalence-by-sector export (WITS/TRAINS); not independently re-verified against the publisher in this workspace,REAL
TUN,Stone and Glass,2 types,17.95,35,Structure matches the UNCTAD/World Bank NTM prevalence-by-sector export (WITS/TRAINS); not independently re-verified against the publisher in this workspace,REAL
TUN,Stone and Glass,3+ types,19.49,38,Structure matches the UNCTAD/World Bank NTM prevalence-by-sector export (WITS/TRAINS); not independently re-verified against the publisher in this workspace,REAL
TUN,Stone and Glass,No NTMs,51.79,101,Structure matches the UNCTAD/World Bank NTM prevalence-by-sector export (WITS/TRAINS); not independently re-verified against the publisher in this workspace,REAL
TUN,Metals,1 type,12.97,73,Structure matches the UNCTAD/World Bank NTM prevalence-by-sector export (WITS/TRAINS); not independently re-verified against the publisher in this workspace,REAL
TUN,Metals,2 types,12.26,69,Structure matches the UNCTAD/World Bank NTM prevalence-by-sector export (WITS/TRAINS); not independently re-verified against the publisher in this workspace,REAL
TUN,Metals,3+ types,5.68,32,Structure matches the UNCTAD/World Bank NTM prevalence-by-sector export (WITS/TRAINS); not independently re-verified against the publisher in this workspace,REAL
TUN,Metals,No NTMs,69.09,389,Structure matches the UNCTAD/World Bank NTM prevalence-by-sector export (WITS/TRAINS); not independently re-verified against the publisher in this workspace,REAL
TUN,Mach and Elec,1 type,43.06,332,Structure matches the UNCTAD/World Bank NTM prevalence-by-sector export (WITS/TRAINS); not independently re-verified against the publisher in this workspace,REAL
TUN,Mach and Elec,2 types,16.6,128,Structure matches the UNCTAD/World Bank NTM prevalence-by-sector export (WITS/TRAINS); not independently re-verified against the publisher in this workspace,REAL
TUN,Mach and Elec,3+ types,19.58,151,Structure matches the UNCTAD/World Bank NTM prevalence-by-sector export (WITS/TRAINS); not independently re-verified against the publisher in this workspace,REAL
TUN,Mach and Elec,No NTMs,20.75,160,Structure matches the UNCTAD/World Bank NTM prevalence-by-sector export (WITS/TRAINS); not independently re-verified against the publisher in this workspace,REAL
TUN,Transportation,1 type,20.0,26,Structure matches the UNCTAD/World Bank NTM prevalence-by-sector export (WITS/TRAINS); not independently re-verified against the publisher in this workspace,REAL
TUN,Transportation,2 types,30.0,39,Structure matches the UNCTAD/World Bank NTM prevalence-by-sector export (WITS/TRAINS); not independently re-verified against the publisher in this workspace,REAL
TUN,Transportation,3+ types,20.77,27,Structure matches the UNCTAD/World Bank NTM prevalence-by-sector export (WITS/TRAINS); not independently re-verified against the publisher in this workspace,REAL
TUN,Transportation,No NTMs,29.23,38,Structure matches the UNCTAD/World Bank NTM prevalence-by-sector export (WITS/TRAINS); not independently re-verified against the publisher in this workspace,REAL
TUN,Miscellaneous,1 type,32.2,114,Structure matches the UNCTAD/World Bank NTM prevalence-by-sector export (WITS/TRAINS); not independently re-verified against the publisher in this workspace,REAL
TUN,Miscellaneous,2 types,19.21,68,Structure matches the UNCTAD/World Bank NTM prevalence-by-sector export (WITS/TRAINS); not independently re-verified against the publisher in this workspace,REAL
TUN,Miscellaneous,3+ types,27.68,98,Structure matches the UNCTAD/World Bank NTM prevalence-by-sector export (WITS/TRAINS); not independently re-verified against the publisher in this workspace,REAL
TUN,Miscellaneous,No NTMs,20.9,74,Structure matches the UNCTAD/World Bank NTM prevalence-by-sector export (WITS/TRAINS); not independently re-verified against the publisher in this workspace,REAL
TUN,All Import Products,1 type,21.27,1107,Structure matches the UNCTAD/World Bank NTM prevalence-by-sector export (WITS/TRAINS); not independently re-verified against the publisher in this workspace,REAL
TUN,All Import Products,2 types,12.26,638,Structure matches the UNCTAD/World Bank NTM prevalence-by-sector export (WITS/TRAINS); not independently re-verified against the publisher in this workspace,REAL
TUN,All Import Products,3+ types,29.41,1531,Structure matches the UNCTAD/World Bank NTM prevalence-by-sector export (WITS/TRAINS); not independently re-verified against the publisher in this workspace,REAL
TUN,All Import Products,No NTMs,37.06,1929,Structure matches the UNCTAD/World Bank NTM prevalence-by-sector export (WITS/TRAINS); not independently re-verified against the publisher in this workspace,REAL
TUR,Animal,1 type,7.74,26,Structure matches the UNCTAD/World Bank NTM prevalence-by-sector export (WITS/TRAINS); not independently re-verified against the publisher in this workspace,REAL
TUR,Animal,2 types,18.75,63,Structure matches the UNCTAD/World Bank NTM prevalence-by-sector export (WITS/TRAINS); not independently re-verified against the publisher in this workspace,REAL
TUR,Animal,3+ types,34.23,115,Structure matches the UNCTAD/World Bank NTM prevalence-by-sector export (WITS/TRAINS); not independently re-verified against the publisher in this workspace,REAL
TUR,Animal,No NTMs,39.29,132,Structure matches the UNCTAD/World Bank NTM prevalence-by-sector export (WITS/TRAINS); not independently re-verified against the publisher in this workspace,REAL
TUR,Vegetable,1 type,30.68,108,Structure matches the UNCTAD/World Bank NTM prevalence-by-sector export (WITS/TRAINS); not independently re-verified against the publisher in this workspace,REAL
TUR,Vegetable,2 types,17.05,60,Structure matches the UNCTAD/World Bank NTM prevalence-by-sector export (WITS/TRAINS); not independently re-verified against the publisher in this workspace,REAL
TUR,Vegetable,3+ types,44.89,158,Structure matches the UNCTAD/World Bank NTM prevalence-by-sector export (WITS/TRAINS); not independently re-verified against the publisher in this workspace,REAL
TUR,Vegetable,No NTMs,7.39,26,Structure matches the UNCTAD/World Bank NTM prevalence-by-sector export (WITS/TRAINS); not independently re-verified against the publisher in this workspace,REAL
TUR,Food Products,1 type,25.12,53,Structure matches the UNCTAD/World Bank NTM prevalence-by-sector export (WITS/TRAINS); not independently re-verified against the publisher in this workspace,REAL
TUR,Food Products,2 types,37.91,80,Structure matches the UNCTAD/World Bank NTM prevalence-by-sector export (WITS/TRAINS); not independently re-verified against the publisher in this workspace,REAL
TUR,Food Products,3+ types,24.17,51,Structure matches the UNCTAD/World Bank NTM prevalence-by-sector export (WITS/TRAINS); not independently re-verified against the publisher in this workspace,REAL
TUR,Food Products,No NTMs,12.8,27,Structure matches the UNCTAD/World Bank NTM prevalence-by-sector export (WITS/TRAINS); not independently re-verified against the publisher in this workspace,REAL
TUR,Minerals,1 type,17.14,18,Structure matches the UNCTAD/World Bank NTM prevalence-by-sector export (WITS/TRAINS); not independently re-verified against the publisher in this workspace,REAL
TUR,Minerals,2 types,2.86,3,Structure matches the UNCTAD/World Bank NTM prevalence-by-sector export (WITS/TRAINS); not independently re-verified against the publisher in this workspace,REAL
TUR,Minerals,No NTMs,80.0,84,Structure matches the UNCTAD/World Bank NTM prevalence-by-sector export (WITS/TRAINS); not independently re-verified against the publisher in this workspace,REAL
TUR,Fuels,1 type,34.88,15,Structure matches the UNCTAD/World Bank NTM prevalence-by-sector export (WITS/TRAINS); not independently re-verified against the publisher in this workspace,REAL
TUR,Fuels,2 types,18.6,8,Structure matches the UNCTAD/World Bank NTM prevalence-by-sector export (WITS/TRAINS); not independently re-verified against the publisher in this workspace,REAL
TUR,Fuels,3+ types,20.93,9,Structure matches the UNCTAD/World Bank NTM prevalence-by-sector export (WITS/TRAINS); not independently re-verified against the publisher in this workspace,REAL
TUR,Fuels,No NTMs,25.58,11,Structure matches the UNCTAD/World Bank NTM prevalence-by-sector export (WITS/TRAINS); not independently re-verified against the publisher in this workspace,REAL
TUR,Chemicals,1 type,35.07,276,Structure matches the UNCTAD/World Bank NTM prevalence-by-sector export (WITS/TRAINS); not independently re-verified against the publisher in this workspace,REAL
TUR,Chemicals,2 types,31.51,248,Structure matches the UNCTAD/World Bank NTM prevalence-by-sector export (WITS/TRAINS); not independently re-verified against the publisher in this workspace,REAL
TUR,Chemicals,3+ types,7.37,58,Structure matches the UNCTAD/World Bank NTM prevalence-by-sector export (WITS/TRAINS); not independently re-verified against the publisher in this workspace,REAL
TUR,Chemicals,No NTMs,26.05,205,Structure matches the UNCTAD/World Bank NTM prevalence-by-sector export (WITS/TRAINS); not independently re-verified against the publisher in this workspace,REAL
TUR,Plastic or Rubber,1 type,28.91,61,Structure matches the UNCTAD/World Bank NTM prevalence-by-sector export (WITS/TRAINS); not independently re-verified against the publisher in this workspace,REAL
TUR,Plastic or Rubber,2 types,36.49,77,Structure matches the UNCTAD/World Bank NTM prevalence-by-sector export (WITS/TRAINS); not independently re-verified against the publisher in this workspace,REAL
TUR,Plastic or Rubber,3+ types,5.21,11,Structure matches the UNCTAD/World Bank NTM prevalence-by-sector export (WITS/TRAINS); not independently re-verified against the publisher in this workspace,REAL
TUR,Plastic or Rubber,No NTMs,29.38,62,Structure matches the UNCTAD/World Bank NTM prevalence-by-sector export (WITS/TRAINS); not independently re-verified against the publisher in this workspace,REAL
TUR,Hides and Skins,1 type,11.59,8,Structure matches the UNCTAD/World Bank NTM prevalence-by-sector export (WITS/TRAINS); not independently re-verified against the publisher in this workspace,REAL
TUR,Hides and Skins,2 types,46.38,32,Structure matches the UNCTAD/World Bank NTM prevalence-by-sector export (WITS/TRAINS); not independently re-verified against the publisher in this workspace,REAL
TUR,Hides and Skins,3+ types,40.58,28,Structure matches the UNCTAD/World Bank NTM prevalence-by-sector export (WITS/TRAINS); not independently re-verified against the publisher in this workspace,REAL
TUR,Hides and Skins,No NTMs,1.45,1,Structure matches the UNCTAD/World Bank NTM prevalence-by-sector export (WITS/TRAINS); not independently re-verified against the publisher in this workspace,REAL
TUR,Wood,1 type,11.06,26,Structure matches the UNCTAD/World Bank NTM prevalence-by-sector export (WITS/TRAINS); not independently re-verified against the publisher in this workspace,REAL
TUR,Wood,2 types,1.28,3,Structure matches the UNCTAD/World Bank NTM prevalence-by-sector export (WITS/TRAINS); not independently re-verified against the publisher in this workspace,REAL
TUR,Wood,3+ types,31.06,73,Structure matches the UNCTAD/World Bank NTM prevalence-by-sector export (WITS/TRAINS); not independently re-verified against the publisher in this workspace,REAL
TUR,Wood,No NTMs,56.6,133,Structure matches the UNCTAD/World Bank NTM prevalence-by-sector export (WITS/TRAINS); not independently re-verified against the publisher in this workspace,REAL
TUR,Textiles and Clothing,2 types,84.67,674,Structure matches the UNCTAD/World Bank NTM prevalence-by-sector export (WITS/TRAINS); not independently re-verified against the publisher in this workspace,REAL
TUR,Textiles and Clothing,3+ types,14.82,118,Structure matches the UNCTAD/World Bank NTM prevalence-by-sector export (WITS/TRAINS); not independently re-verified against the publisher in this workspace,REAL
TUR,Textiles and Clothing,No NTMs,0.5,4,Structure matches the UNCTAD/World Bank NTM prevalence-by-sector export (WITS/TRAINS); not independently re-verified against the publisher in this workspace,REAL
TUR,Footwear,1 type,19.15,9,Structure matches the UNCTAD/World Bank NTM prevalence-by-sector export (WITS/TRAINS); not independently re-verified against the publisher in this workspace,REAL
TUR,Footwear,2 types,53.19,25,Structure matches the UNCTAD/World Bank NTM prevalence-by-sector export (WITS/TRAINS); not independently re-verified against the publisher in this workspace,REAL
TUR,Footwear,No NTMs,27.66,13,Structure matches the UNCTAD/World Bank NTM prevalence-by-sector export (WITS/TRAINS); not independently re-verified against the publisher in this workspace,REAL
TUR,Stone and Glass,1 type,15.9,31,Structure matches the UNCTAD/World Bank NTM prevalence-by-sector export (WITS/TRAINS); not independently re-verified against the publisher in this workspace,REAL
TUR,Stone and Glass,2 types,10.77,21,Structure matches the UNCTAD/World Bank NTM prevalence-by-sector export (WITS/TRAINS); not independently re-verified against the publisher in this workspace,REAL
TUR,Stone and Glass,3+ types,18.97,37,Structure matches the UNCTAD/World Bank NTM prevalence-by-sector export (WITS/TRAINS); not independently re-verified against the publisher in this workspace,REAL
TUR,Stone and Glass,No NTMs,54.36,106,Structure matches the UNCTAD/World Bank NTM prevalence-by-sector export (WITS/TRAINS); not independently re-verified against the publisher in this workspace,REAL
TUR,Metals,1 type,15.63,88,Structure matches the UNCTAD/World Bank NTM prevalence-by-sector export (WITS/TRAINS); not independently re-verified against the publisher in this workspace,REAL
TUR,Metals,2 types,2.49,14,Structure matches the UNCTAD/World Bank NTM prevalence-by-sector export (WITS/TRAINS); not independently re-verified against the publisher in this workspace,REAL
TUR,Metals,3+ types,0.53,3,Structure matches the UNCTAD/World Bank NTM prevalence-by-sector export (WITS/TRAINS); not independently re-verified against the publisher in this workspace,REAL
TUR,Metals,No NTMs,81.35,458,Structure matches the UNCTAD/World Bank NTM prevalence-by-sector export (WITS/TRAINS); not independently re-verified against the publisher in this workspace,REAL
TUR,Mach and Elec,1 type,41.63,321,Structure matches the UNCTAD/World Bank NTM prevalence-by-sector export (WITS/TRAINS); not independently re-verified against the publisher in this workspace,REAL
TUR,Mach and Elec,2 types,12.97,100,Structure matches the UNCTAD/World Bank NTM prevalence-by-sector export (WITS/TRAINS); not independently re-verified against the publisher in this workspace,REAL
TUR,Mach and Elec,3+ types,5.19,40,Structure matches the UNCTAD/World Bank NTM prevalence-by-sector export (WITS/TRAINS); not independently re-verified against the publisher in this workspace,REAL
TUR,Mach and Elec,No NTMs,40.21,310,Structure matches the UNCTAD/World Bank NTM prevalence-by-sector export (WITS/TRAINS); not independently re-verified against the publisher in this workspace,REAL
TUR,Transportation,1 type,15.38,20,Structure matches the UNCTAD/World Bank NTM prevalence-by-sector export (WITS/TRAINS); not independently re-verified against the publisher in this workspace,REAL
TUR,Transportation,2 types,12.31,16,Structure matches the UNCTAD/World Bank NTM prevalence-by-sector export (WITS/TRAINS); not independently re-verified against the publisher in this workspace,REAL
TUR,Transportation,3+ types,34.62,45,Structure matches the UNCTAD/World Bank NTM prevalence-by-sector export (WITS/TRAINS); not independently re-verified against the publisher in this workspace,REAL
TUR,Transportation,No NTMs,37.69,49,Structure matches the UNCTAD/World Bank NTM prevalence-by-sector export (WITS/TRAINS); not independently re-verified against the publisher in this workspace,REAL
TUR,Miscellaneous,1 type,26.55,94,Structure matches the UNCTAD/World Bank NTM prevalence-by-sector export (WITS/TRAINS); not independently re-verified against the publisher in this workspace,REAL
TUR,Miscellaneous,2 types,28.25,100,Structure matches the UNCTAD/World Bank NTM prevalence-by-sector export (WITS/TRAINS); not independently re-verified against the publisher in this workspace,REAL
TUR,Miscellaneous,3+ types,3.67,13,Structure matches the UNCTAD/World Bank NTM prevalence-by-sector export (WITS/TRAINS); not independently re-verified against the publisher in this workspace,REAL
TUR,Miscellaneous,No NTMs,41.53,147,Structure matches the UNCTAD/World Bank NTM prevalence-by-sector export (WITS/TRAINS); not independently re-verified against the publisher in this workspace,REAL
TUR,All Import Products,1 type,22.17,1154,Structure matches the UNCTAD/World Bank NTM prevalence-by-sector export (WITS/TRAINS); not independently re-verified against the publisher in this workspace,REAL
TUR,All Import Products,2 types,29.28,1524,Structure matches the UNCTAD/World Bank NTM prevalence-by-sector export (WITS/TRAINS); not independently re-verified against the publisher in this workspace,REAL
TUR,All Import Products,3+ types,14.58,759,Structure matches the UNCTAD/World Bank NTM prevalence-by-sector export (WITS/TRAINS); not independently re-verified against the publisher in this workspace,REAL
TUR,All Import Products,No NTMs,33.97,1768,Structure matches the UNCTAD/World Bank NTM prevalence-by-sector export (WITS/TRAINS); not independently re-verified against the publisher in this workspace,REAL
URY,Animal,1 type,11.9,40,Structure matches the UNCTAD/World Bank NTM prevalence-by-sector export (WITS/TRAINS); not independently re-verified against the publisher in this workspace,REAL
URY,Animal,2 types,20.83,70,Structure matches the UNCTAD/World Bank NTM prevalence-by-sector export (WITS/TRAINS); not independently re-verified against the publisher in this workspace,REAL
URY,Animal,3+ types,7.74,26,Structure matches the UNCTAD/World Bank NTM prevalence-by-sector export (WITS/TRAINS); not independently re-verified against the publisher in this workspace,REAL
URY,Animal,No NTMs,59.52,200,Structure matches the UNCTAD/World Bank NTM prevalence-by-sector export (WITS/TRAINS); not independently re-verified against the publisher in this workspace,REAL
URY,Vegetable,1 type,13.64,48,Structure matches the UNCTAD/World Bank NTM prevalence-by-sector export (WITS/TRAINS); not independently re-verified against the publisher in this workspace,REAL
URY,Vegetable,2 types,24.43,86,Structure matches the UNCTAD/World Bank NTM prevalence-by-sector export (WITS/TRAINS); not independently re-verified against the publisher in this workspace,REAL
URY,Vegetable,3+ types,36.65,129,Structure matches the UNCTAD/World Bank NTM prevalence-by-sector export (WITS/TRAINS); not independently re-verified against the publisher in this workspace,REAL
URY,Vegetable,No NTMs,25.28,89,Structure matches the UNCTAD/World Bank NTM prevalence-by-sector export (WITS/TRAINS); not independently re-verified against the publisher in this workspace,REAL
URY,Food Products,1 type,13.27,28,Structure matches the UNCTAD/World Bank NTM prevalence-by-sector export (WITS/TRAINS); not independently re-verified against the publisher in this workspace,REAL
URY,Food Products,2 types,50.71,107,Structure matches the UNCTAD/World Bank NTM prevalence-by-sector export (WITS/TRAINS); not independently re-verified against the publisher in this workspace,REAL
URY,Food Products,3+ types,18.01,38,Structure matches the UNCTAD/World Bank NTM prevalence-by-sector export (WITS/TRAINS); not independently re-verified against the publisher in this workspace,REAL
URY,Food Products,No NTMs,18.01,38,Structure matches the UNCTAD/World Bank NTM prevalence-by-sector export (WITS/TRAINS); not independently re-verified against the publisher in this workspace,REAL
URY,Minerals,1 type,1.9,2,Structure matches the UNCTAD/World Bank NTM prevalence-by-sector export (WITS/TRAINS); not independently re-verified against the publisher in this workspace,REAL
URY,Minerals,2 types,0.95,1,Structure matches the UNCTAD/World Bank NTM prevalence-by-sector export (WITS/TRAINS); not independently re-verified against the publisher in this workspace,REAL
URY,Minerals,No NTMs,97.14,102,Structure matches the UNCTAD/World Bank NTM prevalence-by-sector export (WITS/TRAINS); not independently re-verified against the publisher in this workspace,REAL
URY,Fuels,1 type,13.95,6,Structure matches the UNCTAD/World Bank NTM prevalence-by-sector export (WITS/TRAINS); not independently re-verified against the publisher in this workspace,REAL
URY,Fuels,2 types,4.65,2,Structure matches the UNCTAD/World Bank NTM prevalence-by-sector export (WITS/TRAINS); not independently re-verified against the publisher in this workspace,REAL
URY,Fuels,3+ types,4.65,2,Structure matches the UNCTAD/World Bank NTM prevalence-by-sector export (WITS/TRAINS); not independently re-verified against the publisher in this workspace,REAL
URY,Fuels,No NTMs,76.74,33,Structure matches the UNCTAD/World Bank NTM prevalence-by-sector export (WITS/TRAINS); not independently re-verified against the publisher in this workspace,REAL
URY,Chemicals,1 type,38.88,306,Structure matches the UNCTAD/World Bank NTM prevalence-by-sector export (WITS/TRAINS); not independently re-verified against the publisher in this workspace,REAL
URY,Chemicals,2 types,9.53,75,Structure matches the UNCTAD/World Bank NTM prevalence-by-sector export (WITS/TRAINS); not independently re-verified against the publisher in this workspace,REAL
URY,Chemicals,3+ types,2.8,22,Structure matches the UNCTAD/World Bank NTM prevalence-by-sector export (WITS/TRAINS); not independently re-verified against the publisher in this workspace,REAL
URY,Chemicals,No NTMs,48.79,384,Structure matches the UNCTAD/World Bank NTM prevalence-by-sector export (WITS/TRAINS); not independently re-verified against the publisher in this workspace,REAL
URY,Plastic or Rubber,1 type,9.0,19,Structure matches the UNCTAD/World Bank NTM prevalence-by-sector export (WITS/TRAINS); not independently re-verified against the publisher in this workspace,REAL
URY,Plastic or Rubber,No NTMs,91.0,192,Structure matches the UNCTAD/World Bank NTM prevalence-by-sector export (WITS/TRAINS); not independently re-verified against the publisher in this workspace,REAL
URY,Hides and Skins,1 type,37.68,26,Structure matches the UNCTAD/World Bank NTM prevalence-by-sector export (WITS/TRAINS); not independently re-verified against the publisher in this workspace,REAL
URY,Hides and Skins,2 types,21.74,15,Structure matches the UNCTAD/World Bank NTM prevalence-by-sector export (WITS/TRAINS); not independently re-verified against the publisher in this workspace,REAL
URY,Hides and Skins,No NTMs,40.58,28,Structure matches the UNCTAD/World Bank NTM prevalence-by-sector export (WITS/TRAINS); not independently re-verified against the publisher in this workspace,REAL
URY,Wood,1 type,28.94,68,Structure matches the UNCTAD/World Bank NTM prevalence-by-sector export (WITS/TRAINS); not independently re-verified against the publisher in this workspace,REAL
URY,Wood,2 types,4.26,10,Structure matches the UNCTAD/World Bank NTM prevalence-by-sector export (WITS/TRAINS); not independently re-verified against the publisher in this workspace,REAL
URY,Wood,No NTMs,66.81,157,Structure matches the UNCTAD/World Bank NTM prevalence-by-sector export (WITS/TRAINS); not independently re-verified against the publisher in this workspace,REAL
URY,Textiles and Clothing,1 type,72.74,579,Structure matches the UNCTAD/World Bank NTM prevalence-by-sector export (WITS/TRAINS); not independently re-verified against the publisher in this workspace,REAL
URY,Textiles and Clothing,2 types,13.69,109,Structure matches the UNCTAD/World Bank NTM prevalence-by-sector export (WITS/TRAINS); not independently re-verified against the publisher in this workspace,REAL
URY,Textiles and Clothing,3+ types,0.38,3,Structure matches the UNCTAD/World Bank NTM prevalence-by-sector export (WITS/TRAINS); not independently re-verified against the publisher in this workspace,REAL
URY,Textiles and Clothing,No NTMs,13.19,105,Structure matches the UNCTAD/World Bank NTM prevalence-by-sector export (WITS/TRAINS); not independently re-verified against the publisher in this workspace,REAL
URY,Footwear,1 type,6.38,3,Structure matches the UNCTAD/World Bank NTM prevalence-by-sector export (WITS/TRAINS); not independently re-verified against the publisher in this workspace,REAL
URY,Footwear,2 types,46.81,22,Structure matches the UNCTAD/World Bank NTM prevalence-by-sector export (WITS/TRAINS); not independently re-verified against the publisher in this workspace,REAL
URY,Footwear,No NTMs,46.81,22,Structure matches the UNCTAD/World Bank NTM prevalence-by-sector export (WITS/TRAINS); not independently re-verified against the publisher in this workspace,REAL
URY,Stone and Glass,1 type,3.59,7,Structure matches the UNCTAD/World Bank NTM prevalence-by-sector export (WITS/TRAINS); not independently re-verified against the publisher in this workspace,REAL
URY,Stone and Glass,No NTMs,96.41,188,Structure matches the UNCTAD/World Bank NTM prevalence-by-sector export (WITS/TRAINS); not independently re-verified against the publisher in this workspace,REAL
URY,Metals,1 type,8.53,48,Structure matches the UNCTAD/World Bank NTM prevalence-by-sector export (WITS/TRAINS); not independently re-verified against the publisher in this workspace,REAL
URY,Metals,2 types,4.09,23,Structure matches the UNCTAD/World Bank NTM prevalence-by-sector export (WITS/TRAINS); not independently re-verified against the publisher in this workspace,REAL
URY,Metals,No NTMs,87.39,492,Structure matches the UNCTAD/World Bank NTM prevalence-by-sector export (WITS/TRAINS); not independently re-verified against the publisher in this workspace,REAL
URY,Mach and Elec,1 type,13.23,102,Structure matches the UNCTAD/World Bank NTM prevalence-by-sector export (WITS/TRAINS); not independently re-verified against the publisher in this workspace,REAL
URY,Mach and Elec,2 types,0.91,7,Structure matches the UNCTAD/World Bank NTM prevalence-by-sector export (WITS/TRAINS); not independently re-verified against the publisher in this workspace,REAL
URY,Mach and Elec,No NTMs,85.86,662,Structure matches the UNCTAD/World Bank NTM prevalence-by-sector export (WITS/TRAINS); not independently re-verified against the publisher in this workspace,REAL
URY,Transportation,1 type,16.15,21,Structure matches the UNCTAD/World Bank NTM prevalence-by-sector export (WITS/TRAINS); not independently re-verified against the publisher in this workspace,REAL
URY,Transportation,2 types,5.38,7,Structure matches the UNCTAD/World Bank NTM prevalence-by-sector export (WITS/TRAINS); not independently re-verified against the publisher in this workspace,REAL
URY,Transportation,3+ types,15.38,20,Structure matches the UNCTAD/World Bank NTM prevalence-by-sector export (WITS/TRAINS); not independently re-verified against the publisher in this workspace,REAL
URY,Transportation,No NTMs,63.08,82,Structure matches the UNCTAD/World Bank NTM prevalence-by-sector export (WITS/TRAINS); not independently re-verified against the publisher in this workspace,REAL
URY,Miscellaneous,1 type,25.42,90,Structure matches the UNCTAD/World Bank NTM prevalence-by-sector export (WITS/TRAINS); not independently re-verified against the publisher in this workspace,REAL
URY,Miscellaneous,2 types,0.28,1,Structure matches the UNCTAD/World Bank NTM prevalence-by-sector export (WITS/TRAINS); not independently re-verified against the publisher in this workspace,REAL
URY,Miscellaneous,No NTMs,74.29,263,Structure matches the UNCTAD/World Bank NTM prevalence-by-sector export (WITS/TRAINS); not independently re-verified against the publisher in this workspace,REAL
URY,All Import Products,1 type,26.76,1393,Structure matches the UNCTAD/World Bank NTM prevalence-by-sector export (WITS/TRAINS); not independently re-verified against the publisher in this workspace,REAL
URY,All Import Products,2 types,10.28,535,Structure matches the UNCTAD/World Bank NTM prevalence-by-sector export (WITS/TRAINS); not independently re-verified against the publisher in this workspace,REAL
URY,All Import Products,3+ types,4.61,240,Structure matches the UNCTAD/World Bank NTM prevalence-by-sector export (WITS/TRAINS); not independently re-verified against the publisher in this workspace,REAL
URY,All Import Products,No NTMs,58.35,3037,Structure matches the UNCTAD/World Bank NTM prevalence-by-sector export (WITS/TRAINS); not independently re-verified against the publisher in this workspace,REAL
USA,Animal,1 type,4.17,14,Structure matches the UNCTAD/World Bank NTM prevalence-by-sector export (WITS/TRAINS); not independently re-verified against the publisher in this workspace,REAL
USA,Animal,3+ types,95.24,320,Structure matches the UNCTAD/World Bank NTM prevalence-by-sector export (WITS/TRAINS); not independently re-verified against the publisher in this workspace,REAL
USA,Animal,No NTMs,0.6,2,Structure matches the UNCTAD/World Bank NTM prevalence-by-sector export (WITS/TRAINS); not independently re-verified against the publisher in this workspace,REAL
USA,Vegetable,1 type,0.57,2,Structure matches the UNCTAD/World Bank NTM prevalence-by-sector export (WITS/TRAINS); not independently re-verified against the publisher in this workspace,REAL
USA,Vegetable,2 types,7.39,26,Structure matches the UNCTAD/World Bank NTM prevalence-by-sector export (WITS/TRAINS); not independently re-verified against the publisher in this workspace,REAL
USA,Vegetable,3+ types,92.05,324,Structure matches the UNCTAD/World Bank NTM prevalence-by-sector export (WITS/TRAINS); not independently re-verified against the publisher in this workspace,REAL
USA,Food Products,1 type,1.42,3,Structure matches the UNCTAD/World Bank NTM prevalence-by-sector export (WITS/TRAINS); not independently re-verified against the publisher in this workspace,REAL
USA,Food Products,2 types,6.64,14,Structure matches the UNCTAD/World Bank NTM prevalence-by-sector export (WITS/TRAINS); not independently re-verified against the publisher in this workspace,REAL
USA,Food Products,3+ types,91.94,194,Structure matches the UNCTAD/World Bank NTM prevalence-by-sector export (WITS/TRAINS); not independently re-verified against the publisher in this workspace,REAL
USA,Minerals,1 type,9.52,10,Structure matches the UNCTAD/World Bank NTM prevalence-by-sector export (WITS/TRAINS); not independently re-verified against the publisher in this workspace,REAL
USA,Minerals,3+ types,10.48,11,Structure matches the UNCTAD/World Bank NTM prevalence-by-sector export (WITS/TRAINS); not independently re-verified against the publisher in this workspace,REAL
USA,Minerals,No NTMs,80.0,84,Structure matches the UNCTAD/World Bank NTM prevalence-by-sector export (WITS/TRAINS); not independently re-verified against the publisher in this workspace,REAL
USA,Fuels,1 type,48.84,21,Structure matches the UNCTAD/World Bank NTM prevalence-by-sector export (WITS/TRAINS); not independently re-verified against the publisher in this workspace,REAL
USA,Fuels,2 types,9.3,4,Structure matches the UNCTAD/World Bank NTM prevalence-by-sector export (WITS/TRAINS); not independently re-verified against the publisher in this workspace,REAL
USA,Fuels,No NTMs,41.86,18,Structure matches the UNCTAD/World Bank NTM prevalence-by-sector export (WITS/TRAINS); not independently re-verified against the publisher in this workspace,REAL
USA,Chemicals,1 type,29.73,234,Structure matches the UNCTAD/World Bank NTM prevalence-by-sector export (WITS/TRAINS); not independently re-verified against the publisher in this workspace,REAL
USA,Chemicals,2 types,10.67,84,Structure matches the UNCTAD/World Bank NTM prevalence-by-sector export (WITS/TRAINS); not independently re-verified against the publisher in this workspace,REAL
USA,Chemicals,3+ types,7.88,62,Structure matches the UNCTAD/World Bank NTM prevalence-by-sector export (WITS/TRAINS); not independently re-verified against the publisher in this workspace,REAL
USA,Chemicals,No NTMs,51.72,407,Structure matches the UNCTAD/World Bank NTM prevalence-by-sector export (WITS/TRAINS); not independently re-verified against the publisher in this workspace,REAL
USA,Plastic or Rubber,1 type,30.81,65,Structure matches the UNCTAD/World Bank NTM prevalence-by-sector export (WITS/TRAINS); not independently re-verified against the publisher in this workspace,REAL
USA,Plastic or Rubber,2 types,14.69,31,Structure matches the UNCTAD/World Bank NTM prevalence-by-sector export (WITS/TRAINS); not independently re-verified against the publisher in this workspace,REAL
USA,Plastic or Rubber,3+ types,10.9,23,Structure matches the UNCTAD/World Bank NTM prevalence-by-sector export (WITS/TRAINS); not independently re-verified against the publisher in this workspace,REAL
USA,Plastic or Rubber,No NTMs,43.6,92,Structure matches the UNCTAD/World Bank NTM prevalence-by-sector export (WITS/TRAINS); not independently re-verified against the publisher in this workspace,REAL
USA,Hides and Skins,1 type,2.9,2,Structure matches the UNCTAD/World Bank NTM prevalence-by-sector export (WITS/TRAINS); not independently re-verified against the publisher in this workspace,REAL
USA,Hides and Skins,2 types,36.23,25,Structure matches the UNCTAD/World Bank NTM prevalence-by-sector export (WITS/TRAINS); not independently re-verified against the publisher in this workspace,REAL
USA,Hides and Skins,3+ types,49.28,34,Structure matches the UNCTAD/World Bank NTM prevalence-by-sector export (WITS/TRAINS); not independently re-verified against the publisher in this workspace,REAL
USA,Hides and Skins,No NTMs,11.59,8,Structure matches the UNCTAD/World Bank NTM prevalence-by-sector export (WITS/TRAINS); not independently re-verified against the publisher in this workspace,REAL
USA,Wood,1 type,2.13,5,Structure matches the UNCTAD/World Bank NTM prevalence-by-sector export (WITS/TRAINS); not independently re-verified against the publisher in this workspace,REAL
USA,Wood,2 types,9.79,23,Structure matches the UNCTAD/World Bank NTM prevalence-by-sector export (WITS/TRAINS); not independently re-verified against the publisher in this workspace,REAL
USA,Wood,3+ types,22.13,52,Structure matches the UNCTAD/World Bank NTM prevalence-by-sector export (WITS/TRAINS); not independently re-verified against the publisher in this workspace,REAL
USA,Wood,No NTMs,65.96,155,Structure matches the UNCTAD/World Bank NTM prevalence-by-sector export (WITS/TRAINS); not independently re-verified against the publisher in this workspace,REAL
USA,Textiles and Clothing,1 type,81.28,647,Structure matches the UNCTAD/World Bank NTM prevalence-by-sector export (WITS/TRAINS); not independently re-verified against the publisher in this workspace,REAL
USA,Textiles and Clothing,2 types,8.54,68,Structure matches the UNCTAD/World Bank NTM prevalence-by-sector export (WITS/TRAINS); not independently re-verified against the publisher in this workspace,REAL
USA,Textiles and Clothing,3+ types,5.03,40,Structure matches the UNCTAD/World Bank NTM prevalence-by-sector export (WITS/TRAINS); not independently re-verified against the publisher in this workspace,REAL
USA,Textiles and Clothing,No NTMs,5.15,41,Structure matches the UNCTAD/World Bank NTM prevalence-by-sector export (WITS/TRAINS); not independently re-verified against the publisher in this workspace,REAL
USA,Footwear,1 type,10.64,5,Structure matches the UNCTAD/World Bank NTM prevalence-by-sector export (WITS/TRAINS); not independently re-verified against the publisher in this workspace,REAL
USA,Footwear,2 types,31.91,15,Structure matches the UNCTAD/World Bank NTM prevalence-by-sector export (WITS/TRAINS); not independently re-verified against the publisher in this workspace,REAL
USA,Footwear,No NTMs,57.45,27,Structure matches the UNCTAD/World Bank NTM prevalence-by-sector export (WITS/TRAINS); not independently re-verified against the publisher in this workspace,REAL
USA,Stone and Glass,1 type,38.97,76,Structure matches the UNCTAD/World Bank NTM prevalence-by-sector export (WITS/TRAINS); not independently re-verified against the publisher in this workspace,REAL
USA,Stone and Glass,2 types,0.51,1,Structure matches the UNCTAD/World Bank NTM prevalence-by-sector export (WITS/TRAINS); not independently re-verified against the publisher in this workspace,REAL
USA,Stone and Glass,No NTMs,60.51,118,Structure matches the UNCTAD/World Bank NTM prevalence-by-sector export (WITS/TRAINS); not independently re-verified against the publisher in this workspace,REAL
USA,Metals,1 type,22.56,127,Structure matches the UNCTAD/World Bank NTM prevalence-by-sector export (WITS/TRAINS); not independently re-verified against the publisher in this workspace,REAL
USA,Metals,2 types,1.95,11,Structure matches the UNCTAD/World Bank NTM prevalence-by-sector export (WITS/TRAINS); not independently re-verified against the publisher in this workspace,REAL
USA,Metals,3+ types,5.68,32,Structure matches the UNCTAD/World Bank NTM prevalence-by-sector export (WITS/TRAINS); not independently re-verified against the publisher in this workspace,REAL
USA,Metals,No NTMs,69.8,393,Structure matches the UNCTAD/World Bank NTM prevalence-by-sector export (WITS/TRAINS); not independently re-verified against the publisher in this workspace,REAL
USA,Mach and Elec,1 type,44.62,344,Structure matches the UNCTAD/World Bank NTM prevalence-by-sector export (WITS/TRAINS); not independently re-verified against the publisher in this workspace,REAL
USA,Mach and Elec,2 types,1.43,11,Structure matches the UNCTAD/World Bank NTM prevalence-by-sector export (WITS/TRAINS); not independently re-verified against the publisher in this workspace,REAL
USA,Mach and Elec,No NTMs,53.96,416,Structure matches the UNCTAD/World Bank NTM prevalence-by-sector export (WITS/TRAINS); not independently re-verified against the publisher in this workspace,REAL
USA,Transportation,1 type,49.23,64,Structure matches the UNCTAD/World Bank NTM prevalence-by-sector export (WITS/TRAINS); not independently re-verified against the publisher in this workspace,REAL
USA,Transportation,2 types,16.15,21,Structure matches the UNCTAD/World Bank NTM prevalence-by-sector export (WITS/TRAINS); not independently re-verified against the publisher in this workspace,REAL
USA,Transportation,3+ types,9.23,12,Structure matches the UNCTAD/World Bank NTM prevalence-by-sector export (WITS/TRAINS); not independently re-verified against the publisher in this workspace,REAL
USA,Transportation,No NTMs,25.38,33,Structure matches the UNCTAD/World Bank NTM prevalence-by-sector export (WITS/TRAINS); not independently re-verified against the publisher in this workspace,REAL
USA,Miscellaneous,1 type,34.75,123,Structure matches the UNCTAD/World Bank NTM prevalence-by-sector export (WITS/TRAINS); not independently re-verified against the publisher in this workspace,REAL
USA,Miscellaneous,2 types,16.95,60,Structure matches the UNCTAD/World Bank NTM prevalence-by-sector export (WITS/TRAINS); not independently re-verified against the publisher in this workspace,REAL
USA,Miscellaneous,3+ types,1.98,7,Structure matches the UNCTAD/World Bank NTM prevalence-by-sector export (WITS/TRAINS); not independently re-verified against the publisher in this workspace,REAL
USA,Miscellaneous,No NTMs,46.33,164,Structure matches the UNCTAD/World Bank NTM prevalence-by-sector export (WITS/TRAINS); not independently re-verified against the publisher in this workspace,REAL
USA,All Import Products,1 type,33.47,1742,Structure matches the UNCTAD/World Bank NTM prevalence-by-sector export (WITS/TRAINS); not independently re-verified against the publisher in this workspace,REAL
USA,All Import Products,2 types,7.57,394,Structure matches the UNCTAD/World Bank NTM prevalence-by-sector export (WITS/TRAINS); not independently re-verified against the publisher in this workspace,REAL
USA,All Import Products,3+ types,21.34,1111,Structure matches the UNCTAD/World Bank NTM prevalence-by-sector export (WITS/TRAINS); not independently re-verified against the publisher in this workspace,REAL
USA,All Import Products,No NTMs,37.62,1958,Structure matches the UNCTAD/World Bank NTM prevalence-by-sector export (WITS/TRAINS); not independently re-verified against the publisher in this workspace,REAL
VEN,Animal,1 type,1.79,6,Structure matches the UNCTAD/World Bank NTM prevalence-by-sector export (WITS/TRAINS); not independently re-verified against the publisher in this workspace,REAL
VEN,Animal,2 types,3.27,11,Structure matches the UNCTAD/World Bank NTM prevalence-by-sector export (WITS/TRAINS); not independently re-verified against the publisher in this workspace,REAL
VEN,Animal,3+ types,2.68,9,Structure matches the UNCTAD/World Bank NTM prevalence-by-sector export (WITS/TRAINS); not independently re-verified against the publisher in this workspace,REAL
VEN,Animal,No NTMs,92.26,310,Structure matches the UNCTAD/World Bank NTM prevalence-by-sector export (WITS/TRAINS); not independently re-verified against the publisher in this workspace,REAL
VEN,Vegetable,1 type,2.27,8,Structure matches the UNCTAD/World Bank NTM prevalence-by-sector export (WITS/TRAINS); not independently re-verified against the publisher in this workspace,REAL
VEN,Vegetable,2 types,5.11,18,Structure matches the UNCTAD/World Bank NTM prevalence-by-sector export (WITS/TRAINS); not independently re-verified against the publisher in this workspace,REAL
VEN,Vegetable,3+ types,2.27,8,Structure matches the UNCTAD/World Bank NTM prevalence-by-sector export (WITS/TRAINS); not independently re-verified against the publisher in this workspace,REAL
VEN,Vegetable,No NTMs,90.34,318,Structure matches the UNCTAD/World Bank NTM prevalence-by-sector export (WITS/TRAINS); not independently re-verified against the publisher in this workspace,REAL
VEN,Food Products,1 type,1.9,4,Structure matches the UNCTAD/World Bank NTM prevalence-by-sector export (WITS/TRAINS); not independently re-verified against the publisher in this workspace,REAL
VEN,Food Products,2 types,10.43,22,Structure matches the UNCTAD/World Bank NTM prevalence-by-sector export (WITS/TRAINS); not independently re-verified against the publisher in this workspace,REAL
VEN,Food Products,3+ types,2.84,6,Structure matches the UNCTAD/World Bank NTM prevalence-by-sector export (WITS/TRAINS); not independently re-verified against the publisher in this workspace,REAL
VEN,Food Products,No NTMs,84.83,179,Structure matches the UNCTAD/World Bank NTM prevalence-by-sector export (WITS/TRAINS); not independently re-verified against the publisher in this workspace,REAL
VEN,Minerals,No NTMs,100.0,105,Structure matches the UNCTAD/World Bank NTM prevalence-by-sector export (WITS/TRAINS); not independently re-verified against the publisher in this workspace,REAL
VEN,Fuels,1 type,6.98,3,Structure matches the UNCTAD/World Bank NTM prevalence-by-sector export (WITS/TRAINS); not independently re-verified against the publisher in this workspace,REAL
VEN,Fuels,2 types,4.65,2,Structure matches the UNCTAD/World Bank NTM prevalence-by-sector export (WITS/TRAINS); not independently re-verified against the publisher in this workspace,REAL
VEN,Fuels,No NTMs,88.37,38,Structure matches the UNCTAD/World Bank NTM prevalence-by-sector export (WITS/TRAINS); not independently re-verified against the publisher in this workspace,REAL
VEN,Chemicals,1 type,2.41,19,Structure matches the UNCTAD/World Bank NTM prevalence-by-sector export (WITS/TRAINS); not independently re-verified against the publisher in this workspace,REAL
VEN,Chemicals,3+ types,0.13,1,Structure matches the UNCTAD/World Bank NTM prevalence-by-sector export (WITS/TRAINS); not independently re-verified against the publisher in this workspace,REAL
VEN,Chemicals,No NTMs,97.46,767,Structure matches the UNCTAD/World Bank NTM prevalence-by-sector export (WITS/TRAINS); not independently re-verified against the publisher in this workspace,REAL
VEN,Plastic or Rubber,1 type,0.95,2,Structure matches the UNCTAD/World Bank NTM prevalence-by-sector export (WITS/TRAINS); not independently re-verified against the publisher in this workspace,REAL
VEN,Plastic or Rubber,No NTMs,99.05,209,Structure matches the UNCTAD/World Bank NTM prevalence-by-sector export (WITS/TRAINS); not independently re-verified against the publisher in this workspace,REAL
VEN,Hides and Skins,No NTMs,100.0,69,Structure matches the UNCTAD/World Bank NTM prevalence-by-sector export (WITS/TRAINS); not independently re-verified against the publisher in this workspace,REAL
VEN,Wood,1 type,4.26,10,Structure matches the UNCTAD/World Bank NTM prevalence-by-sector export (WITS/TRAINS); not independently re-verified against the publisher in this workspace,REAL
VEN,Wood,No NTMs,95.74,225,Structure matches the UNCTAD/World Bank NTM prevalence-by-sector export (WITS/TRAINS); not independently re-verified against the publisher in this workspace,REAL
VEN,Textiles and Clothing,1 type,1.01,8,Structure matches the UNCTAD/World Bank NTM prevalence-by-sector export (WITS/TRAINS); not independently re-verified against the publisher in this workspace,REAL
VEN,Textiles and Clothing,2 types,0.38,3,Structure matches the UNCTAD/World Bank NTM prevalence-by-sector export (WITS/TRAINS); not independently re-verified against the publisher in this workspace,REAL
VEN,Textiles and Clothing,3+ types,0.13,1,Structure matches the UNCTAD/World Bank NTM prevalence-by-sector export (WITS/TRAINS); not independently re-verified against the publisher in this workspace,REAL
VEN,Textiles and Clothing,No NTMs,98.49,784,Structure matches the UNCTAD/World Bank NTM prevalence-by-sector export (WITS/TRAINS); not independently re-verified against the publisher in this workspace,REAL
VEN,Footwear,2 types,6.38,3,Structure matches the UNCTAD/World Bank NTM prevalence-by-sector export (WITS/TRAINS); not independently re-verified against the publisher in this workspace,REAL
VEN,Footwear,No NTMs,93.62,44,Structure matches the UNCTAD/World Bank NTM prevalence-by-sector export (WITS/TRAINS); not independently re-verified against the publisher in this workspace,REAL
VEN,Stone and Glass,1 type,0.51,1,Structure matches the UNCTAD/World Bank NTM prevalence-by-sector export (WITS/TRAINS); not independently re-verified against the publisher in this workspace,REAL
VEN,Stone and Glass,No NTMs,99.49,194,Structure matches the UNCTAD/World Bank NTM prevalence-by-sector export (WITS/TRAINS); not independently re-verified against the publisher in this workspace,REAL
VEN,Metals,1 type,0.18,1,Structure matches the UNCTAD/World Bank NTM prevalence-by-sector export (WITS/TRAINS); not independently re-verified against the publisher in this workspace,REAL
VEN,Metals,No NTMs,99.82,562,Structure matches the UNCTAD/World Bank NTM prevalence-by-sector export (WITS/TRAINS); not independently re-verified against the publisher in this workspace,REAL
VEN,Mach and Elec,1 type,0.13,1,Structure matches the UNCTAD/World Bank NTM prevalence-by-sector export (WITS/TRAINS); not independently re-verified against the publisher in this workspace,REAL
VEN,Mach and Elec,No NTMs,99.87,770,Structure matches the UNCTAD/World Bank NTM prevalence-by-sector export (WITS/TRAINS); not independently re-verified against the publisher in this workspace,REAL
VEN,Transportation,1 type,8.46,11,Structure matches the UNCTAD/World Bank NTM prevalence-by-sector export (WITS/TRAINS); not independently re-verified against the publisher in this workspace,REAL
VEN,Transportation,No NTMs,91.54,119,Structure matches the UNCTAD/World Bank NTM prevalence-by-sector export (WITS/TRAINS); not independently re-verified against the publisher in this workspace,REAL
VEN,Miscellaneous,No NTMs,100.0,354,Structure matches the UNCTAD/World Bank NTM prevalence-by-sector export (WITS/TRAINS); not independently re-verified against the publisher in this workspace,REAL
VEN,All Import Products,1 type,1.42,74,Structure matches the UNCTAD/World Bank NTM prevalence-by-sector export (WITS/TRAINS); not independently re-verified against the publisher in this workspace,REAL
VEN,All Import Products,2 types,1.13,59,Structure matches the UNCTAD/World Bank NTM prevalence-by-sector export (WITS/TRAINS); not independently re-verified against the publisher in this workspace,REAL
VEN,All Import Products,3+ types,0.48,25,Structure matches the UNCTAD/World Bank NTM prevalence-by-sector export (WITS/TRAINS); not independently re-verified against the publisher in this workspace,REAL
VEN,All Import Products,No NTMs,96.96,5047,Structure matches the UNCTAD/World Bank NTM prevalence-by-sector export (WITS/TRAINS); not independently re-verified against the publisher in this workspace,REAL
VNM,Animal,1 type,11.61,39,Structure matches the UNCTAD/World Bank NTM prevalence-by-sector export (WITS/TRAINS); not independently re-verified against the publisher in this workspace,REAL
VNM,Animal,2 types,27.98,94,Structure matches the UNCTAD/World Bank NTM prevalence-by-sector export (WITS/TRAINS); not independently re-verified against the publisher in this workspace,REAL
VNM,Animal,3+ types,41.07,138,Structure matches the UNCTAD/World Bank NTM prevalence-by-sector export (WITS/TRAINS); not independently re-verified against the publisher in this workspace,REAL
VNM,Animal,No NTMs,19.35,65,Structure matches the UNCTAD/World Bank NTM prevalence-by-sector export (WITS/TRAINS); not independently re-verified against the publisher in this workspace,REAL
VNM,Vegetable,1 type,4.83,17,Structure matches the UNCTAD/World Bank NTM prevalence-by-sector export (WITS/TRAINS); not independently re-verified against the publisher in this workspace,REAL
VNM,Vegetable,2 types,21.59,76,Structure matches the UNCTAD/World Bank NTM prevalence-by-sector export (WITS/TRAINS); not independently re-verified against the publisher in this workspace,REAL
VNM,Vegetable,3+ types,67.33,237,Structure matches the UNCTAD/World Bank NTM prevalence-by-sector export (WITS/TRAINS); not independently re-verified against the publisher in this workspace,REAL
VNM,Vegetable,No NTMs,6.25,22,Structure matches the UNCTAD/World Bank NTM prevalence-by-sector export (WITS/TRAINS); not independently re-verified against the publisher in this workspace,REAL
VNM,Food Products,1 type,1.9,4,Structure matches the UNCTAD/World Bank NTM prevalence-by-sector export (WITS/TRAINS); not independently re-verified against the publisher in this workspace,REAL
VNM,Food Products,2 types,36.02,76,Structure matches the UNCTAD/World Bank NTM prevalence-by-sector export (WITS/TRAINS); not independently re-verified against the publisher in this workspace,REAL
VNM,Food Products,3+ types,60.66,128,Structure matches the UNCTAD/World Bank NTM prevalence-by-sector export (WITS/TRAINS); not independently re-verified against the publisher in this workspace,REAL
VNM,Food Products,No NTMs,1.42,3,Structure matches the UNCTAD/World Bank NTM prevalence-by-sector export (WITS/TRAINS); not independently re-verified against the publisher in this workspace,REAL
VNM,Minerals,1 type,33.33,35,Structure matches the UNCTAD/World Bank NTM prevalence-by-sector export (WITS/TRAINS); not independently re-verified against the publisher in this workspace,REAL
VNM,Minerals,2 types,1.9,2,Structure matches the UNCTAD/World Bank NTM prevalence-by-sector export (WITS/TRAINS); not independently re-verified against the publisher in this workspace,REAL
VNM,Minerals,3+ types,0.95,1,Structure matches the UNCTAD/World Bank NTM prevalence-by-sector export (WITS/TRAINS); not independently re-verified against the publisher in this workspace,REAL
VNM,Minerals,No NTMs,63.81,67,Structure matches the UNCTAD/World Bank NTM prevalence-by-sector export (WITS/TRAINS); not independently re-verified against the publisher in this workspace,REAL
VNM,Fuels,1 type,6.98,3,Structure matches the UNCTAD/World Bank NTM prevalence-by-sector export (WITS/TRAINS); not independently re-verified against the publisher in this workspace,REAL
VNM,Fuels,No NTMs,93.02,40,Structure matches the UNCTAD/World Bank NTM prevalence-by-sector export (WITS/TRAINS); not independently re-verified against the publisher in this workspace,REAL
VNM,Chemicals,1 type,16.39,129,Structure matches the UNCTAD/World Bank NTM prevalence-by-sector export (WITS/TRAINS); not independently re-verified against the publisher in this workspace,REAL
VNM,Chemicals,2 types,14.99,118,Structure matches the UNCTAD/World Bank NTM prevalence-by-sector export (WITS/TRAINS); not independently re-verified against the publisher in this workspace,REAL
VNM,Chemicals,3+ types,0.89,7,Structure matches the UNCTAD/World Bank NTM prevalence-by-sector export (WITS/TRAINS); not independently re-verified against the publisher in this workspace,REAL
VNM,Chemicals,No NTMs,67.73,533,Structure matches the UNCTAD/World Bank NTM prevalence-by-sector export (WITS/TRAINS); not independently re-verified against the publisher in this workspace,REAL
VNM,Plastic or Rubber,1 type,7.11,15,Structure matches the UNCTAD/World Bank NTM prevalence-by-sector export (WITS/TRAINS); not independently re-verified against the publisher in this workspace,REAL
VNM,Plastic or Rubber,2 types,0.95,2,Structure matches the UNCTAD/World Bank NTM prevalence-by-sector export (WITS/TRAINS); not independently re-verified against the publisher in this workspace,REAL
VNM,Plastic or Rubber,3+ types,0.47,1,Structure matches the UNCTAD/World Bank NTM prevalence-by-sector export (WITS/TRAINS); not independently re-verified against the publisher in this workspace,REAL
VNM,Plastic or Rubber,No NTMs,91.47,193,Structure matches the UNCTAD/World Bank NTM prevalence-by-sector export (WITS/TRAINS); not independently re-verified against the publisher in this workspace,REAL
VNM,Hides and Skins,No NTMs,100.0,69,Structure matches the UNCTAD/World Bank NTM prevalence-by-sector export (WITS/TRAINS); not independently re-verified against the publisher in this workspace,REAL
VNM,Wood,1 type,4.68,11,Structure matches the UNCTAD/World Bank NTM prevalence-by-sector export (WITS/TRAINS); not independently re-verified against the publisher in this workspace,REAL
VNM,Wood,2 types,22.98,54,Structure matches the UNCTAD/World Bank NTM prevalence-by-sector export (WITS/TRAINS); not independently re-verified against the publisher in this workspace,REAL
VNM,Wood,3+ types,19.57,46,Structure matches the UNCTAD/World Bank NTM prevalence-by-sector export (WITS/TRAINS); not independently re-verified against the publisher in this workspace,REAL
VNM,Wood,No NTMs,52.77,124,Structure matches the UNCTAD/World Bank NTM prevalence-by-sector export (WITS/TRAINS); not independently re-verified against the publisher in this workspace,REAL
VNM,Textiles and Clothing,1 type,95.23,758,Structure matches the UNCTAD/World Bank NTM prevalence-by-sector export (WITS/TRAINS); not independently re-verified against the publisher in this workspace,REAL
VNM,Textiles and Clothing,2 types,0.25,2,Structure matches the UNCTAD/World Bank NTM prevalence-by-sector export (WITS/TRAINS); not independently re-verified against the publisher in this workspace,REAL
VNM,Textiles and Clothing,3+ types,2.26,18,Structure matches the UNCTAD/World Bank NTM prevalence-by-sector export (WITS/TRAINS); not independently re-verified against the publisher in this workspace,REAL
VNM,Textiles and Clothing,No NTMs,2.26,18,Structure matches the UNCTAD/World Bank NTM prevalence-by-sector export (WITS/TRAINS); not independently re-verified against the publisher in this workspace,REAL
VNM,Footwear,1 type,25.53,12,Structure matches the UNCTAD/World Bank NTM prevalence-by-sector export (WITS/TRAINS); not independently re-verified against the publisher in this workspace,REAL
VNM,Footwear,No NTMs,74.47,35,Structure matches the UNCTAD/World Bank NTM prevalence-by-sector export (WITS/TRAINS); not independently re-verified against the publisher in this workspace,REAL
VNM,Stone and Glass,1 type,35.38,69,Structure matches the UNCTAD/World Bank NTM prevalence-by-sector export (WITS/TRAINS); not independently re-verified against the publisher in this workspace,REAL
VNM,Stone and Glass,2 types,4.62,9,Structure matches the UNCTAD/World Bank NTM prevalence-by-sector export (WITS/TRAINS); not independently re-verified against the publisher in this workspace,REAL
VNM,Stone and Glass,No NTMs,60.0,117,Structure matches the UNCTAD/World Bank NTM prevalence-by-sector export (WITS/TRAINS); not independently re-verified against the publisher in this workspace,REAL
VNM,Metals,1 type,8.88,50,Structure matches the UNCTAD/World Bank NTM prevalence-by-sector export (WITS/TRAINS); not independently re-verified against the publisher in this workspace,REAL
VNM,Metals,2 types,25.93,146,Structure matches the UNCTAD/World Bank NTM prevalence-by-sector export (WITS/TRAINS); not independently re-verified against the publisher in this workspace,REAL
VNM,Metals,No NTMs,65.19,367,Structure matches the UNCTAD/World Bank NTM prevalence-by-sector export (WITS/TRAINS); not independently re-verified against the publisher in this workspace,REAL
VNM,Mach and Elec,1 type,18.81,145,Structure matches the UNCTAD/World Bank NTM prevalence-by-sector export (WITS/TRAINS); not independently re-verified against the publisher in this workspace,REAL
VNM,Mach and Elec,2 types,1.95,15,Structure matches the UNCTAD/World Bank NTM prevalence-by-sector export (WITS/TRAINS); not independently re-verified against the publisher in this workspace,REAL
VNM,Mach and Elec,No NTMs,79.25,611,Structure matches the UNCTAD/World Bank NTM prevalence-by-sector export (WITS/TRAINS); not independently re-verified against the publisher in this workspace,REAL
VNM,Transportation,1 type,17.69,23,Structure matches the UNCTAD/World Bank NTM prevalence-by-sector export (WITS/TRAINS); not independently re-verified against the publisher in this workspace,REAL
VNM,Transportation,No NTMs,82.31,107,Structure matches the UNCTAD/World Bank NTM prevalence-by-sector export (WITS/TRAINS); not independently re-verified against the publisher in this workspace,REAL
VNM,Miscellaneous,1 type,20.34,72,Structure matches the UNCTAD/World Bank NTM prevalence-by-sector export (WITS/TRAINS); not independently re-verified against the publisher in this workspace,REAL
VNM,Miscellaneous,2 types,0.56,2,Structure matches the UNCTAD/World Bank NTM prevalence-by-sector export (WITS/TRAINS); not independently re-verified against the publisher in this workspace,REAL
VNM,Miscellaneous,3+ types,1.13,4,Structure matches the UNCTAD/World Bank NTM prevalence-by-sector export (WITS/TRAINS); not independently re-verified against the publisher in this workspace,REAL
VNM,Miscellaneous,No NTMs,77.97,276,Structure matches the UNCTAD/World Bank NTM prevalence-by-sector export (WITS/TRAINS); not independently re-verified against the publisher in this workspace,REAL
VNM,All Import Products,1 type,26.55,1382,Structure matches the UNCTAD/World Bank NTM prevalence-by-sector export (WITS/TRAINS); not independently re-verified against the publisher in this workspace,REAL
VNM,All Import Products,2 types,11.45,596,Structure matches the UNCTAD/World Bank NTM prevalence-by-sector export (WITS/TRAINS); not independently re-verified against the publisher in this workspace,REAL
VNM,All Import Products,3+ types,11.14,580,Structure matches the UNCTAD/World Bank NTM prevalence-by-sector export (WITS/TRAINS); not independently re-verified against the publisher in this workspace,REAL
VNM,All Import Products,No NTMs,50.85,2647,Structure matches the UNCTAD/World Bank NTM prevalence-by-sector export (WITS/TRAINS); not independently re-verified against the publisher in this workspace,REAL
