port_id,port_name,country_iso2,country_iso3,latitude,longitude,harbor_size,harbor_type,source,provenance
61090,SHAKOTAN,RU,,43.866667,146.833333,V,CN,"NGA World Port Index (HDX mirror, 2017-03-28)",REAL
61110,MOMBETSU KO,JP,JPN,44.35,143.35,V,CB,"NGA World Port Index (HDX mirror, 2017-03-28)",REAL
61120,ABASHIRI KO,JP,JPN,44.016667,144.283333,S,CB,"NGA World Port Index (HDX mirror, 2017-03-28)",REAL
61130,NEMURO KO,JP,JPN,43.333333,145.583333,S,CB,"NGA World Port Index (HDX mirror, 2017-03-28)",REAL
61140,HANASAKI KO,JP,JPN,43.283333,145.583333,V,CB,"NGA World Port Index (HDX mirror, 2017-03-28)",REAL
61160,KUSHIRO KO,JP,JPN,42.983333,144.366667,M,CB,"NGA World Port Index (HDX mirror, 2017-03-28)",REAL
61165,TOMAKOMAI KO,JP,JPN,42.633333,141.633333,S,CB,"NGA World Port Index (HDX mirror, 2017-03-28)",REAL
61170,MURORAN KO,JP,JPN,42.35,140.966667,M,CN,"NGA World Port Index (HDX mirror, 2017-03-28)",REAL
61180,MORI,JP,JPN,42.116667,140.583333,V,OR,"NGA World Port Index (HDX mirror, 2017-03-28)",REAL
61190,HAKODATE KO,JP,JPN,41.783333,140.716667,M,CB,"NGA World Port Index (HDX mirror, 2017-03-28)",REAL
61205,ESASI KO,JP,JPN,41.866667,140.116667,V,CB,"NGA World Port Index (HDX mirror, 2017-03-28)",REAL
61230,OTARU KO,JP,JPN,43.2,141.016667,M,CB,"NGA World Port Index (HDX mirror, 2017-03-28)",REAL
61250,RUMOI KO,JP,JPN,43.95,141.633333,V,CB,"NGA World Port Index (HDX mirror, 2017-03-28)",REAL
61260,WAKKANAI,JP,JPN,43.416667,141.683333,S,CB,"NGA World Port Index (HDX mirror, 2017-03-28)",REAL
61270,AOMORI KO,JP,JPN,40.833333,140.75,S,CB,"NGA World Port Index (HDX mirror, 2017-03-28)",REAL
61280,HACHINOHE KO,JP,JPN,40.533333,141.55,S,CB,"NGA World Port Index (HDX mirror, 2017-03-28)",REAL
61290,MIYAKO,JP,JPN,39.633333,141.983333,S,CB,"NGA World Port Index (HDX mirror, 2017-03-28)",REAL
61310,KAMAISHI KO,JP,JPN,39.266667,141.9,S,CN,"NGA World Port Index (HDX mirror, 2017-03-28)",REAL
61320,OFUNATO,JP,JPN,39.05,141.733333,S,CN,"NGA World Port Index (HDX mirror, 2017-03-28)",REAL
61325,KESENNUMA KO,JP,JPN,38.866667,141.6,V,CN,"NGA World Port Index (HDX mirror, 2017-03-28)",REAL
61330,ONAGAWA,JP,JPN,38.45,141.45,V,CB,"NGA World Port Index (HDX mirror, 2017-03-28)",REAL
61340,ISHINOMAKI KO,JP,JPN,38.4,141.316667,V,CN,"NGA World Port Index (HDX mirror, 2017-03-28)",REAL
61350,SENDAI-SHIOGAMA,JP,JPN,38.316667,141.033333,S,CN,"NGA World Port Index (HDX mirror, 2017-03-28)",REAL
61355,ONAHAMA KO,JP,JPN,36.933333,140.9,S,CB,"NGA World Port Index (HDX mirror, 2017-03-28)",REAL
61356,HITACHI,JP,JPN,36.5,140.633333,V,RB,"NGA World Port Index (HDX mirror, 2017-03-28)",REAL
61357,KASHIMA KO,JP,JPN,35.933333,140.7,S,CB,"NGA World Port Index (HDX mirror, 2017-03-28)",REAL
61360,CHOSHI,JP,JPN,35.733333,140.85,V,RN,"NGA World Port Index (HDX mirror, 2017-03-28)",REAL
61370,TATEYAMA KO,JP,JPN,35.0,139.8,V,CN,"NGA World Port Index (HDX mirror, 2017-03-28)",REAL
61372,KISARAZU KO,JP,JPN,35.366667,139.883333,V,CB,"NGA World Port Index (HDX mirror, 2017-03-28)",REAL
61375,CHIBA KO,JP,JPN,35.583333,140.066667,S,CB,"NGA World Port Index (HDX mirror, 2017-03-28)",REAL
61378,KATSUNAN KO,JP,JPN,35.666667,139.983333,S,CB,"NGA World Port Index (HDX mirror, 2017-03-28)",REAL
61385,KAWASAKI KO,JP,JPN,35.5,139.766667,L,CB,"NGA World Port Index (HDX mirror, 2017-03-28)",REAL
61390,YOKOHAMA KO,JP,JPN,35.45,139.583333,L,CB,"NGA World Port Index (HDX mirror, 2017-03-28)",REAL
61020,MYS ROGATYY OKTYABRSKIY,RU,,50.733333,142.1,V,OR,"NGA World Port Index (HDX mirror, 2017-03-28)",REAL
60410,POHANG,KR,,36.05,129.383333,S,OR,"NGA World Port Index (HDX mirror, 2017-03-28)",REAL
60430,MUKHO,KR,,37.566667,129.116667,V,CB,"NGA World Port Index (HDX mirror, 2017-03-28)",REAL
60435,SOKCH'O HANG,KR,,38.2,128.6,V,CB,"NGA World Port Index (HDX mirror, 2017-03-28)",REAL
46855,RICHARDS BAY,ZA,ZAF,-28.816667,32.083333,M,CB,"NGA World Port Index (HDX mirror, 2017-03-28)",REAL
46870,MAPUTO,MZ,,-25.966667,32.583333,M,LC,"NGA World Port Index (HDX mirror, 2017-03-28)",REAL
46900,CHINDE,MZ,,-18.566667,36.5,S,RN,"NGA World Port Index (HDX mirror, 2017-03-28)",REAL
46910,QUELIMANE,MZ,,-17.883333,36.883333,V,RN,"NGA World Port Index (HDX mirror, 2017-03-28)",REAL
46930,MOCAMBIQUE,MZ,,-15.033333,40.733333,S,CN,"NGA World Port Index (HDX mirror, 2017-03-28)",REAL
46935,NACALA,MZ,,-14.533333,40.666667,V,CN,"NGA World Port Index (HDX mirror, 2017-03-28)",REAL
46970,MIKINDANI,TZ,,-10.266667,40.133333,V,CN,"NGA World Port Index (HDX mirror, 2017-03-28)",REAL
46975,MTWARA,TZ,,-10.266667,40.2,V,CB,"NGA World Port Index (HDX mirror, 2017-03-28)",REAL
47010,DAR ES SALAAM,TZ,,-6.816667,39.3,M,CN,"NGA World Port Index (HDX mirror, 2017-03-28)",REAL
47020,CHAKE CHAKE,TZ,,-5.25,39.766667,S,CN,"NGA World Port Index (HDX mirror, 2017-03-28)",REAL
47100,MOMBASA,KE,,-4.066667,39.666667,M,CT,"NGA World Port Index (HDX mirror, 2017-03-28)",REAL
47105,KILIFI,KE,,-3.633333,39.866667,V,OR,"NGA World Port Index (HDX mirror, 2017-03-28)",REAL
47107,MALINDI,KE,,-3.216667,40.133333,S,CN,"NGA World Port Index (HDX mirror, 2017-03-28)",REAL
47150,MARKA,SO,,1.716667,44.783333,V,OR,"NGA World Port Index (HDX mirror, 2017-03-28)",REAL
47160,MUQDISHO,SO,,2.033333,45.35,L,CB,"NGA World Port Index (HDX mirror, 2017-03-28)",REAL
47310,FOMBONI,KM,,-12.266667,43.75,V,OR,"NGA World Port Index (HDX mirror, 2017-03-28)",REAL
47320,MOUTSAMOUDU,KM,,-12.15,44.4,V,OR,"NGA World Port Index (HDX mirror, 2017-03-28)",REAL
47400,MAHAJANGA,MG,,-15.716667,46.3,V,CN,"NGA World Port Index (HDX mirror, 2017-03-28)",REAL
46750,SALDANHA BAY,ZA,ZAF,-33.033333,17.966667,M,CB,"NGA World Port Index (HDX mirror, 2017-03-28)",REAL
46770,CAPE TOWN,ZA,ZAF,-33.916667,18.416667,L,CB,"NGA World Port Index (HDX mirror, 2017-03-28)",REAL
46207,OKRIKA,NG,,4.716667,7.083333,V,RN,"NGA World Port Index (HDX mirror, 2017-03-28)",REAL
46210,PORT HARCOURT,NG,,4.766667,7.0,V,RN,"NGA World Port Index (HDX mirror, 2017-03-28)",REAL
46225,ANTAN OIL TERMINAL,NG,,4.216667,8.333333,S,OR,"NGA World Port Index (HDX mirror, 2017-03-28)",REAL
46230,CALABAR,NG,,4.966667,8.316667,V,RN,"NGA World Port Index (HDX mirror, 2017-03-28)",REAL
32950,UIG,GB,GBR,57.583333,-6.35,V,CN,"NGA World Port Index (HDX mirror, 2017-03-28)",REAL
32955,LOCHMADDY,GB,GBR,57.6,-7.166667,V,CN,"NGA World Port Index (HDX mirror, 2017-03-28)",REAL
32980,CASTLE BAY,GB,GBR,56.95,-7.483333,V,CN,"NGA World Port Index (HDX mirror, 2017-03-28)",REAL
32990,LOCHBOISDALE,GB,GBR,57.15,-7.3,V,CN,"NGA World Port Index (HDX mirror, 2017-03-28)",REAL
33020,STORNOWAY HARBOR,GB,GBR,58.183333,-6.366667,V,CN,"NGA World Port Index (HDX mirror, 2017-03-28)",REAL
33030,TARBERT,GB,GBR,57.9,-6.816667,V,CN,"NGA World Port Index (HDX mirror, 2017-03-28)",REAL
32250,MACDUFF,GB,GBR,57.666667,-2.5,V,CB,"NGA World Port Index (HDX mirror, 2017-03-28)",REAL
31750,SEAHAM,GB,GBR,54.833333,-1.316667,S,CT,"NGA World Port Index (HDX mirror, 2017-03-28)",REAL
31760,SUNDERLAND,GB,GBR,54.916667,-1.366667,M,RT,"NGA World Port Index (HDX mirror, 2017-03-28)",REAL
31765,TYNEMOUTH,GB,GBR,55.0,-1.4,M,RT,"NGA World Port Index (HDX mirror, 2017-03-28)",REAL
31820,BLYTH,GB,GBR,55.116667,-1.5,M,RN,"NGA World Port Index (HDX mirror, 2017-03-28)",REAL
31830,WARKWORTH HARBOUR,GB,GBR,55.333333,-1.583333,V,RN,"NGA World Port Index (HDX mirror, 2017-03-28)",REAL
31860,BERWICK-UPON-TWEED,GB,GBR,55.766667,-2.0,V,RT,"NGA World Port Index (HDX mirror, 2017-03-28)",REAL
31880,EYEMOUTH,GB,GBR,55.866667,-2.083333,V,RN,"NGA World Port Index (HDX mirror, 2017-03-28)",REAL
31890,DUNBAR,GB,GBR,56.0,-2.516667,V,CB,"NGA World Port Index (HDX mirror, 2017-03-28)",REAL
31930,LEITH,GB,GBR,55.983333,-3.183333,M,RT,"NGA World Port Index (HDX mirror, 2017-03-28)",REAL
31940,GRANTON,GB,GBR,55.983333,-3.216667,V,CB,"NGA World Port Index (HDX mirror, 2017-03-28)",REAL
31945,BRAEFOOT BAY TERMINAL,GB,GBR,56.033333,-3.316667,S,OR,"NGA World Port Index (HDX mirror, 2017-03-28)",REAL
31972,HOUND POINT TERMINAL,GB,GBR,56.0,-3.366667,S,OR,"NGA World Port Index (HDX mirror, 2017-03-28)",REAL
31980,ROSYTH,GB,GBR,56.016667,-3.433333,S,RT,"NGA World Port Index (HDX mirror, 2017-03-28)",REAL
32010,GRANGEMOUTH,GB,GBR,56.016667,-3.716667,S,RT,"NGA World Port Index (HDX mirror, 2017-03-28)",REAL
32030,BURNTISLAND,GB,GBR,56.05,-3.233333,S,CT,"NGA World Port Index (HDX mirror, 2017-03-28)",REAL
32070,METHIL,GB,GBR,56.183333,-3.0,S,CT,"NGA World Port Index (HDX mirror, 2017-03-28)",REAL
32170,DUNDEE,GB,GBR,56.466667,-2.95,L,RB,"NGA World Port Index (HDX mirror, 2017-03-28)",REAL
32180,PERTH,GB,GBR,56.4,-3.45,S,RB,"NGA World Port Index (HDX mirror, 2017-03-28)",REAL
32200,MONTROSE,GB,GBR,56.7,-2.466667,V,RN,"NGA World Port Index (HDX mirror, 2017-03-28)",REAL
32220,ABERDEEN,GB,GBR,57.15,-2.083333,M,RB,"NGA World Port Index (HDX mirror, 2017-03-28)",REAL
32230,PETERHEAD,GB,GBR,57.5,-1.783333,M,CB,"NGA World Port Index (HDX mirror, 2017-03-28)",REAL
32240,FRASERBURGH HARBOR,GB,GBR,57.683333,-2.0,S,CB,"NGA World Port Index (HDX mirror, 2017-03-28)",REAL
31720,TEESPORT,GB,GBR,54.65,-1.133333,L,RT,"NGA World Port Index (HDX mirror, 2017-03-28)",REAL
31740,HARTLEPOOL,GB,GBR,54.7,-1.183333,S,CT,"NGA World Port Index (HDX mirror, 2017-03-28)",REAL
31150,DORDRECHT,NL,NLD,51.816667,4.65,M,RN,"NGA World Port Index (HDX mirror, 2017-03-28)",REAL
31210,VLISSINGEN,NL,NLD,51.45,3.6,M,RN,"NGA World Port Index (HDX mirror, 2017-03-28)",REAL
31220,TERNEUZEN,NL,NLD,51.35,3.816667,M,RT,"NGA World Port Index (HDX mirror, 2017-03-28)",REAL
31250,ANTWERPEN,BE,BEL,51.216667,4.4,L,RT,"NGA World Port Index (HDX mirror, 2017-03-28)",REAL
31260,BRUXELLES,BE,BEL,50.866667,4.35,S,RT,"NGA World Port Index (HDX mirror, 2017-03-28)",REAL
31270,GHENT,BE,BEL,51.066667,3.733333,M,LC,"NGA World Port Index (HDX mirror, 2017-03-28)",REAL
31280,ZEEBRUGGE,BE,BEL,51.333333,3.2,M,CB,"NGA World Port Index (HDX mirror, 2017-03-28)",REAL
31290,BRUGES,BE,BEL,51.233333,3.216667,V,LC,"NGA World Port Index (HDX mirror, 2017-03-28)",REAL
31310,OOSTENDE,BE,BEL,51.233333,2.916667,S,RT,"NGA World Port Index (HDX mirror, 2017-03-28)",REAL
31320,NIEUWPOORT,BE,BEL,51.133333,2.75,V,LC,"NGA World Port Index (HDX mirror, 2017-03-28)",REAL
60440,WONSAN,KP,,39.166667,127.45,S,CN,"NGA World Port Index (HDX mirror, 2017-03-28)",REAL
60450,HUNGNAM,KP,,39.833333,127.616667,S,CB,"NGA World Port Index (HDX mirror, 2017-03-28)",REAL
60470,CH'AHO,KP,,40.2,128.65,V,CB,"NGA World Port Index (HDX mirror, 2017-03-28)",REAL
60500,CH'ONGJIN,KP,,41.766667,129.816667,S,CN,"NGA World Port Index (HDX mirror, 2017-03-28)",REAL
60540,POS'YET,RU,,42.65,130.8,V,CN,"NGA World Port Index (HDX mirror, 2017-03-28)",REAL
60610,VLADIVOSTOK,RU,,43.116667,131.9,L,CN,"NGA World Port Index (HDX mirror, 2017-03-28)",REAL
60720,BUKHTA GAYDAMAK,RU,,42.866667,132.683333,V,CN,"NGA World Port Index (HDX mirror, 2017-03-28)",REAL
60730,NAKHODKA,RU,,42.8,132.883333,S,CN,"NGA World Port Index (HDX mirror, 2017-03-28)",REAL
60795,SOVETSKAYA GAVAN,RU,,48.966667,140.283333,S,CN,"NGA World Port Index (HDX mirror, 2017-03-28)",REAL
60800,BUKHTA VANINO,RU,,49.083333,140.283333,V,CN,"NGA World Port Index (HDX mirror, 2017-03-28)",REAL
60810,DE KASTRI,RU,,51.466667,140.783333,M,CN,"NGA World Port Index (HDX mirror, 2017-03-28)",REAL
60820,NIKOLAYEVSK NA AMUR,RU,,53.133333,140.733333,V,RN,"NGA World Port Index (HDX mirror, 2017-03-28)",REAL
60860,OKHA,RU,,53.55,143.0,V,CN,"NGA World Port Index (HDX mirror, 2017-03-28)",REAL
60880,PORONAYSK,RU,,49.216667,143.133333,V,OR,"NGA World Port Index (HDX mirror, 2017-03-28)",REAL
60920,KORSAKOV,RU,,46.616667,142.766667,S,CB,"NGA World Port Index (HDX mirror, 2017-03-28)",REAL
60930,NEVELSK,RU,,46.666667,141.866667,V,CB,"NGA World Port Index (HDX mirror, 2017-03-28)",REAL
60940,KHOLMSK,RU,,47.05,142.05,S,CB,"NGA World Port Index (HDX mirror, 2017-03-28)",REAL
60980,UGLEGORSK,RU,,49.083333,142.033333,V,OR,"NGA World Port Index (HDX mirror, 2017-03-28)",REAL
60990,LESOGORSK,RU,,49.45,142.133333,V,OR,"NGA World Port Index (HDX mirror, 2017-03-28)",REAL
60380,MASAN,KR,,35.183333,128.566667,M,CN,"NGA World Port Index (HDX mirror, 2017-03-28)",REAL
60390,PUSAN,KR,,35.1,129.033333,L,CB,"NGA World Port Index (HDX mirror, 2017-03-28)",REAL
60400,ULSAN,KR,,35.45,129.4,M,RN,"NGA World Port Index (HDX mirror, 2017-03-28)",REAL
59910,WENZHOU,CN,CHN,28.016667,120.65,M,RN,"NGA World Port Index (HDX mirror, 2017-03-28)",REAL
59950,ZHEN HAI,CN,CHN,29.95,121.7,V,RN,"NGA World Port Index (HDX mirror, 2017-03-28)",REAL
59960,ZHOUSHAN,CN,CHN,30.0,122.1,S,CN,"NGA World Port Index (HDX mirror, 2017-03-28)",REAL
59985,JIANGYIN,CN,CHN,31.916667,120.233333,S,RN,"NGA World Port Index (HDX mirror, 2017-03-28)",REAL
59987,GAOGANG,CN,CHN,32.283333,119.85,S,RN,"NGA World Port Index (HDX mirror, 2017-03-28)",REAL
59988,YANGZHOU,CN,CHN,32.266667,119.433333,S,RN,"NGA World Port Index (HDX mirror, 2017-03-28)",REAL
59995,ZHENJIANG,CN,CHN,32.216667,119.433333,S,RN,"NGA World Port Index (HDX mirror, 2017-03-28)",REAL
60000,NANJING,CN,CHN,32.083333,118.75,V,RN,"NGA World Port Index (HDX mirror, 2017-03-28)",REAL
60010,WU HU,CN,CHN,31.333333,118.366667,S,RN,"NGA World Port Index (HDX mirror, 2017-03-28)",REAL
60030,ANKINGCHENG,CN,CHN,30.516667,117.033333,V,RN,"NGA World Port Index (HDX mirror, 2017-03-28)",REAL
60060,HANKOW,CN,CHN,30.583333,114.283333,M,RN,"NGA World Port Index (HDX mirror, 2017-03-28)",REAL
60110,WANXIAN,CN,CHN,30.816667,108.433333,V,RN,"NGA World Port Index (HDX mirror, 2017-03-28)",REAL
60120,CHUNG CHING,CN,CHN,29.566667,106.633333,V,RN,"NGA World Port Index (HDX mirror, 2017-03-28)",REAL
60130,LIANYUNGANG,CN,CHN,34.733333,119.45,S,CB,"NGA World Port Index (HDX mirror, 2017-03-28)",REAL
60140,QINGDAO GANG,CN,CHN,36.033333,120.266667,L,OR,"NGA World Port Index (HDX mirror, 2017-03-28)",REAL
46280,DOUALA,CM,,4.05,9.683333,M,RN,"NGA World Port Index (HDX mirror, 2017-03-28)",REAL
46285,KOLE OIL TERMINAL,CM,,4.25,8.55,V,OR,"NGA World Port Index (HDX mirror, 2017-03-28)",REAL
46305,BATA,GQ,,1.866667,9.766667,V,OR,"NGA World Port Index (HDX mirror, 2017-03-28)",REAL
46430,LIBREVILLE,GA,,0.383333,9.45,M,OR,"NGA World Port Index (HDX mirror, 2017-03-28)",REAL
46435,PORT OWENDO,GA,,0.283333,9.5,S,OR,"NGA World Port Index (HDX mirror, 2017-03-28)",REAL
46440,PORT GENTIL,GA,,-0.7,8.8,M,CN,"NGA World Port Index (HDX mirror, 2017-03-28)",REAL
46445,CAP LOPEZ,GA,,-0.633333,8.716667,V,OR,"NGA World Port Index (HDX mirror, 2017-03-28)",REAL
46446,OGUENDJO TERMINAL,GA,,-1.466667,8.916667,S,OR,"NGA World Port Index (HDX mirror, 2017-03-28)",REAL
46453,GAMBA OIL TERMINAL,GA,,-2.833333,10.0,V,OR,"NGA World Port Index (HDX mirror, 2017-03-28)",REAL
46470,POINTE NOIRE,CG,,-4.783333,11.833333,S,CB,"NGA World Port Index (HDX mirror, 2017-03-28)",REAL
46487,MALONGO OIL TERMINAL,AO,,-5.433333,12.083333,S,OR,"NGA World Port Index (HDX mirror, 2017-03-28)",REAL
46490,CABINDA,AO,,-5.533333,12.2,S,OR,"NGA World Port Index (HDX mirror, 2017-03-28)",REAL
46510,BANANA,CD,,-5.983333,12.383333,V,RN,"NGA World Port Index (HDX mirror, 2017-03-28)",REAL
46520,BOMA,CD,,-5.85,13.05,S,RN,"NGA World Port Index (HDX mirror, 2017-03-28)",REAL
46547,PALANCA TERMINAL,AO,,-6.95,12.4,S,OR,"NGA World Port Index (HDX mirror, 2017-03-28)",REAL
46550,PORTO DO AMBRIZ,AO,,-7.833333,13.1,V,CB,"NGA World Port Index (HDX mirror, 2017-03-28)",REAL
46560,LUANDA,AO,,-8.8,13.25,S,CN,"NGA World Port Index (HDX mirror, 2017-03-28)",REAL
46590,LOBITO,AO,,-12.333333,13.566667,S,CN,"NGA World Port Index (HDX mirror, 2017-03-28)",REAL
46610,NAMIBE,AO,,-15.2,12.15,S,OR,"NGA World Port Index (HDX mirror, 2017-03-28)",REAL
46670,GEORGETOWN,SH,,-7.933333,-14.416667,M,OR,"NGA World Port Index (HDX mirror, 2017-03-28)",REAL
46205,BONNY,NG,,4.45,7.166667,M,RN,"NGA World Port Index (HDX mirror, 2017-03-28)",REAL
45825,BANJUL,GM,,13.45,-16.566667,V,RN,"NGA World Port Index (HDX mirror, 2017-03-28)",REAL
45835,RIO CACHEU,GW,,12.283333,-16.233333,V,RN,"NGA World Port Index (HDX mirror, 2017-03-28)",REAL
45838,BISSAU,GW,,11.866667,-15.633333,V,RN,"NGA World Port Index (HDX mirror, 2017-03-28)",REAL
45845,VICTORIA,GN,,10.816667,-14.566667,V,RN,"NGA World Port Index (HDX mirror, 2017-03-28)",REAL
45850,KAMSAR,GN,,10.633333,-14.616667,V,RN,"NGA World Port Index (HDX mirror, 2017-03-28)",REAL
45855,CONAKRY,GN,,9.516667,-13.716667,M,CB,"NGA World Port Index (HDX mirror, 2017-03-28)",REAL
45857,BENTI,GN,,9.166667,-13.2,V,RN,"NGA World Port Index (HDX mirror, 2017-03-28)",REAL
60150,WEIHAI,CN,CHN,37.5,122.1,M,CN,"NGA World Port Index (HDX mirror, 2017-03-28)",REAL
60160,YANTAI,CN,CHN,37.55,121.45,S,CB,"NGA World Port Index (HDX mirror, 2017-03-28)",REAL
60170,LONGKOU GANG,CN,CHN,37.633333,120.283333,S,CN,"NGA World Port Index (HDX mirror, 2017-03-28)",REAL
60180,DAGU TANGGU,CN,CHN,38.966667,117.666667,V,RN,"NGA World Port Index (HDX mirror, 2017-03-28)",REAL
60190,TIANJIN XIN GANG,CN,CHN,38.966667,117.833333,L,RN,"NGA World Port Index (HDX mirror, 2017-03-28)",REAL
60210,HULUDAO GANG,CN,CHN,40.7,120.983333,V,CB,"NGA World Port Index (HDX mirror, 2017-03-28)",REAL
60220,YINGKOU,CN,CHN,40.683333,122.233333,S,CB,"NGA World Port Index (HDX mirror, 2017-03-28)",REAL
60240,LUSHUN,CN,CHN,38.783333,121.25,V,CB,"NGA World Port Index (HDX mirror, 2017-03-28)",REAL
60250,DALIAN,CN,CHN,38.916667,121.666667,L,CB,"NGA World Port Index (HDX mirror, 2017-03-28)",REAL
60280,NAMPO,KP,,38.716667,125.4,S,RN,"NGA World Port Index (HDX mirror, 2017-03-28)",REAL
60290,KYOMIP'O,KP,,38.733333,125.616667,V,RN,"NGA World Port Index (HDX mirror, 2017-03-28)",REAL
60310,HAEJU HANG,KP,,38.0,125.7,S,CB,"NGA World Port Index (HDX mirror, 2017-03-28)",REAL
60320,INCHON,KR,,37.466667,126.616667,L,RB,"NGA World Port Index (HDX mirror, 2017-03-28)",REAL
60330,KUNSAN,KR,,35.983333,126.616667,S,RN,"NGA World Port Index (HDX mirror, 2017-03-28)",REAL
60340,MOKPO,KR,,34.783333,126.383333,M,RN,"NGA World Port Index (HDX mirror, 2017-03-28)",REAL
60350,CHEJU HANG,KR,,33.516667,126.533333,S,CB,"NGA World Port Index (HDX mirror, 2017-03-28)",REAL
60370,YOSU,KR,,34.733333,127.75,S,CB,"NGA World Port Index (HDX mirror, 2017-03-28)",REAL
59340,SURIGAO CITY,PH,,9.783333,125.5,V,OR,"NGA World Port Index (HDX mirror, 2017-03-28)",REAL
59345,NASIPIT PORT,PH,,8.983333,125.333333,V,RN,"NGA World Port Index (HDX mirror, 2017-03-28)",REAL
59380,HINATUAN,PH,,8.366667,126.333333,V,CN,"NGA World Port Index (HDX mirror, 2017-03-28)",REAL
59385,MANGAGOY,PH,,8.233333,126.316667,S,CN,"NGA World Port Index (HDX mirror, 2017-03-28)",REAL
59400,MATI,PH,,6.95,126.216667,V,OR,"NGA World Port Index (HDX mirror, 2017-03-28)",REAL
59430,DAVAO,PH,,7.066667,125.616667,S,CN,"NGA World Port Index (HDX mirror, 2017-03-28)",REAL
59485,GENERAL SANTOS,PH,,6.116667,125.183333,V,CN,"NGA World Port Index (HDX mirror, 2017-03-28)",REAL
59500,POLLOC (COTABATO),PH,,7.35,124.216667,V,OR,"NGA World Port Index (HDX mirror, 2017-03-28)",REAL
59530,PAGADIAN,PH,,7.833333,123.433333,V,CN,"NGA World Port Index (HDX mirror, 2017-03-28)",REAL
59550,MARGOSATUBIG,PH,,7.583333,123.166667,V,CN,"NGA World Port Index (HDX mirror, 2017-03-28)",REAL
59575,SANTA CLARA,PH,,7.783333,122.683333,V,CN,"NGA World Port Index (HDX mirror, 2017-03-28)",REAL
59580,ZAMBOANGA,PH,,6.9,122.066667,S,OR,"NGA World Port Index (HDX mirror, 2017-03-28)",REAL
59670,JIMENEZ,PH,,8.333333,123.866667,V,CN,"NGA World Port Index (HDX mirror, 2017-03-28)",REAL
59680,PORT OZAMIS,PH,,8.133333,123.85,V,OR,"NGA World Port Index (HDX mirror, 2017-03-28)",REAL
59700,ILIGAN,PH,,8.233333,124.233333,V,OR,"NGA World Port Index (HDX mirror, 2017-03-28)",REAL
59710,CAGAYAN DE ORO,PH,,8.5,124.666667,M,CN,"NGA World Port Index (HDX mirror, 2017-03-28)",REAL
59720,BUGO,PH,,8.516667,124.75,V,CN,"NGA World Port Index (HDX mirror, 2017-03-28)",REAL
59725,VILLANUEVA,PH,,8.583333,124.766667,V,OR,"NGA World Port Index (HDX mirror, 2017-03-28)",REAL
59760,BUTUAN CITY,PH,,8.95,125.533333,V,RN,"NGA World Port Index (HDX mirror, 2017-03-28)",REAL
59770,BASILIAN CITY (ISABELA),PH,,6.716667,121.966667,V,OR,"NGA World Port Index (HDX mirror, 2017-03-28)",REAL
59780,PORT HOLLAND,PH,,6.55,121.866667,V,CN,"NGA World Port Index (HDX mirror, 2017-03-28)",REAL
59800,JOLO,PH,,6.05,121.0,V,OR,"NGA World Port Index (HDX mirror, 2017-03-28)",REAL
59820,SIASI,PH,,5.55,120.816667,V,CN,"NGA World Port Index (HDX mirror, 2017-03-28)",REAL
45862,FREETOWN,SL,,8.5,-13.233333,S,CN,"NGA World Port Index (HDX mirror, 2017-03-28)",REAL
45865,PEPEL,SL,,8.583333,-13.05,V,RN,"NGA World Port Index (HDX mirror, 2017-03-28)",REAL
45867,BONTHE,SL,,7.533333,-12.5,V,RN,"NGA World Port Index (HDX mirror, 2017-03-28)",REAL
45880,PORTO GRANDE,CV,,16.883333,-25.0,V,CN,"NGA World Port Index (HDX mirror, 2017-03-28)",REAL
45910,PORTO DA PRAIA,CV,,14.916667,-23.516667,S,CB,"NGA World Port Index (HDX mirror, 2017-03-28)",REAL
45940,MONROVIA,LR,,6.316667,-10.816667,S,CB,"NGA World Port Index (HDX mirror, 2017-03-28)",REAL
45950,BUCHANAN,LR,,5.866667,-10.066667,V,CB,"NGA World Port Index (HDX mirror, 2017-03-28)",REAL
45952,GREENVILLE,LR,,4.983333,-9.05,V,CN,"NGA World Port Index (HDX mirror, 2017-03-28)",REAL
45955,CAPE PALMAS,LR,,4.366667,-7.716667,V,OR,"NGA World Port Index (HDX mirror, 2017-03-28)",REAL
45963,SAN PEDRO,CI,,4.733333,-6.616667,V,OR,"NGA World Port Index (HDX mirror, 2017-03-28)",REAL
45990,PORT BOUET,CI,,5.233333,-3.966667,V,OR,"NGA World Port Index (HDX mirror, 2017-03-28)",REAL
46000,ABIDJAN,CI,,5.25,-4.016667,L,LC,"NGA World Port Index (HDX mirror, 2017-03-28)",REAL
46040,TAKORADI,GH,,4.883333,-1.733333,M,CB,"NGA World Port Index (HDX mirror, 2017-03-28)",REAL
46045,SEKONDI,GH,,4.95,-1.7,V,CB,"NGA World Port Index (HDX mirror, 2017-03-28)",REAL
46063,SALTPOND,GH,,5.2,-1.05,V,OR,"NGA World Port Index (HDX mirror, 2017-03-28)",REAL
46070,TEMA,GH,,5.616667,0.016667,S,CB,"NGA World Port Index (HDX mirror, 2017-03-28)",REAL
46090,LOME,TG,,6.133333,1.283333,M,CB,"NGA World Port Index (HDX mirror, 2017-03-28)",REAL
46095,KPEME,TG,,6.2,1.516667,V,OR,"NGA World Port Index (HDX mirror, 2017-03-28)",REAL
46110,COTONOU,BJ,,6.35,2.433333,M,CB,"NGA World Port Index (HDX mirror, 2017-03-28)",REAL
46130,LAGOS,NG,,6.4,3.4,L,RN,"NGA World Port Index (HDX mirror, 2017-03-28)",REAL
46135,ESCRAVOS OIL TERMINAL,NG,,5.5,5.0,V,OR,"NGA World Port Index (HDX mirror, 2017-03-28)",REAL
46140,KOKO,NG,,6.0,5.466667,V,RN,"NGA World Port Index (HDX mirror, 2017-03-28)",REAL
46160,FORCADOS,NG,,5.366667,5.433333,V,RN,"NGA World Port Index (HDX mirror, 2017-03-28)",REAL
46165,BURUTU,NG,,5.35,5.5,V,RN,"NGA World Port Index (HDX mirror, 2017-03-28)",REAL
46190,BRASS OIL TERMINAL,NG,,4.066667,6.283333,V,OR,"NGA World Port Index (HDX mirror, 2017-03-28)",REAL
45821,RUFISQUE,SN,,14.7,-17.283333,V,OR,"NGA World Port Index (HDX mirror, 2017-03-28)",REAL
45822,KARABANE,SN,,12.566667,-16.666667,V,RN,"NGA World Port Index (HDX mirror, 2017-03-28)",REAL
45420,LA GOULETTE,TN,,36.8,10.3,M,CB,"NGA World Port Index (HDX mirror, 2017-03-28)",REAL
45430,TUNIS,TN,,36.8,10.25,M,LC,"NGA World Port Index (HDX mirror, 2017-03-28)",REAL
45435,TAZERKA OIL TERMINAL,TN,,36.6,11.683333,M,OR,"NGA World Port Index (HDX mirror, 2017-03-28)",REAL
45440,BANZART,TN,,37.283333,9.883333,S,CB,"NGA World Port Index (HDX mirror, 2017-03-28)",REAL
59860,FUZHOU,CN,CHN,26.083333,119.3,V,RN,"NGA World Port Index (HDX mirror, 2017-03-28)",REAL
58770,ORMOC,PH,,11.0,124.6,V,OR,"NGA World Port Index (HDX mirror, 2017-03-28)",REAL
58800,PALOMPON,PH,,11.05,124.383333,V,CN,"NGA World Port Index (HDX mirror, 2017-03-28)",REAL
58870,TAGBILARAN,PH,,9.65,123.85,S,OR,"NGA World Port Index (HDX mirror, 2017-03-28)",REAL
58890,TUBIGAN,PH,,9.95,123.966667,V,OR,"NGA World Port Index (HDX mirror, 2017-03-28)",REAL
58960,CEBU,PH,,10.3,123.9,L,CB,"NGA World Port Index (HDX mirror, 2017-03-28)",REAL
59015,TOLEDO,PH,,10.366667,123.633333,S,OR,"NGA World Port Index (HDX mirror, 2017-03-28)",REAL
59070,SAN CARLOS,PH,,10.483333,123.416667,V,CB,"NGA World Port Index (HDX mirror, 2017-03-28)",REAL
59080,BAIS,PH,,9.6,123.116667,V,OR,"NGA World Port Index (HDX mirror, 2017-03-28)",REAL
59090,DUMAGUETE,PH,,9.316667,123.3,V,OR,"NGA World Port Index (HDX mirror, 2017-03-28)",REAL
59100,LAZI,PH,,9.133333,123.633333,V,CN,"NGA World Port Index (HDX mirror, 2017-03-28)",REAL
59120,PULUPANDAN,PH,,10.516667,122.8,V,OR,"NGA World Port Index (HDX mirror, 2017-03-28)",REAL
59150,PORT CAPIZ,PH,,11.6,122.716667,V,CB,"NGA World Port Index (HDX mirror, 2017-03-28)",REAL
59180,JORDAN,PH,,10.666667,122.583333,V,OR,"NGA World Port Index (HDX mirror, 2017-03-28)",REAL
59190,ILOILO,PH,,10.7,122.583333,V,OR,"NGA World Port Index (HDX mirror, 2017-03-28)",REAL
59270,PUERTO PRINCESA,PH,,9.733333,118.733333,S,CN,"NGA World Port Index (HDX mirror, 2017-03-28)",REAL
58740,MAASIN,PH,,10.133333,124.833333,V,OR,"NGA World Port Index (HDX mirror, 2017-03-28)",REAL
58750,BAYBAY,PH,,10.683333,124.8,V,OR,"NGA World Port Index (HDX mirror, 2017-03-28)",REAL
58205,SORSOGON,PH,,12.966667,124.0,V,CN,"NGA World Port Index (HDX mirror, 2017-03-28)",REAL
58315,SANTA CRUZ (MARINDUQUE ISL),PH,,13.5,122.066667,V,CB,"NGA World Port Index (HDX mirror, 2017-03-28)",REAL
58320,BATANGAS CITY,PH,,13.75,121.05,M,OR,"NGA World Port Index (HDX mirror, 2017-03-28)",REAL
58350,NASUGBU,PH,,14.083333,120.616667,V,CN,"NGA World Port Index (HDX mirror, 2017-03-28)",REAL
58370,MANILA,PH,,14.583333,120.966667,L,CB,"NGA World Port Index (HDX mirror, 2017-03-28)",REAL
58390,MARIVELES,PH,,14.433333,120.483333,V,CN,"NGA World Port Index (HDX mirror, 2017-03-28)",REAL
58410,MASINLOC,PH,,15.55,119.95,V,CN,"NGA World Port Index (HDX mirror, 2017-03-28)",REAL
58460,SAN FERNANDO HARBOR,PH,,16.616667,120.316667,M,OR,"NGA World Port Index (HDX mirror, 2017-03-28)",REAL
58540,CALAPAN,PH,,13.416667,121.183333,V,OR,"NGA World Port Index (HDX mirror, 2017-03-28)",REAL
58590,PORT ROMBLON,PH,,12.583333,122.266667,V,CN,"NGA World Port Index (HDX mirror, 2017-03-28)",REAL
58620,MASBATE,PH,,12.366667,123.616667,S,CN,"NGA World Port Index (HDX mirror, 2017-03-28)",REAL
58630,LAOANG,PH,,12.566667,125.016667,V,RN,"NGA World Port Index (HDX mirror, 2017-03-28)",REAL
58640,PORT BORONGAN,PH,,11.6,125.433333,V,OR,"NGA World Port Index (HDX mirror, 2017-03-28)",REAL
58655,GUIUAN,PH,,11.033333,125.716667,V,CN,"NGA World Port Index (HDX mirror, 2017-03-28)",REAL
58670,CATBALOGAN,PH,,11.766667,124.883333,V,OR,"NGA World Port Index (HDX mirror, 2017-03-28)",REAL
58690,TACLOBAN,PH,,11.25,125.0,S,CN,"NGA World Port Index (HDX mirror, 2017-03-28)",REAL
57745,FANG-CHENG,CN,CHN,21.75,108.35,M,RN,"NGA World Port Index (HDX mirror, 2017-03-28)",REAL
57750,BEIHAI,CN,CHN,21.483333,109.066667,V,OR,"NGA World Port Index (HDX mirror, 2017-03-28)",REAL
57760,HAIKOU,CN,CHN,20.05,110.283333,V,CN,"NGA World Port Index (HDX mirror, 2017-03-28)",REAL
57768,BASUO,CN,CHN,19.1,108.616667,S,CB,"NGA World Port Index (HDX mirror, 2017-03-28)",REAL
57770,ZHANJIANG,CN,CHN,21.2,110.4,S,RN,"NGA World Port Index (HDX mirror, 2017-03-28)",REAL
57775,LON SHUI TERMINAL,CN,CHN,20.833333,115.683333,L,OR,"NGA World Port Index (HDX mirror, 2017-03-28)",REAL
57810,MACAU,MO,,22.183333,113.566667,M,CB,"NGA World Port Index (HDX mirror, 2017-03-28)",REAL
57825,HUANGPUXINGANG,CN,CHN,23.05,113.5,S,RN,"NGA World Port Index (HDX mirror, 2017-03-28)",REAL
57830,GUANGZHOU,CN,CHN,23.116667,113.233333,M,RN,"NGA World Port Index (HDX mirror, 2017-03-28)",REAL
45490,ANNABA,DZ,,36.916667,7.766667,M,CB,"NGA World Port Index (HDX mirror, 2017-03-28)",REAL
45510,SKIKDA,DZ,,36.883333,6.916667,S,CB,"NGA World Port Index (HDX mirror, 2017-03-28)",REAL
45520,COLLO,DZ,,37.0,6.583333,V,CN,"NGA World Port Index (HDX mirror, 2017-03-28)",REAL
45550,BEJAIA,DZ,,36.75,5.083333,S,CB,"NGA World Port Index (HDX mirror, 2017-03-28)",REAL
45560,DELLYS,DZ,,36.916667,3.916667,V,CB,"NGA World Port Index (HDX mirror, 2017-03-28)",REAL
45570,ALGER,DZ,,36.766667,3.066667,L,CB,"NGA World Port Index (HDX mirror, 2017-03-28)",REAL
45610,TENES,DZ,,36.533333,1.316667,V,OR,"NGA World Port Index (HDX mirror, 2017-03-28)",REAL
45620,MOSTAGANEM,DZ,,35.933333,0.083333,V,CB,"NGA World Port Index (HDX mirror, 2017-03-28)",REAL
45630,ARZEW,DZ,,35.85,-0.3,S,CB,"NGA World Port Index (HDX mirror, 2017-03-28)",REAL
45635,ARZEW EL DJEDID,DZ,,35.816667,-0.25,S,CB,"NGA World Port Index (HDX mirror, 2017-03-28)",REAL
45640,ORAN,DZ,,35.7,-0.633333,L,CB,"NGA World Port Index (HDX mirror, 2017-03-28)",REAL
45650,MERS EL KEBIR,DZ,,35.733333,-0.7,S,CB,"NGA World Port Index (HDX mirror, 2017-03-28)",REAL
45660,BENI SAF,DZ,,35.3,-1.383333,V,CB,"NGA World Port Index (HDX mirror, 2017-03-28)",REAL
45670,GHAZAOUET,DZ,,35.1,-1.866667,V,CB,"NGA World Port Index (HDX mirror, 2017-03-28)",REAL
45755,TANGER,MA,,35.783333,-5.816667,M,CB,"NGA World Port Index (HDX mirror, 2017-03-28)",REAL
45762,PORT NADOR,MA,,35.283333,-2.933333,V,CB,"NGA World Port Index (HDX mirror, 2017-03-28)",REAL
45785,KENITRA,MA,,34.3,-6.6,S,RN,"NGA World Port Index (HDX mirror, 2017-03-28)",REAL
45790,MOHAMMEDIA,MA,,33.716667,-7.4,V,CB,"NGA World Port Index (HDX mirror, 2017-03-28)",REAL
45793,CASABLANCA,MA,,33.6,-7.616667,L,CB,"NGA World Port Index (HDX mirror, 2017-03-28)",REAL
45797,SAFI,MA,,32.3,-9.25,S,CB,"NGA World Port Index (HDX mirror, 2017-03-28)",REAL
45800,ESSAOUIRA,MA,,31.5,-9.783333,V,CN,"NGA World Port Index (HDX mirror, 2017-03-28)",REAL
45808,AD DAKHLA,EH,,23.7,-15.916667,V,RN,"NGA World Port Index (HDX mirror, 2017-03-28)",REAL
45812,NOUADHIBOU,MR,,20.916667,-17.05,M,CN,"NGA World Port Index (HDX mirror, 2017-03-28)",REAL
45818,ST LOUIS,SN,,16.016667,-16.516667,S,RN,"NGA World Port Index (HDX mirror, 2017-03-28)",REAL
45820,DAKAR,SN,,14.683333,-17.433333,M,CB,"NGA World Port Index (HDX mirror, 2017-03-28)",REAL
45390,MERSA SFAX,TN,,34.733333,10.766667,S,CB,"NGA World Port Index (HDX mirror, 2017-03-28)",REAL
45400,MAHDIA,TN,,35.5,11.066667,V,CN,"NGA World Port Index (HDX mirror, 2017-03-28)",REAL
45410,SOUSSE,TN,,35.833333,10.65,S,CB,"NGA World Port Index (HDX mirror, 2017-03-28)",REAL
44860,MERSIN,TR,TUR,36.8,34.633333,M,CB,"NGA World Port Index (HDX mirror, 2017-03-28)",REAL
44870,BOTAS,TR,TUR,36.883333,35.933333,V,OR,"NGA World Port Index (HDX mirror, 2017-03-28)",REAL
44880,ISKENDERUN,TR,TUR,36.6,36.166667,V,CB,"NGA World Port Index (HDX mirror, 2017-03-28)",REAL
44900,KYRENIA,CY,CYP,35.35,33.333333,V,CB,"NGA World Port Index (HDX mirror, 2017-03-28)",REAL
44910,XEROS,CY,CYP,35.133333,32.833333,V,OR,"NGA World Port Index (HDX mirror, 2017-03-28)",REAL
44950,LIMASSOL,CY,CYP,34.666667,33.05,S,CB,"NGA World Port Index (HDX mirror, 2017-03-28)",REAL
44960,LARNACA,CY,CYP,34.916667,33.65,S,CB,"NGA World Port Index (HDX mirror, 2017-03-28)",REAL
44965,DHEKELIA,CY,CYP,34.966667,33.716667,V,OR,"NGA World Port Index (HDX mirror, 2017-03-28)",REAL
44970,FAMAGUSTA,CY,CYP,35.116667,33.933333,S,CB,"NGA World Port Index (HDX mirror, 2017-03-28)",REAL
45003,TARTUS,SY,,34.9,35.866667,S,CB,"NGA World Port Index (HDX mirror, 2017-03-28)",REAL
45005,BANIYAS,SY,,35.183333,35.95,L,CB,"NGA World Port Index (HDX mirror, 2017-03-28)",REAL
45010,AL LADHIQIYAH,SY,,35.533333,35.766667,M,CB,"NGA World Port Index (HDX mirror, 2017-03-28)",REAL
57840,HONG KONG,HK,HKG,22.266667,114.2,L,CN,"NGA World Port Index (HDX mirror, 2017-03-28)",REAL
57860,SHAN T OU,CN,CHN,23.366667,116.683333,S,RN,"NGA World Port Index (HDX mirror, 2017-03-28)",REAL
57870,XIAMEN,CN,CHN,24.45,118.066667,M,RN,"NGA World Port Index (HDX mirror, 2017-03-28)",REAL
57890,CHI-LUNG,TW,,25.133333,121.766667,L,CB,"NGA World Port Index (HDX mirror, 2017-03-28)",REAL
57900,SU-AO,TW,,24.6,121.866667,M,CB,"NGA World Port Index (HDX mirror, 2017-03-28)",REAL
57910,HUA-LIEN KANG,TW,,23.983333,121.6,M,CB,"NGA World Port Index (HDX mirror, 2017-03-28)",REAL
57920,KAO-HSIUNG,TW,,22.616667,120.25,M,CB,"NGA World Port Index (HDX mirror, 2017-03-28)",REAL
57935,TAN-SHUI,TW,,25.183333,121.4,V,RN,"NGA World Port Index (HDX mirror, 2017-03-28)",REAL
57950,PENG-HU KANG,TW,,23.583333,119.533333,S,CN,"NGA World Port Index (HDX mirror, 2017-03-28)",REAL
57955,TAI-CHUNG KANG,TW,,24.3,120.5,S,LC,"NGA World Port Index (HDX mirror, 2017-03-28)",REAL
57970,BASCO,PH,,20.45,121.966667,V,CN,"NGA World Port Index (HDX mirror, 2017-03-28)",REAL
57990,CLAVERIA,PH,,18.616667,121.083333,V,CN,"NGA World Port Index (HDX mirror, 2017-03-28)",REAL
57995,PORT SAN VICENTE,PH,,18.516667,122.133333,V,CN,"NGA World Port Index (HDX mirror, 2017-03-28)",REAL
58000,APARRI,PH,,18.366667,121.633333,V,OR,"NGA World Port Index (HDX mirror, 2017-03-28)",REAL
58070,HONDAGUA,PH,,13.95,122.233333,V,OR,"NGA World Port Index (HDX mirror, 2017-03-28)",REAL
58100,JOSE PANGANIBAN,PH,,14.283333,122.683333,V,OR,"NGA World Port Index (HDX mirror, 2017-03-28)",REAL
58130,VIRAC,PH,,13.583333,124.25,V,CN,"NGA World Port Index (HDX mirror, 2017-03-28)",REAL
58150,TABACO,PH,,13.366667,123.733333,V,OR,"NGA World Port Index (HDX mirror, 2017-03-28)",REAL
58170,LEGAZPI PORT,PH,,13.15,123.75,V,OR,"NGA World Port Index (HDX mirror, 2017-03-28)",REAL
57710,CAM PHA,VN,VNM,21.033333,107.366667,V,OR,"NGA World Port Index (HDX mirror, 2017-03-28)",REAL
57100,TULAGHI,SB,,-9.1,160.15,V,CN,"NGA World Port Index (HDX mirror, 2017-03-28)",REAL
57120,HONIARA,SB,,-9.416667,159.95,V,OR,"NGA World Port Index (HDX mirror, 2017-03-28)",REAL
57200,LUGANVILLE,VU,,-15.516667,167.166667,S,CN,"NGA World Port Index (HDX mirror, 2017-03-28)",REAL
57230,PORT VILA,VU,,-17.733333,168.316667,V,CB,"NGA World Port Index (HDX mirror, 2017-03-28)",REAL
57245,FORARI BAY,VU,,-17.683333,168.55,V,OR,"NGA World Port Index (HDX mirror, 2017-03-28)",REAL
57275,BAIE DE KOUAOUA,NC,,-21.383333,165.816667,V,OR,"NGA World Port Index (HDX mirror, 2017-03-28)",REAL
57410,KUANTAN NEW PORT,MY,,3.966667,103.433333,S,CB,"NGA World Port Index (HDX mirror, 2017-03-28)",REAL
57415,KIRTEH OIL TERMINAL,MY,,4.566667,103.466667,S,OR,"NGA World Port Index (HDX mirror, 2017-03-28)",REAL
57420,KUALA TRENGGANU,MY,,5.35,103.133333,V,RB,"NGA World Port Index (HDX mirror, 2017-03-28)",REAL
57425,TAPIS MARINE TERMINAL A,MY,,5.516667,105.016667,L,OR,"NGA World Port Index (HDX mirror, 2017-03-28)",REAL
57450,BANGKOK,TH,,13.75,100.5,L,RN,"NGA World Port Index (HDX mirror, 2017-03-28)",REAL
57460,SI RACHA TERMINAL,TH,,13.116667,100.883333,V,OR,"NGA World Port Index (HDX mirror, 2017-03-28)",REAL
57470,KO SI CHANG TERMINAL,TH,,13.166667,100.816667,V,OR,"NGA World Port Index (HDX mirror, 2017-03-28)",REAL
57485,KAMPONG SAOM,KH,,10.633333,103.5,M,CB,"NGA World Port Index (HDX mirror, 2017-03-28)",REAL
57490,PHSAR REAM,KH,,10.5,103.6,V,CN,"NGA World Port Index (HDX mirror, 2017-03-28)",REAL
57520,DUONG DONG,VN,VNM,10.216667,103.966667,V,RN,"NGA World Port Index (HDX mirror, 2017-03-28)",REAL
57580,THANH HO CHI MINH,VN,VNM,10.766667,106.716667,M,RN,"NGA World Port Index (HDX mirror, 2017-03-28)",REAL
45025,TARABULUS,LB,LBN,34.45,35.833333,M,CB,"NGA World Port Index (HDX mirror, 2017-03-28)",REAL
45040,SAYDA,LB,LBN,33.5,35.35,V,OR,"NGA World Port Index (HDX mirror, 2017-03-28)",REAL
45100,ASHDOD,IL,ISR,31.816667,34.65,S,CB,"NGA World Port Index (HDX mirror, 2017-03-28)",REAL
45220,MERSA TOBRUQ,LY,,32.083333,23.983333,S,CB,"NGA World Port Index (HDX mirror, 2017-03-28)",REAL
45240,DARNAH,LY,,32.766667,22.65,V,CB,"NGA World Port Index (HDX mirror, 2017-03-28)",REAL
45280,BANGHAZI,LY,,32.116667,20.05,M,CB,"NGA World Port Index (HDX mirror, 2017-03-28)",REAL
45290,EZ ZUEITINA,LY,,30.85,20.05,V,OR,"NGA World Port Index (HDX mirror, 2017-03-28)",REAL
45295,AL BURAYQAH,LY,,30.416667,19.6,S,CB,"NGA World Port Index (HDX mirror, 2017-03-28)",REAL
45296,RAS   LANUF,LY,,30.516667,18.566667,V,OR,"NGA World Port Index (HDX mirror, 2017-03-28)",REAL
45297,AS SIDR,LY,,30.633333,18.366667,V,OR,"NGA World Port Index (HDX mirror, 2017-03-28)",REAL
45320,MISRATAH,LY,,32.366667,15.216667,V,OR,"NGA World Port Index (HDX mirror, 2017-03-28)",REAL
45330,MINA TARABULUS (TRIPOLI),LY,,32.9,13.183333,M,CB,"NGA World Port Index (HDX mirror, 2017-03-28)",REAL
45335,AZ ZAWIYA,LY,,32.8,12.716667,S,OR,"NGA World Port Index (HDX mirror, 2017-03-28)",REAL
45340,MARSA SABRATAH,LY,,32.816667,12.5,V,OR,"NGA World Port Index (HDX mirror, 2017-03-28)",REAL
45370,HOUMT SOUK,TN,,33.883333,10.85,V,OR,"NGA World Port Index (HDX mirror, 2017-03-28)",REAL
45375,GABES,TN,,33.9,10.116667,S,CB,"NGA World Port Index (HDX mirror, 2017-03-28)",REAL
45380,SKHIRA,TN,,34.283333,10.1,V,OR,"NGA World Port Index (HDX mirror, 2017-03-28)",REAL
44820,ANTALYA,TR,TUR,36.833333,30.616667,S,CB,"NGA World Port Index (HDX mirror, 2017-03-28)",REAL
44825,ALANYA,TR,TUR,36.533333,32.0,V,OR,"NGA World Port Index (HDX mirror, 2017-03-28)",REAL
44850,TASUCU,TR,TUR,36.316667,33.883333,V,CB,"NGA World Port Index (HDX mirror, 2017-03-28)",REAL
44340,POTI,GE,,42.15,41.583333,S,CB,"NGA World Port Index (HDX mirror, 2017-03-28)",REAL
44350,BATUMI,GE,,41.65,41.65,S,CB,"NGA World Port Index (HDX mirror, 2017-03-28)",REAL
44370,HOPA,TR,TUR,41.416667,41.4,V,CB,"NGA World Port Index (HDX mirror, 2017-03-28)",REAL
44380,RIZE,TR,TUR,41.066667,40.516667,V,CB,"NGA World Port Index (HDX mirror, 2017-03-28)",REAL
44390,TRABZON,TR,TUR,41.016667,39.766667,V,CB,"NGA World Port Index (HDX mirror, 2017-03-28)",REAL
44410,GIRESUN,TR,TUR,40.933333,38.4,V,CB,"NGA World Port Index (HDX mirror, 2017-03-28)",REAL
44420,ORDU,TR,TUR,41.0,37.883333,V,OR,"NGA World Port Index (HDX mirror, 2017-03-28)",REAL
44450,SAMSUN,TR,TUR,41.3,36.35,L,CB,"NGA World Port Index (HDX mirror, 2017-03-28)",REAL
44460,SINOP,TR,TUR,42.05,35.166667,V,OR,"NGA World Port Index (HDX mirror, 2017-03-28)",REAL
44480,INEBOLU,TR,TUR,41.983333,33.766667,V,CB,"NGA World Port Index (HDX mirror, 2017-03-28)",REAL
44490,ZONGULDAK,TR,TUR,41.466667,31.816667,V,CB,"NGA World Port Index (HDX mirror, 2017-03-28)",REAL
44500,EREGLI,TR,TUR,41.3,31.45,V,CB,"NGA World Port Index (HDX mirror, 2017-03-28)",REAL
44540,HAYDARPASA,TR,TUR,41.0,29.016667,M,CB,"NGA World Port Index (HDX mirror, 2017-03-28)",REAL
44605,KABA BURNU,TR,TUR,40.766667,29.533333,V,CN,"NGA World Port Index (HDX mirror, 2017-03-28)",REAL
44610,DERINCE BURNU,TR,TUR,40.75,29.816667,S,CB,"NGA World Port Index (HDX mirror, 2017-03-28)",REAL
44620,IZMIT,TR,TUR,40.766667,29.916667,S,CN,"NGA World Port Index (HDX mirror, 2017-03-28)",REAL
44625,GOLCUK BURNU,TR,TUR,40.733333,29.816667,V,CB,"NGA World Port Index (HDX mirror, 2017-03-28)",REAL
44640,MUDANYA,TR,TUR,40.383333,28.883333,V,OR,"NGA World Port Index (HDX mirror, 2017-03-28)",REAL
44650,BANDIRMA,TR,TUR,40.35,27.966667,V,CB,"NGA World Port Index (HDX mirror, 2017-03-28)",REAL
44660,ERDEK,TR,TUR,40.383333,27.8,V,CN,"NGA World Port Index (HDX mirror, 2017-03-28)",REAL
44670,KARABIGA,TR,TUR,40.4,27.316667,V,CN,"NGA World Port Index (HDX mirror, 2017-03-28)",REAL
44690,CANAKKALE,TR,TUR,40.15,26.4,S,LC,"NGA World Port Index (HDX mirror, 2017-03-28)",REAL
44730,AYVALIK,TR,TUR,39.316667,26.7,V,CN,"NGA World Port Index (HDX mirror, 2017-03-28)",REAL
44750,IZMIR,TR,TUR,38.433333,27.133333,L,CN,"NGA World Port Index (HDX mirror, 2017-03-28)",REAL
57610,VINH CAM RANH,VN,VNM,11.883333,109.166667,S,CN,"NGA World Port Index (HDX mirror, 2017-03-28)",REAL
57620,NHA TRANG,VN,VNM,12.25,109.233333,S,OR,"NGA World Port Index (HDX mirror, 2017-03-28)",REAL
57640,QUI NHON,VN,VNM,13.766667,109.233333,V,CN,"NGA World Port Index (HDX mirror, 2017-03-28)",REAL
57650,DA NANG,VN,VNM,16.1,108.216667,S,RN,"NGA World Port Index (HDX mirror, 2017-03-28)",REAL
57680,HAI PHONG,VN,VNM,20.916667,106.683333,S,RN,"NGA World Port Index (HDX mirror, 2017-03-28)",REAL
57700,HON GAI,VN,VNM,20.95,107.066667,V,OR,"NGA World Port Index (HDX mirror, 2017-03-28)",REAL
57070,YANDINA,SB,,-9.083333,159.216667,V,CN,"NGA World Port Index (HDX mirror, 2017-03-28)",REAL
56323,TERN ISLAND,US,USA,23.866667,-166.283333,V,CN,"NGA World Port Index (HDX mirror, 2017-03-28)",REAL
56325,JOHNSTON ATOLL,XU,,16.75,-169.516667,V,CN,"NGA World Port Index (HDX mirror, 2017-03-28)",REAL
56328,MIDWAY ISLAND,QM,,28.183333,-177.366667,V,CB,"NGA World Port Index (HDX mirror, 2017-03-28)",REAL
56330,WAKE ISLAND,QW,,19.283333,166.616667,V,CN,"NGA World Port Index (HDX mirror, 2017-03-28)",REAL
56400,MAJURO ATOLL,MH,,7.083333,171.383333,V,OR,"NGA World Port Index (HDX mirror, 2017-03-28)",REAL
56450,TARAWA ATOLL,KI,,1.333333,172.933333,V,OR,"NGA World Port Index (HDX mirror, 2017-03-28)",REAL
56500,NAURU,NR,,-0.533333,166.916667,V,OR,"NGA World Port Index (HDX mirror, 2017-03-28)",REAL
56520,SAIPAN,MP,,15.2,145.683333,S,CN,"NGA World Port Index (HDX mirror, 2017-03-28)",REAL
56530,TINIAN,MP,,14.966667,145.616667,V,CB,"NGA World Port Index (HDX mirror, 2017-03-28)",REAL
56540,ROTA,MP,,14.133333,145.15,V,OR,"NGA World Port Index (HDX mirror, 2017-03-28)",REAL
56550,APRA HARBOR,GU,,13.45,144.616667,M,CB,"NGA World Port Index (HDX mirror, 2017-03-28)",REAL
56570,LELE HARBOR,FM,,5.333333,163.033333,V,CN,"NGA World Port Index (HDX mirror, 2017-03-28)",REAL
56630,COLONIA,FM,,9.516667,138.133333,V,CN,"NGA World Port Index (HDX mirror, 2017-03-28)",REAL
56660,MALAKAL HARBOR,PW,,7.333333,134.45,V,OR,"NGA World Port Index (HDX mirror, 2017-03-28)",REAL
56710,LONGAN ISLAND,PG,,-1.216667,144.3,V,CN,"NGA World Port Index (HDX mirror, 2017-03-28)",REAL
56730,LORENGAU,PG,,-2.016667,147.266667,V,OR,"NGA World Port Index (HDX mirror, 2017-03-28)",REAL
56738,WEWAK HARBOR,PG,,-3.566667,143.633333,S,OR,"NGA World Port Index (HDX mirror, 2017-03-28)",REAL
56740,HAMBURG HARBOR,PG,,-1.633333,149.966667,V,CN,"NGA World Port Index (HDX mirror, 2017-03-28)",REAL
56820,KOKOPO,PG,,-4.333333,152.266667,V,OR,"NGA World Port Index (HDX mirror, 2017-03-28)",REAL
56835,KIMBE,PG,,-5.133333,150.533333,V,CN,"NGA World Port Index (HDX mirror, 2017-03-28)",REAL
56855,KIETA,PG,,-6.216667,155.633333,S,CN,"NGA World Port Index (HDX mirror, 2017-03-28)",REAL
56970,GIZO HARBOR,SB,,-8.1,156.85,V,CN,"NGA World Port Index (HDX mirror, 2017-03-28)",REAL
56320,NONOPAPA,US,USA,21.866667,-160.233333,V,OR,"NGA World Port Index (HDX mirror, 2017-03-28)",REAL
55670,APIA,WS,,-13.816667,-171.766667,V,CN,"NGA World Port Index (HDX mirror, 2017-03-28)",REAL
55680,PAGO PAGO HARBOR,AS,,-14.283333,-170.666667,S,CN,"NGA World Port Index (HDX mirror, 2017-03-28)",REAL
55695,ALOFI,NU,,-19.033333,-169.933333,V,CN,"NGA World Port Index (HDX mirror, 2017-03-28)",REAL
55740,AVATIU,CK,,-21.2,-159.783333,V,CN,"NGA World Port Index (HDX mirror, 2017-03-28)",REAL
44752,NEMRUT LIMANI BAY,TR,TUR,38.766667,26.916667,M,CB,"NGA World Port Index (HDX mirror, 2017-03-28)",REAL
44770,KUSADASI,TR,TUR,37.866667,27.25,V,CN,"NGA World Port Index (HDX mirror, 2017-03-28)",REAL
44805,MARMARIS,TR,TUR,36.85,28.283333,V,CB,"NGA World Port Index (HDX mirror, 2017-03-28)",REAL
44810,FETHIYE,TR,TUR,36.633333,29.1,V,CB,"NGA World Port Index (HDX mirror, 2017-03-28)",REAL
44320,SOKHUMI,GE,,42.983333,40.983333,V,OR,"NGA World Port Index (HDX mirror, 2017-03-28)",REAL
43745,CHORNOMORS KE,UA,,45.516667,32.7,V,CN,"NGA World Port Index (HDX mirror, 2017-03-28)",REAL
43750,YEVPATORIYA,UA,,45.2,33.383333,V,CN,"NGA World Port Index (HDX mirror, 2017-03-28)",REAL
43760,SEVASTOPOL,UA,,44.616667,33.533333,L,CN,"NGA World Port Index (HDX mirror, 2017-03-28)",REAL
43780,BALAKLAVA,UA,,44.5,33.6,V,CN,"NGA World Port Index (HDX mirror, 2017-03-28)",REAL
43790,YALTA,UA,,44.483333,34.166667,V,CB,"NGA World Port Index (HDX mirror, 2017-03-28)",REAL
43810,ALUSHTA,UA,,44.683333,34.416667,V,OR,"NGA World Port Index (HDX mirror, 2017-03-28)",REAL
43835,SUDAK,UA,,44.85,34.983333,V,CN,"NGA World Port Index (HDX mirror, 2017-03-28)",REAL
43850,FEODOSIYA,UA,,45.016667,35.433333,S,CB,"NGA World Port Index (HDX mirror, 2017-03-28)",REAL
43900,KERCH,UA,,45.35,36.483333,S,OR,"NGA World Port Index (HDX mirror, 2017-03-28)",REAL
43940,HENICHESK,UA,,46.166667,34.816667,V,CN,"NGA World Port Index (HDX mirror, 2017-03-28)",REAL
43950,KYRYLIVKA,UA,,46.35,35.366667,V,OR,"NGA World Port Index (HDX mirror, 2017-03-28)",REAL
44000,BERDYANSK,UA,,46.75,36.783333,S,CB,"NGA World Port Index (HDX mirror, 2017-03-28)",REAL
44010,MARIUPOL,UA,,47.083333,37.566667,S,CB,"NGA World Port Index (HDX mirror, 2017-03-28)",REAL
44060,TAGANROG,RU,,47.2,38.95,V,CB,"NGA World Port Index (HDX mirror, 2017-03-28)",REAL
44070,ROSTOV-NA-DONU,RU,,47.166667,39.716667,S,RB,"NGA World Port Index (HDX mirror, 2017-03-28)",REAL
44080,AZOV,RU,,47.1,39.433333,V,RN,"NGA World Port Index (HDX mirror, 2017-03-28)",REAL
44090,YEYSK,RU,,46.733333,38.266667,V,CB,"NGA World Port Index (HDX mirror, 2017-03-28)",REAL
44140,TEMRYUK,RU,,45.35,37.35,V,RN,"NGA World Port Index (HDX mirror, 2017-03-28)",REAL
44180,ANAPA,RU,,44.883333,37.316667,V,OR,"NGA World Port Index (HDX mirror, 2017-03-28)",REAL
44200,NOVOROSSIYSK,RU,,44.716667,37.783333,L,CB,"NGA World Port Index (HDX mirror, 2017-03-28)",REAL
44230,TUAPSE,RU,,44.1,39.066667,S,CB,"NGA World Port Index (HDX mirror, 2017-03-28)",REAL
44240,SOCHI,RU,,43.583333,39.733333,V,CB,"NGA World Port Index (HDX mirror, 2017-03-28)",REAL
44270,ADLER,RU,,43.433333,39.933333,V,OR,"NGA World Port Index (HDX mirror, 2017-03-28)",REAL
43710,SKADOVS'K,UA,,46.1,32.916667,V,CB,"NGA World Port Index (HDX mirror, 2017-03-28)",REAL
43720,KHORLY,UA,,46.083333,33.283333,V,CN,"NGA World Port Index (HDX mirror, 2017-03-28)",REAL
43030,MILOS,GR,GRC,36.716667,24.45,V,CN,"NGA World Port Index (HDX mirror, 2017-03-28)",REAL
43100,SOUDHA,GR,GRC,35.483333,24.183333,M,CN,"NGA World Port Index (HDX mirror, 2017-03-28)",REAL
43130,IRAKLION,GR,GRC,35.35,25.15,M,CB,"NGA World Port Index (HDX mirror, 2017-03-28)",REAL
43150,SITIA,GR,GRC,35.216667,26.133333,V,CN,"NGA World Port Index (HDX mirror, 2017-03-28)",REAL
43165,KALI LIMENES,GR,GRC,34.933333,24.833333,V,CN,"NGA World Port Index (HDX mirror, 2017-03-28)",REAL
43210,RODHOS,GR,GRC,36.45,28.233333,S,CB,"NGA World Port Index (HDX mirror, 2017-03-28)",REAL
43250,LIMIN KOS,GR,GRC,36.9,27.283333,V,OR,"NGA World Port Index (HDX mirror, 2017-03-28)",REAL
43260,KALIMNOS,GR,GRC,36.95,26.983333,V,CN,"NGA World Port Index (HDX mirror, 2017-03-28)",REAL
43280,LAKKI,GR,GRC,37.133333,26.85,V,CN,"NGA World Port Index (HDX mirror, 2017-03-28)",REAL
43370,ECEABAT,TR,TUR,40.183333,26.366667,V,LC,"NGA World Port Index (HDX mirror, 2017-03-28)",REAL
43380,GELIBOLU,TR,TUR,40.4,26.666667,V,LC,"NGA World Port Index (HDX mirror, 2017-03-28)",REAL
43390,TEKIRDAG,TR,TUR,40.983333,27.516667,V,LC,"NGA World Port Index (HDX mirror, 2017-03-28)",REAL
43420,ISTANBUL,TR,TUR,41.016667,28.966667,L,LC,"NGA World Port Index (HDX mirror, 2017-03-28)",REAL
43430,DEFTERDAR BURNU,TR,TUR,41.05,29.033333,V,CN,"NGA World Port Index (HDX mirror, 2017-03-28)",REAL
43435,ISTINYE,TR,TUR,41.116667,29.05,V,CN,"NGA World Port Index (HDX mirror, 2017-03-28)",REAL
43500,BURGAS,BG,,42.483333,27.483333,S,CB,"NGA World Port Index (HDX mirror, 2017-03-28)",REAL
55770,VAITAPE,PF,,-16.5,-151.75,V,CB,"NGA World Port Index (HDX mirror, 2017-03-28)",REAL
55800,UTUROA,PF,,-16.733333,-151.45,V,CN,"NGA World Port Index (HDX mirror, 2017-03-28)",REAL
55840,PAPEETE,PF,,-17.533333,-149.583333,S,CN,"NGA World Port Index (HDX mirror, 2017-03-28)",REAL
55960,PORT RIKITEA,PF,,-23.116667,-134.966667,V,CN,"NGA World Port Index (HDX mirror, 2017-03-28)",REAL
56010,ATUONA,PF,,-9.816667,-139.033333,V,CN,"NGA World Port Index (HDX mirror, 2017-03-28)",REAL
56015,BAIE TAIOHAE,PF,,-8.933333,-140.083333,V,CN,"NGA World Port Index (HDX mirror, 2017-03-28)",REAL
56025,CANTON ISLAND,KI,,-2.833333,-171.716667,V,OR,"NGA World Port Index (HDX mirror, 2017-03-28)",REAL
56039,ENGLISH HARBOR,KI,,3.85,-159.366667,V,CN,"NGA World Port Index (HDX mirror, 2017-03-28)",REAL
56070,HONOKAA,US,USA,20.1,-155.466667,V,OR,"NGA World Port Index (HDX mirror, 2017-03-28)",REAL
56090,HILO,US,USA,19.733333,-155.066667,M,CB,"NGA World Port Index (HDX mirror, 2017-03-28)",REAL
56100,HONUAPO,US,USA,19.083333,-155.55,V,OR,"NGA World Port Index (HDX mirror, 2017-03-28)",REAL
56110,MILOLII,US,USA,19.183333,-155.9,V,OR,"NGA World Port Index (HDX mirror, 2017-03-28)",REAL
56120,KAUHAKO BAY,US,USA,19.383333,-155.9,V,CN,"NGA World Port Index (HDX mirror, 2017-03-28)",REAL
56130,NAPOOPOO,US,USA,19.483333,-155.933333,V,CN,"NGA World Port Index (HDX mirror, 2017-03-28)",REAL
56140,KAILUA,US,USA,19.633333,-156.0,V,CN,"NGA World Port Index (HDX mirror, 2017-03-28)",REAL
56150,KIHOLO,US,USA,19.866667,-155.95,V,CN,"NGA World Port Index (HDX mirror, 2017-03-28)",REAL
56160,KAWAIHAE,US,USA,20.033333,-155.833333,S,CB,"NGA World Port Index (HDX mirror, 2017-03-28)",REAL
56170,MAHUKONA,US,USA,20.183333,-155.9,V,CN,"NGA World Port Index (HDX mirror, 2017-03-28)",REAL
56180,KAHULUI,US,USA,20.9,-156.466667,V,CB,"NGA World Port Index (HDX mirror, 2017-03-28)",REAL
56190,HANA,US,USA,20.75,-155.983333,V,CN,"NGA World Port Index (HDX mirror, 2017-03-28)",REAL
56200,LAHAINA,US,USA,20.866667,-156.666667,V,CB,"NGA World Port Index (HDX mirror, 2017-03-28)",REAL
56230,KAUMALAPAU HARBOR,US,USA,20.783333,-157.0,V,CB,"NGA World Port Index (HDX mirror, 2017-03-28)",REAL
56240,PUKOO,US,USA,21.066667,-156.8,V,TH,"NGA World Port Index (HDX mirror, 2017-03-28)",REAL
56250,KAMALO,US,USA,21.05,-156.883333,V,CN,"NGA World Port Index (HDX mirror, 2017-03-28)",REAL
56260,KAUNAKAKAI,US,USA,21.083333,-157.033333,V,OR,"NGA World Port Index (HDX mirror, 2017-03-28)",REAL
56280,HONOLULU,US,USA,21.3,-157.866667,M,CB,"NGA World Port Index (HDX mirror, 2017-03-28)",REAL
56290,PORT ALLEN,US,USA,21.9,-159.583333,S,CB,"NGA World Port Index (HDX mirror, 2017-03-28)",REAL
56300,NAWILIWILI BAY,US,USA,21.95,-159.35,S,CB,"NGA World Port Index (HDX mirror, 2017-03-28)",REAL
56310,AHUKINI LANDING,US,USA,22.0,-159.333333,V,CB,"NGA World Port Index (HDX mirror, 2017-03-28)",REAL
55650,MATA-UTU,WF,,-13.283333,-176.133333,V,OR,"NGA World Port Index (HDX mirror, 2017-03-28)",REAL
54920,DEVONPORT,AU,AUS,-41.183333,146.366667,S,RB,"NGA World Port Index (HDX mirror, 2017-03-28)",REAL
54943,BEAUTY POINT,AU,AUS,-41.15,146.816667,S,CN,"NGA World Port Index (HDX mirror, 2017-03-28)",REAL
54970,LAUNCESTON,AU,AUS,-41.45,147.116667,S,RN,"NGA World Port Index (HDX mirror, 2017-03-28)",REAL
55000,WHANGAROA,NZ,,-35.05,173.766667,V,CN,"NGA World Port Index (HDX mirror, 2017-03-28)",REAL
55030,OPUA,NZ,,-35.316667,174.116667,V,RN,"NGA World Port Index (HDX mirror, 2017-03-28)",REAL
55050,WHANGAREI,NZ,,-35.8,174.433333,S,RN,"NGA World Port Index (HDX mirror, 2017-03-28)",REAL
55060,AUCKLAND,NZ,,-36.85,174.766667,L,RN,"NGA World Port Index (HDX mirror, 2017-03-28)",REAL
55080,TAURANGA,NZ,,-37.633333,176.166667,S,CN,"NGA World Port Index (HDX mirror, 2017-03-28)",REAL
55110,GISBORNE,NZ,,-38.666667,178.033333,S,RB,"NGA World Port Index (HDX mirror, 2017-03-28)",REAL
55130,NAPIER,NZ,,-39.483333,176.916667,S,CB,"NGA World Port Index (HDX mirror, 2017-03-28)",REAL
55150,WELLINGTON,NZ,,-41.283333,174.783333,L,CN,"NGA World Port Index (HDX mirror, 2017-03-28)",REAL
55180,WANGANUI,NZ,,-39.95,175.033333,V,RN,"NGA World Port Index (HDX mirror, 2017-03-28)",REAL
55210,NEW PLYMOUTH,NZ,,-39.066667,174.033333,S,CB,"NGA World Port Index (HDX mirror, 2017-03-28)",REAL
43510,VARNA,BG,,43.183333,27.966667,L,CB,"NGA World Port Index (HDX mirror, 2017-03-28)",REAL
43550,MANGALIA,RO,,43.816667,28.583333,V,CB,"NGA World Port Index (HDX mirror, 2017-03-28)",REAL
43560,CONSTANTA,RO,,44.166667,28.65,M,CB,"NGA World Port Index (HDX mirror, 2017-03-28)",REAL
43570,SULINA,RO,,45.166667,29.666667,V,RN,"NGA World Port Index (HDX mirror, 2017-03-28)",REAL
43590,BRAILA,RO,,45.25,27.983333,V,RN,"NGA World Port Index (HDX mirror, 2017-03-28)",REAL
43600,GALATI,RO,,45.416667,28.083333,S,RN,"NGA World Port Index (HDX mirror, 2017-03-28)",REAL
43625,IZMAYIL,UA,,45.333333,28.85,V,RN,"NGA World Port Index (HDX mirror, 2017-03-28)",REAL
43645,ILLICHIVSK,UA,,46.3,30.65,L,CB,"NGA World Port Index (HDX mirror, 2017-03-28)",REAL
43650,ODESA,UA,,46.483333,30.733333,L,CB,"NGA World Port Index (HDX mirror, 2017-03-28)",REAL
43655,YUZHNYY,UA,,46.6,31.016667,S,RB,"NGA World Port Index (HDX mirror, 2017-03-28)",REAL
43670,MYKOLAYIV,UA,,46.95,31.983333,S,RB,"NGA World Port Index (HDX mirror, 2017-03-28)",REAL
43680,KHERSON,UA,,46.616667,32.6,S,OR,"NGA World Port Index (HDX mirror, 2017-03-28)",REAL
42340,ORMOS ALIVERIOU,GR,GRC,38.383333,24.05,M,CB,"NGA World Port Index (HDX mirror, 2017-03-28)",REAL
42400,PORTHMOS EVRIPOU,GR,GRC,38.466667,23.583333,V,CN,"NGA World Port Index (HDX mirror, 2017-03-28)",REAL
42415,LARIMNA,GR,GRC,38.566667,23.283333,V,CN,"NGA World Port Index (HDX mirror, 2017-03-28)",REAL
42440,STILIS,GR,GRC,38.916667,22.616667,V,CN,"NGA World Port Index (HDX mirror, 2017-03-28)",REAL
42460,TSINGELI,GR,GRC,39.166667,22.85,V,CN,"NGA World Port Index (HDX mirror, 2017-03-28)",REAL
42470,VOLOS,GR,GRC,39.366667,22.95,M,CB,"NGA World Port Index (HDX mirror, 2017-03-28)",REAL
42490,MILIANA,GR,GRC,39.166667,23.216667,V,CN,"NGA World Port Index (HDX mirror, 2017-03-28)",REAL
42530,THESSALONIKI,GR,GRC,40.633333,22.933333,M,CN,"NGA World Port Index (HDX mirror, 2017-03-28)",REAL
42550,YERAKINI,GR,GRC,40.266667,23.466667,V,CN,"NGA World Port Index (HDX mirror, 2017-03-28)",REAL
42570,STRATONI,GR,GRC,40.516667,23.833333,V,CN,"NGA World Port Index (HDX mirror, 2017-03-28)",REAL
42620,LAGOS,GR,GRC,41.0,25.133333,V,CN,"NGA World Port Index (HDX mirror, 2017-03-28)",REAL
42630,ALEXANDROUPOLI,GR,GRC,40.833333,25.883333,M,CB,"NGA World Port Index (HDX mirror, 2017-03-28)",REAL
42760,MITILINI,GR,GRC,39.1,26.566667,S,CB,"NGA World Port Index (HDX mirror, 2017-03-28)",REAL
42780,PLOMARION,GR,GRC,38.983333,26.366667,V,CB,"NGA World Port Index (HDX mirror, 2017-03-28)",REAL
42790,VRAKHONISIS KALLONIS,GR,GRC,39.083333,26.083333,V,CN,"NGA World Port Index (HDX mirror, 2017-03-28)",REAL
42820,KHIOS,GR,GRC,38.366667,26.133333,V,CB,"NGA World Port Index (HDX mirror, 2017-03-28)",REAL
42840,NEON KARLOVAS,GR,GRC,37.8,26.683333,S,CB,"NGA World Port Index (HDX mirror, 2017-03-28)",REAL
42850,SAMOS,GR,GRC,37.75,26.966667,V,CN,"NGA World Port Index (HDX mirror, 2017-03-28)",REAL
42860,PITHAGORION,GR,GRC,37.683333,26.95,V,CB,"NGA World Port Index (HDX mirror, 2017-03-28)",REAL
42880,GAVRIO,GR,GRC,37.883333,24.733333,V,CN,"NGA World Port Index (HDX mirror, 2017-03-28)",REAL
42890,ANDROS,GR,GRC,37.833333,24.95,V,CN,"NGA World Port Index (HDX mirror, 2017-03-28)",REAL
42905,MIKONOS,GR,GRC,37.45,25.333333,V,CN,"NGA World Port Index (HDX mirror, 2017-03-28)",REAL
42920,LIMIN SIROU,GR,GRC,37.433333,24.95,V,CB,"NGA World Port Index (HDX mirror, 2017-03-28)",REAL
42980,NISOS NAXOS,GR,GRC,37.1,25.366667,V,OR,"NGA World Port Index (HDX mirror, 2017-03-28)",REAL
42310,DHIAVLOS STENO,GR,GRC,38.45,23.6,V,CN,"NGA World Port Index (HDX mirror, 2017-03-28)",REAL
41660,SHENGJIN,AL,,41.816667,19.6,V,CN,"NGA World Port Index (HDX mirror, 2017-03-28)",REAL
41670,DURRES,AL,,41.316667,19.45,S,CB,"NGA World Port Index (HDX mirror, 2017-03-28)",REAL
41690,VLORES,AL,,40.466667,19.5,V,CN,"NGA World Port Index (HDX mirror, 2017-03-28)",REAL
41720,KERKIRA,GR,GRC,39.616667,19.933333,M,OR,"NGA World Port Index (HDX mirror, 2017-03-28)",REAL
41730,PREVEZA,GR,GRC,38.95,20.75,V,CN,"NGA World Port Index (HDX mirror, 2017-03-28)",REAL
41790,ARGOSTOLION,GR,GRC,38.183333,20.516667,V,CN,"NGA World Port Index (HDX mirror, 2017-03-28)",REAL
41800,MESOLONGION,GR,GRC,38.366667,21.416667,V,CB,"NGA World Port Index (HDX mirror, 2017-03-28)",REAL
41820,ITEA,GR,GRC,38.433333,22.416667,V,OR,"NGA World Port Index (HDX mirror, 2017-03-28)",REAL
55230,MANUKAU HARBOR,NZ,,-36.933333,174.783333,M,CN,"NGA World Port Index (HDX mirror, 2017-03-28)",REAL
55270,COLLINGWOOD,NZ,,-40.683333,172.666667,V,CN,"NGA World Port Index (HDX mirror, 2017-03-28)",REAL
55290,NELSON,NZ,,-41.266667,173.266667,S,CB,"NGA World Port Index (HDX mirror, 2017-03-28)",REAL
55300,PICTON,NZ,,-41.283333,174.016667,S,RB,"NGA World Port Index (HDX mirror, 2017-03-28)",REAL
55320,PORT LYTTELTON,NZ,,-43.6,172.716667,V,CB,"NGA World Port Index (HDX mirror, 2017-03-28)",REAL
55330,AKAROA,NZ,,-43.8,172.966667,V,CN,"NGA World Port Index (HDX mirror, 2017-03-28)",REAL
55350,TIMARU,NZ,,-44.4,171.25,S,CB,"NGA World Port Index (HDX mirror, 2017-03-28)",REAL
55370,OTAGO HARBOR,NZ,,-45.816667,170.633333,S,RB,"NGA World Port Index (HDX mirror, 2017-03-28)",REAL
55400,BLUFF HARBOR,NZ,,-46.6,168.333333,S,CB,"NGA World Port Index (HDX mirror, 2017-03-28)",REAL
55440,GREYMOUTH,NZ,,-42.433333,171.216667,V,RN,"NGA World Port Index (HDX mirror, 2017-03-28)",REAL
55450,WESTPORT,NZ,,-41.75,171.6,V,RN,"NGA World Port Index (HDX mirror, 2017-03-28)",REAL
55500,KINGSTON,NF,,-29.066667,167.95,V,OR,"NGA World Port Index (HDX mirror, 2017-03-28)",REAL
55530,LAUTOKA HARBOR,FJ,,-17.6,177.45,V,CB,"NGA World Port Index (HDX mirror, 2017-03-28)",REAL
55540,SUVA HARBOR,FJ,,-18.133333,178.416667,S,CN,"NGA World Port Index (HDX mirror, 2017-03-28)",REAL
55550,LEVUKA,FJ,,-17.683333,178.833333,S,CN,"NGA World Port Index (HDX mirror, 2017-03-28)",REAL
55556,MALAI,FJ,,-16.35,179.366667,V,CB,"NGA World Port Index (HDX mirror, 2017-03-28)",REAL
55560,SAVUSAVU BAY,FJ,,-16.766667,179.333333,V,OR,"NGA World Port Index (HDX mirror, 2017-03-28)",REAL
55590,NUKU ALOFA,TO,,-21.133333,-175.2,V,CN,"NGA World Port Index (HDX mirror, 2017-03-28)",REAL
55600,PANGAI,TO,,-19.8,-174.35,V,CN,"NGA World Port Index (HDX mirror, 2017-03-28)",REAL
55610,NEIAFU,TO,,-18.65,-173.983333,V,CN,"NGA World Port Index (HDX mirror, 2017-03-28)",REAL
55617,FUNAFUTI ATOLL,TV,,-8.516667,179.133333,V,CN,"NGA World Port Index (HDX mirror, 2017-03-28)",REAL
54325,PORT BONYTHON,AU,AUS,-33.016667,137.766667,S,OR,"NGA World Port Index (HDX mirror, 2017-03-28)",REAL
54350,PORT LINCOLN,AU,AUS,-34.716667,135.85,M,CB,"NGA World Port Index (HDX mirror, 2017-03-28)",REAL
54410,THEVENARD,AU,AUS,-32.166667,133.65,S,CN,"NGA World Port Index (HDX mirror, 2017-03-28)",REAL
54450,ESPERANCE,AU,AUS,-33.866667,121.9,V,CB,"NGA World Port Index (HDX mirror, 2017-03-28)",REAL
54470,ALBANY,AU,AUS,-35.033333,117.883333,S,CN,"NGA World Port Index (HDX mirror, 2017-03-28)",REAL
54500,BUNBURY,AU,AUS,-33.316667,115.633333,S,CB,"NGA World Port Index (HDX mirror, 2017-03-28)",REAL
54520,FREMANTLE,AU,AUS,-32.05,115.75,L,CB,"NGA World Port Index (HDX mirror, 2017-03-28)",REAL
54540,GERALDTON,AU,AUS,-28.783333,114.6,V,CB,"NGA World Port Index (HDX mirror, 2017-03-28)",REAL
54575,POINT MURAT,AU,AUS,-21.816667,114.183333,V,OR,"NGA World Port Index (HDX mirror, 2017-03-28)",REAL
54580,ONSLOW,AU,AUS,-21.65,115.1,V,OR,"NGA World Port Index (HDX mirror, 2017-03-28)",REAL
54600,PORT WALCOTT,AU,AUS,-20.65,117.183333,V,OR,"NGA World Port Index (HDX mirror, 2017-03-28)",REAL
54605,DAMPIER,AU,AUS,-20.633333,116.716667,M,CB,"NGA World Port Index (HDX mirror, 2017-03-28)",REAL
54620,PORT HEDLAND,AU,AUS,-20.316667,118.583333,S,RN,"NGA World Port Index (HDX mirror, 2017-03-28)",REAL
54630,BROOME,AU,AUS,-17.966667,122.233333,S,CN,"NGA World Port Index (HDX mirror, 2017-03-28)",REAL
54660,WYNDHAM,AU,AUS,-15.466667,128.1,V,RN,"NGA World Port Index (HDX mirror, 2017-03-28)",REAL
54670,DARWIN,AU,AUS,-12.466667,130.85,M,CN,"NGA World Port Index (HDX mirror, 2017-03-28)",REAL
41840,AIYION,GR,GRC,38.25,22.083333,V,OR,"NGA World Port Index (HDX mirror, 2017-03-28)",REAL
41850,PATRAI,GR,GRC,38.25,21.733333,S,CB,"NGA World Port Index (HDX mirror, 2017-03-28)",REAL
41880,KATAKOLON,GR,GRC,37.65,21.316667,V,CB,"NGA World Port Index (HDX mirror, 2017-03-28)",REAL
41910,PILOS,GR,GRC,36.9,21.666667,V,CN,"NGA World Port Index (HDX mirror, 2017-03-28)",REAL
41940,KALAMATA,GR,GRC,37.016667,22.116667,S,CB,"NGA World Port Index (HDX mirror, 2017-03-28)",REAL
41950,YITHION,GR,GRC,36.75,22.566667,V,OR,"NGA World Port Index (HDX mirror, 2017-03-28)",REAL
42050,NAVPLIO,GR,GRC,37.566667,22.8,V,CB,"NGA World Port Index (HDX mirror, 2017-03-28)",REAL
42160,MEGARA OIL TERMINAL,GR,GRC,37.966667,23.4,V,OR,"NGA World Port Index (HDX mirror, 2017-03-28)",REAL
42180,AYIOS NIKOLAOS,GR,GRC,37.983333,23.533333,V,CB,"NGA World Port Index (HDX mirror, 2017-03-28)",REAL
42200,ELEVSIS,GR,GRC,38.033333,23.55,S,OR,"NGA World Port Index (HDX mirror, 2017-03-28)",REAL
42205,PAKHI OIL TERMINAL,GR,GRC,37.966667,23.383333,V,OR,"NGA World Port Index (HDX mirror, 2017-03-28)",REAL
42210,PERAMA,GR,GRC,37.966667,23.566667,S,OR,"NGA World Port Index (HDX mirror, 2017-03-28)",REAL
42230,PIRAIEVS,GR,GRC,37.933333,23.65,L,CB,"NGA World Port Index (HDX mirror, 2017-03-28)",REAL
42300,ORMOS MIKRO VATHI,GR,GRC,38.433333,23.6,V,CN,"NGA World Port Index (HDX mirror, 2017-03-28)",REAL
41550,DUBROVNIK,HR,,42.666667,18.083333,S,CN,"NGA World Port Index (HDX mirror, 2017-03-28)",REAL
40580,PORTO DI BARLETTA,IT,ITA,41.316667,16.283333,V,CB,"NGA World Port Index (HDX mirror, 2017-03-28)",REAL
40590,MANFREDONIA,IT,ITA,41.616667,15.916667,S,CB,"NGA World Port Index (HDX mirror, 2017-03-28)",REAL
40615,VASTO,IT,ITA,42.116667,14.716667,V,CB,"NGA World Port Index (HDX mirror, 2017-03-28)",REAL
40620,ORTONA,IT,ITA,42.35,14.416667,S,CB,"NGA World Port Index (HDX mirror, 2017-03-28)",REAL
40630,PESCARA,IT,ITA,42.466667,14.216667,S,CB,"NGA World Port Index (HDX mirror, 2017-03-28)",REAL
40660,ANCONA,IT,ITA,43.616667,13.5,S,CB,"NGA World Port Index (HDX mirror, 2017-03-28)",REAL
40720,PORTO DI CORSINI,IT,ITA,44.5,12.283333,M,LC,"NGA World Port Index (HDX mirror, 2017-03-28)",REAL
40750,PORTO DI MALAMOCCO,IT,ITA,45.333333,12.316667,V,LC,"NGA World Port Index (HDX mirror, 2017-03-28)",REAL
40760,PORTO DI LIDO-VENEZIA,IT,ITA,45.416667,12.433333,L,CB,"NGA World Port Index (HDX mirror, 2017-03-28)",REAL
40790,MONFALCONE,IT,ITA,45.783333,13.55,M,RB,"NGA World Port Index (HDX mirror, 2017-03-28)",REAL
40820,TRIESTE,IT,ITA,45.65,13.766667,L,CB,"NGA World Port Index (HDX mirror, 2017-03-28)",REAL
40830,MUGGIA,IT,ITA,45.6,13.766667,V,CB,"NGA World Port Index (HDX mirror, 2017-03-28)",REAL
40860,KOPER,SI,,45.55,13.733333,S,CN,"NGA World Port Index (HDX mirror, 2017-03-28)",REAL
40870,PIRAN,SI,,45.533333,13.566667,V,CB,"NGA World Port Index (HDX mirror, 2017-03-28)",REAL
40880,UMAG,HR,,45.433333,13.516667,V,CB,"NGA World Port Index (HDX mirror, 2017-03-28)",REAL
40940,ROVINJ,HR,,45.083333,13.633333,S,CB,"NGA World Port Index (HDX mirror, 2017-03-28)",REAL
40960,PULA,HR,,44.883333,13.8,V,CB,"NGA World Port Index (HDX mirror, 2017-03-28)",REAL
40985,BRSICA,HR,,45.033333,14.05,V,CN,"NGA World Port Index (HDX mirror, 2017-03-28)",REAL
41010,RIJEKA LUKA,HR,,45.333333,14.433333,L,RB,"NGA World Port Index (HDX mirror, 2017-03-28)",REAL
41030,BAKAR,HR,,45.3,14.533333,S,CN,"NGA World Port Index (HDX mirror, 2017-03-28)",REAL
41045,OMISALJ,HR,,45.216667,14.55,S,CN,"NGA World Port Index (HDX mirror, 2017-03-28)",REAL
41090,SENJ,HR,,44.983333,14.9,V,CN,"NGA World Port Index (HDX mirror, 2017-03-28)",REAL
41220,ZADAR,HR,,44.116667,15.216667,S,CN,"NGA World Port Index (HDX mirror, 2017-03-28)",REAL
41290,SIBENIK,HR,,43.733333,15.883333,S,CN,"NGA World Port Index (HDX mirror, 2017-03-28)",REAL
40550,MOLFETTA,IT,ITA,41.216667,16.6,S,CB,"NGA World Port Index (HDX mirror, 2017-03-28)",REAL
41320,SPLIT,HR,,43.5,16.433333,L,CB,"NGA World Port Index (HDX mirror, 2017-03-28)",REAL
41410,PLOCE,HR,,43.05,17.433333,V,CN,"NGA World Port Index (HDX mirror, 2017-03-28)",REAL
39990,TORRE ANNUNZIATA,IT,ITA,40.75,14.45,S,CB,"NGA World Port Index (HDX mirror, 2017-03-28)",REAL
54671,MILNER BAY,AU,AUS,-13.866667,136.416667,V,OR,"NGA World Port Index (HDX mirror, 2017-03-28)",REAL
54672,WEIPA,AU,AUS,-12.666667,141.866667,V,CN,"NGA World Port Index (HDX mirror, 2017-03-28)",REAL
54675,GOVE,AU,AUS,-12.2,136.7,V,OR,"NGA World Port Index (HDX mirror, 2017-03-28)",REAL
54690,KARUMBA,AU,AUS,-17.483333,140.833333,V,RN,"NGA World Port Index (HDX mirror, 2017-03-28)",REAL
54760,HOBART,AU,AUS,-42.883333,147.333333,M,RN,"NGA World Port Index (HDX mirror, 2017-03-28)",REAL
54810,PORT HUON,AU,AUS,-43.166667,146.983333,V,RN,"NGA World Port Index (HDX mirror, 2017-03-28)",REAL
54830,DOVER,AU,AUS,-43.316667,147.033333,V,CN,"NGA World Port Index (HDX mirror, 2017-03-28)",REAL
54870,STANLEY,AU,AUS,-40.766667,145.283333,V,CB,"NGA World Port Index (HDX mirror, 2017-03-28)",REAL
54875,PORT LATTA,AU,AUS,-40.833333,145.383333,V,OR,"NGA World Port Index (HDX mirror, 2017-03-28)",REAL
54880,BURNIE,AU,AUS,-41.05,145.95,S,CB,"NGA World Port Index (HDX mirror, 2017-03-28)",REAL
54320,WHYALLA,AU,AUS,-33.033333,137.583333,S,CB,"NGA World Port Index (HDX mirror, 2017-03-28)",REAL
53520,BALLINA,AU,AUS,-28.866667,153.566667,S,RN,"NGA World Port Index (HDX mirror, 2017-03-28)",REAL
53610,NEWCASTLE,AU,AUS,-32.916667,151.783333,L,CB,"NGA World Port Index (HDX mirror, 2017-03-28)",REAL
53650,SYDNEY,AU,AUS,-33.866667,151.2,L,CN,"NGA World Port Index (HDX mirror, 2017-03-28)",REAL
53655,BOTANY BAY,AU,AUS,-34.0,151.233333,S,CN,"NGA World Port Index (HDX mirror, 2017-03-28)",REAL
53690,PORT KEMBLA,AU,AUS,-34.483333,150.916667,M,CB,"NGA World Port Index (HDX mirror, 2017-03-28)",REAL
53710,JERVIS BAY,AU,AUS,-35.116667,150.8,V,CN,"NGA World Port Index (HDX mirror, 2017-03-28)",REAL
53750,BATEMANS BAY,AU,AUS,-35.7,150.166667,V,CN,"NGA World Port Index (HDX mirror, 2017-03-28)",REAL
53810,EDEN,AU,AUS,-37.066667,149.916667,V,CB,"NGA World Port Index (HDX mirror, 2017-03-28)",REAL
53840,WELSHPOOL,AU,AUS,-38.7,146.466667,V,CN,"NGA World Port Index (HDX mirror, 2017-03-28)",REAL
53930,WESTERN PORT,AU,AUS,-38.35,145.233333,V,CN,"NGA World Port Index (HDX mirror, 2017-03-28)",REAL
54030,MELBOURNE,AU,AUS,-37.833333,144.966667,L,CN,"NGA World Port Index (HDX mirror, 2017-03-28)",REAL
54050,GEELONG,AU,AUS,-38.15,144.366667,M,CN,"NGA World Port Index (HDX mirror, 2017-03-28)",REAL
54120,WARRNAMBOOL,AU,AUS,-38.4,142.483333,V,CB,"NGA World Port Index (HDX mirror, 2017-03-28)",REAL
54140,PORTLAND,AU,AUS,-38.333333,141.6,S,CB,"NGA World Port Index (HDX mirror, 2017-03-28)",REAL
54200,KINGSCOTE,AU,AUS,-35.633333,137.633333,V,CB,"NGA World Port Index (HDX mirror, 2017-03-28)",REAL
54220,PORT ADELAIDE,AU,AUS,-34.85,138.5,M,RN,"NGA World Port Index (HDX mirror, 2017-03-28)",REAL
54236,ARDROSSAN,AU,AUS,-34.433333,137.916667,V,OR,"NGA World Port Index (HDX mirror, 2017-03-28)",REAL
54255,PORT GILES,AU,AUS,-35.033333,137.766667,V,OR,"NGA World Port Index (HDX mirror, 2017-03-28)",REAL
54280,WALLAROO,AU,AUS,-33.933333,137.616667,V,OR,"NGA World Port Index (HDX mirror, 2017-03-28)",REAL
54290,PORT PIRIE,AU,AUS,-33.183333,138.016667,S,RN,"NGA World Port Index (HDX mirror, 2017-03-28)",REAL
53100,FAKFAK,ID,,-2.933333,132.283333,V,CN,"NGA World Port Index (HDX mirror, 2017-03-28)",REAL
53115,AMAMAPARE,ID,,-4.816667,136.966667,S,CN,"NGA World Port Index (HDX mirror, 2017-03-28)",REAL
53130,MERAUKE,ID,,-8.483333,140.383333,V,RN,"NGA World Port Index (HDX mirror, 2017-03-28)",REAL
53150,DARU,PG,,-9.066667,143.2,V,OR,"NGA World Port Index (HDX mirror, 2017-03-28)",REAL
53160,PORT MORESBY,PG,,-9.466667,147.133333,S,OR,"NGA World Port Index (HDX mirror, 2017-03-28)",REAL
53165,ALOTOA,PG,,-10.316667,150.45,V,CN,"NGA World Port Index (HDX mirror, 2017-03-28)",REAL
53170,SAMARAI,PG,,-10.616667,150.666667,V,CN,"NGA World Port Index (HDX mirror, 2017-03-28)",REAL
53190,SULOGA HARBOR,PG,,-9.216667,152.766667,V,CN,"NGA World Port Index (HDX mirror, 2017-03-28)",REAL
53195,DISCOVERY BAY,PG,,-10.416667,150.416667,V,CN,"NGA World Port Index (HDX mirror, 2017-03-28)",REAL
53206,ORO BAY,PG,,-8.883333,148.483333,V,CN,"NGA World Port Index (HDX mirror, 2017-03-28)",REAL
53230,LAE,PG,,-6.733333,147.0,V,OR,"NGA World Port Index (HDX mirror, 2017-03-28)",REAL
53250,MADANG,PG,,-5.216667,145.816667,V,CN,"NGA World Port Index (HDX mirror, 2017-03-28)",REAL
40000,CASTELLAMMARE DI STABIA,IT,ITA,40.7,14.483333,V,CB,"NGA World Port Index (HDX mirror, 2017-03-28)",REAL
40040,SALERNO,IT,ITA,40.666667,14.75,S,CB,"NGA World Port Index (HDX mirror, 2017-03-28)",REAL
40060,VIBO VALENTIA MARINA,IT,ITA,38.716667,16.133333,V,CB,"NGA World Port Index (HDX mirror, 2017-03-28)",REAL
40080,REGGIO DI CALABRIA,IT,ITA,38.116667,15.65,S,CB,"NGA World Port Index (HDX mirror, 2017-03-28)",REAL
40100,MESSINA,IT,ITA,38.2,15.566667,S,CB,"NGA World Port Index (HDX mirror, 2017-03-28)",REAL
40110,MILAZZO,IT,ITA,38.216667,15.25,M,OR,"NGA World Port Index (HDX mirror, 2017-03-28)",REAL
40115,GIOIA TAURO,IT,ITA,38.416667,15.9,S,LC,"NGA World Port Index (HDX mirror, 2017-03-28)",REAL
40130,PORTO DI PALERMO,IT,ITA,38.133333,13.366667,S,CB,"NGA World Port Index (HDX mirror, 2017-03-28)",REAL
40150,TRAPANI,IT,ITA,38.016667,12.5,V,CB,"NGA World Port Index (HDX mirror, 2017-03-28)",REAL
40170,MARSALA,IT,ITA,37.783333,12.433333,S,CB,"NGA World Port Index (HDX mirror, 2017-03-28)",REAL
40180,MAZARA DEL VALLO,IT,ITA,37.65,12.583333,V,CT,"NGA World Port Index (HDX mirror, 2017-03-28)",REAL
40200,PORTO EMPEDOCLE,IT,ITA,37.283333,13.533333,V,CB,"NGA World Port Index (HDX mirror, 2017-03-28)",REAL
40210,LICATA,IT,ITA,37.1,13.933333,V,CB,"NGA World Port Index (HDX mirror, 2017-03-28)",REAL
40220,GELA,IT,ITA,37.066667,14.25,V,CB,"NGA World Port Index (HDX mirror, 2017-03-28)",REAL
40230,POZZALLO,IT,ITA,36.716667,14.85,V,OR,"NGA World Port Index (HDX mirror, 2017-03-28)",REAL
40240,SIRACUSA,IT,ITA,37.05,15.283333,L,CB,"NGA World Port Index (HDX mirror, 2017-03-28)",REAL
40250,AUGUSTA,IT,ITA,37.216667,15.233333,S,CB,"NGA World Port Index (HDX mirror, 2017-03-28)",REAL
40270,CATANIA,IT,ITA,37.5,15.1,S,CB,"NGA World Port Index (HDX mirror, 2017-03-28)",REAL
40300,LIPARI,IT,ITA,38.483333,14.966667,V,CN,"NGA World Port Index (HDX mirror, 2017-03-28)",REAL
40330,VALLETTA HARBORS,MT,MLT,35.9,14.516667,M,CN,"NGA World Port Index (HDX mirror, 2017-03-28)",REAL
40340,MARSAXLOKK,MT,MLT,35.816667,14.55,S,CN,"NGA World Port Index (HDX mirror, 2017-03-28)",REAL
40440,CROTONE,IT,ITA,39.083333,17.133333,S,CB,"NGA World Port Index (HDX mirror, 2017-03-28)",REAL
40470,TARANTO,IT,ITA,40.466667,17.2,L,CB,"NGA World Port Index (HDX mirror, 2017-03-28)",REAL
40480,GALLIPOLI,IT,ITA,40.05,17.983333,M,CB,"NGA World Port Index (HDX mirror, 2017-03-28)",REAL
40490,OTRANTO,IT,ITA,40.15,18.5,V,CB,"NGA World Port Index (HDX mirror, 2017-03-28)",REAL
40510,MONOPOLI,IT,ITA,40.95,17.3,S,CB,"NGA World Port Index (HDX mirror, 2017-03-28)",REAL
40530,BARI,IT,ITA,41.133333,16.866667,M,CB,"NGA World Port Index (HDX mirror, 2017-03-28)",REAL
39261,PORTO DI ORISTANO,IT,ITA,39.866667,8.55,S,CN,"NGA World Port Index (HDX mirror, 2017-03-28)",REAL
39310,PORTO TORRES,IT,ITA,40.833333,8.4,S,CB,"NGA World Port Index (HDX mirror, 2017-03-28)",REAL
39360,SAN REMO,IT,ITA,43.816667,7.783333,V,CT,"NGA World Port Index (HDX mirror, 2017-03-28)",REAL
39370,IMPERIA,IT,ITA,43.883333,8.033333,S,CB,"NGA World Port Index (HDX mirror, 2017-03-28)",REAL
39420,RADA DI VADO,IT,ITA,44.266667,8.433333,M,OR,"NGA World Port Index (HDX mirror, 2017-03-28)",REAL
39440,SAVONA,IT,ITA,44.316667,8.5,S,CB,"NGA World Port Index (HDX mirror, 2017-03-28)",REAL
39470,GENOVA,IT,ITA,44.4,8.933333,L,CB,"NGA World Port Index (HDX mirror, 2017-03-28)",REAL
39520,LA SPEZIA,IT,ITA,44.1,9.833333,M,CB,"NGA World Port Index (HDX mirror, 2017-03-28)",REAL
39550,MARINA DI CARRARA,IT,ITA,44.033333,10.033333,V,CB,"NGA World Port Index (HDX mirror, 2017-03-28)",REAL
39590,LIVORNO,IT,ITA,43.55,10.316667,S,CB,"NGA World Port Index (HDX mirror, 2017-03-28)",REAL
39610,VADA,IT,ITA,43.35,10.45,V,OR,"NGA World Port Index (HDX mirror, 2017-03-28)",REAL
53282,VANIMO,PG,,-2.683333,141.133333,S,CN,"NGA World Port Index (HDX mirror, 2017-03-28)",REAL
53300,THURSDAY ISLAND,AU,AUS,-10.583333,142.216667,S,CN,"NGA World Port Index (HDX mirror, 2017-03-28)",REAL
53340,CAIRNS,AU,AUS,-16.916667,145.783333,S,RN,"NGA World Port Index (HDX mirror, 2017-03-28)",REAL
53360,MOURILYAN HARBOUR,AU,AUS,-17.6,146.133333,S,CN,"NGA World Port Index (HDX mirror, 2017-03-28)",REAL
53370,LUCINDA,AU,AUS,-18.516667,146.333333,V,OR,"NGA World Port Index (HDX mirror, 2017-03-28)",REAL
53380,TOWNSVILLE,AU,AUS,-19.266667,146.816667,S,CB,"NGA World Port Index (HDX mirror, 2017-03-28)",REAL
53400,MACKAY,AU,AUS,-21.116667,149.216667,S,CB,"NGA World Port Index (HDX mirror, 2017-03-28)",REAL
53405,HAY POINT,AU,AUS,-21.283333,149.3,S,OR,"NGA World Port Index (HDX mirror, 2017-03-28)",REAL
53440,PORT ALMA,AU,AUS,-23.583333,150.85,V,RN,"NGA World Port Index (HDX mirror, 2017-03-28)",REAL
53450,GLADSTONE,AU,AUS,-23.85,151.25,S,RN,"NGA World Port Index (HDX mirror, 2017-03-28)",REAL
53460,BUNDABERG,AU,AUS,-24.866667,152.35,V,RN,"NGA World Port Index (HDX mirror, 2017-03-28)",REAL
53490,BRISBANE,AU,AUS,-27.466667,153.033333,L,RN,"NGA World Port Index (HDX mirror, 2017-03-28)",REAL
53050,SAILOLOF,ID,,-1.25,130.75,V,CN,"NGA World Port Index (HDX mirror, 2017-03-28)",REAL
52260,BAUBAU,ID,,-5.466667,122.616667,V,CN,"NGA World Port Index (HDX mirror, 2017-03-28)",REAL
52270,RAHA ROADSTEAD,ID,,-4.85,122.733333,V,OR,"NGA World Port Index (HDX mirror, 2017-03-28)",REAL
52295,POMALAA,ID,,-4.166667,121.6,V,CN,"NGA World Port Index (HDX mirror, 2017-03-28)",REAL
52320,UJUNG PANDANG,ID,,-5.133333,119.4,M,CB,"NGA World Port Index (HDX mirror, 2017-03-28)",REAL
52350,DONGGALA,ID,,-0.65,119.733333,V,OR,"NGA World Port Index (HDX mirror, 2017-03-28)",REAL
52440,TAHUNA,ID,,3.616667,125.483333,V,CN,"NGA World Port Index (HDX mirror, 2017-03-28)",REAL
52510,TERNATE,ID,,0.783333,127.383333,V,OR,"NGA World Port Index (HDX mirror, 2017-03-28)",REAL
52523,LABUHA,ID,,-0.633333,127.466667,V,OR,"NGA World Port Index (HDX mirror, 2017-03-28)",REAL
52680,BULA,ID,,-3.1,130.5,V,OR,"NGA World Port Index (HDX mirror, 2017-03-28)",REAL
52695,SALAWATI,ID,,-1.35,130.983333,S,RN,"NGA World Port Index (HDX mirror, 2017-03-28)",REAL
52720,AMBON,ID,,-3.683333,128.166667,S,CN,"NGA World Port Index (HDX mirror, 2017-03-28)",REAL
52760,NAMLEA,ID,,-3.283333,127.083333,V,CN,"NGA World Port Index (HDX mirror, 2017-03-28)",REAL
52870,SAUMLAKI,ID,,-7.983333,131.3,V,CN,"NGA World Port Index (HDX mirror, 2017-03-28)",REAL
52940,SERUI,ID,,-1.9,136.25,V,CN,"NGA World Port Index (HDX mirror, 2017-03-28)",REAL
53010,MANOKWARI ROAD,ID,,-0.866667,134.083333,V,CN,"NGA World Port Index (HDX mirror, 2017-03-28)",REAL
52235,MANGKASA OIL TERMINAL,ID,,-2.733333,121.066667,S,OR,"NGA World Port Index (HDX mirror, 2017-03-28)",REAL
52240,KENDARI,ID,,-3.966667,122.583333,V,CN,"NGA World Port Index (HDX mirror, 2017-03-28)",REAL
53045,KASIM TERMINAL,ID,,-1.3,131.016667,L,OR,"NGA World Port Index (HDX mirror, 2017-03-28)",REAL
51585,BINTULU PORT,MY,,3.266667,113.066667,S,CB,"NGA World Port Index (HDX mirror, 2017-03-28)",REAL
51590,MIRI,MY,,4.383333,113.966667,S,RN,"NGA World Port Index (HDX mirror, 2017-03-28)",REAL
51600,LUTONG,MY,,4.466667,114.0,S,OR,"NGA World Port Index (HDX mirror, 2017-03-28)",REAL
51620,MUARA HARBOR,BN,,5.033333,115.066667,S,CN,"NGA World Port Index (HDX mirror, 2017-03-28)",REAL
51630,BANDAR SERI BEGAWAN,BN,,4.883333,114.883333,S,RN,"NGA World Port Index (HDX mirror, 2017-03-28)",REAL
51645,SERIA OIL LOADING TERMINAL,BN,,4.616667,114.316667,V,OR,"NGA World Port Index (HDX mirror, 2017-03-28)",REAL
39740,PORTOVECCHIO DI PIOMBINO,IT,ITA,42.933333,10.55,V,CB,"NGA World Port Index (HDX mirror, 2017-03-28)",REAL
39790,PORTO SANTO STEFANO,IT,ITA,42.433333,11.116667,V,CB,"NGA World Port Index (HDX mirror, 2017-03-28)",REAL
39810,CIVITAVECCHIA,IT,ITA,42.1,11.783333,M,CB,"NGA World Port Index (HDX mirror, 2017-03-28)",REAL
39820,FIUMICINO,IT,ITA,41.766667,12.233333,V,LC,"NGA World Port Index (HDX mirror, 2017-03-28)",REAL
39830,ANZIO,IT,ITA,41.45,12.633333,V,CB,"NGA World Port Index (HDX mirror, 2017-03-28)",REAL
39860,GAETA,IT,ITA,41.2,13.583333,S,CB,"NGA World Port Index (HDX mirror, 2017-03-28)",REAL
39940,POZZUOLI,IT,ITA,40.816667,14.116667,V,CB,"NGA World Port Index (HDX mirror, 2017-03-28)",REAL
39950,BAGNOLI,IT,ITA,40.816667,14.166667,S,OR,"NGA World Port Index (HDX mirror, 2017-03-28)",REAL
39960,NAPOLI,IT,ITA,40.85,14.266667,L,CB,"NGA World Port Index (HDX mirror, 2017-03-28)",REAL
39250,CARLOFORTE,IT,ITA,39.15,8.316667,V,CB,"NGA World Port Index (HDX mirror, 2017-03-28)",REAL
39260,PORTO VESME,IT,ITA,39.2,8.4,V,CB,"NGA World Port Index (HDX mirror, 2017-03-28)",REAL
38670,PUERTO DE ALCUDIA,ES,ESP,39.833333,3.133333,V,CB,"NGA World Port Index (HDX mirror, 2017-03-28)",REAL
38690,MAHON,ES,ESP,39.883333,4.266667,V,RB,"NGA World Port Index (HDX mirror, 2017-03-28)",REAL
38590,ROSAS,ES,ESP,42.266667,3.183333,V,CN,"NGA World Port Index (HDX mirror, 2017-03-28)",REAL
38720,PORT-VENDRES,FR,FRA,42.516667,3.116667,S,CB,"NGA World Port Index (HDX mirror, 2017-03-28)",REAL
38730,PORT-LA-NOUVELLE,FR,FRA,43.016667,3.066667,S,LC,"NGA World Port Index (HDX mirror, 2017-03-28)",REAL
38750,SETE,FR,FRA,43.4,3.7,S,CB,"NGA World Port Index (HDX mirror, 2017-03-28)",REAL
38770,PORT SAINT LOUIS DU RHONE,FR,FRA,43.383333,4.816667,S,LC,"NGA World Port Index (HDX mirror, 2017-03-28)",REAL
38775,FOS,FR,FRA,43.416667,4.883333,V,CB,"NGA World Port Index (HDX mirror, 2017-03-28)",REAL
38780,PORT-DE-BOUC,FR,FRA,43.4,4.983333,S,CB,"NGA World Port Index (HDX mirror, 2017-03-28)",REAL
38810,MARSEILLE,FR,FRA,43.316667,5.366667,S,CB,"NGA World Port Index (HDX mirror, 2017-03-28)",REAL
38920,SAINT-TROPEZ,FR,FRA,43.266667,6.633333,V,CB,"NGA World Port Index (HDX mirror, 2017-03-28)",REAL
38940,SAINT-RAPHAEL,FR,FRA,43.416667,6.766667,V,CB,"NGA World Port Index (HDX mirror, 2017-03-28)",REAL
38960,CANNES,FR,FRA,43.55,7.016667,S,CN,"NGA World Port Index (HDX mirror, 2017-03-28)",REAL
38980,ANTIBES,FR,FRA,43.583333,7.133333,V,CB,"NGA World Port Index (HDX mirror, 2017-03-28)",REAL
38990,NICE,FR,FRA,43.7,7.283333,S,CB,"NGA World Port Index (HDX mirror, 2017-03-28)",REAL
39000,VILLEFRANCHE,FR,FRA,43.7,7.316667,V,CB,"NGA World Port Index (HDX mirror, 2017-03-28)",REAL
39025,MONACO,MC,,43.733333,7.416667,V,CB,"NGA World Port Index (HDX mirror, 2017-03-28)",REAL
39060,BASTIA,FR,FRA,42.7,9.45,V,CB,"NGA World Port Index (HDX mirror, 2017-03-28)",REAL
39080,BONIFACIO,FR,FRA,41.383333,9.166667,V,CN,"NGA World Port Index (HDX mirror, 2017-03-28)",REAL
39090,PORT DE PROPRIANO,FR,FRA,41.683333,8.9,V,CB,"NGA World Port Index (HDX mirror, 2017-03-28)",REAL
39100,PORT D' AJACCIO,FR,FRA,41.916667,8.75,S,CB,"NGA World Port Index (HDX mirror, 2017-03-28)",REAL
39110,CALVI,FR,FRA,42.566667,8.75,V,CN,"NGA World Port Index (HDX mirror, 2017-03-28)",REAL
39120,L'ILE ROUSSE,FR,FRA,42.633333,8.933333,V,CB,"NGA World Port Index (HDX mirror, 2017-03-28)",REAL
39140,LA MADDALENA,IT,ITA,41.2,9.416667,S,CN,"NGA World Port Index (HDX mirror, 2017-03-28)",REAL
39180,OLBIA,IT,ITA,40.916667,9.5,S,CN,"NGA World Port Index (HDX mirror, 2017-03-28)",REAL
39190,ARBATAX,IT,ITA,39.933333,9.7,V,CB,"NGA World Port Index (HDX mirror, 2017-03-28)",REAL
39210,CAGLIARI,IT,ITA,39.216667,9.116667,S,CB,"NGA World Port Index (HDX mirror, 2017-03-28)",REAL
39215,SARROCH OIL TERMINAL,IT,ITA,39.083333,9.033333,M,OR,"NGA World Port Index (HDX mirror, 2017-03-28)",REAL
51680,VICTORIA,MY,,5.283333,115.233333,S,CN,"NGA World Port Index (HDX mirror, 2017-03-28)",REAL
51690,KOTA KINABALU,MY,,5.983333,116.066667,M,CN,"NGA World Port Index (HDX mirror, 2017-03-28)",REAL
51710,KUDAT,MY,,6.883333,116.85,V,OR,"NGA World Port Index (HDX mirror, 2017-03-28)",REAL
51720,PELABUHAN SANDAKAN,MY,,5.833333,118.116667,S,CN,"NGA World Port Index (HDX mirror, 2017-03-28)",REAL
51730,LAHAD DATU,MY,,5.016667,118.316667,V,CN,"NGA World Port Index (HDX mirror, 2017-03-28)",REAL
51770,TANJUNG ARANG  (BUNYU),ID,,3.466667,117.833333,V,CN,"NGA World Port Index (HDX mirror, 2017-03-28)",REAL
51780,LINGKAS,ID,,3.283333,117.6,S,OR,"NGA World Port Index (HDX mirror, 2017-03-28)",REAL
51800,TANJUNGREDEB,ID,,2.15,117.483333,S,RN,"NGA World Port Index (HDX mirror, 2017-03-28)",REAL
51810,BENOA,ID,,0.983333,117.966667,V,RN,"NGA World Port Index (HDX mirror, 2017-03-28)",REAL
51811,BONTANG LNG TERMINAL,ID,,0.1,117.483333,V,CN,"NGA World Port Index (HDX mirror, 2017-03-28)",REAL
51815,TANJUNG SANTAN,ID,,-0.1,117.533333,V,CN,"NGA World Port Index (HDX mirror, 2017-03-28)",REAL
51820,SAMARINDA,ID,,-0.516667,117.116667,V,RN,"NGA World Port Index (HDX mirror, 2017-03-28)",REAL
51830,SENIPAH OIL TERMINAL,ID,,-0.95,117.166667,V,OR,"NGA World Port Index (HDX mirror, 2017-03-28)",REAL
51840,BALIKPAPAN,ID,,-1.25,116.816667,S,CN,"NGA World Port Index (HDX mirror, 2017-03-28)",REAL
51845,LAWI LAWI OIL TERMINAL,ID,,-1.45,116.766667,S,OR,"NGA World Port Index (HDX mirror, 2017-03-28)",REAL
51850,GUNUNG BATU BESAR,ID,,-2.616667,116.3,V,RN,"NGA World Port Index (HDX mirror, 2017-03-28)",REAL
51860,KOTA BARU,ID,,-3.233333,116.216667,V,CN,"NGA World Port Index (HDX mirror, 2017-03-28)",REAL
51890,BANJARMASIN,ID,,-3.333333,114.583333,V,RN,"NGA World Port Index (HDX mirror, 2017-03-28)",REAL
51920,KUMAI,ID,,-2.75,111.716667,V,RN,"NGA World Port Index (HDX mirror, 2017-03-28)",REAL
51941,PONTIANAK,ID,,-0.016667,109.333333,V,RN,"NGA World Port Index (HDX mirror, 2017-03-28)",REAL
52040,MANADO,ID,,1.5,124.833333,S,CN,"NGA World Port Index (HDX mirror, 2017-03-28)",REAL
52090,GORONTALO,ID,,0.5,123.05,V,OR,"NGA World Port Index (HDX mirror, 2017-03-28)",REAL
52140,POSO,ID,,-1.366667,120.75,V,OR,"NGA World Port Index (HDX mirror, 2017-03-28)",REAL
52230,KOLONODALE,ID,,-1.983333,121.333333,V,CN,"NGA World Port Index (HDX mirror, 2017-03-28)",REAL
51560,KUCHING,MY,,1.566667,110.35,S,RN,"NGA World Port Index (HDX mirror, 2017-03-28)",REAL
51580,SIBU,MY,,2.283333,111.816667,V,RN,"NGA World Port Index (HDX mirror, 2017-03-28)",REAL
51583,SARIKEI,MY,,2.133333,111.533333,V,RN,"NGA World Port Index (HDX mirror, 2017-03-28)",REAL
50805,SUNGAIPAKNING,ID,,1.35,102.166667,S,CN,"NGA World Port Index (HDX mirror, 2017-03-28)",REAL
50910,FLYING FISH COVE,CX,,-10.416667,105.7,M,CN,"NGA World Port Index (HDX mirror, 2017-03-28)",REAL
50925,BANTEN,ID,,-6.016667,105.966667,V,OR,"NGA World Port Index (HDX mirror, 2017-03-28)",REAL
50930,ANYER LOR,ID,,-6.05,105.916667,V,OR,"NGA World Port Index (HDX mirror, 2017-03-28)",REAL
50935,TANJUNG SEKONG,ID,,-5.916667,106.0,V,CN,"NGA World Port Index (HDX mirror, 2017-03-28)",REAL
50970,JAKARTA,ID,,-6.1,106.883333,L,CB,"NGA World Port Index (HDX mirror, 2017-03-28)",REAL
51010,CIREBON,ID,,-6.716667,108.566667,V,CB,"NGA World Port Index (HDX mirror, 2017-03-28)",REAL
38630,PALMA DE MALLORCA,ES,ESP,39.566667,2.633333,M,CB,"NGA World Port Index (HDX mirror, 2017-03-28)",REAL
39220,PORTO PONTE ROMANO,IT,ITA,39.05,8.466667,V,OR,"NGA World Port Index (HDX mirror, 2017-03-28)",REAL
38150,SANTA CRUZ DE LA PALMA,ES,ESP,28.683333,-17.75,V,CB,"NGA World Port Index (HDX mirror, 2017-03-28)",REAL
38160,SANTA CRUZ DE TENERIFE,ES,ESP,28.466667,-16.233333,M,CB,"NGA World Port Index (HDX mirror, 2017-03-28)",REAL
38170,LAS PALMAS,ES,ESP,28.15,-15.416667,L,CB,"NGA World Port Index (HDX mirror, 2017-03-28)",REAL
38180,PUERTO DEL ROSARIO,ES,ESP,28.5,-13.85,V,CB,"NGA World Port Index (HDX mirror, 2017-03-28)",REAL
38190,ARRECIFE,ES,ESP,28.95,-13.533333,V,CB,"NGA World Port Index (HDX mirror, 2017-03-28)",REAL
38220,HUELVA,ES,ESP,37.25,-6.95,M,RN,"NGA World Port Index (HDX mirror, 2017-03-28)",REAL
38270,SEVILLA,ES,ESP,37.366667,-6.0,M,LC,"NGA World Port Index (HDX mirror, 2017-03-28)",REAL
38280,ROTA,ES,ESP,36.616667,-6.333333,V,CB,"NGA World Port Index (HDX mirror, 2017-03-28)",REAL
38290,CADIZ,ES,ESP,36.533333,-6.3,M,CB,"NGA World Port Index (HDX mirror, 2017-03-28)",REAL
38310,ALGECIRAS,ES,ESP,36.133333,-5.433333,S,CB,"NGA World Port Index (HDX mirror, 2017-03-28)",REAL
38330,EUROPA POINT,GI,,36.133333,-5.35,M,CB,"NGA World Port Index (HDX mirror, 2017-03-28)",REAL
38370,MALAGA,ES,ESP,36.716667,-4.416667,M,CB,"NGA World Port Index (HDX mirror, 2017-03-28)",REAL
38375,MOTRIL,ES,ESP,36.75,-3.516667,V,CB,"NGA World Port Index (HDX mirror, 2017-03-28)",REAL
38380,ADRA,ES,ESP,36.733333,-3.033333,V,CB,"NGA World Port Index (HDX mirror, 2017-03-28)",REAL
38390,ALMERIA,ES,ESP,36.833333,-2.466667,S,CB,"NGA World Port Index (HDX mirror, 2017-03-28)",REAL
38395,PUERTO DE CARBONERAS,ES,ESP,37.0,-1.883333,S,CB,"NGA World Port Index (HDX mirror, 2017-03-28)",REAL
38410,AGUILAS,ES,ESP,37.4,-1.566667,V,CN,"NGA World Port Index (HDX mirror, 2017-03-28)",REAL
38420,HORNILLO,ES,ESP,37.4,-1.55,V,CN,"NGA World Port Index (HDX mirror, 2017-03-28)",REAL
38430,CARTAGENA,ES,ESP,37.583333,-0.983333,S,CB,"NGA World Port Index (HDX mirror, 2017-03-28)",REAL
38435,TORREVIEJA,ES,ESP,37.966667,-0.683333,V,CB,"NGA World Port Index (HDX mirror, 2017-03-28)",REAL
38440,ALICANTE,ES,ESP,38.333333,-0.483333,M,CB,"NGA World Port Index (HDX mirror, 2017-03-28)",REAL
38460,PUERTO DE GANDIA,ES,ESP,39.0,-0.15,V,CB,"NGA World Port Index (HDX mirror, 2017-03-28)",REAL
38480,VALENCIA,ES,ESP,39.45,-0.316667,M,CB,"NGA World Port Index (HDX mirror, 2017-03-28)",REAL
38490,SAGUNTO,ES,ESP,39.65,-0.216667,V,CB,"NGA World Port Index (HDX mirror, 2017-03-28)",REAL
38495,BURRIANA,ES,ESP,39.883333,-0.05,V,RN,"NGA World Port Index (HDX mirror, 2017-03-28)",REAL
38500,EL GRAO,ES,ESP,39.966667,0.016667,V,CB,"NGA World Port Index (HDX mirror, 2017-03-28)",REAL
38540,TARRAGONA,ES,ESP,41.1,1.233333,L,CB,"NGA World Port Index (HDX mirror, 2017-03-28)",REAL
38550,BARCELONA,ES,ESP,41.35,2.166667,L,CB,"NGA World Port Index (HDX mirror, 2017-03-28)",REAL
38570,SAN FELIU DE GUIXOLS,ES,ESP,41.783333,3.033333,V,CB,"NGA World Port Index (HDX mirror, 2017-03-28)",REAL
38580,PALAMOS,ES,ESP,41.833333,3.116667,S,CB,"NGA World Port Index (HDX mirror, 2017-03-28)",REAL
38130,FUNCHAL,PT,PRT,32.633333,-16.916667,L,CB,"NGA World Port Index (HDX mirror, 2017-03-28)",REAL
37290,PUERTO DE PASAJES,ES,ESP,43.333333,-1.933333,M,RN,"NGA World Port Index (HDX mirror, 2017-03-28)",REAL
37350,BERMEO,ES,ESP,43.416667,-2.716667,V,CB,"NGA World Port Index (HDX mirror, 2017-03-28)",REAL
37400,PUERTO DE BILBAO,ES,ESP,43.35,-3.05,M,CB,"NGA World Port Index (HDX mirror, 2017-03-28)",REAL
37470,SANTANDER,ES,ESP,43.466667,-3.783333,M,RN,"NGA World Port Index (HDX mirror, 2017-03-28)",REAL
37560,GIJON,ES,ESP,43.55,-5.666667,S,CB,"NGA World Port Index (HDX mirror, 2017-03-28)",REAL
12740,PORTO DE SUAPE,BR,BRA,-8.4,-34.966667,S,CB,"NGA World Port Index (HDX mirror, 2017-03-28)",REAL
51020,TEGAL,ID,,-6.85,109.133333,V,OR,"NGA World Port Index (HDX mirror, 2017-03-28)",REAL
51030,PEKALONGAN,ID,,-6.85,109.7,V,OR,"NGA World Port Index (HDX mirror, 2017-03-28)",REAL
51040,SEMARANG,ID,,-6.95,110.416667,S,OR,"NGA World Port Index (HDX mirror, 2017-03-28)",REAL
51070,REMBANG,ID,,-6.7,111.35,V,OR,"NGA World Port Index (HDX mirror, 2017-03-28)",REAL
51100,TUBAN,ID,,-6.733333,112.15,V,OR,"NGA World Port Index (HDX mirror, 2017-03-28)",REAL
51130,SURABAYA,ID,,-7.2,112.733333,M,CB,"NGA World Port Index (HDX mirror, 2017-03-28)",REAL
51200,PANARUKAN,ID,,-7.7,113.933333,V,CN,"NGA World Port Index (HDX mirror, 2017-03-28)",REAL
51220,CILACAP,ID,,-7.733333,109.0,L,CN,"NGA World Port Index (HDX mirror, 2017-03-28)",REAL
51260,BENOA,ID,,-8.75,115.216667,V,CN,"NGA World Port Index (HDX mirror, 2017-03-28)",REAL
51290,LABUHANHAJI,ID,,-8.7,116.566667,V,OR,"NGA World Port Index (HDX mirror, 2017-03-28)",REAL
51320,MAUMERE,ID,,-8.616667,122.216667,V,OR,"NGA World Port Index (HDX mirror, 2017-03-28)",REAL
51330,LARANTUKA,ID,,-8.35,122.983333,V,OR,"NGA World Port Index (HDX mirror, 2017-03-28)",REAL
51340,ENDE,ID,,-8.833333,121.65,V,CN,"NGA World Port Index (HDX mirror, 2017-03-28)",REAL
51500,TAREMPAH,ID,,3.216667,106.216667,V,CN,"NGA World Port Index (HDX mirror, 2017-03-28)",REAL
50790,BENGKALIS,ID,,1.466667,102.1,V,CN,"NGA World Port Index (HDX mirror, 2017-03-28)",REAL
50010,PULAU BUKOM,SG,SGP,1.233333,103.766667,M,OR,"NGA World Port Index (HDX mirror, 2017-03-28)",REAL
50015,PULAU SEBAROK,SG,SGP,1.2,103.8,S,OR,"NGA World Port Index (HDX mirror, 2017-03-28)",REAL
50030,TANJUNGUBAN,ID,,1.066667,104.216667,V,CN,"NGA World Port Index (HDX mirror, 2017-03-28)",REAL
50040,TANJUNGPINANG,ID,,0.916667,104.45,V,OR,"NGA World Port Index (HDX mirror, 2017-03-28)",REAL
50045,KIJANG,ID,,0.85,104.6,V,RN,"NGA World Port Index (HDX mirror, 2017-03-28)",REAL
50060,PULAU SAMBU,ID,,1.166667,103.9,S,CN,"NGA World Port Index (HDX mirror, 2017-03-28)",REAL
50100,DABO,ID,,-0.5,104.566667,V,OR,"NGA World Port Index (HDX mirror, 2017-03-28)",REAL
50120,TOBOALI,ID,,-3.016667,106.45,V,OR,"NGA World Port Index (HDX mirror, 2017-03-28)",REAL
50140,MUNTOK,ID,,-2.066667,105.166667,V,CN,"NGA World Port Index (HDX mirror, 2017-03-28)",REAL
50210,PANGKALPINANG,ID,,-2.116667,106.133333,V,OR,"NGA World Port Index (HDX mirror, 2017-03-28)",REAL
50350,CINTA OIL TERMINAL,ID,,-5.5,106.233333,V,OR,"NGA World Port Index (HDX mirror, 2017-03-28)",REAL
50380,PANJANG,ID,,-5.466667,105.316667,V,CN,"NGA World Port Index (HDX mirror, 2017-03-28)",REAL
50450,TELUK BAYUR,ID,,-1.0,100.366667,V,OR,"NGA World Port Index (HDX mirror, 2017-03-28)",REAL
37600,AVILES,ES,ESP,43.6,-5.933333,S,LC,"NGA World Port Index (HDX mirror, 2017-03-28)",REAL
37670,RIBADEO,ES,ESP,43.533333,-7.033333,V,RN,"NGA World Port Index (HDX mirror, 2017-03-28)",REAL
37690,SAN CIPRIAN,ES,ESP,43.7,-7.433333,V,CN,"NGA World Port Index (HDX mirror, 2017-03-28)",REAL
37740,FERROL,ES,ESP,43.483333,-8.233333,M,RN,"NGA World Port Index (HDX mirror, 2017-03-28)",REAL
37770,LA CORUNA,ES,ESP,43.366667,-8.4,S,CN,"NGA World Port Index (HDX mirror, 2017-03-28)",REAL
37830,VILLAGARCIA DE AROSA,ES,ESP,42.6,-8.766667,V,CN,"NGA World Port Index (HDX mirror, 2017-03-28)",REAL
37860,MARIN,ES,ESP,42.4,-8.7,S,CB,"NGA World Port Index (HDX mirror, 2017-03-28)",REAL
37900,VIGO,ES,ESP,42.233333,-8.716667,M,CB,"NGA World Port Index (HDX mirror, 2017-03-28)",REAL
37940,VIANA DO CASTELO,PT,PRT,41.7,-8.833333,S,CT,"NGA World Port Index (HDX mirror, 2017-03-28)",REAL
37950,PORTO DE LEIXOES,PT,PRT,41.183333,-8.7,V,CB,"NGA World Port Index (HDX mirror, 2017-03-28)",REAL
37960,DOURO,PT,PRT,41.15,-8.666667,V,RN,"NGA World Port Index (HDX mirror, 2017-03-28)",REAL
37970,AVEIRO,PT,PRT,40.65,-8.65,M,RN,"NGA World Port Index (HDX mirror, 2017-03-28)",REAL
37980,FIGUEIRA DA FOZ,PT,PRT,40.15,-8.85,V,RN,"NGA World Port Index (HDX mirror, 2017-03-28)",REAL
37990,LISBOA,PT,PRT,38.7,-9.166667,L,RN,"NGA World Port Index (HDX mirror, 2017-03-28)",REAL
38000,SETUBAL,PT,PRT,38.516667,-8.9,S,RN,"NGA World Port Index (HDX mirror, 2017-03-28)",REAL
38005,SINES,PT,PRT,37.95,-8.866667,M,CB,"NGA World Port Index (HDX mirror, 2017-03-28)",REAL
38030,FARO,PT,PRT,37.033333,-7.933333,V,RN,"NGA World Port Index (HDX mirror, 2017-03-28)",REAL
38050,VILA REAL DE S ANTONIO,PT,PRT,37.183333,-7.4,V,RN,"NGA World Port Index (HDX mirror, 2017-03-28)",REAL
37190,BORDEAUX,FR,FRA,44.866667,-0.566667,L,RT,"NGA World Port Index (HDX mirror, 2017-03-28)",REAL
36040,SAINT HELIER HARBOUR,GB,GBR,49.183333,-2.116667,S,CB,"NGA World Port Index (HDX mirror, 2017-03-28)",REAL
36260,PAIMPOL,FR,FRA,48.783333,-3.05,V,RT,"NGA World Port Index (HDX mirror, 2017-03-28)",REAL
36460,RADE DE BREST,FR,FRA,48.383333,-4.5,L,CB,"NGA World Port Index (HDX mirror, 2017-03-28)",REAL
36620,CONCARNEAU,FR,FRA,47.866667,-3.916667,V,CB,"NGA World Port Index (HDX mirror, 2017-03-28)",REAL
36680,LORIENT,FR,FRA,47.75,-3.35,M,RN,"NGA World Port Index (HDX mirror, 2017-03-28)",REAL
36850,ST NAZAIRE,FR,FRA,47.283333,-2.2,M,RT,"NGA World Port Index (HDX mirror, 2017-03-28)",REAL
36860,DONGES,FR,FRA,47.3,-2.066667,S,RN,"NGA World Port Index (HDX mirror, 2017-03-28)",REAL
36900,NANTES,FR,FRA,47.2,-1.566667,M,RN,"NGA World Port Index (HDX mirror, 2017-03-28)",REAL
36960,LES SABLES D' OLONNE,FR,FRA,46.5,-1.8,M,RB,"NGA World Port Index (HDX mirror, 2017-03-28)",REAL
37000,LA PALLICE,FR,FRA,46.166667,-1.216667,M,CT,"NGA World Port Index (HDX mirror, 2017-03-28)",REAL
37010,LA ROCHELLE,FR,FRA,46.15,-1.15,M,CT,"NGA World Port Index (HDX mirror, 2017-03-28)",REAL
37040,ROCHEFORT,FR,FRA,45.933333,-0.95,M,RT,"NGA World Port Index (HDX mirror, 2017-03-28)",REAL
37050,TONNAY CHARENTE,FR,FRA,45.933333,-0.9,S,RN,"NGA World Port Index (HDX mirror, 2017-03-28)",REAL
37120,LE VERDON,FR,FRA,45.55,-1.05,S,RN,"NGA World Port Index (HDX mirror, 2017-03-28)",REAL
37150,PAUILLAC,FR,FRA,45.2,-0.75,S,RN,"NGA World Port Index (HDX mirror, 2017-03-28)",REAL
37160,BLAYE,FR,FRA,45.133333,-0.666667,S,RN,"NGA World Port Index (HDX mirror, 2017-03-28)",REAL
8895,CONVENT,US,USA,30.016667,-90.833333,S,RN,"NGA World Port Index (HDX mirror, 2017-03-28)",REAL
9235,DEER PARK,US,USA,29.75,-95.333333,V,RN,"NGA World Port Index (HDX mirror, 2017-03-28)",REAL
48055,AIN SUKHNA TERMINAL,EG,EGY,29.583333,32.366667,L,OR,"NGA World Port Index (HDX mirror, 2017-03-28)",REAL
48121,KING FAHD PORT,SA,SAU,23.95,38.216667,V,CB,"NGA World Port Index (HDX mirror, 2017-03-28)",REAL
48155,RAS ISA MARINE TERMINAL,YE,,15.133333,42.6,L,,"NGA World Port Index (HDX mirror, 2017-03-28)",REAL
57777,SHEKOU,CN,CHN,22.466667,113.866667,M,CN,"NGA World Port Index (HDX mirror, 2017-03-28)",REAL
50340,ARDJUNA OIL FIELD,ID,,-5.883333,107.716667,V,OR,"NGA World Port Index (HDX mirror, 2017-03-28)",REAL
60230,BAYUQUAN,CN,CHN,40.3,122.083333,V,OR,"NGA World Port Index (HDX mirror, 2017-03-28)",REAL
48730,PIPAVAV BANDAR,IN,IND,20.916667,71.516667,S,CN,"NGA World Port Index (HDX mirror, 2017-03-28)",REAL
58395,SUBIC BAY,PH,,14.8,120.266667,M,CN,"NGA World Port Index (HDX mirror, 2017-03-28)",REAL
57857,YANTIAN,CN,CHN,22.583333,114.266667,S,CN,"NGA World Port Index (HDX mirror, 2017-03-28)",REAL
8893,ST. JAMES,US,USA,29.983333,-90.933333,S,RN,"NGA World Port Index (HDX mirror, 2017-03-28)",REAL
62600,PETROPAVLOVSK,RU,,53.05,158.65,V,CN,"NGA World Port Index (HDX mirror, 2017-03-28)",REAL
62630,NIKOL SKOYE,RU,,55.2,165.983333,V,CN,"NGA World Port Index (HDX mirror, 2017-03-28)",REAL
62640,PROVIDENIYA,RU,,64.416667,-173.233333,V,CN,"NGA World Port Index (HDX mirror, 2017-03-28)",REAL
62660,AMBARCHIK,RU,,69.633333,162.316667,V,CN,"NGA World Port Index (HDX mirror, 2017-03-28)",REAL
62670,TIKSI,RU,,71.633333,128.866667,S,CN,"NGA World Port Index (HDX mirror, 2017-03-28)",REAL
62680,PEVEK,RU,,69.716667,170.3,V,CN,"NGA World Port Index (HDX mirror, 2017-03-28)",REAL
62695,PORT DIKSON,RU,,73.5,80.516667,V,CN,"NGA World Port Index (HDX mirror, 2017-03-28)",REAL
62710,UST-PORT,RU,,69.666667,84.433333,V,RN,"NGA World Port Index (HDX mirror, 2017-03-28)",REAL
62720,DUDINKA,RU,,69.4,86.166667,M,RN,"NGA World Port Index (HDX mirror, 2017-03-28)",REAL
62730,IGARKA,RU,,67.483333,86.6,S,RN,"NGA World Port Index (HDX mirror, 2017-03-28)",REAL
62740,MYS NOVYY PORT,RU,,67.666667,72.9,V,RN,"NGA World Port Index (HDX mirror, 2017-03-28)",REAL
62770,NAR YAN-MAR,RU,,67.65,53.0,V,RN,"NGA World Port Index (HDX mirror, 2017-03-28)",REAL
62775,MEZEN,RU,,65.833333,44.183333,S,CN,"NGA World Port Index (HDX mirror, 2017-03-28)",REAL
62800,ARKHANGELS'K,RU,,64.533333,40.533333,M,RN,"NGA World Port Index (HDX mirror, 2017-03-28)",REAL
50510,SIBOLGA,ID,,1.733333,98.766667,V,CN,"NGA World Port Index (HDX mirror, 2017-03-28)",REAL
50600,ULEELHEUE,ID,,5.566667,95.283333,V,OR,"NGA World Port Index (HDX mirror, 2017-03-28)",REAL
50610,SABANG,ID,,5.883333,95.316667,V,CB,"NGA World Port Index (HDX mirror, 2017-03-28)",REAL
50650,BLANGLANCANG,ID,,5.25,97.116667,V,OR,"NGA World Port Index (HDX mirror, 2017-03-28)",REAL
50700,PANGKALANSUSU,ID,,4.116667,98.216667,V,CN,"NGA World Port Index (HDX mirror, 2017-03-28)",REAL
49980,MUAR,MY,,2.05,102.566667,V,RN,"NGA World Port Index (HDX mirror, 2017-03-28)",REAL
50785,DUMAI,ID,,1.683333,101.45,M,RN,"NGA World Port Index (HDX mirror, 2017-03-28)",REAL
49290,TRINCOMALEE HARBOR,LK,,8.55,81.216667,M,CN,"NGA World Port Index (HDX mirror, 2017-03-28)",REAL
49300,KANKESANTURAI,LK,,9.816667,80.05,V,OR,"NGA World Port Index (HDX mirror, 2017-03-28)",REAL
49320,TUTICORIN,IN,IND,8.8,78.166667,S,CB,"NGA World Port Index (HDX mirror, 2017-03-28)",REAL
49350,NAGAPPATTINAM,IN,IND,10.766667,79.85,S,OR,"NGA World Port Index (HDX mirror, 2017-03-28)",REAL
49410,CUDDALORE,IN,IND,11.716667,79.766667,V,OR,"NGA World Port Index (HDX mirror, 2017-03-28)",REAL
49430,PONDICHERRY,IN,IND,11.933333,79.833333,V,OR,"NGA World Port Index (HDX mirror, 2017-03-28)",REAL
49450,CHENNAI (MADRAS),IN,IND,13.1,80.3,L,CB,"NGA World Port Index (HDX mirror, 2017-03-28)",REAL
49460,MACHILIPATNAM,IN,IND,16.15,81.166667,V,OR,"NGA World Port Index (HDX mirror, 2017-03-28)",REAL
49470,KAKINADA BAY,IN,IND,17.0,82.316667,V,CB,"NGA World Port Index (HDX mirror, 2017-03-28)",REAL
49480,VISHAKHAPATNAM,IN,IND,17.683333,83.3,M,CB,"NGA World Port Index (HDX mirror, 2017-03-28)",REAL
49535,PARADIP,IN,IND,20.266667,86.683333,S,CB,"NGA World Port Index (HDX mirror, 2017-03-28)",REAL
49555,HALDIA PORT,IN,IND,22.016667,88.083333,V,RN,"NGA World Port Index (HDX mirror, 2017-03-28)",REAL
49560,CALCUTTA,IN,IND,22.55,88.333333,L,RN,"NGA World Port Index (HDX mirror, 2017-03-28)",REAL
49580,MONGLA,BD,,22.466667,89.6,S,RN,"NGA World Port Index (HDX mirror, 2017-03-28)",REAL
49590,CHITTAGONG,BD,,22.316667,91.816667,M,RN,"NGA World Port Index (HDX mirror, 2017-03-28)",REAL
49620,SITTWE,MM,,20.133333,92.9,S,OR,"NGA World Port Index (HDX mirror, 2017-03-28)",REAL
49640,BASSEIN,MM,,16.783333,94.733333,S,RN,"NGA World Port Index (HDX mirror, 2017-03-28)",REAL
49650,RANGOON,MM,,16.766667,96.166667,S,RN,"NGA World Port Index (HDX mirror, 2017-03-28)",REAL
49660,MOULMEIN HARBOR,MM,,16.483333,97.616667,S,RN,"NGA World Port Index (HDX mirror, 2017-03-28)",REAL
49690,MERGUI,MM,,12.433333,98.6,S,RN,"NGA World Port Index (HDX mirror, 2017-03-28)",REAL
49720,PORT BLAIR,IN,IND,11.683333,92.75,S,CN,"NGA World Port Index (HDX mirror, 2017-03-28)",REAL
49770,PHUKET,TH,,7.833333,98.4,S,OR,"NGA World Port Index (HDX mirror, 2017-03-28)",REAL
49780,KRABI,TH,,8.066667,98.916667,V,RN,"NGA World Port Index (HDX mirror, 2017-03-28)",REAL
49790,KANTANG HARBOR,TH,,7.4,99.516667,V,RN,"NGA World Port Index (HDX mirror, 2017-03-28)",REAL
49930,PORT KLANG,MY,,3.0,101.4,L,CN,"NGA World Port Index (HDX mirror, 2017-03-28)",REAL
49960,PORT DICKSON,MY,,2.533333,101.783333,M,OR,"NGA World Port Index (HDX mirror, 2017-03-28)",REAL
37170,AMBES,FR,FRA,45.016667,-0.533333,S,RN,"NGA World Port Index (HDX mirror, 2017-03-28)",REAL
35415,TEIGNMOUTH HARBOUR,GB,GBR,50.55,-3.5,V,RN,"NGA World Port Index (HDX mirror, 2017-03-28)",REAL
35440,BRIDPORT HARBOUR,GB,GBR,50.716667,-2.766667,V,CB,"NGA World Port Index (HDX mirror, 2017-03-28)",REAL
35480,POOLE HARBOUR,GB,GBR,50.683333,-1.95,S,RN,"NGA World Port Index (HDX mirror, 2017-03-28)",REAL
35580,SOUTHAMPTON,GB,GBR,50.9,-1.4,L,RB,"NGA World Port Index (HDX mirror, 2017-03-28)",REAL
35630,SHOREHAM HARBOUR,GB,GBR,50.816667,-0.25,V,LC,"NGA World Port Index (HDX mirror, 2017-03-28)",REAL
35730,DUNKERQUE PORT EST,FR,FRA,51.05,2.383333,M,RT,"NGA World Port Index (HDX mirror, 2017-03-28)",REAL
35760,BOULOGNE-SUR-MER,FR,FRA,50.733333,1.6,M,RT,"NGA World Port Index (HDX mirror, 2017-03-28)",REAL
35830,FECAMP,FR,FRA,49.766667,0.366667,S,LC,"NGA World Port Index (HDX mirror, 2017-03-28)",REAL
35860,HONFLEUR,FR,FRA,49.416667,0.216667,V,RT,"NGA World Port Index (HDX mirror, 2017-03-28)",REAL
35950,RADE DE CHERBOURG,FR,FRA,49.65,-1.633333,L,CT,"NGA World Port Index (HDX mirror, 2017-03-28)",REAL
35390,DARTMOUTH HARBOUR,GB,GBR,50.35,-3.616667,S,RN,"NGA World Port Index (HDX mirror, 2017-03-28)",REAL
34850,FISHGUARD,GB,GBR,52.016667,-4.983333,S,CB,"NGA World Port Index (HDX mirror, 2017-03-28)",REAL
34880,MILFORD HAVEN,GB,GBR,51.716667,-5.033333,M,RN,"NGA World Port Index (HDX mirror, 2017-03-28)",REAL
34950,SWANSEA,GB,GBR,51.616667,-3.95,S,RT,"NGA World Port Index (HDX mirror, 2017-03-28)",REAL
62810,SEVERODVINSK,RU,,64.566667,39.783333,S,CN,"NGA World Port Index (HDX mirror, 2017-03-28)",REAL
62820,ONEGA,RU,,63.9,38.1,V,RN,"NGA World Port Index (HDX mirror, 2017-03-28)",REAL
62830,BELOMORSK,RU,,64.533333,34.8,S,CN,"NGA World Port Index (HDX mirror, 2017-03-28)",REAL
62840,RABOCHEOSTROVSK,RU,,64.983333,34.783333,S,CN,"NGA World Port Index (HDX mirror, 2017-03-28)",REAL
62860,KERET,RU,,66.283333,33.566667,S,CN,"NGA World Port Index (HDX mirror, 2017-03-28)",REAL
62870,KOVDA,RU,,66.683333,32.866667,V,CN,"NGA World Port Index (HDX mirror, 2017-03-28)",REAL
62890,KANDALAKSHA,RU,,67.133333,32.416667,V,RN,"NGA World Port Index (HDX mirror, 2017-03-28)",REAL
62900,BOLSHAYA PIRYU GUBA,RU,,66.666667,34.366667,S,CN,"NGA World Port Index (HDX mirror, 2017-03-28)",REAL
62910,OSTROVNOY GREMIKHA,RU,,68.05,39.516667,S,CN,"NGA World Port Index (HDX mirror, 2017-03-28)",REAL
62950,MURMANSK,RU,,68.983333,33.05,L,RN,"NGA World Port Index (HDX mirror, 2017-03-28)",REAL
62970,MYS ABRAM,RU,,68.983333,33.033333,V,CN,"NGA World Port Index (HDX mirror, 2017-03-28)",REAL
63070,ELLEFSEN HARBOR,AQ,,-60.733333,-45.033333,V,CN,"NGA World Port Index (HDX mirror, 2017-03-28)",REAL
63080,SCOTIA BAY,AQ,,-60.75,-44.716667,V,CN,"NGA World Port Index (HDX mirror, 2017-03-28)",REAL
63090,ADMIRALTY BAY,AQ,,-62.083333,-58.416667,V,CN,"NGA World Port Index (HDX mirror, 2017-03-28)",REAL
63095,PORT FOSTER,AQ,,-62.95,-60.633333,V,CN,"NGA World Port Index (HDX mirror, 2017-03-28)",REAL
63100,PORT LOCKROY,AQ,,-64.816667,-63.5,V,CN,"NGA World Port Index (HDX mirror, 2017-03-28)",REAL
63110,MELCHIOR HARBOR,AQ,,-64.316667,-63.0,V,CN,"NGA World Port Index (HDX mirror, 2017-03-28)",REAL
63120,ANDERSEN HARBOR,AQ,,-64.316667,-62.933333,V,CN,"NGA World Port Index (HDX mirror, 2017-03-28)",REAL
62550,BUKHTA NAGAYEVA (MAGADAN),RU,,59.566667,150.716667,S,CN,"NGA World Port Index (HDX mirror, 2017-03-28)",REAL
8822,SOUTHWEST PASS,US,USA,28.45,-90.7,S,RN,"NGA World Port Index (HDX mirror, 2017-03-28)",REAL
8890,TRI-CITY PORT,US,USA,38.716667,-90.2,L,RN,"NGA World Port Index (HDX mirror, 2017-03-28)",REAL
62140,MOJI KO,JP,JPN,33.95,130.966667,M,RN,"NGA World Port Index (HDX mirror, 2017-03-28)",REAL
62145,KANDA,JP,JPN,33.783333,131.016667,V,CN,"NGA World Port Index (HDX mirror, 2017-03-28)",REAL
62160,OITA KO,JP,JPN,33.25,131.666667,V,CB,"NGA World Port Index (HDX mirror, 2017-03-28)",REAL
62165,SAGANOSEKI KO,JP,JPN,33.25,131.866667,S,CB,"NGA World Port Index (HDX mirror, 2017-03-28)",REAL
62170,TSUKUMI KO,JP,JPN,33.083333,131.866667,V,CB,"NGA World Port Index (HDX mirror, 2017-03-28)",REAL
62175,SAIKI KO,JP,JPN,32.966667,131.933333,S,CB,"NGA World Port Index (HDX mirror, 2017-03-28)",REAL
62190,HOSOSHIMA KO,JP,JPN,32.433333,131.666667,V,CB,"NGA World Port Index (HDX mirror, 2017-03-28)",REAL
62220,KAGOSHIMA KO,JP,JPN,31.583333,130.566667,M,CN,"NGA World Port Index (HDX mirror, 2017-03-28)",REAL
62224,SHIBUSHI WAN,JP,JPN,31.466667,131.1,S,CB,"NGA World Port Index (HDX mirror, 2017-03-28)",REAL
62225,KIIRE,JP,JPN,31.383333,130.55,V,OR,"NGA World Port Index (HDX mirror, 2017-03-28)",REAL
62250,MINAMATA KO,JP,JPN,32.2,130.383333,V,CB,"NGA World Port Index (HDX mirror, 2017-03-28)",REAL
62255,YATSUSHIRO KO,JP,JPN,32.5,130.533333,S,RN,"NGA World Port Index (HDX mirror, 2017-03-28)",REAL
62280,MISUMI KO,JP,JPN,32.6,130.466667,S,CN,"NGA World Port Index (HDX mirror, 2017-03-28)",REAL
62290,MIIKE KO,JP,JPN,33.0,130.416667,S,CB,"NGA World Port Index (HDX mirror, 2017-03-28)",REAL
62360,NAGASAKI,JP,JPN,32.716667,129.85,L,CN,"NGA World Port Index (HDX mirror, 2017-03-28)",REAL
62380,SASEBO,JP,JPN,33.166667,129.716667,M,CN,"NGA World Port Index (HDX mirror, 2017-03-28)",REAL
62400,IMARI,JP,JPN,33.283333,129.883333,V,RN,"NGA World Port Index (HDX mirror, 2017-03-28)",REAL
49970,MELAKA,MY,,2.2,102.25,S,RN,"NGA World Port Index (HDX mirror, 2017-03-28)",REAL
49240,COLOMBO,LK,,6.95,79.85,M,CB,"NGA World Port Index (HDX mirror, 2017-03-28)",REAL
49250,GALLE HARBOR,LK,,6.016667,80.216667,S,CB,"NGA World Port Index (HDX mirror, 2017-03-28)",REAL
48450,BANDAR-E MAHSHAHR,IR,,30.466667,49.183333,S,RN,"NGA World Port Index (HDX mirror, 2017-03-28)",REAL
48460,BANDAR KHOMEYNI,IR,,30.433333,49.083333,S,OR,"NGA World Port Index (HDX mirror, 2017-03-28)",REAL
48465,KHARG ISLAND OIL TERMINAL,IR,,29.233333,50.333333,S,OR,"NGA World Port Index (HDX mirror, 2017-03-28)",REAL
48468,SIRUS OIL TERMINAL,IR,,29.016667,49.483333,S,OR,"NGA World Port Index (HDX mirror, 2017-03-28)",REAL
48470,BUSHEHR,IR,,28.983333,50.833333,M,CN,"NGA World Port Index (HDX mirror, 2017-03-28)",REAL
48480,JAZIREH-YE LAVAN OIL TERMINAL,IR,,26.783333,53.333333,V,OR,"NGA World Port Index (HDX mirror, 2017-03-28)",REAL
48530,JAZIREH-YE HORMOZ,IR,,27.1,56.45,V,OR,"NGA World Port Index (HDX mirror, 2017-03-28)",REAL
48535,JAZIREH-YE SIRRI,IR,,25.9,54.55,S,OR,"NGA World Port Index (HDX mirror, 2017-03-28)",REAL
48550,CHAH BAHAR,IR,,25.266667,60.616667,V,CN,"NGA World Port Index (HDX mirror, 2017-03-28)",REAL
48600,KARACHI,PK,,24.783333,66.983333,M,CN,"NGA World Port Index (HDX mirror, 2017-03-28)",REAL
48605,MUHAMAMAD BIN QASIM,PK,,24.766667,67.35,S,CN,"NGA World Port Index (HDX mirror, 2017-03-28)",REAL
48620,MANDVI,IN,IND,22.833333,69.35,V,OR,"NGA World Port Index (HDX mirror, 2017-03-28)",REAL
48670,OKHA,IN,IND,22.466667,69.083333,V,CN,"NGA World Port Index (HDX mirror, 2017-03-28)",REAL
48690,VERAVAL,IN,IND,20.9,70.366667,V,OR,"NGA World Port Index (HDX mirror, 2017-03-28)",REAL
48760,BHAVNAGAR,IN,IND,21.766667,72.233333,S,RT,"NGA World Port Index (HDX mirror, 2017-03-28)",REAL
48840,MUMBAI (BOMBAY),IN,IND,18.966667,72.866667,L,CT,"NGA World Port Index (HDX mirror, 2017-03-28)",REAL
48845,JAWAHARLAL NEHRU PORT (NHAVA SHIVA),IN,IND,18.95,72.95,M,OR,"NGA World Port Index (HDX mirror, 2017-03-28)",REAL
48970,MARMAGAO,IN,IND,15.433333,73.8,S,RN,"NGA World Port Index (HDX mirror, 2017-03-28)",REAL
48990,KARWAR,IN,IND,14.816667,74.116667,V,CB,"NGA World Port Index (HDX mirror, 2017-03-28)",REAL
49040,AZHIKAL (AZHIKKAL),IN,IND,11.916667,75.3,V,RN,"NGA World Port Index (HDX mirror, 2017-03-28)",REAL
49100,CALICUT (KOZHIKODE),IN,IND,11.25,75.766667,V,OR,"NGA World Port Index (HDX mirror, 2017-03-28)",REAL
49110,BEYPORE,IN,IND,11.166667,75.8,V,OR,"NGA World Port Index (HDX mirror, 2017-03-28)",REAL
49130,KOCHI (COCHIN),IN,IND,9.966667,76.233333,M,CN,"NGA World Port Index (HDX mirror, 2017-03-28)",REAL
49160,QUILON (KOLLAM),IN,IND,8.883333,76.583333,V,CB,"NGA World Port Index (HDX mirror, 2017-03-28)",REAL
49180,KOLACHEL,IN,IND,8.166667,77.25,V,OR,"NGA World Port Index (HDX mirror, 2017-03-28)",REAL
34970,NEATH,GB,GBR,51.633333,-3.833333,V,CN,"NGA World Port Index (HDX mirror, 2017-03-28)",REAL
34980,PORT TALBOT,GB,GBR,51.583333,-3.816667,S,CB,"NGA World Port Index (HDX mirror, 2017-03-28)",REAL
34990,BARRY,GB,GBR,51.4,-3.266667,M,CT,"NGA World Port Index (HDX mirror, 2017-03-28)",REAL
35010,CARDIFF,GB,GBR,51.45,-3.166667,M,CT,"NGA World Port Index (HDX mirror, 2017-03-28)",REAL
35015,NEWPORT,GB,GBR,51.55,-2.983333,M,RT,"NGA World Port Index (HDX mirror, 2017-03-28)",REAL
35040,SHARPNESS,GB,GBR,51.716667,-2.483333,S,LC,"NGA World Port Index (HDX mirror, 2017-03-28)",REAL
35060,AVONMOUTH,GB,GBR,51.5,-2.716667,S,RT,"NGA World Port Index (HDX mirror, 2017-03-28)",REAL
35070,BRISTOL,GB,GBR,51.466667,-2.633333,M,RT,"NGA World Port Index (HDX mirror, 2017-03-28)",REAL
35100,BRIDGWATER,GB,GBR,51.133333,-3.0,V,RN,"NGA World Port Index (HDX mirror, 2017-03-28)",REAL
35110,WATCHET HARBOR,GB,GBR,51.183333,-3.333333,V,CB,"NGA World Port Index (HDX mirror, 2017-03-28)",REAL
35150,BIDEFORD,GB,GBR,51.033333,-4.2,S,RN,"NGA World Port Index (HDX mirror, 2017-03-28)",REAL
35170,PADSTOW,GB,GBR,50.55,-4.933333,V,RN,"NGA World Port Index (HDX mirror, 2017-03-28)",REAL
35200,HAYLE,GB,GBR,50.183333,-5.416667,V,RB,"NGA World Port Index (HDX mirror, 2017-03-28)",REAL
35240,NEWLYN,GB,GBR,50.1,-5.55,V,CB,"NGA World Port Index (HDX mirror, 2017-03-28)",REAL
35290,FALMOUTH HARBOUR,GB,GBR,50.15,-5.066667,M,CN,"NGA World Port Index (HDX mirror, 2017-03-28)",REAL
35320,CHARLESTOWN,GB,GBR,50.333333,-4.75,V,CT,"NGA World Port Index (HDX mirror, 2017-03-28)",REAL
35330,PAR,GB,GBR,50.35,-4.7,V,CB,"NGA World Port Index (HDX mirror, 2017-03-28)",REAL
34770,HOLYHEAD,GB,GBR,53.316667,-4.633333,S,CB,"NGA World Port Index (HDX mirror, 2017-03-28)",REAL
34780,CAERNARVON,GB,GBR,53.15,-4.266667,S,RB,"NGA World Port Index (HDX mirror, 2017-03-28)",REAL
33950,SLIGO,IE,IRL,54.266667,-8.466667,V,RB,"NGA World Port Index (HDX mirror, 2017-03-28)",REAL
34020,WESTPORT,IE,IRL,53.8,-9.533333,V,CN,"NGA World Port Index (HDX mirror, 2017-03-28)",REAL
34060,GALWAY,IE,IRL,53.266667,-9.05,V,RT,"NGA World Port Index (HDX mirror, 2017-03-28)",REAL
34110,LIMERICK,IE,IRL,52.633333,-8.616667,S,RT,"NGA World Port Index (HDX mirror, 2017-03-28)",REAL
34130,FOYNES,IE,IRL,52.616667,-9.116667,L,RN,"NGA World Port Index (HDX mirror, 2017-03-28)",REAL
34150,TARBERT,IE,IRL,52.583333,-9.366667,V,RN,"NGA World Port Index (HDX mirror, 2017-03-28)",REAL
34160,FENIT,IE,IRL,52.266667,-9.866667,V,CN,"NGA World Port Index (HDX mirror, 2017-03-28)",REAL
34260,BANTRY,IE,IRL,51.683333,-9.45,V,CN,"NGA World Port Index (HDX mirror, 2017-03-28)",REAL
34350,COBH,IE,IRL,51.85,-8.3,M,RN,"NGA World Port Index (HDX mirror, 2017-03-28)",REAL
34360,CORK,IE,IRL,51.85,-8.266667,M,RN,"NGA World Port Index (HDX mirror, 2017-03-28)",REAL
34400,WATERFORD,IE,IRL,52.266667,-7.116667,V,RN,"NGA World Port Index (HDX mirror, 2017-03-28)",REAL
34420,ROSSLARE,IE,IRL,52.25,-6.333333,S,CB,"NGA World Port Index (HDX mirror, 2017-03-28)",REAL
62420,KARATSU,JP,JPN,33.483333,129.966667,S,CN,"NGA World Port Index (HDX mirror, 2017-03-28)",REAL
62430,HAKATA,JP,JPN,33.6,130.4,M,CB,"NGA World Port Index (HDX mirror, 2017-03-28)",REAL
62440,IZUHARA,JP,JPN,34.2,129.3,V,CN,"NGA World Port Index (HDX mirror, 2017-03-28)",REAL
62495,KIN WAN,JP,JPN,26.416667,127.9,V,OR,"NGA World Port Index (HDX mirror, 2017-03-28)",REAL
62500,NAHA KO,JP,JPN,26.216667,127.683333,S,CB,"NGA World Port Index (HDX mirror, 2017-03-28)",REAL
62510,HIRARA KO,JP,JPN,24.8,125.283333,V,CN,"NGA World Port Index (HDX mirror, 2017-03-28)",REAL
62520,ISHIGAKI,JP,JPN,24.333333,124.166667,V,OR,"NGA World Port Index (HDX mirror, 2017-03-28)",REAL
62540,OKHOTSK IY REYD,RU,,59.366667,143.2,V,RN,"NGA World Port Index (HDX mirror, 2017-03-28)",REAL
62120,WAKAMATSU KO,JP,JPN,33.9,130.816667,L,CN,"NGA World Port Index (HDX mirror, 2017-03-28)",REAL
61720,HAGI KO,JP,JPN,34.416667,131.4,V,CN,"NGA World Port Index (HDX mirror, 2017-03-28)",REAL
61730,HAMADA KO,JP,JPN,34.9,132.083333,V,CB,"NGA World Port Index (HDX mirror, 2017-03-28)",REAL
61750,SAKAI KO,JP,JPN,35.55,133.25,S,CN,"NGA World Port Index (HDX mirror, 2017-03-28)",REAL
61790,MIYAZU,JP,JPN,35.533333,135.2,M,CN,"NGA World Port Index (HDX mirror, 2017-03-28)",REAL
61800,MAIZURU KO,JP,JPN,35.516667,135.333333,S,CN,"NGA World Port Index (HDX mirror, 2017-03-28)",REAL
61822,KANAZAWA,JP,JPN,36.616667,136.6,S,RB,"NGA World Port Index (HDX mirror, 2017-03-28)",REAL
61840,NANAO KO,JP,JPN,37.05,136.983333,S,CN,"NGA World Port Index (HDX mirror, 2017-03-28)",REAL
61870,NIIGATA KO,JP,JPN,37.916667,139.05,M,RB,"NGA World Port Index (HDX mirror, 2017-03-28)",REAL
61890,RYOTU KO,JP,JPN,38.083333,138.566667,V,CN,"NGA World Port Index (HDX mirror, 2017-03-28)",REAL
61900,SAKATA KO,JP,JPN,38.933333,139.816667,S,CT,"NGA World Port Index (HDX mirror, 2017-03-28)",REAL
61910,AKITA-FUNAKAWA KO,JP,JPN,39.833333,140.0,V,CB,"NGA World Port Index (HDX mirror, 2017-03-28)",REAL
61935,HANNAN KO,JP,JPN,34.466667,135.35,S,CN,"NGA World Port Index (HDX mirror, 2017-03-28)",REAL
61940,TAKAMATSU,JP,JPN,34.35,134.05,V,CB,"NGA World Port Index (HDX mirror, 2017-03-28)",REAL
61960,KOMATSUSHIMA,JP,JPN,34.016667,134.6,S,CB,"NGA World Port Index (HDX mirror, 2017-03-28)",REAL
61965,TACHIBANA,JP,JPN,33.866667,134.666667,V,CB,"NGA World Port Index (HDX mirror, 2017-03-28)",REAL
61970,KOCHI KO,JP,JPN,33.5,133.566667,M,CN,"NGA World Port Index (HDX mirror, 2017-03-28)",REAL
61980,SUSAKI KO,JP,JPN,33.383333,133.3,V,CB,"NGA World Port Index (HDX mirror, 2017-03-28)",REAL
62010,UWAJIMA KO,JP,JPN,33.216667,132.566667,V,CN,"NGA World Port Index (HDX mirror, 2017-03-28)",REAL
62020,YAWATAHAMA,JP,JPN,33.45,132.416667,V,CN,"NGA World Port Index (HDX mirror, 2017-03-28)",REAL
62030,MATSUYAMA,JP,JPN,33.85,132.7,S,CB,"NGA World Port Index (HDX mirror, 2017-03-28)",REAL
62060,KIKUMA KO,JP,JPN,34.033333,132.833333,V,CB,"NGA World Port Index (HDX mirror, 2017-03-28)",REAL
62065,MUTUREZIMA KO,JP,JPN,33.966667,130.866667,S,OR,"NGA World Port Index (HDX mirror, 2017-03-28)",REAL
62070,IMABARI KO,JP,JPN,34.066667,133.016667,S,CB,"NGA World Port Index (HDX mirror, 2017-03-28)",REAL
62080,NIIHAMA,JP,JPN,33.983333,133.283333,S,CB,"NGA World Port Index (HDX mirror, 2017-03-28)",REAL
62085,MISHIMA-KAWANOE KO,JP,JPN,34.0,133.55,S,CN,"NGA World Port Index (HDX mirror, 2017-03-28)",REAL
49200,MALE,MV,,4.166667,73.5,V,CN,"NGA World Port Index (HDX mirror, 2017-03-28)",REAL
48430,ABADAN,IR,,30.333333,48.283333,M,RN,"NGA World Port Index (HDX mirror, 2017-03-28)",REAL
48230,MINA RAYSUT,OM,,16.933333,54.016667,S,CB,"NGA World Port Index (HDX mirror, 2017-03-28)",REAL
48250,MINA QABUS,OM,,23.633333,58.583333,V,CB,"NGA World Port Index (HDX mirror, 2017-03-28)",REAL
48255,MINA AL FAHL,OM,,23.633333,58.516667,S,OR,"NGA World Port Index (HDX mirror, 2017-03-28)",REAL
48262,FUJAYRAH HARBOR,AE,ARE,25.166667,56.333333,S,CB,"NGA World Port Index (HDX mirror, 2017-03-28)",REAL
48263,KHAWR FAKKAN,AE,ARE,25.35,56.383333,M,CN,"NGA World Port Index (HDX mirror, 2017-03-28)",REAL
48264,MINA SAQR,AE,ARE,25.983333,56.05,V,CB,"NGA World Port Index (HDX mirror, 2017-03-28)",REAL
48265,FATEH OIL TERMINAL,AE,ARE,25.583333,54.416667,V,OR,"NGA World Port Index (HDX mirror, 2017-03-28)",REAL
48268,MUBARRAZ OIL TERMINAL,AE,ARE,24.433333,53.516667,S,OR,"NGA World Port Index (HDX mirror, 2017-03-28)",REAL
48274,AL HAMRIYAH LPG TERMINAL,AE,ARE,25.466667,55.483333,S,CB,"NGA World Port Index (HDX mirror, 2017-03-28)",REAL
48275,DUBAYY,AE,ARE,25.266667,55.3,S,CB,"NGA World Port Index (HDX mirror, 2017-03-28)",REAL
48276,MINA JABAL ALI,AE,ARE,25.016667,55.05,L,CB,"NGA World Port Index (HDX mirror, 2017-03-28)",REAL
48277,JAZIRAT DAS,AE,ARE,25.15,52.866667,V,OR,"NGA World Port Index (HDX mirror, 2017-03-28)",REAL
48278,ABU ZABY,AE,ARE,24.5,54.333333,M,CB,"NGA World Port Index (HDX mirror, 2017-03-28)",REAL
48279,UMM AN NAR,AE,ARE,24.45,54.483333,V,RN,"NGA World Port Index (HDX mirror, 2017-03-28)",REAL
48282,JABAL AZ ZANNAH/RUWAYS,AE,ARE,24.2,52.7,M,CB,"NGA World Port Index (HDX mirror, 2017-03-28)",REAL
48287,UMM SAID,QA,,24.916667,51.566667,S,OR,"NGA World Port Index (HDX mirror, 2017-03-28)",REAL
48290,DOHA,QA,,25.283333,51.533333,S,CN,"NGA World Port Index (HDX mirror, 2017-03-28)",REAL
48295,JAZIRAT HALUL,QA,,25.683333,52.416667,V,OR,"NGA World Port Index (HDX mirror, 2017-03-28)",REAL
48320,SITRAH,BH,BHR,26.166667,50.666667,M,OR,"NGA World Port Index (HDX mirror, 2017-03-28)",REAL
48325,MINA SALMAN,BH,BHR,26.2,50.633333,M,CN,"NGA World Port Index (HDX mirror, 2017-03-28)",REAL
48335,DAMMAM,SA,SAU,26.5,50.2,S,CB,"NGA World Port Index (HDX mirror, 2017-03-28)",REAL
48338,AL JUBAYL,SA,SAU,27.083333,49.666667,V,CB,"NGA World Port Index (HDX mirror, 2017-03-28)",REAL
48340,RAS  TANNURAH,SA,SAU,26.633333,50.166667,M,OR,"NGA World Port Index (HDX mirror, 2017-03-28)",REAL
48343,JU AYMAH OIL TERMINAL,SA,SAU,26.933333,50.033333,S,OR,"NGA World Port Index (HDX mirror, 2017-03-28)",REAL
48356,MINA AZ ZAWR,KW,,28.733333,48.4,V,OR,"NGA World Port Index (HDX mirror, 2017-03-28)",REAL
48357,MINA ASH SHUAYBAH,KW,,29.033333,48.166667,M,OR,"NGA World Port Index (HDX mirror, 2017-03-28)",REAL
48360,MINA ABD ALLAH,KW,,29.016667,48.166667,S,OR,"NGA World Port Index (HDX mirror, 2017-03-28)",REAL
48361,MINA AL AHMADI,KW,,29.066667,48.166667,M,OR,"NGA World Port Index (HDX mirror, 2017-03-28)",REAL
48390,KHAWR AL AMAYA,IQ,,29.783333,48.8,V,OR,"NGA World Port Index (HDX mirror, 2017-03-28)",REAL
48392,AL-BASRA OIL TERMINAL,IQ,,29.683333,48.816667,V,OR,"NGA World Port Index (HDX mirror, 2017-03-28)",REAL
48399,UMM QASR,IQ,,30.016667,47.95,S,RN,"NGA World Port Index (HDX mirror, 2017-03-28)",REAL
48400,AL BASRAH,IQ,,30.516667,47.833333,M,RN,"NGA World Port Index (HDX mirror, 2017-03-28)",REAL
48420,KHORRAMSHAHR,IR,,30.433333,48.183333,M,RN,"NGA World Port Index (HDX mirror, 2017-03-28)",REAL
48165,AL AHMADI,YE,,14.833333,42.966667,S,CB,"NGA World Port Index (HDX mirror, 2017-03-28)",REAL
48190,ADEN,YE,,12.783333,44.95,M,CN,"NGA World Port Index (HDX mirror, 2017-03-28)",REAL
48210,AL MUKALLA,YE,,14.516667,49.116667,S,CB,"NGA World Port Index (HDX mirror, 2017-03-28)",REAL
34480,DUBLIN,IE,IRL,53.35,-6.25,M,CB,"NGA World Port Index (HDX mirror, 2017-03-28)",REAL
34560,GREENORE,IE,IRL,54.033333,-6.133333,V,CN,"NGA World Port Index (HDX mirror, 2017-03-28)",REAL
34590,SILLOTH,GB,GBR,54.866667,-3.4,S,CT,"NGA World Port Index (HDX mirror, 2017-03-28)",REAL
34610,WORKINGTON,GB,GBR,54.566667,-3.633333,V,RT,"NGA World Port Index (HDX mirror, 2017-03-28)",REAL
34630,BARROW IN FURNESS,GB,GBR,54.116667,-3.233333,M,CT,"NGA World Port Index (HDX mirror, 2017-03-28)",REAL
34640,HEYSHAM,GB,GBR,54.033333,-2.916667,V,CB,"NGA World Port Index (HDX mirror, 2017-03-28)",REAL
34660,FLEETWOOD,GB,GBR,53.916667,-3.016667,S,RT,"NGA World Port Index (HDX mirror, 2017-03-28)",REAL
34690,LIVERPOOL,GB,GBR,53.416667,-3.0,L,RT,"NGA World Port Index (HDX mirror, 2017-03-28)",REAL
34700,MANCHESTER,GB,GBR,53.483333,-2.266667,L,RT,"NGA World Port Index (HDX mirror, 2017-03-28)",REAL
33880,RATHMULLAN,IE,IRL,55.1,-7.533333,V,CN,"NGA World Port Index (HDX mirror, 2017-03-28)",REAL
33930,KILLYBEGS,IE,IRL,54.633333,-8.45,V,CN,"NGA World Port Index (HDX mirror, 2017-03-28)",REAL
33090,MALLAIG,GB,GBR,57.0,-5.816667,V,CN,"NGA World Port Index (HDX mirror, 2017-03-28)",REAL
33140,TOBERMORY,GB,GBR,56.616667,-6.066667,V,CN,"NGA World Port Index (HDX mirror, 2017-03-28)",REAL
33170,CRAIGNURE,GB,GBR,56.466667,-5.7,V,CN,"NGA World Port Index (HDX mirror, 2017-03-28)",REAL
33190,CORPACH,GB,GBR,56.85,-5.116667,S,CN,"NGA World Port Index (HDX mirror, 2017-03-28)",REAL
33250,OBAN,GB,GBR,56.416667,-5.466667,S,CN,"NGA World Port Index (HDX mirror, 2017-03-28)",REAL
33280,PORT ELLEN,GB,GBR,55.633333,-6.2,V,OR,"NGA World Port Index (HDX mirror, 2017-03-28)",REAL
33290,CRINAN (CANAL),GB,GBR,56.083333,-5.566667,V,LC,"NGA World Port Index (HDX mirror, 2017-03-28)",REAL
33300,CAMPBELTOWN,GB,GBR,55.433333,-5.6,S,CN,"NGA World Port Index (HDX mirror, 2017-03-28)",REAL
33310,LAMLASH HARBOR,GB,GBR,55.533333,-5.116667,V,OR,"NGA World Port Index (HDX mirror, 2017-03-28)",REAL
33340,ARDRISHAIG,GB,GBR,56.016667,-5.45,V,CN,"NGA World Port Index (HDX mirror, 2017-03-28)",REAL
33370,ROTHESAY HARBOR,GB,GBR,55.833333,-5.05,V,CB,"NGA World Port Index (HDX mirror, 2017-03-28)",REAL
33390,GREENOCK,GB,GBR,55.95,-4.75,M,CN,"NGA World Port Index (HDX mirror, 2017-03-28)",REAL
33405,FINNART OIL TERMINAL,GB,GBR,56.116667,-4.833333,S,RN,"NGA World Port Index (HDX mirror, 2017-03-28)",REAL
33450,BOWLING,GB,GBR,55.933333,-4.483333,V,RN,"NGA World Port Index (HDX mirror, 2017-03-28)",REAL
33460,OLD KILPATRICK,GB,GBR,55.916667,-4.466667,V,RN,"NGA World Port Index (HDX mirror, 2017-03-28)",REAL
33470,ROTHESAY DOCK,GB,GBR,55.9,-4.4,V,RN,"NGA World Port Index (HDX mirror, 2017-03-28)",REAL
33480,RENFREW,GB,GBR,55.883333,-4.383333,V,RB,"NGA World Port Index (HDX mirror, 2017-03-28)",REAL
33490,GLASGOW,GB,GBR,55.866667,-4.283333,M,RT,"NGA World Port Index (HDX mirror, 2017-03-28)",REAL
33500,LARGS,GB,GBR,55.8,-4.866667,V,CN,"NGA World Port Index (HDX mirror, 2017-03-28)",REAL
33515,HUNTERSTON,GB,GBR,55.75,-4.883333,V,OR,"NGA World Port Index (HDX mirror, 2017-03-28)",REAL
33520,MILLPORT,GB,GBR,55.75,-4.916667,S,CN,"NGA World Port Index (HDX mirror, 2017-03-28)",REAL
33530,ARDROSSAN,GB,GBR,55.65,-4.816667,S,CB,"NGA World Port Index (HDX mirror, 2017-03-28)",REAL
33550,TROON,GB,GBR,55.55,-4.683333,V,CB,"NGA World Port Index (HDX mirror, 2017-03-28)",REAL
33560,AYR,GB,GBR,55.466667,-4.633333,V,RB,"NGA World Port Index (HDX mirror, 2017-03-28)",REAL
33570,STRANRAER,GB,GBR,54.9,-5.033333,V,RB,"NGA World Port Index (HDX mirror, 2017-03-28)",REAL
33610,DOUGLAS,GB,GBR,54.15,-4.466667,S,CB,"NGA World Port Index (HDX mirror, 2017-03-28)",REAL
33620,RAMSEY,GB,GBR,54.316667,-4.366667,S,CB,"NGA World Port Index (HDX mirror, 2017-03-28)",REAL
33690,ARDGLASS,GB,GBR,54.266667,-5.616667,V,CN,"NGA World Port Index (HDX mirror, 2017-03-28)",REAL
62100,MARUGAME KO,JP,JPN,34.3,133.783333,V,CB,"NGA World Port Index (HDX mirror, 2017-03-28)",REAL
61690,UBE KO,JP,JPN,33.933333,131.233333,M,CB,"NGA World Port Index (HDX mirror, 2017-03-28)",REAL
61410,URAGA KO,JP,JPN,35.233333,139.716667,V,CN,"NGA World Port Index (HDX mirror, 2017-03-28)",REAL
61415,TAGONOURA KO,JP,JPN,35.133333,138.7,M,RB,"NGA World Port Index (HDX mirror, 2017-03-28)",REAL
61420,SHIMODA KO,JP,JPN,34.666667,138.95,V,CB,"NGA World Port Index (HDX mirror, 2017-03-28)",REAL
61425,OMAEZAKI KO,JP,JPN,34.6,138.233333,S,CB,"NGA World Port Index (HDX mirror, 2017-03-28)",REAL
61460,SHIMIZU KO,JP,JPN,35.016667,138.5,S,CN,"NGA World Port Index (HDX mirror, 2017-03-28)",REAL
61470,KINUURA KO,JP,JPN,34.85,136.95,S,RN,"NGA World Port Index (HDX mirror, 2017-03-28)",REAL
61475,GAMAGORI KO,JP,JPN,34.816667,137.216667,S,OR,"NGA World Port Index (HDX mirror, 2017-03-28)",REAL
61480,NAGOYA KO,JP,JPN,35.066667,136.866667,L,CB,"NGA World Port Index (HDX mirror, 2017-03-28)",REAL
61490,YOKKAICHI,JP,JPN,34.966667,136.633333,M,CB,"NGA World Port Index (HDX mirror, 2017-03-28)",REAL
61495,MATSUSAKA,JP,JPN,34.6,136.566667,S,CN,"NGA World Port Index (HDX mirror, 2017-03-28)",REAL
61500,TOBA,JP,JPN,34.483333,136.85,S,CN,"NGA World Port Index (HDX mirror, 2017-03-28)",REAL
61515,OWASE KO,JP,JPN,34.066667,136.216667,V,CN,"NGA World Port Index (HDX mirror, 2017-03-28)",REAL
61540,TANABE KO,JP,JPN,33.716667,135.366667,V,CN,"NGA World Port Index (HDX mirror, 2017-03-28)",REAL
61545,WAKAYAMA-SHIMOTSU KO,JP,JPN,34.2,135.133333,L,CB,"NGA World Port Index (HDX mirror, 2017-03-28)",REAL
61547,SAKAI-SENBOKU,JP,JPN,34.55,135.433333,M,CB,"NGA World Port Index (HDX mirror, 2017-03-28)",REAL
61555,AMAGASAKI,JP,JPN,34.7,135.383333,S,CT,"NGA World Port Index (HDX mirror, 2017-03-28)",REAL
61560,KOBE,JP,JPN,34.65,135.183333,L,OR,"NGA World Port Index (HDX mirror, 2017-03-28)",REAL
61567,HIMEJI,JP,JPN,34.75,134.633333,M,CB,"NGA World Port Index (HDX mirror, 2017-03-28)",REAL
61570,AIOI,JP,JPN,34.783333,134.466667,V,CN,"NGA World Port Index (HDX mirror, 2017-03-28)",REAL
61573,KAKOGAWA,JP,JPN,34.7,134.833333,V,CB,"NGA World Port Index (HDX mirror, 2017-03-28)",REAL
61580,UNO KO,JP,JPN,34.483333,133.95,V,CN,"NGA World Port Index (HDX mirror, 2017-03-28)",REAL
61590,HIBI KO,JP,JPN,34.45,133.933333,V,CN,"NGA World Port Index (HDX mirror, 2017-03-28)",REAL
61595,MIZUSHIMA KO,JP,JPN,34.5,133.75,M,CN,"NGA World Port Index (HDX mirror, 2017-03-28)",REAL
61630,ONOMICHI-ITOZAKI,JP,JPN,34.383333,133.166667,L,CN,"NGA World Port Index (HDX mirror, 2017-03-28)",REAL
61640,KURE,JP,JPN,34.233333,132.55,M,CN,"NGA World Port Index (HDX mirror, 2017-03-28)",REAL
61655,KANOKAWA KO,JP,JPN,34.183333,132.433333,V,CN,"NGA World Port Index (HDX mirror, 2017-03-28)",REAL
61662,IWAKUNI KO,JP,JPN,34.183333,132.25,M,OR,"NGA World Port Index (HDX mirror, 2017-03-28)",REAL
61675,KUDAMATSU,JP,JPN,34.0,131.866667,S,CN,"NGA World Port Index (HDX mirror, 2017-03-28)",REAL
61680,TOKUYAMA,JP,JPN,34.033333,131.816667,M,OR,"NGA World Port Index (HDX mirror, 2017-03-28)",REAL
61400,YOKOSUKA KO,JP,JPN,35.283333,139.666667,M,CN,"NGA World Port Index (HDX mirror, 2017-03-28)",REAL
61040,ALEKSANDROVSK -SAKHALINSKIY,RU,,50.9,142.133333,S,OR,"NGA World Port Index (HDX mirror, 2017-03-28)",REAL
61045,LAZAREV,RU,,52.216667,141.516667,V,OR,"NGA World Port Index (HDX mirror, 2017-03-28)",REAL
61060,MOSKAL VO,RU,,53.583333,142.5,V,CN,"NGA World Port Index (HDX mirror, 2017-03-28)",REAL
47420,MAINTIRANO,MG,,-18.066667,44.016667,V,OR,"NGA World Port Index (HDX mirror, 2017-03-28)",REAL
47470,FARADOFAY,MG,,-25.033333,47.0,V,OR,"NGA World Port Index (HDX mirror, 2017-03-28)",REAL
47500,MANAKARA,MG,,-22.116667,48.05,V,OR,"NGA World Port Index (HDX mirror, 2017-03-28)",REAL
47590,MAROANTSETRA,MG,,-15.45,49.816667,V,OR,"NGA World Port Index (HDX mirror, 2017-03-28)",REAL
47620,IHARANA,MG,,-13.35,50.0,V,CN,"NGA World Port Index (HDX mirror, 2017-03-28)",REAL
47690,PORT EST,RE,,-20.933333,55.316667,S,CB,"NGA World Port Index (HDX mirror, 2017-03-28)",REAL
47700,SAINT-PIERRE,RE,,-21.35,55.466667,V,OR,"NGA World Port Index (HDX mirror, 2017-03-28)",REAL
47800,DIEGO GARCIA,IO,,-7.35,72.466667,V,CB,"NGA World Port Index (HDX mirror, 2017-03-28)",REAL
47820,BERBERA,SO,,10.45,45.016667,S,CB,"NGA World Port Index (HDX mirror, 2017-03-28)",REAL
47850,DJIBOUTI,DJ,,11.6,43.133333,S,CN,"NGA World Port Index (HDX mirror, 2017-03-28)",REAL
47880,ASSAB,ER,,13.0,42.75,S,CN,"NGA World Port Index (HDX mirror, 2017-03-28)",REAL
47900,MITSIWA HARBOR,ER,,15.616667,39.466667,S,CB,"NGA World Port Index (HDX mirror, 2017-03-28)",REAL
47940,PORT SUDAN,SD,,19.6,37.233333,M,CB,"NGA World Port Index (HDX mirror, 2017-03-28)",REAL
47970,AL QUSAYR,EG,EGY,26.1,34.283333,V,OR,"NGA World Port Index (HDX mirror, 2017-03-28)",REAL
47980,BUR SAFAGA,EG,EGY,26.733333,33.95,S,CB,"NGA World Port Index (HDX mirror, 2017-03-28)",REAL
47985,ZEIT BAY TERMINAL,EG,EGY,27.833333,33.6,S,OR,"NGA World Port Index (HDX mirror, 2017-03-28)",REAL
47990,EL GHARDAQA,EG,EGY,27.216667,33.85,V,CN,"NGA World Port Index (HDX mirror, 2017-03-28)",REAL
48015,RAS SHUKHIER,EG,EGY,28.133333,33.283333,M,OR,"NGA World Port Index (HDX mirror, 2017-03-28)",REAL
48020,RAS GHARIB,EG,EGY,28.35,33.1,V,OR,"NGA World Port Index (HDX mirror, 2017-03-28)",REAL
48040,AS SUWAYS,EG,EGY,29.966667,32.55,L,CB,"NGA World Port Index (HDX mirror, 2017-03-28)",REAL
48045,EL-ADABIYA,EG,EGY,29.866667,32.466667,S,CN,"NGA World Port Index (HDX mirror, 2017-03-28)",REAL
48050,EL ISMAILIYA,EG,EGY,30.583333,32.283333,S,LC,"NGA World Port Index (HDX mirror, 2017-03-28)",REAL
48060,RAS ABU ZANIMAH,EG,EGY,29.033333,33.116667,S,CN,"NGA World Port Index (HDX mirror, 2017-03-28)",REAL
48065,WADI FEIRAN,EG,EGY,28.75,33.2,S,OR,"NGA World Port Index (HDX mirror, 2017-03-28)",REAL
48076,ELAT,IL,ISR,29.55,34.95,S,CN,"NGA World Port Index (HDX mirror, 2017-03-28)",REAL
48090,AL AQABAH,JO,,29.516667,35.0,V,OR,"NGA World Port Index (HDX mirror, 2017-03-28)",REAL
48120,YANBU,SA,SAU,24.083333,38.05,V,CB,"NGA World Port Index (HDX mirror, 2017-03-28)",REAL
48140,JIDDAH,SA,SAU,21.483333,39.183333,S,CB,"NGA World Port Index (HDX mirror, 2017-03-28)",REAL
48142,JIZAN,SA,SAU,16.9,42.483333,S,CB,"NGA World Port Index (HDX mirror, 2017-03-28)",REAL
46780,SIMONSTOWN,ZA,ZAF,-34.183333,18.433333,V,CB,"NGA World Port Index (HDX mirror, 2017-03-28)",REAL
46800,MOSSEL BAY,ZA,ZAF,-34.183333,22.15,S,CB,"NGA World Port Index (HDX mirror, 2017-03-28)",REAL
46820,PORT ELIZABETH,ZA,ZAF,-33.966667,25.616667,M,CB,"NGA World Port Index (HDX mirror, 2017-03-28)",REAL
33770,BELFAST,GB,GBR,54.616667,-5.9,L,RB,"NGA World Port Index (HDX mirror, 2017-03-28)",REAL
33790,LARNE,GB,GBR,54.85,-5.8,S,CN,"NGA World Port Index (HDX mirror, 2017-03-28)",REAL
33820,COLERAINE,GB,GBR,55.133333,-6.666667,S,RN,"NGA World Port Index (HDX mirror, 2017-03-28)",REAL
33830,LONDONDERRY,GB,GBR,55.0,-7.316667,M,RN,"NGA World Port Index (HDX mirror, 2017-03-28)",REAL
33060,ORNSAY,GB,GBR,57.15,-5.8,V,CN,"NGA World Port Index (HDX mirror, 2017-03-28)",REAL
32290,BUCKIE HARBOR,GB,GBR,57.683333,-2.966667,V,CB,"NGA World Port Index (HDX mirror, 2017-03-28)",REAL
32300,LOSSIEMOUTH,GB,GBR,57.716667,-3.283333,V,CB,"NGA World Port Index (HDX mirror, 2017-03-28)",REAL
32320,BURGHEAD,GB,GBR,57.7,-3.5,V,CN,"NGA World Port Index (HDX mirror, 2017-03-28)",REAL
32330,INVERNESS,GB,GBR,57.483333,-4.233333,S,RN,"NGA World Port Index (HDX mirror, 2017-03-28)",REAL
32340,CROMARTY,GB,GBR,57.683333,-4.033333,S,CB,"NGA World Port Index (HDX mirror, 2017-03-28)",REAL
32350,INVERGORDON,GB,GBR,57.683333,-4.166667,S,OR,"NGA World Port Index (HDX mirror, 2017-03-28)",REAL
32360,PORTMAHOMACK HARBOR,GB,GBR,57.833333,-3.833333,S,CB,"NGA World Port Index (HDX mirror, 2017-03-28)",REAL
32370,HELMSDALE HARBOR,GB,GBR,58.116667,-3.65,S,CB,"NGA World Port Index (HDX mirror, 2017-03-28)",REAL
32380,WICK,GB,GBR,58.433333,-3.083333,S,CB,"NGA World Port Index (HDX mirror, 2017-03-28)",REAL
32410,PIEROWALL,GB,GBR,59.3,-2.983333,S,CN,"NGA World Port Index (HDX mirror, 2017-03-28)",REAL
32420,KETTLETOFT,GB,GBR,59.233333,-2.6,V,CN,"NGA World Port Index (HDX mirror, 2017-03-28)",REAL
32430,WHITEHALL,GB,GBR,59.133333,-2.6,V,CN,"NGA World Port Index (HDX mirror, 2017-03-28)",REAL
32440,KIRKWALL,GB,GBR,58.983333,-2.966667,V,CB,"NGA World Port Index (HDX mirror, 2017-03-28)",REAL
32450,STROMNESS,GB,GBR,58.966667,-3.3,V,OR,"NGA World Port Index (HDX mirror, 2017-03-28)",REAL
32460,SOUTH NESS,GB,GBR,58.8,-3.2,V,CN,"NGA World Port Index (HDX mirror, 2017-03-28)",REAL
32470,ST MARGARETS HOPE,GB,GBR,58.833333,-2.95,V,CN,"NGA World Port Index (HDX mirror, 2017-03-28)",REAL
32490,LYNESS,GB,GBR,58.833333,-3.2,M,CN,"NGA World Port Index (HDX mirror, 2017-03-28)",REAL
32500,SCAPA BAY,GB,GBR,58.95,-2.983333,S,CN,"NGA World Port Index (HDX mirror, 2017-03-28)",REAL
32590,SCALLOWAY,GB,GBR,60.133333,-1.283333,V,CN,"NGA World Port Index (HDX mirror, 2017-03-28)",REAL
32600,LERWICK,GB,GBR,60.15,-1.15,M,CN,"NGA World Port Index (HDX mirror, 2017-03-28)",REAL
32630,SULLOM VOE,GB,GBR,60.466667,-1.3,S,CN,"NGA World Port Index (HDX mirror, 2017-03-28)",REAL
32680,TVOROYRI,FO,,61.55,-6.8,V,CN,"NGA World Port Index (HDX mirror, 2017-03-28)",REAL
32690,TORSHAVN,FO,,62.0,-6.75,V,CB,"NGA World Port Index (HDX mirror, 2017-03-28)",REAL
32700,KONGSHAVN,FO,,62.116667,-6.733333,V,CB,"NGA World Port Index (HDX mirror, 2017-03-28)",REAL
32720,VESTMANNA,FO,,62.15,-7.166667,V,CN,"NGA World Port Index (HDX mirror, 2017-03-28)",REAL
32730,SORVAGUR,FO,,62.083333,-7.25,V,CN,"NGA World Port Index (HDX mirror, 2017-03-28)",REAL
32740,FUGLAFJORDUR,FO,,62.25,-6.8,V,CN,"NGA World Port Index (HDX mirror, 2017-03-28)",REAL
32750,KLAKSVIK,FO,,62.233333,-6.583333,V,CN,"NGA World Port Index (HDX mirror, 2017-03-28)",REAL
32780,SCRABSTER HARBOR,GB,GBR,58.616667,-3.55,S,CB,"NGA World Port Index (HDX mirror, 2017-03-28)",REAL
32820,ULLAPOOL,GB,GBR,57.9,-5.15,V,OR,"NGA World Port Index (HDX mirror, 2017-03-28)",REAL
32830,AULTBEA,GB,GBR,57.833333,-5.583333,V,OR,"NGA World Port Index (HDX mirror, 2017-03-28)",REAL
32850,GAIRLOCH,GB,GBR,57.716667,-5.683333,V,RN,"NGA World Port Index (HDX mirror, 2017-03-28)",REAL
32890,PLOCKTON,GB,GBR,57.333333,-5.65,V,CN,"NGA World Port Index (HDX mirror, 2017-03-28)",REAL
32900,KYLE OF LOCHALSH,GB,GBR,57.283333,-5.716667,V,OR,"NGA World Port Index (HDX mirror, 2017-03-28)",REAL
32910,KYLEAKIN,GB,GBR,57.266667,-5.733333,V,CN,"NGA World Port Index (HDX mirror, 2017-03-28)",REAL
32920,BROADFORD BAY,GB,GBR,57.25,-5.883333,V,CN,"NGA World Port Index (HDX mirror, 2017-03-28)",REAL
32930,PORTREE HARBOR,GB,GBR,57.416667,-6.2,V,CN,"NGA World Port Index (HDX mirror, 2017-03-28)",REAL
12035,PUERTO MIRANDA,VE,,10.766667,-71.566667,S,LC,"NGA World Port Index (HDX mirror, 2017-03-28)",REAL
12025,LA SALINA,VE,,10.366667,-71.466667,S,LC,"NGA World Port Index (HDX mirror, 2017-03-28)",REAL
61650,HIROSHIMA,JP,JPN,34.35,132.466667,M,OR,"NGA World Port Index (HDX mirror, 2017-03-28)",REAL
11946,PUERTO BOLIVAR,CO,,12.25,-71.966667,S,CB,"NGA World Port Index (HDX mirror, 2017-03-28)",REAL
11935,POZOS COLORADOS,CO,,11.15,-74.25,S,OR,"NGA World Port Index (HDX mirror, 2017-03-28)",REAL
11930,BARRANQUILLA,CO,,10.966667,-74.766667,M,RN,"NGA World Port Index (HDX mirror, 2017-03-28)",REAL
9875,BAHIA DE LAS MINAS,PA,,9.4,-79.816667,S,RN,"NGA World Port Index (HDX mirror, 2017-03-28)",REAL
9860,PUERTO CRISTOBAL,PA,,9.35,-79.916667,M,CB,"NGA World Port Index (HDX mirror, 2017-03-28)",REAL
9805,PUERTO MOIN,CR,,10.0,-83.083333,V,CB,"NGA World Port Index (HDX mirror, 2017-03-28)",REAL
9770,BLUEFIELDS,NI,,12.016667,-83.75,S,OR,"NGA World Port Index (HDX mirror, 2017-03-28)",REAL
45753,TANGIER-MEDITERRANEAN,MA,,35.9,-5.516667,L,CB,"NGA World Port Index (HDX mirror, 2017-03-28)",REAL
9665,PUERTO ESTE,HN,,16.083333,-86.9,V,CN,"NGA World Port Index (HDX mirror, 2017-03-28)",REAL
41415,NEUM,BA,,42.916667,17.6,S,,"NGA World Port Index (HDX mirror, 2017-03-28)",REAL
9590,BELIZE CITY,BZ,,17.5,-88.183333,S,OR,"NGA World Port Index (HDX mirror, 2017-03-28)",REAL
9500,CAMPECHE,MX,,19.85,-90.55,S,OR,"NGA World Port Index (HDX mirror, 2017-03-28)",REAL
9440,FRONTERA,MX,,18.533333,-92.65,V,RN,"NGA World Port Index (HDX mirror, 2017-03-28)",REAL
9410,NANCHITAL,MX,,18.066667,-94.416667,V,RN,"NGA World Port Index (HDX mirror, 2017-03-28)",REAL
48770,MAGDALLA,IN,IND,21.15,72.75,V,RN,"NGA World Port Index (HDX mirror, 2017-03-28)",REAL
48790,HAZIRA,IN,IND,21.083333,72.633333,S,CB,"NGA World Port Index (HDX mirror, 2017-03-28)",REAL
62150,BEPPU,JP,JPN,33.316667,131.516667,V,CB,"NGA World Port Index (HDX mirror, 2017-03-28)",REAL
62130,KOKURA KO,JP,JPN,33.883333,130.883333,S,CB,"NGA World Port Index (HDX mirror, 2017-03-28)",REAL
61700,SHIMONOSEKI,JP,JPN,33.933333,130.933333,S,CN,"NGA World Port Index (HDX mirror, 2017-03-28)",REAL
48900,RATNAGIRI,IN,IND,16.983333,73.283333,V,CN,"NGA World Port Index (HDX mirror, 2017-03-28)",REAL
49170,TRIVANDRUM,IN,IND,8.483333,76.95,V,OR,"NGA World Port Index (HDX mirror, 2017-03-28)",REAL
61855,SHIMMINATO,JP,JPN,36.766667,137.116667,V,RB,"NGA World Port Index (HDX mirror, 2017-03-28)",REAL
15270,GUAYAQUIL,EC,,-2.2,-79.883333,S,RN,"NGA World Port Index (HDX mirror, 2017-03-28)",REAL
36855,MONTOIR,FR,FRA,47.3,-2.133333,M,RN,"NGA World Port Index (HDX mirror, 2017-03-28)",REAL
16380,POINT SAN PABLO,US,USA,37.966667,-122.433333,V,CN,"NGA World Port Index (HDX mirror, 2017-03-28)",REAL
16385,SAUSALITO,US,USA,37.85,-122.483333,V,CN,"NGA World Port Index (HDX mirror, 2017-03-28)",REAL
16390,PINOLE POINT,US,USA,38.016667,-122.366667,V,CN,"NGA World Port Index (HDX mirror, 2017-03-28)",REAL
16400,OLEUM,US,USA,38.05,-122.266667,V,CN,"NGA World Port Index (HDX mirror, 2017-03-28)",REAL
16410,MARE ISLAND,US,USA,38.1,-122.266667,S,CN,"NGA World Port Index (HDX mirror, 2017-03-28)",REAL
16420,SOUTH VALLEJO,US,USA,38.083333,-122.25,S,CN,"NGA World Port Index (HDX mirror, 2017-03-28)",REAL
16440,CROCKETT,US,USA,38.05,-122.216667,V,CN,"NGA World Port Index (HDX mirror, 2017-03-28)",REAL
16450,PORT COSTA,US,USA,38.05,-122.183333,V,CN,"NGA World Port Index (HDX mirror, 2017-03-28)",REAL
16470,BENICIA,US,USA,38.05,-122.15,V,CN,"NGA World Port Index (HDX mirror, 2017-03-28)",REAL
16480,MARTINEZ,US,USA,38.033333,-122.133333,V,CN,"NGA World Port Index (HDX mirror, 2017-03-28)",REAL
16510,PITTSBURG,US,USA,38.033333,-121.883333,V,RN,"NGA World Port Index (HDX mirror, 2017-03-28)",REAL
16515,ANTIOCH,US,USA,38.016667,-121.8,V,RN,"NGA World Port Index (HDX mirror, 2017-03-28)",REAL
16520,STOCKTON,US,USA,37.95,-121.3,S,RN,"NGA World Port Index (HDX mirror, 2017-03-28)",REAL
16540,RIO VISTA,US,USA,38.15,-121.7,V,RN,"NGA World Port Index (HDX mirror, 2017-03-28)",REAL
16550,ISLETON,US,USA,38.166667,-121.6,V,RN,"NGA World Port Index (HDX mirror, 2017-03-28)",REAL
16560,WALNUT GROVE,US,USA,38.233333,-121.516667,V,RN,"NGA World Port Index (HDX mirror, 2017-03-28)",REAL
16570,COURTLAND,US,USA,38.333333,-121.566667,V,RN,"NGA World Port Index (HDX mirror, 2017-03-28)",REAL
16590,SACRAMENTO,US,USA,38.583333,-121.5,S,RN,"NGA World Port Index (HDX mirror, 2017-03-28)",REAL
16630,BODEGA BAY,US,USA,38.333333,-123.05,V,CN,"NGA World Port Index (HDX mirror, 2017-03-28)",REAL
16650,FORT BRAGG,US,USA,39.45,-123.816667,V,CN,"NGA World Port Index (HDX mirror, 2017-03-28)",REAL
16660,FIELDS LANDING,US,USA,40.716667,-124.216667,V,CN,"NGA World Port Index (HDX mirror, 2017-03-28)",REAL
16670,EUREKA,US,USA,40.8,-124.183333,S,CN,"NGA World Port Index (HDX mirror, 2017-03-28)",REAL
16680,SAMOA,US,USA,40.816667,-124.183333,V,CN,"NGA World Port Index (HDX mirror, 2017-03-28)",REAL
16700,CRESCENT CITY,US,USA,41.75,-124.2,V,CB,"NGA World Port Index (HDX mirror, 2017-03-28)",REAL
16710,PORT ORFORD,US,USA,42.733333,-124.5,V,CN,"NGA World Port Index (HDX mirror, 2017-03-28)",REAL
16720,BANDON,US,USA,43.116667,-124.416667,V,RN,"NGA World Port Index (HDX mirror, 2017-03-28)",REAL
16730,PROSPER,US,USA,43.15,-124.366667,V,RN,"NGA World Port Index (HDX mirror, 2017-03-28)",REAL
16740,EMPIRE,US,USA,43.4,-124.283333,M,CN,"NGA World Port Index (HDX mirror, 2017-03-28)",REAL
16750,NORTH BEND,US,USA,43.4,-124.216667,V,CN,"NGA World Port Index (HDX mirror, 2017-03-28)",REAL
16770,COOS BAY,US,USA,43.366667,-124.216667,S,CN,"NGA World Port Index (HDX mirror, 2017-03-28)",REAL
16790,WINCHESTER BAY,US,USA,43.683333,-124.183333,V,RN,"NGA World Port Index (HDX mirror, 2017-03-28)",REAL
16795,GARDINER,US,USA,43.716667,-124.1,V,RN,"NGA World Port Index (HDX mirror, 2017-03-28)",REAL
16800,REEDSPORT,US,USA,43.7,-124.1,V,RN,"NGA World Port Index (HDX mirror, 2017-03-28)",REAL
16803,FLORENCE,US,USA,43.966667,-124.116667,V,RN,"NGA World Port Index (HDX mirror, 2017-03-28)",REAL
16805,GLENADA,US,USA,43.966667,-124.116667,V,RN,"NGA World Port Index (HDX mirror, 2017-03-28)",REAL
16808,CUSHMAN,US,USA,43.983333,-124.066667,V,RN,"NGA World Port Index (HDX mirror, 2017-03-28)",REAL
16810,WALDPORT,US,USA,44.433333,-124.066667,V,CN,"NGA World Port Index (HDX mirror, 2017-03-28)",REAL
16820,NEWPORT,US,USA,44.633333,-124.05,V,RN,"NGA World Port Index (HDX mirror, 2017-03-28)",REAL
16830,TOLEDO,US,USA,44.616667,-123.933333,V,RN,"NGA World Port Index (HDX mirror, 2017-03-28)",REAL
16835,DEPOE BAY,US,USA,44.8,-124.066667,V,CN,"NGA World Port Index (HDX mirror, 2017-03-28)",REAL
16838,ILWACO,US,USA,46.3,-124.05,V,RN,"NGA World Port Index (HDX mirror, 2017-03-28)",REAL
16290,PRINCETOWN,US,USA,37.5,-122.483333,V,CB,"NGA World Port Index (HDX mirror, 2017-03-28)",REAL
15790,PUERTO VALLARTA,MX,,20.616667,-105.266667,S,RB,"NGA World Port Index (HDX mirror, 2017-03-28)",REAL
15810,MAZATLAN,MX,,23.2,-106.416667,M,RN,"NGA World Port Index (HDX mirror, 2017-03-28)",REAL
15830,TOPOLOBAMPO,MX,,25.6,-109.066667,S,CN,"NGA World Port Index (HDX mirror, 2017-03-28)",REAL
15850,GUAYMAS,MX,,27.916667,-110.916667,S,CB,"NGA World Port Index (HDX mirror, 2017-03-28)",REAL
15870,SANTA ROSALIA,MX,,27.333333,-112.283333,S,CB,"NGA World Port Index (HDX mirror, 2017-03-28)",REAL
6970,MONHEGAN,US,USA,43.766667,-69.316667,V,CN,"NGA World Port Index (HDX mirror, 2017-03-28)",REAL
6980,PORT CLYDE,US,USA,43.916667,-69.25,V,CN,"NGA World Port Index (HDX mirror, 2017-03-28)",REAL
6990,THOMASTON,US,USA,44.066667,-69.183333,V,RN,"NGA World Port Index (HDX mirror, 2017-03-28)",REAL
7000,FRIENDSHIP,US,USA,43.966667,-69.333333,V,CN,"NGA World Port Index (HDX mirror, 2017-03-28)",REAL
7010,NEW HARBOR,US,USA,43.866667,-69.483333,V,CN,"NGA World Port Index (HDX mirror, 2017-03-28)",REAL
7020,PEMAQUID BEACH,US,USA,43.866667,-69.533333,V,CN,"NGA World Port Index (HDX mirror, 2017-03-28)",REAL
7030,SOUTH BRISTOL,US,USA,43.866667,-69.55,V,CN,"NGA World Port Index (HDX mirror, 2017-03-28)",REAL
7040,BOOTHBAY HARBOR,US,USA,43.866667,-69.583333,V,CN,"NGA World Port Index (HDX mirror, 2017-03-28)",REAL
7070,ROBINHOOD,US,USA,43.85,-69.733333,V,RN,"NGA World Port Index (HDX mirror, 2017-03-28)",REAL
7080,BATH,US,USA,43.916667,-69.816667,S,RN,"NGA World Port Index (HDX mirror, 2017-03-28)",REAL
7100,GARDINER,US,USA,44.233333,-69.766667,V,RN,"NGA World Port Index (HDX mirror, 2017-03-28)",REAL
7120,AUGUSTA,US,USA,44.316667,-69.766667,V,RN,"NGA World Port Index (HDX mirror, 2017-03-28)",REAL
7130,CUNDY HARBOR,US,USA,43.783333,-69.9,V,CN,"NGA World Port Index (HDX mirror, 2017-03-28)",REAL
7140,SOUTH HARPSWELL,US,USA,43.733333,-70.016667,V,CN,"NGA World Port Index (HDX mirror, 2017-03-28)",REAL
7150,PORTLAND,US,USA,43.666667,-70.25,M,CN,"NGA World Port Index (HDX mirror, 2017-03-28)",REAL
7160,SACO,US,USA,43.5,-70.45,V,RN,"NGA World Port Index (HDX mirror, 2017-03-28)",REAL
7170,KENNEBUNKPORT,US,USA,43.366667,-70.466667,V,RN,"NGA World Port Index (HDX mirror, 2017-03-28)",REAL
7180,PORTSMOUTH,US,USA,43.083333,-70.75,S,RN,"NGA World Port Index (HDX mirror, 2017-03-28)",REAL
6670,COREA,US,USA,44.4,-67.966667,V,CN,"NGA World Port Index (HDX mirror, 2017-03-28)",REAL
6170,GOLDSBORO,CA,CAN,45.183333,-61.65,V,CN,"NGA World Port Index (HDX mirror, 2017-03-28)",REAL
6190,STORMONT,CA,CAN,45.216667,-61.716667,V,CN,"NGA World Port Index (HDX mirror, 2017-03-28)",REAL
6220,SONORA,CA,CAN,45.066667,-61.916667,V,RN,"NGA World Port Index (HDX mirror, 2017-03-28)",REAL
6330,MUSQUODOBOIT HARBOUR,CA,CAN,44.783333,-63.15,V,CN,"NGA World Port Index (HDX mirror, 2017-03-28)",REAL
6340,HALIFAX,CA,CAN,44.65,-63.583333,L,CN,"NGA World Port Index (HDX mirror, 2017-03-28)",REAL
6350,SAMBRO,CA,CAN,44.466667,-63.6,V,CN,"NGA World Port Index (HDX mirror, 2017-03-28)",REAL
6390,LUNENBURG,CA,CAN,44.383333,-64.316667,S,CN,"NGA World Port Index (HDX mirror, 2017-03-28)",REAL
6420,LOCKEPORT,CA,CAN,43.7,-65.116667,V,CB,"NGA World Port Index (HDX mirror, 2017-03-28)",REAL
6470,DIGBY,CA,CAN,44.616667,-65.766667,S,CN,"NGA World Port Index (HDX mirror, 2017-03-28)",REAL
6480,ANNAPOLIS ROYAL,CA,CAN,44.75,-65.516667,V,RN,"NGA World Port Index (HDX mirror, 2017-03-28)",REAL
6500,WINDSOR,CA,CAN,45.0,-64.15,V,RN,"NGA World Port Index (HDX mirror, 2017-03-28)",REAL
6550,ST JOHN,CA,CAN,45.266667,-66.05,M,CB,"NGA World Port Index (HDX mirror, 2017-03-28)",REAL
6575,PORT BAYSIDE NB,CA,CAN,45.15,-67.133333,V,RN,"NGA World Port Index (HDX mirror, 2017-03-28)",REAL
6600,EASTPORT,US,USA,44.9,-66.983333,V,CN,"NGA World Port Index (HDX mirror, 2017-03-28)",REAL
6610,LUBEC,US,USA,44.866667,-66.983333,V,CN,"NGA World Port Index (HDX mirror, 2017-03-28)",REAL
6620,MACHIASPORT,US,USA,44.7,-67.4,V,CN,"NGA World Port Index (HDX mirror, 2017-03-28)",REAL
6630,MACHIAS,US,USA,44.716667,-67.466667,V,RN,"NGA World Port Index (HDX mirror, 2017-03-28)",REAL
6640,JONESPORT,US,USA,44.533333,-67.616667,V,CN,"NGA World Port Index (HDX mirror, 2017-03-28)",REAL
6650,WYMAN,US,USA,44.516667,-67.866667,V,CN,"NGA World Port Index (HDX mirror, 2017-03-28)",REAL
6660,MILBRIDGE,US,USA,44.533333,-67.883333,V,RN,"NGA World Port Index (HDX mirror, 2017-03-28)",REAL
6100,CANSO,CA,CAN,45.333333,-61.0,V,CN,"NGA World Port Index (HDX mirror, 2017-03-28)",REAL
5440,PORT WING,US,USA,46.783333,-91.383333,V,CB,"NGA World Port Index (HDX mirror, 2017-03-28)",REAL
29870,KERTEMINDE,DK,DNK,55.45,10.666667,V,CB,"NGA World Port Index (HDX mirror, 2017-03-28)",REAL
45730,CUETA,ES,ESP,35.9,-5.316667,M,CB,"NGA World Port Index (HDX mirror, 2017-03-28)",REAL
28187,INKOO,FI,FIN,60.016667,23.916667,V,RB,"NGA World Port Index (HDX mirror, 2017-03-28)",REAL
27850,TOLKKINEN,FI,FIN,60.033333,25.583333,V,CB,"NGA World Port Index (HDX mirror, 2017-03-28)",REAL
27537,RAHJA,FI,FIN,64.2,23.733333,V,CB,"NGA World Port Index (HDX mirror, 2017-03-28)",REAL
45720,PORT D AL HOCEIMA,MA,,35.25,-3.916667,V,CB,"NGA World Port Index (HDX mirror, 2017-03-28)",REAL
48130,RABIGH,SA,SAU,22.733333,38.983333,V,CB,"NGA World Port Index (HDX mirror, 2017-03-28)",REAL
23950,BROFJORDEN,SE,SWE,58.383333,11.416667,S,CN,"NGA World Port Index (HDX mirror, 2017-03-28)",REAL
24000,STENUNGSUND,SE,SWE,58.066667,11.833333,V,OR,"NGA World Port Index (HDX mirror, 2017-03-28)",REAL
28484,MUUGA-PORT OF TALLIN,EE,,59.5,24.95,S,CB,"NGA World Port Index (HDX mirror, 2017-03-28)",REAL
23817,FAGERSTRAND,NO,NOR,59.733333,10.6,S,OR,"NGA World Port Index (HDX mirror, 2017-03-28)",REAL
48590,GWADAR,PK,,25.133333,62.3,M,CN,"NGA World Port Index (HDX mirror, 2017-03-28)",REAL
49030,NEW MANGALORE,IN,IND,12.916667,74.816667,M,CB,"NGA World Port Index (HDX mirror, 2017-03-28)",REAL
57472,PETCHBURI TERMINAL,TH,,13.166667,100.15,V,OR,"NGA World Port Index (HDX mirror, 2017-03-28)",REAL
57443,RAYONG TPI TERMINAL,TH,,12.633333,101.3,V,OR,"NGA World Port Index (HDX mirror, 2017-03-28)",REAL
57461,SIAM SEAPORT,TH,,13.133333,100.883333,V,OR,"NGA World Port Index (HDX mirror, 2017-03-28)",REAL
49890,LUMUT,MY,,4.233333,100.633333,V,RN,"NGA World Port Index (HDX mirror, 2017-03-28)",REAL
51586,TAWA,MY,,4.25,117.883333,V,CN,"NGA World Port Index (HDX mirror, 2017-03-28)",REAL
49910,TELUK ANSON,MY,,4.016667,101.016667,V,RN,"NGA World Port Index (HDX mirror, 2017-03-28)",REAL
49454,KAMARAJAR PORT,IN,IND,13.266667,80.316667,S,CB,"NGA World Port Index (HDX mirror, 2017-03-28)",REAL
51635,LUMUT,BN,,4.716667,114.45,V,OR,"NGA World Port Index (HDX mirror, 2017-03-28)",REAL
48613,SIKKA,IN,IND,22.433333,69.833333,V,OR,"NGA World Port Index (HDX mirror, 2017-03-28)",REAL
48617,MUNDRA,IN,IND,22.733333,69.7,S,OR,"NGA World Port Index (HDX mirror, 2017-03-28)",REAL
48674,DAHEJ,IN,IND,21.7,72.533333,V,OR,"NGA World Port Index (HDX mirror, 2017-03-28)",REAL
50517,JABUNG BATANGHARI MARINE TERMINAL,ID,,-0.916667,104.066667,V,OR,"NGA World Port Index (HDX mirror, 2017-03-28)",REAL
50740,KUALA KAPUS,ID,,3.0,114.366667,V,OR,"NGA World Port Index (HDX mirror, 2017-03-28)",REAL
50070,LALANG MARINE TERMINAL,ID,,1.183333,102.216667,V,OR,"NGA World Port Index (HDX mirror, 2017-03-28)",REAL
52297,PAREPARE,ID,,-4.0,119.616667,V,OR,"NGA World Port Index (HDX mirror, 2017-03-28)",REAL
51501,BELANAK FIELD TERMINAL,ID,,4.15,106.25,V,OR,"NGA World Port Index (HDX mirror, 2017-03-28)",REAL
51484,BELIDA MARINE TERMINAL,ID,,4.133333,105.133333,V,OR,"NGA World Port Index (HDX mirror, 2017-03-28)",REAL
51254,TANJUNG BENETE,ID,,-8.9,116.75,V,CN,"NGA World Port Index (HDX mirror, 2017-03-28)",REAL
51205,CELUKAN BAWANG,ID,,-8.183333,114.833333,S,CN,"NGA World Port Index (HDX mirror, 2017-03-28)",REAL
48057,ZAFARANA TERMINAL,EG,EGY,29.166667,32.683333,V,OR,"NGA World Port Index (HDX mirror, 2017-03-28)",REAL
47989,ZEIT BAY LPG TERMINAL,EG,EGY,27.8,33.566667,V,OR,"NGA World Port Index (HDX mirror, 2017-03-28)",REAL
31360,WHITSTABLE,GB,GBR,51.366667,1.033333,S,RN,"NGA World Port Index (HDX mirror, 2017-03-28)",REAL
31370,SHEERNESS,GB,GBR,51.45,0.75,V,CN,"NGA World Port Index (HDX mirror, 2017-03-28)",REAL
31376,THAMESPORT,GB,GBR,51.433333,0.7,S,RN,"NGA World Port Index (HDX mirror, 2017-03-28)",REAL
31390,CHATHAM DOCKS,GB,GBR,51.4,0.55,S,RB,"NGA World Port Index (HDX mirror, 2017-03-28)",REAL
31420,GRAVESEND,GB,GBR,51.45,0.366667,S,RN,"NGA World Port Index (HDX mirror, 2017-03-28)",REAL
31470,LONDON,GB,GBR,51.5,-0.083333,L,RB,"NGA World Port Index (HDX mirror, 2017-03-28)",REAL
31506,COLCHESTER,GB,GBR,51.883333,0.916667,V,RN,"NGA World Port Index (HDX mirror, 2017-03-28)",REAL
31530,HARWICH,GB,GBR,51.95,1.283333,S,RN,"NGA World Port Index (HDX mirror, 2017-03-28)",REAL
31550,IPSWICH,GB,GBR,52.05,1.166667,S,RT,"NGA World Port Index (HDX mirror, 2017-03-28)",REAL
31570,LOWESTOFT,GB,GBR,52.483333,1.75,S,CB,"NGA World Port Index (HDX mirror, 2017-03-28)",REAL
31580,GREAT YARMOUTH,GB,GBR,52.616667,1.733333,S,RN,"NGA World Port Index (HDX mirror, 2017-03-28)",REAL
31610,KING'S LYNN,GB,GBR,52.75,0.4,S,RT,"NGA World Port Index (HDX mirror, 2017-03-28)",REAL
31630,BOSTON,GB,GBR,52.966667,-0.016667,S,RT,"NGA World Port Index (HDX mirror, 2017-03-28)",REAL
31640,GRIMSBY,GB,GBR,53.583333,-0.066667,M,RT,"NGA World Port Index (HDX mirror, 2017-03-28)",REAL
31650,IMMINGHAM,GB,GBR,53.633333,-0.2,M,RT,"NGA World Port Index (HDX mirror, 2017-03-28)",REAL
31660,KINGSTON UPON HULL,GB,GBR,53.75,-0.283333,M,RT,"NGA World Port Index (HDX mirror, 2017-03-28)",REAL
31670,GOOLE,GB,GBR,53.7,-0.833333,S,RT,"NGA World Port Index (HDX mirror, 2017-03-28)",REAL
31680,BRIDLINGTON,GB,GBR,54.083333,-0.183333,V,CB,"NGA World Port Index (HDX mirror, 2017-03-28)",REAL
31690,SCARBOROUGH,GB,GBR,54.283333,-0.4,V,CB,"NGA World Port Index (HDX mirror, 2017-03-28)",REAL
31700,WHITBY,GB,GBR,54.483333,-0.616667,S,CB,"NGA World Port Index (HDX mirror, 2017-03-28)",REAL
31140,ROTTERDAM,NL,NLD,51.9,4.483333,L,RB,"NGA World Port Index (HDX mirror, 2017-03-28)",REAL
30630,RINGKOBING,DK,DNK,56.083333,8.25,V,CB,"NGA World Port Index (HDX mirror, 2017-03-28)",REAL
30640,ESBJERG,DK,DNK,55.466667,8.45,S,CN,"NGA World Port Index (HDX mirror, 2017-03-28)",REAL
30680,HUSUM,DE,DEU,54.483333,9.05,V,RN,"NGA World Port Index (HDX mirror, 2017-03-28)",REAL
30710,BRUNSBUTTEL ELBAHAFEN,DE,DEU,53.883333,9.166667,V,RN,"NGA World Port Index (HDX mirror, 2017-03-28)",REAL
30720,BRUNSBUTTEL CANAL TERMINALS,DE,DEU,53.9,9.15,S,LC,"NGA World Port Index (HDX mirror, 2017-03-28)",REAL
30730,RENDSBURG,DE,DEU,54.3,9.683333,S,LC,"NGA World Port Index (HDX mirror, 2017-03-28)",REAL
30760,GLUCKSTADT,DE,DEU,53.783333,9.416667,S,CT,"NGA World Port Index (HDX mirror, 2017-03-28)",REAL
30780,HAMBURG,DE,DEU,53.55,9.933333,L,LC,"NGA World Port Index (HDX mirror, 2017-03-28)",REAL
30800,CUXHAVEN,DE,DEU,53.866667,8.716667,M,RB,"NGA World Port Index (HDX mirror, 2017-03-28)",REAL
30810,BREMERHAVEN,DE,DEU,53.533333,8.583333,L,RT,"NGA World Port Index (HDX mirror, 2017-03-28)",REAL
30840,NORDENHAM,DE,DEU,53.483333,8.483333,S,RN,"NGA World Port Index (HDX mirror, 2017-03-28)",REAL
30850,BRAKE,DE,DEU,53.333333,8.483333,M,RT,"NGA World Port Index (HDX mirror, 2017-03-28)",REAL
30860,ELSFLETH,DE,DEU,53.233333,8.466667,V,RT,"NGA World Port Index (HDX mirror, 2017-03-28)",REAL
30870,OLDENBURG,DE,DEU,53.116667,8.216667,V,RN,"NGA World Port Index (HDX mirror, 2017-03-28)",REAL
30900,BREMEN,DE,DEU,53.133333,8.766667,L,RT,"NGA World Port Index (HDX mirror, 2017-03-28)",REAL
30910,WILHELMSHAVEN,DE,DEU,53.533333,8.166667,S,CT,"NGA World Port Index (HDX mirror, 2017-03-28)",REAL
30950,EMDEN,DE,DEU,53.333333,7.183333,M,RT,"NGA World Port Index (HDX mirror, 2017-03-28)",REAL
30960,LEER,DE,DEU,53.233333,7.45,V,RT,"NGA World Port Index (HDX mirror, 2017-03-28)",REAL
30970,PAPENBURG,DE,DEU,53.1,7.383333,S,LC,"NGA World Port Index (HDX mirror, 2017-03-28)",REAL
30990,DELFZIJL,NL,NLD,53.333333,6.933333,S,CT,"NGA World Port Index (HDX mirror, 2017-03-28)",REAL
31010,HARLINGEN,NL,NLD,53.183333,5.416667,V,CT,"NGA World Port Index (HDX mirror, 2017-03-28)",REAL
31020,DEN HELDER,NL,NLD,52.966667,4.783333,S,RB,"NGA World Port Index (HDX mirror, 2017-03-28)",REAL
15880,ISLA SAN MARCOS,MX,,27.183333,-112.1,V,OR,"NGA World Port Index (HDX mirror, 2017-03-28)",REAL
15915,SAN JUAN DE LA COSTA,MX,,24.4,-110.7,V,OR,"NGA World Port Index (HDX mirror, 2017-03-28)",REAL
15920,LA PAZ,MX,,24.166667,-110.316667,S,CN,"NGA World Port Index (HDX mirror, 2017-03-28)",REAL
15990,ENSENADA,MX,,31.866667,-116.633333,M,CB,"NGA World Port Index (HDX mirror, 2017-03-28)",REAL
15995,ROSARITO,MX,,32.366667,-117.1,V,OR,"NGA World Port Index (HDX mirror, 2017-03-28)",REAL
16010,SAN DIEGO,US,USA,32.716667,-117.183333,M,CN,"NGA World Port Index (HDX mirror, 2017-03-28)",REAL
16030,WILSON COVE,US,USA,33.0,-118.55,V,CN,"NGA World Port Index (HDX mirror, 2017-03-28)",REAL
16040,ISTHMUS COVE,US,USA,33.45,-118.5,V,CN,"NGA World Port Index (HDX mirror, 2017-03-28)",REAL
16050,AVALON,US,USA,33.35,-118.316667,V,CN,"NGA World Port Index (HDX mirror, 2017-03-28)",REAL
16060,NEWPORT BEACH,US,USA,33.616667,-117.9,V,CN,"NGA World Port Index (HDX mirror, 2017-03-28)",REAL
16070,LONG BEACH,US,USA,33.766667,-118.183333,M,CB,"NGA World Port Index (HDX mirror, 2017-03-28)",REAL
16080,LOS ANGELES,US,USA,33.75,-118.25,L,CB,"NGA World Port Index (HDX mirror, 2017-03-28)",REAL
16110,EL SEGUNDO,US,USA,33.916667,-118.433333,V,OR,"NGA World Port Index (HDX mirror, 2017-03-28)",REAL
16120,PORT HUENEME,US,USA,34.15,-119.2,V,CB,"NGA World Port Index (HDX mirror, 2017-03-28)",REAL
16130,PRISONERS,US,USA,34.016667,-119.683333,V,OR,"NGA World Port Index (HDX mirror, 2017-03-28)",REAL
16140,VENTURA,US,USA,34.283333,-119.283333,V,OR,"NGA World Port Index (HDX mirror, 2017-03-28)",REAL
16145,CARPINTERIA,US,USA,34.383333,-119.516667,V,CN,"NGA World Port Index (HDX mirror, 2017-03-28)",REAL
16150,SANTA BARBARA,US,USA,34.416667,-119.683333,V,CB,"NGA World Port Index (HDX mirror, 2017-03-28)",REAL
16160,ELLWOOD,US,USA,34.433333,-119.916667,V,OR,"NGA World Port Index (HDX mirror, 2017-03-28)",REAL
16170,GAVIOTA,US,USA,34.466667,-120.2,V,OR,"NGA World Port Index (HDX mirror, 2017-03-28)",REAL
16190,PISMO BEACH,US,USA,35.133333,-120.65,V,OR,"NGA World Port Index (HDX mirror, 2017-03-28)",REAL
16200,PORT SAN LUIS,US,USA,35.166667,-120.75,V,CN,"NGA World Port Index (HDX mirror, 2017-03-28)",REAL
16210,MORRO BAY,US,USA,35.366667,-120.85,V,CB,"NGA World Port Index (HDX mirror, 2017-03-28)",REAL
16240,MONTEREY,US,USA,36.616667,-121.883333,S,CN,"NGA World Port Index (HDX mirror, 2017-03-28)",REAL
16260,MOSS LANDING,US,USA,36.8,-121.783333,V,CN,"NGA World Port Index (HDX mirror, 2017-03-28)",REAL
16270,SANTA CRUZ,US,USA,36.966667,-122.016667,V,CN,"NGA World Port Index (HDX mirror, 2017-03-28)",REAL
16280,DAVENPORT,US,USA,37.016667,-122.2,V,OR,"NGA World Port Index (HDX mirror, 2017-03-28)",REAL
15760,ACAPULCO,MX,,16.85,-99.933333,M,CN,"NGA World Port Index (HDX mirror, 2017-03-28)",REAL
15765,LAZARO CARDENAS,MX,,17.933333,-102.166667,S,RB,"NGA World Port Index (HDX mirror, 2017-03-28)",REAL
15770,MANZANILLO,MX,,19.05,-104.316667,M,CB,"NGA World Port Index (HDX mirror, 2017-03-28)",REAL
15200,CALETA LOBITOS,PE,,-4.45,-81.283333,V,OR,"NGA World Port Index (HDX mirror, 2017-03-28)",REAL
15210,PUERTO CABO BLANCO,PE,,-4.25,-81.233333,V,OR,"NGA World Port Index (HDX mirror, 2017-03-28)",REAL
15250,PUERTO BOLIVAR,EC,,-3.266667,-80.0,V,RN,"NGA World Port Index (HDX mirror, 2017-03-28)",REAL
15275,PUERTO MARITIMO DE GUAYAQUIL,EC,,-2.283333,-79.9,S,RN,"NGA World Port Index (HDX mirror, 2017-03-28)",REAL
15290,LA LIBERTAD,EC,,-2.216667,-80.916667,V,OR,"NGA World Port Index (HDX mirror, 2017-03-28)",REAL
15310,MANTA,EC,,-0.95,-80.716667,V,CB,"NGA World Port Index (HDX mirror, 2017-03-28)",REAL
15330,ESMERALDAS,EC,,1.0,-79.65,V,RN,"NGA World Port Index (HDX mirror, 2017-03-28)",REAL
15360,TUMACO,CO,,1.816667,-78.75,V,OR,"NGA World Port Index (HDX mirror, 2017-03-28)",REAL
15370,BUENAVENTURA,CO,,3.883333,-77.066667,S,CN,"NGA World Port Index (HDX mirror, 2017-03-28)",REAL
15410,BALBOA,PA,,8.95,-79.566667,M,LC,"NGA World Port Index (HDX mirror, 2017-03-28)",REAL
15445,PEDREGAL,PA,,8.35,-82.433333,S,RN,"NGA World Port Index (HDX mirror, 2017-03-28)",REAL
15460,PUERTO ARMUELLES,PA,,8.266667,-82.85,S,OR,"NGA World Port Index (HDX mirror, 2017-03-28)",REAL
5450,SUPERIOR,US,USA,46.733333,-92.066667,M,CB,"NGA World Port Index (HDX mirror, 2017-03-28)",REAL
5460,DULUTH,US,USA,46.766667,-92.1,M,CB,"NGA World Port Index (HDX mirror, 2017-03-28)",REAL
5470,TWO HARBORS,US,USA,47.016667,-91.65,S,CB,"NGA World Port Index (HDX mirror, 2017-03-28)",REAL
5480,GRAND MARAIS,US,USA,47.75,-90.333333,V,CN,"NGA World Port Index (HDX mirror, 2017-03-28)",REAL
5490,WASHINGTON HARBOR,US,USA,47.916667,-89.15,V,CN,"NGA World Port Index (HDX mirror, 2017-03-28)",REAL
5520,DOUGLASTOWN,CA,CAN,48.766667,-64.383333,V,OR,"NGA World Port Index (HDX mirror, 2017-03-28)",REAL
5540,CHANDLER,CA,CAN,48.366667,-64.666667,S,CB,"NGA World Port Index (HDX mirror, 2017-03-28)",REAL
5600,CARAQUET,CA,CAN,47.8,-64.933333,S,CN,"NGA World Port Index (HDX mirror, 2017-03-28)",REAL
5620,SHIPPEGAN,CA,CAN,47.75,-64.7,V,CN,"NGA World Port Index (HDX mirror, 2017-03-28)",REAL
5680,SHEDIAC,CA,CAN,46.216667,-64.55,V,CN,"NGA World Port Index (HDX mirror, 2017-03-28)",REAL
5710,ALBERTON,CA,CAN,46.8,-64.066667,V,CN,"NGA World Port Index (HDX mirror, 2017-03-28)",REAL
5740,GEORGETOWN,CA,CAN,46.183333,-62.533333,S,RN,"NGA World Port Index (HDX mirror, 2017-03-28)",REAL
5770,SUMMERSIDE,CA,CAN,46.4,-63.783333,S,CN,"NGA World Port Index (HDX mirror, 2017-03-28)",REAL
5800,PICTOU,CA,CAN,45.666667,-62.716667,S,CN,"NGA World Port Index (HDX mirror, 2017-03-28)",REAL
5870,PORT HAWKESBURY,CA,CAN,45.616667,-61.366667,V,CN,"NGA World Port Index (HDX mirror, 2017-03-28)",REAL
5880,PORT HASTINGS,CA,CAN,45.65,-61.4,V,CN,"NGA World Port Index (HDX mirror, 2017-03-28)",REAL
5920,CHETICAMP,CA,CAN,46.633333,-61.0,V,CN,"NGA World Port Index (HDX mirror, 2017-03-28)",REAL
5960,WHYCOCOMAGH,CA,CAN,45.966667,-61.133333,V,CN,"NGA World Port Index (HDX mirror, 2017-03-28)",REAL
5970,GRAND NARROWS,CA,CAN,45.95,-60.783333,V,CN,"NGA World Port Index (HDX mirror, 2017-03-28)",REAL
5980,LITTLE BRAS D OR,CA,CAN,46.25,-60.3,V,CN,"NGA World Port Index (HDX mirror, 2017-03-28)",REAL
5990,NORTH SYDNEY,CA,CAN,46.216667,-60.25,S,CN,"NGA World Port Index (HDX mirror, 2017-03-28)",REAL
6050,ARICHAT,CA,CAN,45.516667,-61.016667,V,CN,"NGA World Port Index (HDX mirror, 2017-03-28)",REAL
6080,GUYSBOROUGH,CA,CAN,45.4,-61.5,V,CN,"NGA World Port Index (HDX mirror, 2017-03-28)",REAL
5430,CORNUCOPIA,US,USA,46.866667,-91.1,V,RB,"NGA World Port Index (HDX mirror, 2017-03-28)",REAL
4930,STURGEON BAY,US,USA,44.833333,-87.383333,S,LC,"NGA World Port Index (HDX mirror, 2017-03-28)",REAL
4940,GREEN BAY,US,USA,44.516667,-88.016667,S,RN,"NGA World Port Index (HDX mirror, 2017-03-28)",REAL
4950,DEPERE,US,USA,44.45,-88.066667,V,RN,"NGA World Port Index (HDX mirror, 2017-03-28)",REAL
4960,KAUKAUNA,US,USA,44.283333,-88.266667,V,RT,"NGA World Port Index (HDX mirror, 2017-03-28)",REAL
5010,OCONTO,US,USA,44.9,-87.833333,V,RN,"NGA World Port Index (HDX mirror, 2017-03-28)",REAL
5020,MARINETTE,US,USA,45.083333,-87.6,S,RN,"NGA World Port Index (HDX mirror, 2017-03-28)",REAL
5030,MENOMINEE,US,USA,45.1,-87.6,S,RN,"NGA World Port Index (HDX mirror, 2017-03-28)",REAL
5050,ESCANABA,US,USA,45.766667,-87.05,S,CN,"NGA World Port Index (HDX mirror, 2017-03-28)",REAL
5060,GLADSTONE,US,USA,45.85,-87.016667,V,CN,"NGA World Port Index (HDX mirror, 2017-03-28)",REAL
5070,NAHMA,US,USA,45.833333,-86.666667,V,CN,"NGA World Port Index (HDX mirror, 2017-03-28)",REAL
5100,MANISTIQUE,US,USA,45.95,-86.25,V,CB,"NGA World Port Index (HDX mirror, 2017-03-28)",REAL
5110,PORT INLAND,US,USA,45.966667,-85.866667,V,CB,"NGA World Port Index (HDX mirror, 2017-03-28)",REAL
5130,GOULAIS BAY,CA,CAN,46.733333,-84.5,V,CN,"NGA World Port Index (HDX mirror, 2017-03-28)",REAL
5140,BATCHAWANA BAY,CA,CAN,46.916667,-84.6,V,CN,"NGA World Port Index (HDX mirror, 2017-03-28)",REAL
47987,EAST ZEIT TERMINAL,EG,EGY,27.85,33.6,V,OR,"NGA World Port Index (HDX mirror, 2017-03-28)",REAL
47988,SHARM EL SHEIKH,EG,EGY,27.85,34.283333,V,OR,"NGA World Port Index (HDX mirror, 2017-03-28)",REAL
47982,EL TUR HARBOR,EG,EGY,28.233333,33.616667,V,CN,"NGA World Port Index (HDX mirror, 2017-03-28)",REAL
47960,NUWEIBA EL MUZEIMA,EG,EGY,28.966667,34.65,V,CN,"NGA World Port Index (HDX mirror, 2017-03-28)",REAL
48104,SHARMAH,SA,SAU,27.933333,35.25,V,CN,"NGA World Port Index (HDX mirror, 2017-03-28)",REAL
48106,DUBA,SA,SAU,27.566667,35.533333,S,OR,"NGA World Port Index (HDX mirror, 2017-03-28)",REAL
48108,DUBA BULK PLANT TANKER TERMINAL,SA,SAU,27.316667,35.9,V,OR,"NGA World Port Index (HDX mirror, 2017-03-28)",REAL
48030,NORTH AIN SUKHNA PORT,EG,EGY,29.65,32.366667,S,CB,"NGA World Port Index (HDX mirror, 2017-03-28)",REAL
48025,RAS BADRAN OIL TERMINAL,EG,EGY,28.95,33.166667,V,OR,"NGA World Port Index (HDX mirror, 2017-03-28)",REAL
48035,SOKHNA PORT GAS TANKER TERMINAL,EG,EGY,29.683333,32.366667,V,CB,"NGA World Port Index (HDX mirror, 2017-03-28)",REAL
48475,BANDAR-E PARS TERMINAL,IR,,27.533333,52.533333,V,OR,"NGA World Port Index (HDX mirror, 2017-03-28)",REAL
48464,BARKAN OIL-LOADING TERMINAL,IR,,29.733333,50.166667,V,OR,"NGA World Port Index (HDX mirror, 2017-03-28)",REAL
48404,KHAWR AL ZUBAIR,IQ,,30.183333,47.9,V,RN,"NGA World Port Index (HDX mirror, 2017-03-28)",REAL
48406,KHAWR AL ZUBAIR LNG TERMINAL,IQ,,30.133333,47.916667,V,RN,"NGA World Port Index (HDX mirror, 2017-03-28)",REAL
48342,JU AYMAH LPG TERMINAL,SA,SAU,26.866667,50.05,V,OR,"NGA World Port Index (HDX mirror, 2017-03-28)",REAL
48341,RAS AL GHAR,SA,SAU,26.9,49.866667,V,CB,"NGA World Port Index (HDX mirror, 2017-03-28)",REAL
48280,HULAYLAH OIL TERMINAL,AE,ARE,25.983333,55.933333,V,OR,"NGA World Port Index (HDX mirror, 2017-03-28)",REAL
48214,RUDUM TERMINAL,YE,,13.983333,47.916667,V,OR,"NGA World Port Index (HDX mirror, 2017-03-28)",REAL
48216,BALHAF,YE,,13.966667,48.183333,V,OR,"NGA World Port Index (HDX mirror, 2017-03-28)",REAL
54940,PORT DALRYMPLE,AU,AUS,-41.133333,146.833333,M,CN,"NGA World Port Index (HDX mirror, 2017-03-28)",REAL
54565,CAPE CUVIER,AU,AUS,-24.216667,113.383333,V,OR,"NGA World Port Index (HDX mirror, 2017-03-28)",REAL
54210,KLEIN POINT,AU,AUS,-34.966667,137.766667,V,OR,"NGA World Port Index (HDX mirror, 2017-03-28)",REAL
54555,USELESS LOOP,AU,AUS,-26.083333,113.4,V,OR,"NGA World Port Index (HDX mirror, 2017-03-28)",REAL
56272,BARBER'S POINT,US,USA,21.316667,-158.116667,V,CB,"NGA World Port Index (HDX mirror, 2017-03-28)",REAL
56975,PORT NORO,SB,,-8.216667,157.183333,S,OR,"NGA World Port Index (HDX mirror, 2017-03-28)",REAL
57657,THANH HOA,VN,VNM,10.816667,106.766667,V,CN,"NGA World Port Index (HDX mirror, 2017-03-28)",REAL
57660,NGHE TINH,VN,VNM,18.766667,105.766667,S,RN,"NGA World Port Index (HDX mirror, 2017-03-28)",REAL
40745,PORTO DI CHIOGGIA,IT,ITA,45.233333,12.3,V,RB,"NGA World Port Index (HDX mirror, 2017-03-28)",REAL
57575,CAT LAI,VN,VNM,10.75,106.783333,V,CN,"NGA World Port Index (HDX mirror, 2017-03-28)",REAL
57953,MAILIAO,TW,,23.783333,120.166667,V,CB,"NGA World Port Index (HDX mirror, 2017-03-28)",REAL
57862,CHAOZHOU,CN,CHN,23.616667,117.083333,M,CN,"NGA World Port Index (HDX mirror, 2017-03-28)",REAL
59974,CHANGSHU,CN,CHN,31.766667,120.95,S,OR,"NGA World Port Index (HDX mirror, 2017-03-28)",REAL
60233,DANDONG,CN,CHN,39.816667,124.15,V,OR,"NGA World Port Index (HDX mirror, 2017-03-28)",REAL
57859,HUIZHOU,CN,CHN,22.716667,114.516667,V,CN,"NGA World Port Index (HDX mirror, 2017-03-28)",REAL
57864,DONGSHAN,CN,CHN,23.75,117.516667,S,CN,"NGA World Port Index (HDX mirror, 2017-03-28)",REAL
60125,LANSHAN,CN,CHN,30.1,119.366667,V,OR,"NGA World Port Index (HDX mirror, 2017-03-28)",REAL
60165,PENGLAI,CN,CHN,37.816667,120.833333,V,CN,"NGA World Port Index (HDX mirror, 2017-03-28)",REAL
57874,QUANZHOU,CN,CHN,24.883333,118.6,S,CN,"NGA World Port Index (HDX mirror, 2017-03-28)",REAL
60133,RIZHAO,CN,CHN,35.383333,119.566667,V,CN,"NGA World Port Index (HDX mirror, 2017-03-28)",REAL
59976,TAICANG,CN,CHN,31.65,121.2,V,CB,"NGA World Port Index (HDX mirror, 2017-03-28)",REAL
60193,TANGSHAN (JINGTANG),CN,CHN,39.2,119.016667,V,CB,"NGA World Port Index (HDX mirror, 2017-03-28)",REAL
57876,XIUYU,CN,CHN,25.233333,118.983333,V,CB,"NGA World Port Index (HDX mirror, 2017-03-28)",REAL
57872,ZHANGZHOU,CN,CHN,24.683333,118.15,S,CN,"NGA World Port Index (HDX mirror, 2017-03-28)",REAL
31040,IJMUIDEN,NL,NLD,52.466667,4.583333,S,CT,"NGA World Port Index (HDX mirror, 2017-03-28)",REAL
31050,ZAANDAM,NL,NLD,52.433333,4.833333,S,LC,"NGA World Port Index (HDX mirror, 2017-03-28)",REAL
31060,AMSTERDAM,NL,NLD,52.366667,4.9,L,LC,"NGA World Port Index (HDX mirror, 2017-03-28)",REAL
31070,SCHEVENINGEN,NL,NLD,52.1,4.266667,V,CB,"NGA World Port Index (HDX mirror, 2017-03-28)",REAL
31080,HOEK VAN HOLLAND,NL,NLD,51.95,4.133333,V,RB,"NGA World Port Index (HDX mirror, 2017-03-28)",REAL
31085,EUROPOORT,NL,NLD,51.95,4.116667,M,LC,"NGA World Port Index (HDX mirror, 2017-03-28)",REAL
31100,MAASSLUIS,NL,NLD,51.916667,4.25,V,LC,"NGA World Port Index (HDX mirror, 2017-03-28)",REAL
31120,VLAARDINGEN,NL,NLD,51.9,4.35,V,RB,"NGA World Port Index (HDX mirror, 2017-03-28)",REAL
31130,SCHIEDAM,NL,NLD,51.9,4.4,V,RB,"NGA World Port Index (HDX mirror, 2017-03-28)",REAL
30460,THYBORON,DK,DNK,56.7,8.216667,V,CB,"NGA World Port Index (HDX mirror, 2017-03-28)",REAL
29660,SAKSKOBING,DK,DNK,54.8,11.633333,S,CN,"NGA World Port Index (HDX mirror, 2017-03-28)",REAL
29670,BANDHOLM,DK,DNK,54.833333,11.5,S,CB,"NGA World Port Index (HDX mirror, 2017-03-28)",REAL
29700,NAKSKOV,DK,DNK,54.833333,11.133333,S,CN,"NGA World Port Index (HDX mirror, 2017-03-28)",REAL
29710,RODBY HAVN,DK,DNK,54.65,11.35,V,CB,"NGA World Port Index (HDX mirror, 2017-03-28)",REAL
29720,NYSTED,DK,DNK,54.666667,11.733333,V,CB,"NGA World Port Index (HDX mirror, 2017-03-28)",REAL
29760,RUDKOBING,DK,DNK,54.95,10.716667,S,CB,"NGA World Port Index (HDX mirror, 2017-03-28)",REAL
29790,MARSTAL,DK,DNK,54.916667,10.333333,S,CB,"NGA World Port Index (HDX mirror, 2017-03-28)",REAL
29800,AEROSKOBING,DK,DNK,54.883333,10.416667,V,CB,"NGA World Port Index (HDX mirror, 2017-03-28)",REAL
29830,SVENDBORG,DK,DNK,55.066667,10.616667,S,CN,"NGA World Port Index (HDX mirror, 2017-03-28)",REAL
29860,NYBORG,DK,DNK,55.316667,10.8,S,CB,"NGA World Port Index (HDX mirror, 2017-03-28)",REAL
29880,ODENSE,DK,DNK,55.416667,10.383333,S,LC,"NGA World Port Index (HDX mirror, 2017-03-28)",REAL
29910,MIDDELFART,DK,DNK,55.5,9.733333,S,CB,"NGA World Port Index (HDX mirror, 2017-03-28)",REAL
29930,ASSENS,DK,DNK,55.266667,9.883333,S,CB,"NGA World Port Index (HDX mirror, 2017-03-28)",REAL
29940,FABORG,DK,DNK,55.1,10.25,S,CN,"NGA World Port Index (HDX mirror, 2017-03-28)",REAL
30060,SONDERBORG,DK,DNK,54.916667,9.783333,S,RN,"NGA World Port Index (HDX mirror, 2017-03-28)",REAL
30095,AUGUSTENBORG,DK,DNK,54.95,9.866667,S,CN,"NGA World Port Index (HDX mirror, 2017-03-28)",REAL
30100,ABENRA,DK,DNK,55.05,9.433333,S,CB,"NGA World Port Index (HDX mirror, 2017-03-28)",REAL
30105,ENSTED,DK,DNK,55.016667,9.433333,V,OR,"NGA World Port Index (HDX mirror, 2017-03-28)",REAL
30120,HADERSLEV,DK,DNK,55.25,9.5,S,RB,"NGA World Port Index (HDX mirror, 2017-03-28)",REAL
30160,KOLDING,DK,DNK,55.483333,9.5,S,RB,"NGA World Port Index (HDX mirror, 2017-03-28)",REAL
30170,FREDERICIA,DK,DNK,55.566667,9.766667,S,CN,"NGA World Port Index (HDX mirror, 2017-03-28)",REAL
30190,VEJLE,DK,DNK,55.716667,9.55,S,CN,"NGA World Port Index (HDX mirror, 2017-03-28)",REAL
30230,HORSENS,DK,DNK,55.866667,9.85,V,CB,"NGA World Port Index (HDX mirror, 2017-03-28)",REAL
30260,ARHUS,DK,DNK,56.15,10.216667,M,CB,"NGA World Port Index (HDX mirror, 2017-03-28)",REAL
30285,STUDSTRUP,DK,DNK,56.25,10.35,M,CN,"NGA World Port Index (HDX mirror, 2017-03-28)",REAL
30290,GRENAA HAVN,DK,DNK,56.416667,10.933333,V,CB,"NGA World Port Index (HDX mirror, 2017-03-28)",REAL
30330,RANDERS,DK,DNK,56.466667,10.05,S,RN,"NGA World Port Index (HDX mirror, 2017-03-28)",REAL
30340,HADSUND,DK,DNK,56.716667,10.116667,V,CN,"NGA World Port Index (HDX mirror, 2017-03-28)",REAL
30350,MARIAGER,DK,DNK,56.65,9.983333,V,CN,"NGA World Port Index (HDX mirror, 2017-03-28)",REAL
30360,HOBRO,DK,DNK,56.633333,9.8,V,RN,"NGA World Port Index (HDX mirror, 2017-03-28)",REAL
30380,HALS,DK,DNK,56.983333,10.316667,V,RN,"NGA World Port Index (HDX mirror, 2017-03-28)",REAL
30400,ALBORG,DK,DNK,57.05,9.933333,S,RN,"NGA World Port Index (HDX mirror, 2017-03-28)",REAL
30430,FREDERIKSHAVN,DK,DNK,57.433333,10.55,S,CB,"NGA World Port Index (HDX mirror, 2017-03-28)",REAL
30440,SKAGEN HAVN,DK,DNK,57.716667,10.6,S,CB,"NGA World Port Index (HDX mirror, 2017-03-28)",REAL
15480,GOLFITO,CR,,8.633333,-83.166667,S,CN,"NGA World Port Index (HDX mirror, 2017-03-28)",REAL
15490,PUERTO QUEPOS,CR,,9.433333,-84.166667,V,CN,"NGA World Port Index (HDX mirror, 2017-03-28)",REAL
15500,PUERTO CALDERA,CR,,9.916667,-84.716667,V,CN,"NGA World Port Index (HDX mirror, 2017-03-28)",REAL
15510,PUNTARENAS,CR,,9.983333,-84.833333,V,OR,"NGA World Port Index (HDX mirror, 2017-03-28)",REAL
15545,PUERTO SANDINO,NI,,12.183333,-86.766667,V,OR,"NGA World Port Index (HDX mirror, 2017-03-28)",REAL
15550,CORINTO,NI,,12.483333,-87.166667,S,RN,"NGA World Port Index (HDX mirror, 2017-03-28)",REAL
15570,PUERTO DE HENCAN,HN,,13.4,-87.45,V,RN,"NGA World Port Index (HDX mirror, 2017-03-28)",REAL
15600,LA UNION,SV,,13.333333,-87.833333,V,CN,"NGA World Port Index (HDX mirror, 2017-03-28)",REAL
15640,ACAJUTLA,SV,,13.583333,-89.833333,V,CB,"NGA World Port Index (HDX mirror, 2017-03-28)",REAL
15660,PUERTO QUETZAL,GT,,13.916667,-90.8,V,CB,"NGA World Port Index (HDX mirror, 2017-03-28)",REAL
15710,PUERTO MADERO,MX,,14.7,-92.45,V,RB,"NGA World Port Index (HDX mirror, 2017-03-28)",REAL
15730,SALINA CRUZ,MX,,16.166667,-95.2,S,CB,"NGA World Port Index (HDX mirror, 2017-03-28)",REAL
15170,PAITA,PE,,-5.083333,-81.116667,V,OR,"NGA World Port Index (HDX mirror, 2017-03-28)",REAL
15190,TALARA,PE,,-4.583333,-81.283333,S,CN,"NGA World Port Index (HDX mirror, 2017-03-28)",REAL
14415,BAHIA SAN VICENTE,CL,,-36.733333,-73.166667,V,CN,"NGA World Port Index (HDX mirror, 2017-03-28)",REAL
14420,TALCAHUANO,CL,,-36.7,-73.1,S,CN,"NGA World Port Index (HDX mirror, 2017-03-28)",REAL
14425,LIRQUEN,CL,,-36.716667,-72.983333,V,CN,"NGA World Port Index (HDX mirror, 2017-03-28)",REAL
14440,PENCO,CL,,-36.716667,-73.0,V,CN,"NGA World Port Index (HDX mirror, 2017-03-28)",REAL
14470,PUERTO SAN ANTONIO,CL,,-33.583333,-71.616667,S,CB,"NGA World Port Index (HDX mirror, 2017-03-28)",REAL
14500,BAHIA DE VALPARAISO,CL,,-33.033333,-71.616667,M,CB,"NGA World Port Index (HDX mirror, 2017-03-28)",REAL
14510,BAHIA QUINTERO (VENTANAS),CL,,-32.766667,-71.533333,V,OR,"NGA World Port Index (HDX mirror, 2017-03-28)",REAL
14560,BAHIA HERRADURA GUAYACAN,CL,,-29.966667,-71.366667,V,OR,"NGA World Port Index (HDX mirror, 2017-03-28)",REAL
14570,COQUIMBO,CL,,-29.95,-71.333333,V,CN,"NGA World Port Index (HDX mirror, 2017-03-28)",REAL
14610,HUASCO,CL,,-28.466667,-71.25,V,OR,"NGA World Port Index (HDX mirror, 2017-03-28)",REAL
14630,PUERTO CALDERA,CL,,-27.05,-70.833333,V,CN,"NGA World Port Index (HDX mirror, 2017-03-28)",REAL
14635,PUERTO CALDERILLA,CL,,-27.083333,-70.866667,V,CN,"NGA World Port Index (HDX mirror, 2017-03-28)",REAL
14640,PUERTO CHANARAL,CL,,-26.35,-70.65,V,CN,"NGA World Port Index (HDX mirror, 2017-03-28)",REAL
14650,TALTAL,CL,,-25.4,-70.483333,V,CN,"NGA World Port Index (HDX mirror, 2017-03-28)",REAL
14660,ANTOFAGASTA,CL,,-23.65,-70.416667,M,CB,"NGA World Port Index (HDX mirror, 2017-03-28)",REAL
14670,MEJILLONES,CL,,-23.1,-70.466667,S,CN,"NGA World Port Index (HDX mirror, 2017-03-28)",REAL
14720,TOCOPILLA,CL,,-22.083333,-70.233333,S,OR,"NGA World Port Index (HDX mirror, 2017-03-28)",REAL
14760,IQUIQUE,CL,,-20.2,-70.166667,S,CB,"NGA World Port Index (HDX mirror, 2017-03-28)",REAL
14800,RADA DE ARICA,CL,,-18.466667,-70.333333,S,OR,"NGA World Port Index (HDX mirror, 2017-03-28)",REAL
14840,PUERTO ILO,PE,,-17.633333,-71.366667,V,OR,"NGA World Port Index (HDX mirror, 2017-03-28)",REAL
14860,BAHIA DE MATARANI,PE,,-17.0,-72.116667,S,CB,"NGA World Port Index (HDX mirror, 2017-03-28)",REAL
14895,BAHIA SAN NICOLAS,PE,,-15.25,-75.233333,V,CB,"NGA World Port Index (HDX mirror, 2017-03-28)",REAL
5150,GARGANTUA,CA,CAN,47.566667,-84.966667,V,CN,"NGA World Port Index (HDX mirror, 2017-03-28)",REAL
5160,MICHIPICOTEN,CA,CAN,47.966667,-84.9,V,CN,"NGA World Port Index (HDX mirror, 2017-03-28)",REAL
5170,QUEBEC HARBOUR,CA,CAN,47.7,-85.8,V,CN,"NGA World Port Index (HDX mirror, 2017-03-28)",REAL
5180,HERON BAY,CA,CAN,48.65,-86.316667,V,CN,"NGA World Port Index (HDX mirror, 2017-03-28)",REAL
5210,THUNDER BAY,CA,CAN,48.4,-89.233333,M,CB,"NGA World Port Index (HDX mirror, 2017-03-28)",REAL
5260,GRAND MARAIS,US,USA,46.683333,-85.966667,V,CB,"NGA World Port Index (HDX mirror, 2017-03-28)",REAL
5270,MUNISING,US,USA,46.416667,-86.65,V,CN,"NGA World Port Index (HDX mirror, 2017-03-28)",REAL
5280,MARQUETTE,US,USA,46.533333,-87.383333,S,CB,"NGA World Port Index (HDX mirror, 2017-03-28)",REAL
5290,PRESQUE ISLE,US,USA,46.566667,-87.383333,V,CB,"NGA World Port Index (HDX mirror, 2017-03-28)",REAL
5310,L ANSE,US,USA,46.766667,-88.466667,V,CN,"NGA World Port Index (HDX mirror, 2017-03-28)",REAL
5320,BARAGA,US,USA,46.783333,-88.483333,V,CN,"NGA World Port Index (HDX mirror, 2017-03-28)",REAL
5350,COPPER HARBOR,US,USA,47.466667,-87.866667,V,CN,"NGA World Port Index (HDX mirror, 2017-03-28)",REAL
5360,EAGLE HARBOR,US,USA,47.466667,-88.166667,V,CN,"NGA World Port Index (HDX mirror, 2017-03-28)",REAL
5370,HOUGHTON,US,USA,47.116667,-88.566667,S,LC,"NGA World Port Index (HDX mirror, 2017-03-28)",REAL
5380,ONTONAGON,US,USA,46.883333,-89.333333,V,RN,"NGA World Port Index (HDX mirror, 2017-03-28)",REAL
5390,ASHLAND,US,USA,46.6,-90.866667,S,CN,"NGA World Port Index (HDX mirror, 2017-03-28)",REAL
5400,WASHBURN,US,USA,46.666667,-90.883333,V,CN,"NGA World Port Index (HDX mirror, 2017-03-28)",REAL
5410,BAYFIELD,US,USA,46.8,-90.816667,V,CN,"NGA World Port Index (HDX mirror, 2017-03-28)",REAL
5420,LA POINTE,US,USA,46.783333,-90.783333,V,CN,"NGA World Port Index (HDX mirror, 2017-03-28)",REAL
4900,TWO RIVERS,US,USA,44.15,-87.566667,V,CB,"NGA World Port Index (HDX mirror, 2017-03-28)",REAL
4910,KEWAUNEE,US,USA,44.466667,-87.5,V,CB,"NGA World Port Index (HDX mirror, 2017-03-28)",REAL
4920,ALGOMA,US,USA,44.6,-87.433333,V,RN,"NGA World Port Index (HDX mirror, 2017-03-28)",REAL
4410,SAGINAW,US,USA,43.433333,-83.933333,S,RN,"NGA World Port Index (HDX mirror, 2017-03-28)",REAL
4420,ALABASTER,US,USA,44.183333,-83.55,V,OR,"NGA World Port Index (HDX mirror, 2017-03-28)",REAL
4430,TAWAS CITY,US,USA,44.266667,-83.5,V,CN,"NGA World Port Index (HDX mirror, 2017-03-28)",REAL
4450,AU SABLE,US,USA,44.4,-83.316667,V,RN,"NGA World Port Index (HDX mirror, 2017-03-28)",REAL
4460,OSCODA,US,USA,44.416667,-83.316667,V,RN,"NGA World Port Index (HDX mirror, 2017-03-28)",REAL
4470,ALPENA,US,USA,45.066667,-83.416667,S,CN,"NGA World Port Index (HDX mirror, 2017-03-28)",REAL
4480,ROCKPORT,US,USA,45.2,-83.383333,V,OR,"NGA World Port Index (HDX mirror, 2017-03-28)",REAL
4490,CALCITE,US,USA,45.416667,-83.783333,V,CB,"NGA World Port Index (HDX mirror, 2017-03-28)",REAL
4500,ROGERS CITY,US,USA,45.45,-83.816667,V,OR,"NGA World Port Index (HDX mirror, 2017-03-28)",REAL
4510,CHEBOYGAN,US,USA,45.65,-84.466667,S,RN,"NGA World Port Index (HDX mirror, 2017-03-28)",REAL
4520,MACKINAW CITY,US,USA,45.783333,-84.716667,V,LC,"NGA World Port Index (HDX mirror, 2017-03-28)",REAL
4530,MACKINAC ISLAND,US,USA,45.85,-84.616667,V,CB,"NGA World Port Index (HDX mirror, 2017-03-28)",REAL
4540,ST IGNACE,US,USA,45.85,-84.716667,V,CN,"NGA World Port Index (HDX mirror, 2017-03-28)",REAL
4560,SAULT STE MARIE,US,USA,46.5,-84.35,S,RN,"NGA World Port Index (HDX mirror, 2017-03-28)",REAL
4580,ST. JAMES HARBOR,US,USA,45.733333,-85.516667,V,CN,"NGA World Port Index (HDX mirror, 2017-03-28)",REAL
4590,HARBOR SPRINGS,US,USA,45.433333,-84.983333,V,CN,"NGA World Port Index (HDX mirror, 2017-03-28)",REAL
4600,PETOSKEY,US,USA,45.366667,-84.966667,V,CB,"NGA World Port Index (HDX mirror, 2017-03-28)",REAL
4610,CHARLEVOIX,US,USA,45.316667,-85.266667,V,LC,"NGA World Port Index (HDX mirror, 2017-03-28)",REAL
4620,TRAVERSE CITY,US,USA,44.766667,-85.616667,V,CN,"NGA World Port Index (HDX mirror, 2017-03-28)",REAL
4630,LELAND,US,USA,45.016667,-85.766667,V,CB,"NGA World Port Index (HDX mirror, 2017-03-28)",REAL
4640,FRANKFORT,US,USA,44.633333,-86.25,S,CN,"NGA World Port Index (HDX mirror, 2017-03-28)",REAL
4650,MANISTEE,US,USA,44.25,-86.316667,S,RN,"NGA World Port Index (HDX mirror, 2017-03-28)",REAL
4670,LUDINGTON,US,USA,43.95,-86.45,S,RN,"NGA World Port Index (HDX mirror, 2017-03-28)",REAL
4680,WHITE LAKE,US,USA,43.383333,-86.35,S,RN,"NGA World Port Index (HDX mirror, 2017-03-28)",REAL
4690,MUSKEGON,US,USA,43.233333,-86.266667,S,RN,"NGA World Port Index (HDX mirror, 2017-03-28)",REAL
59963,ZHAPU,CN,CHN,30.583333,121.083333,S,OR,"NGA World Port Index (HDX mirror, 2017-03-28)",REAL
57816,SANYA,CN,CHN,18.316667,109.45,V,OR,"NGA World Port Index (HDX mirror, 2017-03-28)",REAL
57817,YANGPU,CN,CHN,19.733333,109.183333,V,CB,"NGA World Port Index (HDX mirror, 2017-03-28)",REAL
57818,CHIWAN,CN,CHN,19.966667,110.033333,V,CB,"NGA World Port Index (HDX mirror, 2017-03-28)",REAL
57819,SHUI DONG,CN,CHN,21.483333,111.083333,V,CB,"NGA World Port Index (HDX mirror, 2017-03-28)",REAL
57821,ZHUHAI,CN,CHN,22.233333,113.583333,V,CB,"NGA World Port Index (HDX mirror, 2017-03-28)",REAL
57820,QINZHOU,CN,CHN,21.733333,108.583333,V,CN,"NGA World Port Index (HDX mirror, 2017-03-28)",REAL
57822,HUANGPU,CN,CHN,23.083333,113.416667,S,RN,"NGA World Port Index (HDX mirror, 2017-03-28)",REAL
59986,CHANGZHOU,CN,CHN,31.966667,119.983333,S,OR,"NGA World Port Index (HDX mirror, 2017-03-28)",REAL
59991,NANTONG,CN,CHN,32.0,120.8,S,RN,"NGA World Port Index (HDX mirror, 2017-03-28)",REAL
59990,ZHANGJIANGANG,CN,CHN,31.966667,120.4,S,RN,"NGA World Port Index (HDX mirror, 2017-03-28)",REAL
60323,DAESAN HANG,KR,,37.016667,126.4,V,OR,"NGA World Port Index (HDX mirror, 2017-03-28)",REAL
60725,VOSTOCHNYY,RU,,42.75,133.083333,V,OR,"NGA World Port Index (HDX mirror, 2017-03-28)",REAL
61416,ATSUMI,JP,JPN,34.666667,137.066667,V,CN,"NGA World Port Index (HDX mirror, 2017-03-28)",REAL
62535,SLAVYANKA,RU,,42.866667,131.383333,S,CN,"NGA World Port Index (HDX mirror, 2017-03-28)",REAL
61571,O0KIHAMA,JP,JPN,34.75,134.566667,V,CN,"NGA World Port Index (HDX mirror, 2017-03-28)",REAL
61232,ISIKARI WAN,JP,JPN,43.233333,141.366667,V,CB,"NGA World Port Index (HDX mirror, 2017-03-28)",REAL
61810,TSURUGA KO,JP,JPN,35.65,136.066667,S,CB,"NGA World Port Index (HDX mirror, 2017-03-28)",REAL
61865,NAOETSU KO,JP,JPN,37.183333,138.25,V,CB,"NGA World Port Index (HDX mirror, 2017-03-28)",REAL
49000,BELEKERI,IN,IND,14.7,74.266667,V,OR,"NGA World Port Index (HDX mirror, 2017-03-28)",REAL
48960,PANAJI,IN,IND,15.5,73.816667,V,CN,"NGA World Port Index (HDX mirror, 2017-03-28)",REAL
48615,VADINAR TERMINAL,IN,IND,22.516667,69.7,V,OR,"NGA World Port Index (HDX mirror, 2017-03-28)",REAL
62505,NAKAGUSUKU,JP,JPN,26.266667,127.916667,S,OR,"NGA World Port Index (HDX mirror, 2017-03-28)",REAL
62340,AOKATA,JP,JPN,32.983333,129.066667,V,OR,"NGA World Port Index (HDX mirror, 2017-03-28)",REAL
61805,FUKUI,JP,JPN,36.066667,136.2,V,OR,"NGA World Port Index (HDX mirror, 2017-03-28)",REAL
61867,KASHIWAZAKI,JP,JPN,37.366667,138.55,V,CN,"NGA World Port Index (HDX mirror, 2017-03-28)",REAL
61617,HABU KO,JP,JPN,34.283333,133.183333,V,CB,"NGA World Port Index (HDX mirror, 2017-03-28)",REAL
62497,NISHIHARA,JP,JPN,26.216667,127.8,V,OR,"NGA World Port Index (HDX mirror, 2017-03-28)",REAL
62079,ONODA,JP,JPN,34.0,131.183333,S,OR,"NGA World Port Index (HDX mirror, 2017-03-28)",REAL
61967,SHINGU,JP,JPN,33.666667,135.983333,V,CB,"NGA World Port Index (HDX mirror, 2017-03-28)",REAL
62077,TAKUMA,JP,JPN,34.216667,133.683333,S,RB,"NGA World Port Index (HDX mirror, 2017-03-28)",REAL
61175,TOKACHI,JP,JPN,42.25,143.3,V,CB,"NGA World Port Index (HDX mirror, 2017-03-28)",REAL
62078,TONDA,JP,JPN,34.033333,131.75,S,CB,"NGA World Port Index (HDX mirror, 2017-03-28)",REAL
61802,UCHIURA,JP,JPN,35.516667,135.5,V,CN,"NGA World Port Index (HDX mirror, 2017-03-28)",REAL
63130,MCMURDO STATION,AQ,,-77.85,166.65,S,CN,"NGA World Port Index (HDX mirror, 2017-03-28)",REAL
15975,PUERTO MORRO REDONDO,MX,,28.05,-115.183333,V,OR,"NGA World Port Index (HDX mirror, 2017-03-28)",REAL
15917,PICHILINGUE,MX,,24.266667,-110.333333,S,CB,"NGA World Port Index (HDX mirror, 2017-03-28)",REAL
9865,PUERTO COLON,PA,,9.366667,-79.883333,M,CB,"NGA World Port Index (HDX mirror, 2017-03-28)",REAL
15427,CHARCO AZUL,PA,,8.216667,-82.866667,V,OR,"NGA World Port Index (HDX mirror, 2017-03-28)",REAL
30450,HIRTSHALS,DK,DNK,57.6,9.966667,V,CB,"NGA World Port Index (HDX mirror, 2017-03-28)",REAL
30455,HANSTHOLM,DK,DNK,57.133333,8.6,V,CB,"NGA World Port Index (HDX mirror, 2017-03-28)",REAL
29630,NYKOBING (FALSTER),DK,DNK,54.766667,11.866667,S,RN,"NGA World Port Index (HDX mirror, 2017-03-28)",REAL
28860,ROSTOCK,DE,DEU,54.1,12.133333,L,RN,"NGA World Port Index (HDX mirror, 2017-03-28)",REAL
28870,WISMAR,DE,DEU,53.9,11.466667,S,CN,"NGA World Port Index (HDX mirror, 2017-03-28)",REAL
28880,LUBECK-TRAVEMUNDE,DE,DEU,53.966667,10.883333,S,RN,"NGA World Port Index (HDX mirror, 2017-03-28)",REAL
28890,LUBECK,DE,DEU,53.883333,10.7,M,LC,"NGA World Port Index (HDX mirror, 2017-03-28)",REAL
28900,NEUSTADT,DE,DEU,54.1,10.816667,V,RN,"NGA World Port Index (HDX mirror, 2017-03-28)",REAL
28920,HEILIGENHAFEN,DE,DEU,54.366667,10.983333,V,CB,"NGA World Port Index (HDX mirror, 2017-03-28)",REAL
28930,KIEL,DE,DEU,54.316667,10.133333,L,RB,"NGA World Port Index (HDX mirror, 2017-03-28)",REAL
28950,ECKERNFORDE,DE,DEU,54.483333,9.833333,S,RB,"NGA World Port Index (HDX mirror, 2017-03-28)",REAL
28955,KAPPELN,DE,DEU,54.666667,9.933333,V,RN,"NGA World Port Index (HDX mirror, 2017-03-28)",REAL
29005,FLENSBURG,DE,DEU,54.8,9.433333,S,RB,"NGA World Port Index (HDX mirror, 2017-03-28)",REAL
29085,NEKSO,DK,DNK,55.066667,15.133333,V,CB,"NGA World Port Index (HDX mirror, 2017-03-28)",REAL
29110,RONNE,DK,DNK,55.1,14.7,S,CB,"NGA World Port Index (HDX mirror, 2017-03-28)",REAL
29120,HASLE,DK,DNK,55.183333,14.7,V,CB,"NGA World Port Index (HDX mirror, 2017-03-28)",REAL
29130,CHRISTIANSO HARBOR,DK,DNK,55.316667,15.183333,V,CB,"NGA World Port Index (HDX mirror, 2017-03-28)",REAL
29180,FAKSE LADEPLADS HAVN,DK,DNK,55.216667,12.166667,V,CB,"NGA World Port Index (HDX mirror, 2017-03-28)",REAL
29220,KOGE,DK,DNK,55.45,12.2,V,CB,"NGA World Port Index (HDX mirror, 2017-03-28)",REAL
29230,KOBENHAVN,DK,DNK,55.7,12.616667,L,CB,"NGA World Port Index (HDX mirror, 2017-03-28)",REAL
29260,TUBORG,DK,DNK,55.716667,12.583333,V,CB,"NGA World Port Index (HDX mirror, 2017-03-28)",REAL
29350,HELSINGOR,DK,DNK,56.033333,12.616667,V,CB,"NGA World Port Index (HDX mirror, 2017-03-28)",REAL
29410,FREDERIKSVAERK,DK,DNK,55.966667,12.016667,V,CB,"NGA World Port Index (HDX mirror, 2017-03-28)",REAL
29420,FREDERIKSSUND,DK,DNK,55.833333,12.05,V,CB,"NGA World Port Index (HDX mirror, 2017-03-28)",REAL
29435,KYNDBYVAERKETS HAVN,DK,DNK,55.816667,11.883333,V,CB,"NGA World Port Index (HDX mirror, 2017-03-28)",REAL
29440,HOLBAEK,DK,DNK,55.716667,11.716667,V,CB,"NGA World Port Index (HDX mirror, 2017-03-28)",REAL
29490,KALUNDBORG,DK,DNK,55.683333,11.1,S,CB,"NGA World Port Index (HDX mirror, 2017-03-28)",REAL
29520,KORSOR,DK,DNK,55.333333,11.133333,S,CB,"NGA World Port Index (HDX mirror, 2017-03-28)",REAL
29530,SKAELSKOR,DK,DNK,55.25,11.3,V,CB,"NGA World Port Index (HDX mirror, 2017-03-28)",REAL
29545,STIGSNAESVAERKET,DK,DNK,55.2,11.25,V,OR,"NGA World Port Index (HDX mirror, 2017-03-28)",REAL
29555,NAESTVED,DK,DNK,55.233333,11.75,S,RB,"NGA World Port Index (HDX mirror, 2017-03-28)",REAL
29560,VORDINGBORG,DK,DNK,55.0,11.9,V,CN,"NGA World Port Index (HDX mirror, 2017-03-28)",REAL
29580,STUBBEKOBING,DK,DNK,54.883333,12.05,S,CB,"NGA World Port Index (HDX mirror, 2017-03-28)",REAL
29600,STEGE,DK,DNK,54.983333,12.283333,V,CB,"NGA World Port Index (HDX mirror, 2017-03-28)",REAL
28848,STRALSUND,DE,DEU,54.316667,13.1,V,CB,"NGA World Port Index (HDX mirror, 2017-03-28)",REAL
28190,HELSINKI,FI,FIN,60.166667,24.966667,L,CB,"NGA World Port Index (HDX mirror, 2017-03-28)",REAL
28210,PORVOO,FI,FIN,60.3,25.633333,V,RN,"NGA World Port Index (HDX mirror, 2017-03-28)",REAL
28220,LOVIISA,FI,FIN,60.45,26.233333,V,CN,"NGA World Port Index (HDX mirror, 2017-03-28)",REAL
28230,KOTKA,FI,FIN,60.466667,26.966667,L,CB,"NGA World Port Index (HDX mirror, 2017-03-28)",REAL
28240,HAMINA,FI,FIN,60.566667,27.2,S,CN,"NGA World Port Index (HDX mirror, 2017-03-28)",REAL
28300,VYBORG,RU,,60.716667,28.75,M,CN,"NGA World Port Index (HDX mirror, 2017-03-28)",REAL
28310,GAVAN VYSOTSK,RU,,60.616667,28.566667,S,LC,"NGA World Port Index (HDX mirror, 2017-03-28)",REAL
28360,PRIMORSK,RU,,60.366667,28.633333,V,OR,"NGA World Port Index (HDX mirror, 2017-03-28)",REAL
28370,SANKT-PETERBURG,RU,,59.933333,30.3,L,CB,"NGA World Port Index (HDX mirror, 2017-03-28)",REAL
14950,PUERTO DEL CALLAO,PE,,-12.05,-77.15,M,CB,"NGA World Port Index (HDX mirror, 2017-03-28)",REAL
14960,BAHIA DE ANCON,PE,,-11.75,-77.183333,V,OR,"NGA World Port Index (HDX mirror, 2017-03-28)",REAL
14970,CHANCAY,PE,,-11.583333,-77.25,V,OR,"NGA World Port Index (HDX mirror, 2017-03-28)",REAL
14980,PUERTO DE HUACHO,PE,,-11.116667,-77.616667,V,OR,"NGA World Port Index (HDX mirror, 2017-03-28)",REAL
14990,PUERTO SUPE,PE,,-10.8,-77.75,V,OR,"NGA World Port Index (HDX mirror, 2017-03-28)",REAL
15000,PUNTA LOBITOS (BAHIA DE HUARMEY),PE,,-10.1,-78.166667,V,OR,"NGA World Port Index (HDX mirror, 2017-03-28)",REAL
15030,PUERTO DE CHIMBOTE,PE,,-9.083333,-78.616667,V,CN,"NGA World Port Index (HDX mirror, 2017-03-28)",REAL
15050,SALAVERRY,PE,,-8.233333,-78.983333,V,CB,"NGA World Port Index (HDX mirror, 2017-03-28)",REAL
15110,PIMENTAL,PE,,-6.833333,-79.933333,V,OR,"NGA World Port Index (HDX mirror, 2017-03-28)",REAL
15140,PUERTO BAYOVAR,PE,,-5.833333,-81.05,V,OR,"NGA World Port Index (HDX mirror, 2017-03-28)",REAL
14400,CORONEL,CL,,-37.033333,-73.166667,S,CN,"NGA World Port Index (HDX mirror, 2017-03-28)",REAL
13810,PUERTO BELGRANO,AR,,-38.883333,-62.1,S,CB,"NGA World Port Index (HDX mirror, 2017-03-28)",REAL
13815,BAHIA BLANCA,AR,,-38.783333,-62.266667,V,CN,"NGA World Port Index (HDX mirror, 2017-03-28)",REAL
13820,PUERTO INGENIERO WHITE,AR,,-38.8,-62.266667,S,CN,"NGA World Port Index (HDX mirror, 2017-03-28)",REAL
13830,PUERTO NACIONAL,AR,,-38.8,-62.283333,V,CN,"NGA World Port Index (HDX mirror, 2017-03-28)",REAL
13840,PUERTO GALVAN,AR,,-38.783333,-62.3,V,CN,"NGA World Port Index (HDX mirror, 2017-03-28)",REAL
13860,SAN BLAS,AR,,-40.566667,-62.233333,V,CN,"NGA World Port Index (HDX mirror, 2017-03-28)",REAL
13900,PUERTO MADRYN,AR,,-42.766667,-65.033333,S,CN,"NGA World Port Index (HDX mirror, 2017-03-28)",REAL
13940,PUERTO SAN JULIAN,AR,,-49.316667,-67.7,V,CN,"NGA World Port Index (HDX mirror, 2017-03-28)",REAL
13950,PUERTO SANTA CRUZ,AR,,-50.016667,-68.516667,V,RN,"NGA World Port Index (HDX mirror, 2017-03-28)",REAL
13960,PUERTO GALLEGOS,AR,,-51.616667,-68.966667,V,RN,"NGA World Port Index (HDX mirror, 2017-03-28)",REAL
13980,USHUAIA,AR,,-54.816667,-68.3,S,CN,"NGA World Port Index (HDX mirror, 2017-03-28)",REAL
14020,PRINCE OLAV HARBOR,GS,,-54.033333,-37.15,V,CN,"NGA World Port Index (HDX mirror, 2017-03-28)",REAL
14040,STROMNESS HARBOR,GS,,-54.15,-36.7,V,CN,"NGA World Port Index (HDX mirror, 2017-03-28)",REAL
14090,PUERTO SARA,CL,,-52.633333,-70.2,V,CN,"NGA World Port Index (HDX mirror, 2017-03-28)",REAL
14095,CALETA CLARENCIA,CL,,-52.9,-70.1,V,CN,"NGA World Port Index (HDX mirror, 2017-03-28)",REAL
14130,PORT SAN JUAN DE LA JUAN,CL,,-53.633333,-70.916667,V,CN,"NGA World Port Index (HDX mirror, 2017-03-28)",REAL
14140,BAHIA HARRIS,CL,,-53.85,-70.45,V,CN,"NGA World Port Index (HDX mirror, 2017-03-28)",REAL
14175,CALETA MINA ELENA,CL,,-52.683333,-71.9,V,CN,"NGA World Port Index (HDX mirror, 2017-03-28)",REAL
4700,GRAND HAVEN,US,USA,43.066667,-86.233333,S,RN,"NGA World Port Index (HDX mirror, 2017-03-28)",REAL
4710,HOLLAND,US,USA,42.783333,-86.133333,S,RN,"NGA World Port Index (HDX mirror, 2017-03-28)",REAL
4720,SAUGATUCK,US,USA,42.666667,-86.2,V,RN,"NGA World Port Index (HDX mirror, 2017-03-28)",REAL
4730,SOUTH HAVEN,US,USA,42.4,-86.283333,V,RN,"NGA World Port Index (HDX mirror, 2017-03-28)",REAL
4740,ST JOSEPH,US,USA,42.116667,-86.483333,S,RN,"NGA World Port Index (HDX mirror, 2017-03-28)",REAL
4750,MICHIGAN CITY,US,USA,41.733333,-86.9,S,CB,"NGA World Port Index (HDX mirror, 2017-03-28)",REAL
4760,GARY,US,USA,41.616667,-87.333333,M,CB,"NGA World Port Index (HDX mirror, 2017-03-28)",REAL
4770,BUFFINGTON,US,USA,41.633333,-87.416667,M,CB,"NGA World Port Index (HDX mirror, 2017-03-28)",REAL
4780,INDIANA HARBOR,US,USA,41.666667,-87.433333,M,CB,"NGA World Port Index (HDX mirror, 2017-03-28)",REAL
4790,CALUMET HARBOR,US,USA,41.733333,-87.516667,M,CB,"NGA World Port Index (HDX mirror, 2017-03-28)",REAL
4800,CHICAGO,US,USA,41.883333,-87.6,M,CT,"NGA World Port Index (HDX mirror, 2017-03-28)",REAL
4810,WILMETTE,US,USA,42.083333,-87.683333,V,CB,"NGA World Port Index (HDX mirror, 2017-03-28)",REAL
4820,GREAT LAKES,US,USA,42.3,-87.833333,V,CB,"NGA World Port Index (HDX mirror, 2017-03-28)",REAL
4830,WAUKEGAN,US,USA,42.366667,-87.816667,S,CB,"NGA World Port Index (HDX mirror, 2017-03-28)",REAL
4840,KENOSHA,US,USA,42.583333,-87.816667,V,CB,"NGA World Port Index (HDX mirror, 2017-03-28)",REAL
4850,RACINE,US,USA,42.733333,-87.783333,S,CB,"NGA World Port Index (HDX mirror, 2017-03-28)",REAL
4860,MILWAUKEE,US,USA,43.033333,-87.883333,M,RN,"NGA World Port Index (HDX mirror, 2017-03-28)",REAL
4870,PORT WASHINGTON,US,USA,43.383333,-87.866667,S,CB,"NGA World Port Index (HDX mirror, 2017-03-28)",REAL
4880,SHEBOYGAN,US,USA,43.75,-87.7,S,RN,"NGA World Port Index (HDX mirror, 2017-03-28)",REAL
4890,MANITOWOC,US,USA,44.1,-87.65,M,RN,"NGA World Port Index (HDX mirror, 2017-03-28)",REAL
4380,PORT HOPE,US,USA,43.95,-82.7,V,OR,"NGA World Port Index (HDX mirror, 2017-03-28)",REAL
4400,BAY CITY,US,USA,43.6,-83.866667,S,RN,"NGA World Port Index (HDX mirror, 2017-03-28)",REAL
3700,SARNIA,CA,CAN,42.983333,-82.416667,S,RN,"NGA World Port Index (HDX mirror, 2017-03-28)",REAL
3710,POINT EDWARD,CA,CAN,43.0,-82.416667,S,RN,"NGA World Port Index (HDX mirror, 2017-03-28)",REAL
3730,GODERICH,CA,CAN,43.75,-81.733333,S,CB,"NGA World Port Index (HDX mirror, 2017-03-28)",REAL
3750,PORT ELGIN,CA,CAN,44.433333,-81.4,V,CB,"NGA World Port Index (HDX mirror, 2017-03-28)",REAL
3760,SOUTHAMPTON,CA,CAN,44.5,-81.383333,V,CB,"NGA World Port Index (HDX mirror, 2017-03-28)",REAL
3770,TOBERMORY,CA,CAN,45.266667,-81.666667,V,CN,"NGA World Port Index (HDX mirror, 2017-03-28)",REAL
3790,LIONS HEAD,CA,CAN,44.983333,-81.25,V,CB,"NGA World Port Index (HDX mirror, 2017-03-28)",REAL
3810,WIARTON,CA,CAN,44.75,-81.133333,V,CN,"NGA World Port Index (HDX mirror, 2017-03-28)",REAL
3860,OWEN SOUND,CA,CAN,44.583333,-80.933333,S,RN,"NGA World Port Index (HDX mirror, 2017-03-28)",REAL
3880,MEAFORD,CA,CAN,44.616667,-80.6,V,CB,"NGA World Port Index (HDX mirror, 2017-03-28)",REAL
3890,THORNBURY,CA,CAN,44.566667,-80.45,V,CB,"NGA World Port Index (HDX mirror, 2017-03-28)",REAL
3900,COLLINGWOOD,CA,CAN,44.5,-80.233333,S,CB,"NGA World Port Index (HDX mirror, 2017-03-28)",REAL
3930,PENETANGUISHENE,CA,CAN,44.766667,-79.933333,V,CN,"NGA World Port Index (HDX mirror, 2017-03-28)",REAL
3940,MIDLAND,CA,CAN,44.75,-79.916667,S,CN,"NGA World Port Index (HDX mirror, 2017-03-28)",REAL
3950,TIFFIN,CA,CAN,44.75,-79.85,V,CN,"NGA World Port Index (HDX mirror, 2017-03-28)",REAL
3960,PORT MCNICOLL,CA,CAN,44.75,-79.8,V,CN,"NGA World Port Index (HDX mirror, 2017-03-28)",REAL
3970,VICTORIA HARBOUR,CA,CAN,44.75,-79.816667,V,CN,"NGA World Port Index (HDX mirror, 2017-03-28)",REAL
3980,WAUBAUSHENE,CA,CAN,44.766667,-79.716667,V,CN,"NGA World Port Index (HDX mirror, 2017-03-28)",REAL
4000,PORT SEVERN,CA,CAN,44.8,-79.716667,V,RN,"NGA World Port Index (HDX mirror, 2017-03-28)",REAL
4020,DEPOT HARBOUR,CA,CAN,45.316667,-80.1,V,CN,"NGA World Port Index (HDX mirror, 2017-03-28)",REAL
4030,PARRY SOUND,CA,CAN,45.333333,-80.033333,S,CN,"NGA World Port Index (HDX mirror, 2017-03-28)",REAL
4050,BYNG INLET,CA,CAN,45.766667,-80.566667,V,CN,"NGA World Port Index (HDX mirror, 2017-03-28)",REAL
4060,KEY HARBOUR,CA,CAN,45.883333,-80.75,V,CN,"NGA World Port Index (HDX mirror, 2017-03-28)",REAL
4080,KILLARNEY,CA,CAN,45.966667,-81.516667,V,CN,"NGA World Port Index (HDX mirror, 2017-03-28)",REAL
11905,MAMONAL,CO,,10.316667,-75.516667,S,OR,"NGA World Port Index (HDX mirror, 2017-03-28)",REAL
13040,IMBITUBA,BR,BRA,-28.233333,-48.666667,V,CN,"NGA World Port Index (HDX mirror, 2017-03-28)",REAL
12935,GUAIBA ISLAND TERMINAL,BR,BRA,-23.016667,-44.033333,S,CN,"NGA World Port Index (HDX mirror, 2017-03-28)",REAL
12900,DTSE / GEGUA OIL TERMINAL,BR,BRA,-22.816667,-43.15,M,OR,"NGA World Port Index (HDX mirror, 2017-03-28)",REAL
12950,GEBIG,BR,BRA,-23.05,-44.216667,S,OR,"NGA World Port Index (HDX mirror, 2017-03-28)",REAL
12820,PORTOCEL,BR,BRA,-19.85,-40.05,S,CB,"NGA World Port Index (HDX mirror, 2017-03-28)",REAL
12857,SANTA CLARA,BR,BRA,-20.883333,-51.366667,V,CN,"NGA World Port Index (HDX mirror, 2017-03-28)",REAL
12037,EL TABIAZO,VE,,10.766667,-71.533333,V,OR,"NGA World Port Index (HDX mirror, 2017-03-28)",REAL
12117,VENTERMINALS,VE,,10.483333,-68.033333,V,OR,"NGA World Port Index (HDX mirror, 2017-03-28)",REAL
13115,JOSE IGNACIO,UY,,-34.95,-54.7,V,OR,"NGA World Port Index (HDX mirror, 2017-03-28)",REAL
10025,COCKBURN HARBOR,TC,,21.5,-71.533333,V,OR,"NGA World Port Index (HDX mirror, 2017-03-28)",REAL
41590,RISAN,ME,,42.516667,18.7,V,CB,"NGA World Port Index (HDX mirror, 2017-03-28)",REAL
41610,KOTOR,ME,,42.416667,18.766667,V,CN,"NGA World Port Index (HDX mirror, 2017-03-28)",REAL
41620,TIVAT,ME,,42.433333,18.7,V,CB,"NGA World Port Index (HDX mirror, 2017-03-28)",REAL
41640,BAR,ME,,42.083333,19.083333,S,CB,"NGA World Port Index (HDX mirror, 2017-03-28)",REAL
11336,PORT ALUCROIX,VI,,17.7,-64.766667,V,OR,"NGA World Port Index (HDX mirror, 2017-03-28)",REAL
12340,CIUDAD BOLIVAR,VE,,8.133333,-63.55,S,RN,"NGA World Port Index (HDX mirror, 2017-03-28)",REAL
46472,DJENO TERMINAL,CG,,-4.933333,11.9,V,OR,"NGA World Port Index (HDX mirror, 2017-03-28)",REAL
46473,N'KOSSA TERMINAL,CG,,-5.266667,11.566667,V,OR,"NGA World Port Index (HDX mirror, 2017-03-28)",REAL
46530,MATADI,CD,,-5.816667,13.45,S,RN,"NGA World Port Index (HDX mirror, 2017-03-28)",REAL
46131,TIN CAN ISLAND,NG,,6.35,3.35,V,RN,"NGA World Port Index (HDX mirror, 2017-03-28)",REAL
46150,SAPELE,NG,,5.9,5.683333,V,RN,"NGA World Port Index (HDX mirror, 2017-03-28)",REAL
46170,WARRI,NG,,5.516667,5.733333,V,RN,"NGA World Port Index (HDX mirror, 2017-03-28)",REAL
46178,YOHO TERMINAL,NG,,4.016667,7.466667,V,OR,"NGA World Port Index (HDX mirror, 2017-03-28)",REAL
46180,SEA EAGLE TERMINAL,NG,,4.8,5.316667,V,OR,"NGA World Port Index (HDX mirror, 2017-03-28)",REAL
46195,QUA IBOE OIL TERMINAL,NG,,4.233333,8.033333,V,OR,"NGA World Port Index (HDX mirror, 2017-03-28)",REAL
46200,PENNINGTON OIL TERMINAL,NG,,4.25,5.616667,L,OR,"NGA World Port Index (HDX mirror, 2017-03-28)",REAL
46206,BONNY OFFSHORE TERMINAL,NG,,4.183333,7.233333,V,OR,"NGA World Port Index (HDX mirror, 2017-03-28)",REAL
28390,LOMONOSOV,RU,,59.916667,29.766667,V,CN,"NGA World Port Index (HDX mirror, 2017-03-28)",REAL
28400,KRONSHTADT,RU,,59.983333,29.783333,S,CB,"NGA World Port Index (HDX mirror, 2017-03-28)",REAL
28410,REKA LUGA,RU,,59.666667,28.316667,V,RN,"NGA World Port Index (HDX mirror, 2017-03-28)",REAL
28440,KUNDA,EE,,59.533333,26.533333,V,OR,"NGA World Port Index (HDX mirror, 2017-03-28)",REAL
28480,TALLINN,EE,,59.45,24.766667,L,CB,"NGA World Port Index (HDX mirror, 2017-03-28)",REAL
28505,PALDISKI,EE,,59.35,24.033333,V,CB,"NGA World Port Index (HDX mirror, 2017-03-28)",REAL
28510,OSMUSSAAR,EE,,59.3,23.366667,V,CN,"NGA World Port Index (HDX mirror, 2017-03-28)",REAL
28550,PARNU,EE,,58.383333,24.5,S,RN,"NGA World Port Index (HDX mirror, 2017-03-28)",REAL
28610,RIGA,LV,,56.95,24.1,L,RN,"NGA World Port Index (HDX mirror, 2017-03-28)",REAL
28620,VENTSPILS,LV,,57.4,21.533333,M,CB,"NGA World Port Index (HDX mirror, 2017-03-28)",REAL
28640,LIEPAJA,LV,,56.516667,21.016667,M,CB,"NGA World Port Index (HDX mirror, 2017-03-28)",REAL
28660,KLAIPEDA,LT,LTU,55.716667,21.116667,M,RN,"NGA World Port Index (HDX mirror, 2017-03-28)",REAL
28680,BALTIYSK,RU,,54.633333,19.9,S,CB,"NGA World Port Index (HDX mirror, 2017-03-28)",REAL
28690,KALININGRAD,RU,,54.7,20.483333,M,RB,"NGA World Port Index (HDX mirror, 2017-03-28)",REAL
28710,GDANSK,PL,POL,54.35,18.666667,L,LC,"NGA World Port Index (HDX mirror, 2017-03-28)",REAL
28715,PORT POLNOCHNY,PL,POL,54.4,18.716667,M,CB,"NGA World Port Index (HDX mirror, 2017-03-28)",REAL
28720,NOWY PORT,PL,POL,54.416667,18.666667,S,LC,"NGA World Port Index (HDX mirror, 2017-03-28)",REAL
28740,GDYNIA,PL,POL,54.533333,18.55,L,CB,"NGA World Port Index (HDX mirror, 2017-03-28)",REAL
28770,USTKA,PL,POL,54.583333,16.85,S,RN,"NGA World Port Index (HDX mirror, 2017-03-28)",REAL
28790,DARLOWO,PL,POL,54.433333,16.416667,V,RB,"NGA World Port Index (HDX mirror, 2017-03-28)",REAL
28800,KOLOBRZEG,PL,POL,54.216667,15.55,V,RN,"NGA World Port Index (HDX mirror, 2017-03-28)",REAL
28820,SWINOUJSCIE,PL,POL,53.916667,14.266667,S,RN,"NGA World Port Index (HDX mirror, 2017-03-28)",REAL
28823,SZCZECIN,PL,POL,53.416667,14.55,M,RN,"NGA World Port Index (HDX mirror, 2017-03-28)",REAL
28828,WOLGAST,DE,DEU,54.05,13.783333,V,RN,"NGA World Port Index (HDX mirror, 2017-03-28)",REAL
28840,SASSNITZ,DE,DEU,54.516667,13.65,V,OR,"NGA World Port Index (HDX mirror, 2017-03-28)",REAL
28170,EKENAS,FI,FIN,59.983333,23.433333,S,CN,"NGA World Port Index (HDX mirror, 2017-03-28)",REAL
28180,JUSSARO,FI,FIN,59.833333,23.566667,V,CN,"NGA World Port Index (HDX mirror, 2017-03-28)",REAL
28185,PORKKALA,FI,FIN,60.083333,24.383333,V,CN,"NGA World Port Index (HDX mirror, 2017-03-28)",REAL
27280,KARLSBORG,SE,SWE,65.8,23.283333,M,CN,"NGA World Port Index (HDX mirror, 2017-03-28)",REAL
27330,SANDVIK,SE,SWE,65.733333,23.766667,V,CN,"NGA World Port Index (HDX mirror, 2017-03-28)",REAL
27400,TORINA,FI,FIN,65.766667,24.166667,S,RN,"NGA World Port Index (HDX mirror, 2017-03-28)",REAL
27410,KEMI,FI,FIN,65.733333,24.566667,S,CN,"NGA World Port Index (HDX mirror, 2017-03-28)",REAL
27520,OULU,FI,FIN,65.016667,25.4,L,RN,"NGA World Port Index (HDX mirror, 2017-03-28)",REAL
27530,RAAHE,FI,FIN,64.683333,24.416667,S,CB,"NGA World Port Index (HDX mirror, 2017-03-28)",REAL
27540,HIMANKA,FI,FIN,64.0,23.65,S,CN,"NGA World Port Index (HDX mirror, 2017-03-28)",REAL
27560,KOKKOLA,FI,FIN,63.85,23.016667,L,CN,"NGA World Port Index (HDX mirror, 2017-03-28)",REAL
27570,JAKOBSTAD,FI,FIN,63.683333,22.666667,M,CN,"NGA World Port Index (HDX mirror, 2017-03-28)",REAL
27580,NYKARLEBY,FI,FIN,63.516667,22.533333,V,RB,"NGA World Port Index (HDX mirror, 2017-03-28)",REAL
27590,KANTLAX,FI,FIN,63.416667,22.283333,V,OR,"NGA World Port Index (HDX mirror, 2017-03-28)",REAL
27610,HELLNAS,FI,FIN,63.283333,22.233333,V,OR,"NGA World Port Index (HDX mirror, 2017-03-28)",REAL
27650,VAASA,FI,FIN,63.1,21.583333,M,CN,"NGA World Port Index (HDX mirror, 2017-03-28)",REAL
27670,KASKINEN,FI,FIN,62.383333,21.233333,M,CN,"NGA World Port Index (HDX mirror, 2017-03-28)",REAL
27680,KRISTINESTAD,FI,FIN,62.283333,21.4,M,CN,"NGA World Port Index (HDX mirror, 2017-03-28)",REAL
27750,MANTYLUOTO,FI,FIN,61.6,21.483333,M,CB,"NGA World Port Index (HDX mirror, 2017-03-28)",REAL
27755,TAHKOLUOTO,FI,FIN,61.633333,21.4,V,OR,"NGA World Port Index (HDX mirror, 2017-03-28)",REAL
14190,PUERTO NATALES,CL,,-51.716667,-72.566667,V,OR,"NGA World Port Index (HDX mirror, 2017-03-28)",REAL
14197,PUERTO CHACABUCO,CL,,-45.466667,-72.833333,V,RN,"NGA World Port Index (HDX mirror, 2017-03-28)",REAL
14220,PUERTO CASTRO,CL,,-42.483333,-73.766667,V,CN,"NGA World Port Index (HDX mirror, 2017-03-28)",REAL
14250,PUERTO QUEMCHI,CL,,-42.15,-73.483333,V,CN,"NGA World Port Index (HDX mirror, 2017-03-28)",REAL
14270,PUERTO MONTT,CL,,-41.483333,-72.966667,S,CN,"NGA World Port Index (HDX mirror, 2017-03-28)",REAL
14330,PUERTO DE CORRAL,CL,,-39.866667,-73.433333,V,CN,"NGA World Port Index (HDX mirror, 2017-03-28)",REAL
14340,BAHIA DE VALDIVIA,CL,,-39.8,-73.25,S,RN,"NGA World Port Index (HDX mirror, 2017-03-28)",REAL
14380,LOTA,CL,,-37.1,-73.15,V,CN,"NGA World Port Index (HDX mirror, 2017-03-28)",REAL
13780,MAR DEL PLATA,AR,,-38.033333,-57.533333,S,CB,"NGA World Port Index (HDX mirror, 2017-03-28)",REAL
13020,ITAJAI,BR,BRA,-26.916667,-48.633333,M,RN,"NGA World Port Index (HDX mirror, 2017-03-28)",REAL
13050,LAGUNA,BR,BRA,-28.5,-48.783333,V,RN,"NGA World Port Index (HDX mirror, 2017-03-28)",REAL
13055,TRAMANDAI,BR,BRA,-29.983333,-50.133333,S,OR,"NGA World Port Index (HDX mirror, 2017-03-28)",REAL
13060,RIO GRANDE,BR,BRA,-32.05,-52.083333,L,RN,"NGA World Port Index (HDX mirror, 2017-03-28)",REAL
13070,PELOTAS,BR,BRA,-31.783333,-52.333333,V,RN,"NGA World Port Index (HDX mirror, 2017-03-28)",REAL
13080,PORTO ALEGRE,BR,BRA,-30.033333,-51.233333,M,RN,"NGA World Port Index (HDX mirror, 2017-03-28)",REAL
13100,LA PALOMA,UY,,-34.65,-54.15,V,CN,"NGA World Port Index (HDX mirror, 2017-03-28)",REAL
13130,PUERTO SAUCE,UY,,-34.433333,-57.45,V,OR,"NGA World Port Index (HDX mirror, 2017-03-28)",REAL
13160,FRAY BENTOS,UY,,-33.116667,-58.316667,V,RN,"NGA World Port Index (HDX mirror, 2017-03-28)",REAL
13170,PAYSANDU,UY,,-32.316667,-58.066667,S,RN,"NGA World Port Index (HDX mirror, 2017-03-28)",REAL
13570,PARANA,AR,,-31.716667,-60.533333,V,RN,"NGA World Port Index (HDX mirror, 2017-03-28)",REAL
13580,DIAMANTE,AR,,-32.066667,-60.65,V,RN,"NGA World Port Index (HDX mirror, 2017-03-28)",REAL
13600,PUERTO SAN MARTIN,AR,,-32.716667,-60.733333,V,RN,"NGA World Port Index (HDX mirror, 2017-03-28)",REAL
13640,VILLA CONSTITUCION,AR,,-33.233333,-60.333333,V,RN,"NGA World Port Index (HDX mirror, 2017-03-28)",REAL
13650,SAN NICOLAS,AR,,-33.333333,-60.233333,V,RN,"NGA World Port Index (HDX mirror, 2017-03-28)",REAL
13660,RAMALLO,AR,,-33.483333,-60.016667,V,RN,"NGA World Port Index (HDX mirror, 2017-03-28)",REAL
13700,ZARATE,AR,,-34.083333,-59.033333,S,RN,"NGA World Port Index (HDX mirror, 2017-03-28)",REAL
13710,CAMPANA,AR,,-34.15,-58.966667,S,RN,"NGA World Port Index (HDX mirror, 2017-03-28)",REAL
13720,CONCORDIA,AR,,-31.4,-58.033333,V,RN,"NGA World Port Index (HDX mirror, 2017-03-28)",REAL
4120,MANITOWANING,CA,CAN,45.75,-81.8,V,CN,"NGA World Port Index (HDX mirror, 2017-03-28)",REAL
4130,SHEGUIANDAH,CA,CAN,45.9,-81.916667,V,CN,"NGA World Port Index (HDX mirror, 2017-03-28)",REAL
4140,LITTLE CURRENT,CA,CAN,45.983333,-81.933333,S,CN,"NGA World Port Index (HDX mirror, 2017-03-28)",REAL
4150,HONORA,CA,CAN,45.866667,-82.166667,V,CN,"NGA World Port Index (HDX mirror, 2017-03-28)",REAL
4160,KAGAWONG,CA,CAN,45.916667,-82.25,V,CN,"NGA World Port Index (HDX mirror, 2017-03-28)",REAL
4170,GORE BAY,CA,CAN,45.916667,-82.466667,V,CN,"NGA World Port Index (HDX mirror, 2017-03-28)",REAL
4180,MELDRUM BAY,CA,CAN,45.933333,-83.116667,V,CN,"NGA World Port Index (HDX mirror, 2017-03-28)",REAL
4200,BLIND RIVER,CA,CAN,46.183333,-82.95,V,CN,"NGA World Port Index (HDX mirror, 2017-03-28)",REAL
4210,COCKBURN,CA,CAN,45.95,-83.316667,V,CN,"NGA World Port Index (HDX mirror, 2017-03-28)",REAL
4220,THESSALON,CA,CAN,46.25,-83.566667,V,CB,"NGA World Port Index (HDX mirror, 2017-03-28)",REAL
4230,BRUCE MINES,CA,CAN,46.283333,-83.783333,V,CN,"NGA World Port Index (HDX mirror, 2017-03-28)",REAL
4240,HILTON,CA,CAN,46.25,-83.883333,V,CN,"NGA World Port Index (HDX mirror, 2017-03-28)",REAL
4250,DESBARATS,CA,CAN,46.333333,-83.916667,V,RN,"NGA World Port Index (HDX mirror, 2017-03-28)",REAL
4270,RICHARDS LANDING,CA,CAN,46.3,-84.033333,V,CN,"NGA World Port Index (HDX mirror, 2017-03-28)",REAL
4290,SAULT STE MARIE,CA,CAN,46.516667,-84.35,S,RN,"NGA World Port Index (HDX mirror, 2017-03-28)",REAL
4320,ALGONAC,US,USA,42.616667,-82.516667,V,RN,"NGA World Port Index (HDX mirror, 2017-03-28)",REAL
4330,MARINE CITY,US,USA,42.716667,-82.5,V,RN,"NGA World Port Index (HDX mirror, 2017-03-28)",REAL
4340,ST CLAIR,US,USA,42.816667,-82.483333,V,RN,"NGA World Port Index (HDX mirror, 2017-03-28)",REAL
4350,PORT HURON,US,USA,43.0,-82.433333,V,RN,"NGA World Port Index (HDX mirror, 2017-03-28)",REAL
4370,HARBOR BEACH,US,USA,43.85,-82.65,V,CB,"NGA World Port Index (HDX mirror, 2017-03-28)",REAL
3670,COURTRIGHT,CA,CAN,42.816667,-82.466667,V,RN,"NGA World Port Index (HDX mirror, 2017-03-28)",REAL
3190,SODUS BAY,US,USA,43.266667,-76.983333,V,CN,"NGA World Port Index (HDX mirror, 2017-03-28)",REAL
3200,ROCHESTER,US,USA,43.266667,-77.6,S,RN,"NGA World Port Index (HDX mirror, 2017-03-28)",REAL
3220,YOUNGSTOWN,US,USA,43.25,-79.05,V,RN,"NGA World Port Index (HDX mirror, 2017-03-28)",REAL
3250,PORT COLBORNE,CA,CAN,42.883333,-79.25,S,LC,"NGA World Port Index (HDX mirror, 2017-03-28)",REAL
3260,PORT MAITLAND,CA,CAN,42.85,-79.583333,S,RB,"NGA World Port Index (HDX mirror, 2017-03-28)",REAL
3270,PORT DOVER,CA,CAN,42.783333,-80.2,V,RN,"NGA World Port Index (HDX mirror, 2017-03-28)",REAL
3310,PORT STANLEY,CA,CAN,42.666667,-81.2,V,RN,"NGA World Port Index (HDX mirror, 2017-03-28)",REAL
3320,RONDEAU,CA,CAN,42.266667,-81.9,S,CN,"NGA World Port Index (HDX mirror, 2017-03-28)",REAL
3330,PELEE I NORTH WHARF,CA,CAN,41.816667,-82.666667,V,CN,"NGA World Port Index (HDX mirror, 2017-03-28)",REAL
3340,PELEE I WEST DOCK,CA,CAN,41.766667,-82.683333,V,OR,"NGA World Port Index (HDX mirror, 2017-03-28)",REAL
3350,LEAMINGTON,CA,CAN,42.033333,-82.6,V,OR,"NGA World Port Index (HDX mirror, 2017-03-28)",REAL
3360,KINGSVILLE,CA,CAN,42.016667,-82.733333,V,CB,"NGA World Port Index (HDX mirror, 2017-03-28)",REAL
3380,AMHERSTBURG,CA,CAN,42.1,-83.1,S,RN,"NGA World Port Index (HDX mirror, 2017-03-28)",REAL
3390,WINDSOR,CA,CAN,42.316667,-83.033333,M,RN,"NGA World Port Index (HDX mirror, 2017-03-28)",REAL
3420,TONAWANDA,US,USA,43.033333,-78.883333,S,RN,"NGA World Port Index (HDX mirror, 2017-03-28)",REAL
3430,BUFFALO,US,USA,42.883333,-78.883333,L,CB,"NGA World Port Index (HDX mirror, 2017-03-28)",REAL
3440,DUNKIRK,US,USA,42.483333,-79.333333,V,CB,"NGA World Port Index (HDX mirror, 2017-03-28)",REAL
3450,ERIE,US,USA,42.15,-80.1,S,CN,"NGA World Port Index (HDX mirror, 2017-03-28)",REAL
3460,CONNEAUT,US,USA,41.966667,-80.55,S,RN,"NGA World Port Index (HDX mirror, 2017-03-28)",REAL
3470,ASHTABULA,US,USA,41.9,-80.8,S,RB,"NGA World Port Index (HDX mirror, 2017-03-28)",REAL
3480,FAIRPORT,US,USA,41.766667,-81.3,S,RN,"NGA World Port Index (HDX mirror, 2017-03-28)",REAL
3490,CLEVELAND,US,USA,41.5,-81.716667,L,CB,"NGA World Port Index (HDX mirror, 2017-03-28)",REAL
3500,LORAIN,US,USA,41.466667,-82.183333,S,RN,"NGA World Port Index (HDX mirror, 2017-03-28)",REAL
3510,VERMILION,US,USA,41.433333,-82.366667,V,RN,"NGA World Port Index (HDX mirror, 2017-03-28)",REAL
3520,HURON,US,USA,41.4,-82.55,S,RN,"NGA World Port Index (HDX mirror, 2017-03-28)",REAL
3530,SANDUSKY,US,USA,41.45,-82.716667,S,CN,"NGA World Port Index (HDX mirror, 2017-03-28)",REAL
50180,BLINYU,ID,,-1.633333,105.783333,V,CN,"NGA World Port Index (HDX mirror, 2017-03-28)",REAL
48297,RAS LAFFAN,QA,,25.916667,51.583333,M,CB,"NGA World Port Index (HDX mirror, 2017-03-28)",REAL
50250,TANJUNGPANDAN,ID,,-2.75,107.633333,V,OR,"NGA World Port Index (HDX mirror, 2017-03-28)",REAL
50330,PALEMBANG,ID,,-2.983333,104.766667,M,RN,"NGA World Port Index (HDX mirror, 2017-03-28)",REAL
46650,LUDERITZ BAY,NA,,-26.65,15.15,S,CB,"NGA World Port Index (HDX mirror, 2017-03-28)",REAL
46640,WALVIS BAY,NA,,-22.95,14.5,S,CN,"NGA World Port Index (HDX mirror, 2017-03-28)",REAL
46830,EAST LONDON,ZA,ZAF,-33.033333,27.916667,S,RN,"NGA World Port Index (HDX mirror, 2017-03-28)",REAL
46850,DURBAN,ZA,ZAF,-29.866667,31.066667,L,CB,"NGA World Port Index (HDX mirror, 2017-03-28)",REAL
46880,INHAMBANE,MZ,,-23.916667,35.4,S,RN,"NGA World Port Index (HDX mirror, 2017-03-28)",REAL
46890,BEIRA,MZ,,-19.833333,34.833333,M,CN,"NGA World Port Index (HDX mirror, 2017-03-28)",REAL
46920,PORTO BELO,MZ,,-17.7,37.183333,S,OR,"NGA World Port Index (HDX mirror, 2017-03-28)",REAL
46925,PEBANE,MZ,,-17.266667,38.15,S,RN,"NGA World Port Index (HDX mirror, 2017-03-28)",REAL
46940,PEMBA,MZ,,-12.966667,40.5,V,CB,"NGA World Port Index (HDX mirror, 2017-03-28)",REAL
46950,IBO,MZ,,-12.333333,40.616667,V,CN,"NGA World Port Index (HDX mirror, 2017-03-28)",REAL
47000,KILWA KIVINJE,TZ,,-8.733333,39.416667,V,OR,"NGA World Port Index (HDX mirror, 2017-03-28)",REAL
47005,MJIMWEMA TERMINAL,TZ,,-6.816667,39.366667,V,OR,"NGA World Port Index (HDX mirror, 2017-03-28)",REAL
47030,TANGA,TZ,,-5.083333,39.116667,S,CN,"NGA World Port Index (HDX mirror, 2017-03-28)",REAL
47050,ZANZIBAR,TZ,,-6.166667,39.183333,S,CN,"NGA World Port Index (HDX mirror, 2017-03-28)",REAL
47130,KISMAAYO,SO,,-0.366667,42.55,V,CB,"NGA World Port Index (HDX mirror, 2017-03-28)",REAL
47140,BARAAWE,SO,,1.1,44.05,V,OR,"NGA World Port Index (HDX mirror, 2017-03-28)",REAL
47220,VICTORIA,SC,,-4.616667,55.45,V,CN,"NGA World Port Index (HDX mirror, 2017-03-28)",REAL
47300,MORONI,KM,,-11.7,43.25,V,OR,"NGA World Port Index (HDX mirror, 2017-03-28)",REAL
47340,DZAOUDZI,KM,,-12.783333,45.25,V,OR,"NGA World Port Index (HDX mirror, 2017-03-28)",REAL
47360,ANDOANY,MG,,-13.4,48.3,V,OR,"NGA World Port Index (HDX mirror, 2017-03-28)",REAL
47430,MORONDAVA,MG,,-20.283333,44.3,V,OR,"NGA World Port Index (HDX mirror, 2017-03-28)",REAL
27780,RAUMA,FI,FIN,61.133333,21.5,M,CB,"NGA World Port Index (HDX mirror, 2017-03-28)",REAL
27790,UUSIKAUPUNKI,FI,FIN,60.8,21.4,S,CB,"NGA World Port Index (HDX mirror, 2017-03-28)",REAL
27805,NAANTALI,FI,FIN,60.466667,22.016667,V,CN,"NGA World Port Index (HDX mirror, 2017-03-28)",REAL
27820,TURKU,FI,FIN,60.45,22.233333,M,RB,"NGA World Port Index (HDX mirror, 2017-03-28)",REAL
51502,UDANG OILFIELD,ID,,4.033333,106.483333,V,OR,"NGA World Port Index (HDX mirror, 2017-03-28)",REAL
27870,SIGNILSKAR,FI,FIN,60.2,19.333333,V,CN,"NGA World Port Index (HDX mirror, 2017-03-28)",REAL
51504,WIDURI MARINE TERMINAL,ID,,-4.666667,106.65,V,CN,"NGA World Port Index (HDX mirror, 2017-03-28)",REAL
27920,MARIEHAMN,FI,FIN,60.1,19.916667,S,CN,"NGA World Port Index (HDX mirror, 2017-03-28)",REAL
53142,KUMUL,PG,,-8.1,144.566667,V,OR,"NGA World Port Index (HDX mirror, 2017-03-28)",REAL
28140,HANKO,FI,FIN,59.816667,22.95,S,CB,"NGA World Port Index (HDX mirror, 2017-03-28)",REAL
27250,TOREHAMN,SE,SWE,65.9,22.65,V,CN,"NGA World Port Index (HDX mirror, 2017-03-28)",REAL
55275,TARAKOHE,NZ,,-40.85,172.9,V,CN,"NGA World Port Index (HDX mirror, 2017-03-28)",REAL
26710,KOPMANHOLMEN,SE,SWE,63.166667,18.583333,V,CN,"NGA World Port Index (HDX mirror, 2017-03-28)",REAL
51733,BAKAPIT,MY,,4.95,118.583333,V,CN,"NGA World Port Index (HDX mirror, 2017-03-28)",REAL
26730,ORNSKOLDSVIK,SE,SWE,63.283333,18.716667,S,CB,"NGA World Port Index (HDX mirror, 2017-03-28)",REAL
26790,HUSUM,SE,SWE,63.333333,19.15,V,CN,"NGA World Port Index (HDX mirror, 2017-03-28)",REAL
26800,RUNDVIK,SE,SWE,63.533333,19.45,V,CN,"NGA World Port Index (HDX mirror, 2017-03-28)",REAL
26810,NORDMALING,SE,SWE,63.566667,19.483333,V,CN,"NGA World Port Index (HDX mirror, 2017-03-28)",REAL
51570,BINTANGOR,MY,,2.166667,111.633333,V,RN,"NGA World Port Index (HDX mirror, 2017-03-28)",REAL
51736,MOSTYN,MY,,4.683333,118.25,V,OR,"NGA World Port Index (HDX mirror, 2017-03-28)",REAL
57429,PORT LANGKAWI,MY,,6.433333,99.766667,V,OR,"NGA World Port Index (HDX mirror, 2017-03-28)",REAL
57411,KEMAMAN HARBOR,MY,,4.25,103.466667,V,CN,"NGA World Port Index (HDX mirror, 2017-03-28)",REAL
26890,UMEA HAMN,SE,SWE,63.7,20.35,S,CB,"NGA World Port Index (HDX mirror, 2017-03-28)",REAL
51584,TG. MANI,MY,,2.15,111.35,V,RN,"NGA World Port Index (HDX mirror, 2017-03-28)",REAL
26990,GUMBODAHAMN,SE,SWE,64.233333,21.1,V,RB,"NGA World Port Index (HDX mirror, 2017-03-28)",REAL
51587,TANJUNG PELEPAS,MY,,1.35,103.55,M,RB,"NGA World Port Index (HDX mirror, 2017-03-28)",REAL
57433,BONGKOT TERMINAL,TH,,8.05,102.333333,V,OR,"NGA World Port Index (HDX mirror, 2017-03-28)",REAL
57570,VUNG TAU,VN,VNM,10.35,107.066667,S,RN,"NGA World Port Index (HDX mirror, 2017-03-28)",REAL
27080,SKELLEFTEHAMN,SE,SWE,64.683333,21.233333,S,CN,"NGA World Port Index (HDX mirror, 2017-03-28)",REAL
27090,KAGEHAMN,SE,SWE,64.833333,21.033333,V,CN,"NGA World Port Index (HDX mirror, 2017-03-28)",REAL
57435,PATTANI,TH,,6.95,101.3,S,CN,"NGA World Port Index (HDX mirror, 2017-03-28)",REAL
57434,TANTAWAN MARINE TERMINAL,TH,,10.083333,101.416667,V,OR,"NGA World Port Index (HDX mirror, 2017-03-28)",REAL
27130,BRANNFORS,SE,SWE,65.016667,21.383333,V,CN,"NGA World Port Index (HDX mirror, 2017-03-28)",REAL
49792,BANG SAPHAN,TH,,11.183333,99.6,V,CN,"NGA World Port Index (HDX mirror, 2017-03-28)",REAL
49794,KHANOM,TH,,9.2,99.9,V,CN,"NGA World Port Index (HDX mirror, 2017-03-28)",REAL
57462,LAEM CHABANG,TH,,13.083333,100.883333,S,CB,"NGA World Port Index (HDX mirror, 2017-03-28)",REAL
27190,PITEA,SE,SWE,65.316667,21.483333,S,CN,"NGA World Port Index (HDX mirror, 2017-03-28)",REAL
57440,ERAWAN TERMINAL,TH,,9.1,101.35,V,OR,"NGA World Port Index (HDX mirror, 2017-03-28)",REAL
57436,BENCHAMAS TERMINAL,TH,,10.516667,101.25,V,OR,"NGA World Port Index (HDX mirror, 2017-03-28)",REAL
27220,LULEA,SE,SWE,65.583333,22.166667,M,CN,"NGA World Port Index (HDX mirror, 2017-03-28)",REAL
57458,SI RACHA,TH,,13.166667,100.916667,M,OR,"NGA World Port Index (HDX mirror, 2017-03-28)",REAL
57437,MAP TA PHUT,TH,,12.666667,101.166667,V,CB,"NGA World Port Index (HDX mirror, 2017-03-28)",REAL
25590,GAVLE,SE,SWE,60.683333,17.166667,S,CN,"NGA World Port Index (HDX mirror, 2017-03-28)",REAL
13730,COLON,AR,,-32.216667,-58.133333,V,RN,"NGA World Port Index (HDX mirror, 2017-03-28)",REAL
13770,LA PLATA,AR,,-34.833333,-57.883333,M,RB,"NGA World Port Index (HDX mirror, 2017-03-28)",REAL
12455,DEGRAD DES CANNES,GF,,4.85,-52.266667,V,RN,"NGA World Port Index (HDX mirror, 2017-03-28)",REAL
12485,PORTO SANTANA,BR,BRA,-0.05,-51.183333,V,RN,"NGA World Port Index (HDX mirror, 2017-03-28)",REAL
12490,BELEM,BR,BRA,-1.45,-48.5,M,RN,"NGA World Port Index (HDX mirror, 2017-03-28)",REAL
12500,CAMETA,BR,BRA,-2.25,-49.5,V,TH,"NGA World Port Index (HDX mirror, 2017-03-28)",REAL
12510,SANTAREM,BR,BRA,-2.416667,-54.716667,V,TH,"NGA World Port Index (HDX mirror, 2017-03-28)",REAL
12540,ITACOATIARA,BR,BRA,-3.15,-58.45,V,RN,"NGA World Port Index (HDX mirror, 2017-03-28)",REAL
12560,MANAUS,BR,BRA,-3.133333,-60.016667,S,RN,"NGA World Port Index (HDX mirror, 2017-03-28)",REAL
12600,TUTOIA,BR,BRA,-2.783333,-42.283333,V,RN,"NGA World Port Index (HDX mirror, 2017-03-28)",REAL
12630,CAMOCIM,BR,BRA,-2.9,-40.833333,V,RN,"NGA World Port Index (HDX mirror, 2017-03-28)",REAL
12710,CABEDELO,BR,BRA,-6.966667,-34.833333,S,RN,"NGA World Port Index (HDX mirror, 2017-03-28)",REAL
12730,RECIFE,BR,BRA,-8.05,-34.866667,M,CB,"NGA World Port Index (HDX mirror, 2017-03-28)",REAL
12750,PORTO DE MACEIO,BR,BRA,-9.666667,-35.733333,S,CB,"NGA World Port Index (HDX mirror, 2017-03-28)",REAL
12772,ARATU,BR,BRA,-12.783333,-38.5,S,OR,"NGA World Port Index (HDX mirror, 2017-03-28)",REAL
12775,MADRE DE DEUS,BR,BRA,-12.75,-38.616667,V,OR,"NGA World Port Index (HDX mirror, 2017-03-28)",REAL
12810,PORT OF ILHEUS,BR,BRA,-14.783333,-39.016667,S,CB,"NGA World Port Index (HDX mirror, 2017-03-28)",REAL
12890,MACAE,BR,BRA,-22.366667,-41.766667,V,RN,"NGA World Port Index (HDX mirror, 2017-03-28)",REAL
12910,PORTO DO FORNO,BR,BRA,-22.966667,-42.016667,V,CN,"NGA World Port Index (HDX mirror, 2017-03-28)",REAL
12940,ANGRA DOS REIS,BR,BRA,-23.016667,-44.316667,S,CN,"NGA World Port Index (HDX mirror, 2017-03-28)",REAL
12960,SAO SEBASTIAO,BR,BRA,-23.8,-45.4,S,OR,"NGA World Port Index (HDX mirror, 2017-03-28)",REAL
12970,SANTOS,BR,BRA,-23.95,-46.3,L,CN,"NGA World Port Index (HDX mirror, 2017-03-28)",REAL
12420,MOENGO,SR,,5.633333,-54.416667,V,RN,"NGA World Port Index (HDX mirror, 2017-03-28)",REAL
11960,MARACAIBO,VE,,10.633333,-71.6,M,OR,"NGA World Port Index (HDX mirror, 2017-03-28)",REAL
3540,PORT CLINTON,US,USA,41.516667,-82.933333,V,RN,"NGA World Port Index (HDX mirror, 2017-03-28)",REAL
3550,PUT IN BAY,US,USA,41.65,-82.816667,V,CN,"NGA World Port Index (HDX mirror, 2017-03-28)",REAL
3560,TOLEDO,US,USA,41.7,-83.466667,M,RN,"NGA World Port Index (HDX mirror, 2017-03-28)",REAL
3570,MONROE,US,USA,41.883333,-83.333333,V,RN,"NGA World Port Index (HDX mirror, 2017-03-28)",REAL
3580,TRENTON,US,USA,42.133333,-83.166667,V,RN,"NGA World Port Index (HDX mirror, 2017-03-28)",REAL
3590,WYANDOTTE,US,USA,42.2,-83.15,S,RN,"NGA World Port Index (HDX mirror, 2017-03-28)",REAL
3610,ROUGE RIVER,US,USA,42.283333,-83.116667,S,RN,"NGA World Port Index (HDX mirror, 2017-03-28)",REAL
3620,DETROIT,US,USA,42.333333,-83.033333,L,RN,"NGA World Port Index (HDX mirror, 2017-03-28)",REAL
3650,WALPOLE ISLAND,CA,CAN,42.616667,-82.516667,V,RN,"NGA World Port Index (HDX mirror, 2017-03-28)",REAL
3660,SOMBRA,CA,CAN,42.716667,-82.483333,V,RN,"NGA World Port Index (HDX mirror, 2017-03-28)",REAL
3150,SACKETS HARBOR,US,USA,43.95,-76.116667,V,CN,"NGA World Port Index (HDX mirror, 2017-03-28)",REAL
3170,OSWEGO,US,USA,43.466667,-76.516667,S,RN,"NGA World Port Index (HDX mirror, 2017-03-28)",REAL
2490,MASSON,CA,CAN,45.533333,-75.416667,V,RN,"NGA World Port Index (HDX mirror, 2017-03-28)",REAL
2510,GATINEAU,CA,CAN,45.483333,-75.65,V,RN,"NGA World Port Index (HDX mirror, 2017-03-28)",REAL
2520,OTTAWA,CA,CAN,45.433333,-75.7,S,RN,"NGA World Port Index (HDX mirror, 2017-03-28)",REAL
2530,HULL,CA,CAN,45.433333,-75.7,V,RN,"NGA World Port Index (HDX mirror, 2017-03-28)",REAL
2550,BEAUHARNOIS,CA,CAN,45.316667,-73.883333,V,LC,"NGA World Port Index (HDX mirror, 2017-03-28)",REAL
2560,COTEAU LANDING,CA,CAN,45.25,-74.2,V,LC,"NGA World Port Index (HDX mirror, 2017-03-28)",REAL
2570,ST ZOTIQUE,CA,CAN,45.25,-74.25,V,LC,"NGA World Port Index (HDX mirror, 2017-03-28)",REAL
2590,ST ANICET,CA,CAN,45.133333,-74.366667,V,RN,"NGA World Port Index (HDX mirror, 2017-03-28)",REAL
2600,SOUTH LANCASTER,CA,CAN,45.133333,-74.5,V,RN,"NGA World Port Index (HDX mirror, 2017-03-28)",REAL
2620,CORNWALL,CA,CAN,45.016667,-74.733333,V,LC,"NGA World Port Index (HDX mirror, 2017-03-28)",REAL
2670,CARDINAL,CA,CAN,44.783333,-75.383333,V,LC,"NGA World Port Index (HDX mirror, 2017-03-28)",REAL
2680,LOWER LAKES TERMINAL,CA,CAN,44.733333,-75.466667,S,RN,"NGA World Port Index (HDX mirror, 2017-03-28)",REAL
2700,BROCKVILLE,CA,CAN,44.583333,-75.666667,V,CN,"NGA World Port Index (HDX mirror, 2017-03-28)",REAL
2710,ROCKPORT,CA,CAN,44.383333,-75.933333,V,RN,"NGA World Port Index (HDX mirror, 2017-03-28)",REAL
2720,GANANOQUE,CA,CAN,44.333333,-76.166667,V,RN,"NGA World Port Index (HDX mirror, 2017-03-28)",REAL
2730,WOLFE ISLAND,CA,CAN,44.2,-76.433333,V,RN,"NGA World Port Index (HDX mirror, 2017-03-28)",REAL
2740,KINGSTON,CA,CAN,44.233333,-76.5,V,CN,"NGA World Port Index (HDX mirror, 2017-03-28)",REAL
2770,OGDENSBURG,US,USA,44.7,-75.5,S,RN,"NGA World Port Index (HDX mirror, 2017-03-28)",REAL
2790,ALEXANDRIA BAY,US,USA,44.333333,-75.916667,V,RN,"NGA World Port Index (HDX mirror, 2017-03-28)",REAL
2800,CLAYTON,US,USA,44.233333,-76.05,V,RN,"NGA World Port Index (HDX mirror, 2017-03-28)",REAL
2830,MILLHAVEN,CA,CAN,44.2,-76.733333,V,CN,"NGA World Port Index (HDX mirror, 2017-03-28)",REAL
2880,PICTON,CA,CAN,44.016667,-77.133333,V,CN,"NGA World Port Index (HDX mirror, 2017-03-28)",REAL
2930,BELLEVILLE,CA,CAN,44.15,-77.4,S,CN,"NGA World Port Index (HDX mirror, 2017-03-28)",REAL
2940,TRENTON,CA,CAN,44.1,-77.566667,S,RN,"NGA World Port Index (HDX mirror, 2017-03-28)",REAL
2960,COBOURG,CA,CAN,43.95,-78.166667,S,CB,"NGA World Port Index (HDX mirror, 2017-03-28)",REAL
2970,PORT HOPE,CA,CAN,43.933333,-78.283333,S,CB,"NGA World Port Index (HDX mirror, 2017-03-28)",REAL
2980,OSHAWA,CA,CAN,43.866667,-78.816667,S,CB,"NGA World Port Index (HDX mirror, 2017-03-28)",REAL
2990,PORT WHITBY,CA,CAN,43.85,-78.933333,S,CB,"NGA World Port Index (HDX mirror, 2017-03-28)",REAL
3000,TORONTO,CA,CAN,43.616667,-79.383333,M,CN,"NGA World Port Index (HDX mirror, 2017-03-28)",REAL
3010,PORT CREDIT,CA,CAN,43.55,-79.583333,V,CB,"NGA World Port Index (HDX mirror, 2017-03-28)",REAL
3015,CLARKSON,CA,CAN,43.5,-79.6,V,OR,"NGA World Port Index (HDX mirror, 2017-03-28)",REAL
3020,OAKVILLE,CA,CAN,43.433333,-79.666667,V,CB,"NGA World Port Index (HDX mirror, 2017-03-28)",REAL
3030,BRONTE,CA,CAN,43.4,-79.716667,V,CB,"NGA World Port Index (HDX mirror, 2017-03-28)",REAL
3050,HAMILTON,CA,CAN,43.25,-79.85,M,CN,"NGA World Port Index (HDX mirror, 2017-03-28)",REAL
3060,PORT DALHOUSIE,CA,CAN,43.216667,-79.266667,V,CB,"NGA World Port Index (HDX mirror, 2017-03-28)",REAL
3070,PORT WELLER,CA,CAN,43.233333,-79.216667,S,RT,"NGA World Port Index (HDX mirror, 2017-03-28)",REAL
3090,WELLAND,CA,CAN,43.0,-79.25,S,LC,"NGA World Port Index (HDX mirror, 2017-03-28)",REAL
47460,TOLIARA,MG,,-23.366667,43.666667,V,OR,"NGA World Port Index (HDX mirror, 2017-03-28)",REAL
47510,MANANJARY,MG,,-21.25,48.333333,V,OR,"NGA World Port Index (HDX mirror, 2017-03-28)",REAL
47540,TOAMASINA,MG,,-18.166667,49.416667,S,CB,"NGA World Port Index (HDX mirror, 2017-03-28)",REAL
47630,ANTISRANANA,MG,,-12.266667,49.283333,S,CB,"NGA World Port Index (HDX mirror, 2017-03-28)",REAL
47680,SAINT-DENIS,RE,,-20.866667,55.45,V,OR,"NGA World Port Index (HDX mirror, 2017-03-28)",REAL
47695,PORT OUEST,RE,,-20.933333,55.283333,S,CB,"NGA World Port Index (HDX mirror, 2017-03-28)",REAL
47720,PORT LOUIS,MU,,-20.15,57.5,S,CB,"NGA World Port Index (HDX mirror, 2017-03-28)",REAL
47750,PORT MATHURIN,MU,,-19.683333,63.416667,V,CN,"NGA World Port Index (HDX mirror, 2017-03-28)",REAL
5510,GASPE,CA,CAN,48.833333,-64.483333,S,CN,"NGA World Port Index (HDX mirror, 2017-03-28)",REAL
2030,RIMOUSKI,CA,CAN,48.45,-68.516667,S,RN,"NGA World Port Index (HDX mirror, 2017-03-28)",REAL
2130,CHICOUTIMI (PORT SAGUENAY),CA,CAN,48.433333,-71.066667,S,RN,"NGA World Port Index (HDX mirror, 2017-03-28)",REAL
2220,SOREL,CA,CAN,46.05,-73.116667,S,RN,"NGA World Port Index (HDX mirror, 2017-03-28)",REAL
48540,JASK,IR,,25.633333,57.766667,V,CN,"NGA World Port Index (HDX mirror, 2017-03-28)",REAL
47855,DORALEH,DJ,,11.6,43.083333,S,CN,"NGA World Port Index (HDX mirror, 2017-03-28)",REAL
47830,BOOSAASO,SO,,11.283333,49.183333,S,CB,"NGA World Port Index (HDX mirror, 2017-03-28)",REAL
47942,AL KHAIR OIL TERMINAL,SD,,19.583333,37.25,S,CN,"NGA World Port Index (HDX mirror, 2017-03-28)",REAL
47944,BESHAYER OIL TERMINAL,SD,,19.4,37.316667,M,OR,"NGA World Port Index (HDX mirror, 2017-03-28)",REAL
47946,SAWAKIN HARBOR,SD,,19.133333,37.35,S,CN,"NGA World Port Index (HDX mirror, 2017-03-28)",REAL
48273,UMM AL QAYWAYN,AE,ARE,25.583333,55.583333,S,CN,"NGA World Port Index (HDX mirror, 2017-03-28)",REAL
48272,SHARJAH OFFSHORE TERMINAL,AE,ARE,25.583333,55.4,S,OR,"NGA World Port Index (HDX mirror, 2017-03-28)",REAL
48271,ASH SHARIQAH,AE,ARE,25.416667,55.366667,S,CB,"NGA World Port Index (HDX mirror, 2017-03-28)",REAL
48270,AJMAN,AE,ARE,25.416667,55.433333,V,OR,"NGA World Port Index (HDX mirror, 2017-03-28)",REAL
48269,AL JAZEERA PORT,AE,ARE,25.716667,55.783333,S,CN,"NGA World Port Index (HDX mirror, 2017-03-28)",REAL
48266,ZIRKUH PETROLEUM PORT,AE,ARE,25.016667,53.0,M,OR,"NGA World Port Index (HDX mirror, 2017-03-28)",REAL
50440,BENGKULU,ID,,-3.783333,102.25,V,OR,"NGA World Port Index (HDX mirror, 2017-03-28)",REAL
6545,CANAPORT (ST. JOHN),CA,CAN,45.2,-65.983333,L,OR,"NGA World Port Index (HDX mirror, 2017-03-28)",REAL
6460,YARMOUTH,CA,CAN,43.833333,-66.116667,S,CN,"NGA World Port Index (HDX mirror, 2017-03-28)",REAL
6410,LIVERPOOL (BROOKLYN),CA,CAN,44.033333,-64.65,S,CN,"NGA World Port Index (HDX mirror, 2017-03-28)",REAL
6110,WHITEHAVEN HARBOR,CA,CAN,45.233333,-61.183333,V,CN,"NGA World Port Index (HDX mirror, 2017-03-28)",REAL
45530,JIJEL,DZ,,36.833333,5.783333,V,CB,"NGA World Port Index (HDX mirror, 2017-03-28)",REAL
25610,NORRSUNDET,SE,SWE,60.933333,17.166667,V,CN,"NGA World Port Index (HDX mirror, 2017-03-28)",REAL
57439,SONGKHLA HARBOR,TH,,7.216667,100.583333,V,RN,"NGA World Port Index (HDX mirror, 2017-03-28)",REAL
57642,DAI HANG,VN,VNM,8.483333,108.683333,V,OR,"NGA World Port Index (HDX mirror, 2017-03-28)",REAL
25640,VALLVIK,SE,SWE,61.183333,17.166667,S,CN,"NGA World Port Index (HDX mirror, 2017-03-28)",REAL
57655,MUI VUNG TAU,VN,VNM,10.316667,107.066667,V,CN,"NGA World Port Index (HDX mirror, 2017-03-28)",REAL
25720,SODERHAMN,SE,SWE,61.3,17.083333,S,RN,"NGA World Port Index (HDX mirror, 2017-03-28)",REAL
57572,PHU MY,VN,VNM,10.583333,107.033333,V,RN,"NGA World Port Index (HDX mirror, 2017-03-28)",REAL
59475,GINGOOG,PH,,8.833333,125.1,V,CN,"NGA World Port Index (HDX mirror, 2017-03-28)",REAL
25760,IGGESUND,SE,SWE,61.65,17.083333,V,CN,"NGA World Port Index (HDX mirror, 2017-03-28)",REAL
58795,ISABEL,PH,,10.916667,124.433333,V,OR,"NGA World Port Index (HDX mirror, 2017-03-28)",REAL
25780,HUDIKSVALL,SE,SWE,61.733333,17.116667,S,RB,"NGA World Port Index (HDX mirror, 2017-03-28)",REAL
59343,MASAO,PH,,9.0,125.416667,V,CN,"NGA World Port Index (HDX mirror, 2017-03-28)",REAL
25800,STOCKA,SE,SWE,61.9,17.35,V,CN,"NGA World Port Index (HDX mirror, 2017-03-28)",REAL
58695,TANAUAN,PH,,11.1,125.016667,V,OR,"NGA World Port Index (HDX mirror, 2017-03-28)",REAL
60981,SHAKHTERSK,RU,,49.166667,142.066667,V,CN,"NGA World Port Index (HDX mirror, 2017-03-28)",REAL
44162,KAVKAZ OIL TERMINAL,RU,,45.333333,36.65,V,OR,"NGA World Port Index (HDX mirror, 2017-03-28)",REAL
60582,ZARUBINO,RU,,42.633333,131.083333,V,CN,"NGA World Port Index (HDX mirror, 2017-03-28)",REAL
60870,VITAZ MARINE TERMINAL,RU,,52.7,143.55,V,OR,"NGA World Port Index (HDX mirror, 2017-03-28)",REAL
25900,STOCKVIK,SE,SWE,62.333333,17.383333,V,CN,"NGA World Port Index (HDX mirror, 2017-03-28)",REAL
25910,SUNDSVALL,SE,SWE,62.383333,17.35,M,CN,"NGA World Port Index (HDX mirror, 2017-03-28)",REAL
26140,VIVSTAVARV,SE,SWE,62.483333,17.35,V,CN,"NGA World Port Index (HDX mirror, 2017-03-28)",REAL
26180,SORAKER,SE,SWE,62.5,17.5,V,CN,"NGA World Port Index (HDX mirror, 2017-03-28)",REAL
26240,HARNOSAND,SE,SWE,62.633333,17.933333,S,CN,"NGA World Port Index (HDX mirror, 2017-03-28)",REAL
26280,ULVVIK,SE,SWE,62.666667,17.866667,V,CN,"NGA World Port Index (HDX mirror, 2017-03-28)",REAL
26290,UTANSJO,SE,SWE,62.766667,17.933333,V,CN,"NGA World Port Index (HDX mirror, 2017-03-28)",REAL
26310,GUSTAVSVIK,SE,SWE,62.833333,17.883333,V,CN,"NGA World Port Index (HDX mirror, 2017-03-28)",REAL
26340,LUNDE,SE,SWE,62.883333,17.883333,V,CN,"NGA World Port Index (HDX mirror, 2017-03-28)",REAL
26380,KRAMFORS,SE,SWE,62.933333,17.8,V,CN,"NGA World Port Index (HDX mirror, 2017-03-28)",REAL
25570,KARSKAR,SE,SWE,60.683333,17.266667,V,CN,"NGA World Port Index (HDX mirror, 2017-03-28)",REAL
26420,VAJA,SE,SWE,62.983333,17.716667,V,RN,"NGA World Port Index (HDX mirror, 2017-03-28)",REAL
26430,BOLLSTABRUK,SE,SWE,63.0,17.7,V,CN,"NGA World Port Index (HDX mirror, 2017-03-28)",REAL
24790,DEGERHAMN,SE,SWE,56.35,16.416667,V,CB,"NGA World Port Index (HDX mirror, 2017-03-28)",REAL
24810,RONEHAMN,SE,SWE,57.116667,18.5,S,CN,"NGA World Port Index (HDX mirror, 2017-03-28)",REAL
24840,SLITE,SE,SWE,57.7,18.816667,S,OR,"NGA World Port Index (HDX mirror, 2017-03-28)",REAL
24900,FAROSUND,SE,SWE,57.916667,19.05,S,CN,"NGA World Port Index (HDX mirror, 2017-03-28)",REAL
24940,STORUGNS,SE,SWE,57.833333,18.8,V,OR,"NGA World Port Index (HDX mirror, 2017-03-28)",REAL
24950,VISBY,SE,SWE,57.633333,18.283333,S,CB,"NGA World Port Index (HDX mirror, 2017-03-28)",REAL
24960,KLINTEHAMN,SE,SWE,57.383333,18.2,V,CB,"NGA World Port Index (HDX mirror, 2017-03-28)",REAL
25050,VERKEBACK,SE,SWE,57.733333,16.533333,V,CN,"NGA World Port Index (HDX mirror, 2017-03-28)",REAL
25060,VASTERVIK,SE,SWE,57.766667,16.65,S,CB,"NGA World Port Index (HDX mirror, 2017-03-28)",REAL
25190,NORRKOPING,SE,SWE,58.583333,16.2,M,RN,"NGA World Port Index (HDX mirror, 2017-03-28)",REAL
25280,OXELOSUND,SE,SWE,58.666667,17.116667,S,CN,"NGA World Port Index (HDX mirror, 2017-03-28)",REAL
25290,NYKOPING,SE,SWE,58.75,17.016667,S,RB,"NGA World Port Index (HDX mirror, 2017-03-28)",REAL
25320,SODERTALJE,SE,SWE,59.183333,17.65,S,LC,"NGA World Port Index (HDX mirror, 2017-03-28)",REAL
25330,NYNASHAMN,SE,SWE,58.9,17.966667,S,CN,"NGA World Port Index (HDX mirror, 2017-03-28)",REAL
11980,SAN LORENZO,VE,,9.783333,-71.066667,V,LC,"NGA World Port Index (HDX mirror, 2017-03-28)",REAL
12032,PUNTA DE PALMAS,VE,,10.783333,-71.583333,V,LC,"NGA World Port Index (HDX mirror, 2017-03-28)",REAL
12034,BAJO GRANDE,VE,,10.516667,-71.633333,V,LC,"NGA World Port Index (HDX mirror, 2017-03-28)",REAL
12050,PUNTA CARDON,VE,,11.633333,-70.233333,S,OR,"NGA World Port Index (HDX mirror, 2017-03-28)",REAL
12070,AMUAY (BAHIA DE AMUAY),VE,,11.75,-70.233333,S,OR,"NGA World Port Index (HDX mirror, 2017-03-28)",REAL
12090,PUERTO CUMAREBO,VE,,11.483333,-69.35,V,OR,"NGA World Port Index (HDX mirror, 2017-03-28)",REAL
12115,EL PALITO,VE,,10.483333,-68.116667,V,OR,"NGA World Port Index (HDX mirror, 2017-03-28)",REAL
12120,PUERTO CABELLO,VE,,10.483333,-68.0,M,CN,"NGA World Port Index (HDX mirror, 2017-03-28)",REAL
12150,LA GUAIRA,VE,,10.616667,-66.933333,S,CB,"NGA World Port Index (HDX mirror, 2017-03-28)",REAL
12200,GUANTA,VE,,10.25,-64.583333,S,OR,"NGA World Port Index (HDX mirror, 2017-03-28)",REAL
12210,BAHIA DE PERTIGALETE,VE,,10.233333,-64.566667,S,CN,"NGA World Port Index (HDX mirror, 2017-03-28)",REAL
12260,CARUPANO,VE,,10.7,-63.25,V,CB,"NGA World Port Index (HDX mirror, 2017-03-28)",REAL
12270,GUIRIA,VE,,10.566667,-62.3,V,CB,"NGA World Port Index (HDX mirror, 2017-03-28)",REAL
12275,PUERTO DE HIERRO,VE,,10.633333,-62.1,S,OR,"NGA World Port Index (HDX mirror, 2017-03-28)",REAL
12280,CARIPITO,VE,,10.15,-63.033333,V,RN,"NGA World Port Index (HDX mirror, 2017-03-28)",REAL
12330,PALUA,VE,,8.366667,-62.683333,V,RN,"NGA World Port Index (HDX mirror, 2017-03-28)",REAL
12335,PUERTO ORDAZ,VE,,8.35,-62.716667,S,RN,"NGA World Port Index (HDX mirror, 2017-03-28)",REAL
12370,GEORGETOWN,GY,,6.833333,-58.166667,M,RN,"NGA World Port Index (HDX mirror, 2017-03-28)",REAL
12380,LINDEN,GY,,6.0,-58.3,V,RN,"NGA World Port Index (HDX mirror, 2017-03-28)",REAL
12390,NEW AMSTERDAM,GY,,6.25,-57.516667,V,RN,"NGA World Port Index (HDX mirror, 2017-03-28)",REAL
12405,NIEUW NICKERIE,SR,,5.95,-57.0,V,RN,"NGA World Port Index (HDX mirror, 2017-03-28)",REAL
12410,PARAMARIBO,SR,,5.833333,-55.166667,S,RN,"NGA World Port Index (HDX mirror, 2017-03-28)",REAL
12415,PARANAM,SR,,5.616667,-55.1,V,RN,"NGA World Port Index (HDX mirror, 2017-03-28)",REAL
11460,BASSE TERRE,GP,,16.0,-61.733333,V,OR,"NGA World Port Index (HDX mirror, 2017-03-28)",REAL
11470,PORT LOUIS,GP,,16.416667,-61.533333,V,OR,"NGA World Port Index (HDX mirror, 2017-03-28)",REAL
11520,ROSEAU,DM,,15.3,-61.4,V,CN,"NGA World Port Index (HDX mirror, 2017-03-28)",REAL
11530,PORTSMOUTH,DM,,15.566667,-61.466667,V,CN,"NGA World Port Index (HDX mirror, 2017-03-28)",REAL
11550,FORT DE FRANCE,MQ,,14.6,-61.066667,M,OR,"NGA World Port Index (HDX mirror, 2017-03-28)",REAL
3092,THOROLD,CA,CAN,43.083333,-79.716667,S,LC,"NGA World Port Index (HDX mirror, 2017-03-28)",REAL
3095,ST CATHERINE,CA,CAN,43.183333,-79.283333,V,LC,"NGA World Port Index (HDX mirror, 2017-03-28)",REAL
3100,NIAGARA,CA,CAN,43.25,-79.066667,V,RN,"NGA World Port Index (HDX mirror, 2017-03-28)",REAL
3110,QUEENSTON,CA,CAN,43.166667,-79.066667,V,RN,"NGA World Port Index (HDX mirror, 2017-03-28)",REAL
3130,CHAUMONT,US,USA,44.066667,-76.133333,V,CN,"NGA World Port Index (HDX mirror, 2017-03-28)",REAL
2480,CUMBERLAND,CA,CAN,45.516667,-75.4,V,RN,"NGA World Port Index (HDX mirror, 2017-03-28)",REAL
1785,GRAND BANK,CA,CAN,47.1,-55.75,S,CB,"NGA World Port Index (HDX mirror, 2017-03-28)",REAL
1795,PORT AUX BASQUES,CA,CAN,47.566667,-59.133333,S,CN,"NGA World Port Index (HDX mirror, 2017-03-28)",REAL
1810,STEPHENVILLE,CA,CAN,48.533333,-58.533333,V,CB,"NGA World Port Index (HDX mirror, 2017-03-28)",REAL
1820,ST GEORGE'S,CA,CAN,48.45,-58.45,S,CN,"NGA World Port Index (HDX mirror, 2017-03-28)",REAL
1830,CORNER BROOK,CA,CAN,48.95,-57.95,S,CN,"NGA World Port Index (HDX mirror, 2017-03-28)",REAL
1880,BLANC SABLON,CA,CAN,51.416667,-57.133333,V,RN,"NGA World Port Index (HDX mirror, 2017-03-28)",REAL
1890,HAVRE ST PIERRE,CA,CAN,50.233333,-63.6,V,CN,"NGA World Port Index (HDX mirror, 2017-03-28)",REAL
1957,POINTE NOIRE,CA,CAN,50.166667,-66.483333,S,RN,"NGA World Port Index (HDX mirror, 2017-03-28)",REAL
1958,PORT CARTIER,CA,CAN,50.033333,-66.783333,V,RN,"NGA World Port Index (HDX mirror, 2017-03-28)",REAL
1990,MATANE,CA,CAN,48.85,-67.533333,V,RN,"NGA World Port Index (HDX mirror, 2017-03-28)",REAL
2015,BAIE COMEAU,CA,CAN,49.233333,-68.133333,S,RN,"NGA World Port Index (HDX mirror, 2017-03-28)",REAL
2100,TADOUSSAC,CA,CAN,48.15,-69.716667,S,RN,"NGA World Port Index (HDX mirror, 2017-03-28)",REAL
2110,LA BAIE (PORT ALFRED),CA,CAN,48.333333,-70.883333,S,RN,"NGA World Port Index (HDX mirror, 2017-03-28)",REAL
2150,RIVIERE DU LOUP,CA,CAN,47.833333,-69.516667,S,RN,"NGA World Port Index (HDX mirror, 2017-03-28)",REAL
2180,QUEBEC,CA,CAN,46.816667,-71.216667,M,RN,"NGA World Port Index (HDX mirror, 2017-03-28)",REAL
2210,TROIS RIVIERES,CA,CAN,46.35,-72.55,M,RN,"NGA World Port Index (HDX mirror, 2017-03-28)",REAL
2235,MONTREAL,CA,CAN,45.516667,-73.55,L,RN,"NGA World Port Index (HDX mirror, 2017-03-28)",REAL
2300,VAUDREUIL,CA,CAN,45.4,-74.033333,V,RN,"NGA World Port Index (HDX mirror, 2017-03-28)",REAL
2310,OKA SUR LE LAC,CA,CAN,45.466667,-74.083333,V,RN,"NGA World Port Index (HDX mirror, 2017-03-28)",REAL
2320,HUDSON,CA,CAN,45.466667,-74.133333,V,RN,"NGA World Port Index (HDX mirror, 2017-03-28)",REAL
2330,ST PLACIDE,CA,CAN,45.533333,-74.2,V,RN,"NGA World Port Index (HDX mirror, 2017-03-28)",REAL
2340,ST ANDREWS EAST,CA,CAN,45.566667,-74.333333,V,RN,"NGA World Port Index (HDX mirror, 2017-03-28)",REAL
2350,CARILLON,CA,CAN,45.566667,-74.366667,V,RN,"NGA World Port Index (HDX mirror, 2017-03-28)",REAL
2370,CHUTE A BLONDEAU,CA,CAN,45.583333,-74.466667,V,RN,"NGA World Port Index (HDX mirror, 2017-03-28)",REAL
2380,GRENVILLE,CA,CAN,45.633333,-74.6,V,RN,"NGA World Port Index (HDX mirror, 2017-03-28)",REAL
2390,HAWKESBURY,CA,CAN,45.616667,-74.616667,V,RN,"NGA World Port Index (HDX mirror, 2017-03-28)",REAL
2400,FASSETT,CA,CAN,45.65,-74.866667,V,RN,"NGA World Port Index (HDX mirror, 2017-03-28)",REAL
2420,MONTEBELLO,CA,CAN,45.65,-74.933333,V,RN,"NGA World Port Index (HDX mirror, 2017-03-28)",REAL
2430,PAPINEAUVILLE,CA,CAN,45.616667,-75.016667,V,RN,"NGA World Port Index (HDX mirror, 2017-03-28)",REAL
2460,THURSO,CA,CAN,45.6,-75.233333,V,RN,"NGA World Port Index (HDX mirror, 2017-03-28)",REAL
6000,SYDNEY,CA,CAN,46.15,-60.2,M,CN,"NGA World Port Index (HDX mirror, 2017-03-28)",REAL
6020,LOUISBURG,CA,CAN,45.916667,-59.966667,V,CN,"NGA World Port Index (HDX mirror, 2017-03-28)",REAL
5730,SOURIS HARBOUR,CA,CAN,46.35,-62.25,S,CB,"NGA World Port Index (HDX mirror, 2017-03-28)",REAL
5750,CHARLOTTETOWN,CA,CAN,46.233333,-63.133333,S,CN,"NGA World Port Index (HDX mirror, 2017-03-28)",REAL
5560,DALHOUSIE,CA,CAN,48.066667,-66.366667,S,OR,"NGA World Port Index (HDX mirror, 2017-03-28)",REAL
1900,MINGAN,CA,CAN,50.283333,-64.016667,V,CN,"NGA World Port Index (HDX mirror, 2017-03-28)",REAL
1955,SEPT ILES,CA,CAN,50.2,-66.383333,M,RN,"NGA World Port Index (HDX mirror, 2017-03-28)",REAL
1790,BURGEO,CA,CAN,47.6,-57.616667,V,CN,"NGA World Port Index (HDX mirror, 2017-03-28)",REAL
1750,PORT DE ST PIERRE,CA,CAN,46.783333,-56.166667,S,CB,"NGA World Port Index (HDX mirror, 2017-03-28)",REAL
1715,COME BY CHANCE HARBOR,CA,CAN,47.8,-54.016667,S,OR,"NGA World Port Index (HDX mirror, 2017-03-28)",REAL
50730,BELAWAN,ID,,3.783333,98.683333,M,RN,"NGA World Port Index (HDX mirror, 2017-03-28)",REAL
45172,SIDI KERIR (KURAYR),EG,EGY,31.1,29.616667,S,OR,"NGA World Port Index (HDX mirror, 2017-03-28)",REAL
51120,GRESIK,ID,,-7.15,112.65,S,OR,"NGA World Port Index (HDX mirror, 2017-03-28)",REAL
1525,FORTUNE HARBOR,CA,CAN,49.533333,-55.233333,S,CN,"NGA World Port Index (HDX mirror, 2017-03-28)",REAL
1515,SPRINGDALE,CA,CAN,49.5,-56.066667,S,CN,"NGA World Port Index (HDX mirror, 2017-03-28)",REAL
45080,HAIFA,IL,ISR,32.816667,35.0,M,CB,"NGA World Port Index (HDX mirror, 2017-03-28)",REAL
45030,BAYRUT,LB,LBN,33.9,35.5,L,CB,"NGA World Port Index (HDX mirror, 2017-03-28)",REAL
1430,CONCHE,CA,CAN,50.883333,-55.9,V,CN,"NGA World Port Index (HDX mirror, 2017-03-28)",REAL
40500,BRINDISI,IT,ITA,40.65,17.983333,L,CB,"NGA World Port Index (HDX mirror, 2017-03-28)",REAL
62635,PORT BERINGOVSKY,RU,,63.066667,179.366667,,,"NGA World Port Index (HDX mirror, 2017-03-28)",REAL
45795,EL JADIDA,MA,,33.25,-8.5,V,CB,"NGA World Port Index (HDX mirror, 2017-03-28)",REAL
1090,CHURCHILL,CA,CAN,58.783333,-94.183333,S,RN,"NGA World Port Index (HDX mirror, 2017-03-28)",REAL
25360,GUSTAVSBERG,SE,SWE,59.316667,18.383333,V,CN,"NGA World Port Index (HDX mirror, 2017-03-28)",REAL
25370,SANDHAMN,SE,SWE,59.283333,18.916667,V,CN,"NGA World Port Index (HDX mirror, 2017-03-28)",REAL
25380,STOCKHOLM,SE,SWE,59.333333,18.05,L,CB,"NGA World Port Index (HDX mirror, 2017-03-28)",REAL
25395,VASTERAS,SE,SWE,59.616667,16.55,M,LC,"NGA World Port Index (HDX mirror, 2017-03-28)",REAL
25440,GRISSLEHAMN,SE,SWE,60.1,18.816667,V,CN,"NGA World Port Index (HDX mirror, 2017-03-28)",REAL
25460,HALLSTAVIK,SE,SWE,60.05,18.583333,V,RB,"NGA World Port Index (HDX mirror, 2017-03-28)",REAL
25480,HARGSHAMN,SE,SWE,60.183333,18.45,V,CN,"NGA World Port Index (HDX mirror, 2017-03-28)",REAL
25550,SKUTSKAR,SE,SWE,60.65,17.4,S,CN,"NGA World Port Index (HDX mirror, 2017-03-28)",REAL
24690,OSKARSHAMN,SE,SWE,57.266667,16.45,S,CN,"NGA World Port Index (HDX mirror, 2017-03-28)",REAL
24720,FIGEHOLM,SE,SWE,57.366667,16.5,V,CN,"NGA World Port Index (HDX mirror, 2017-03-28)",REAL
23830,MOSS,NO,NOR,59.45,10.666667,S,CN,"NGA World Port Index (HDX mirror, 2017-03-28)",REAL
23835,SARPSBORG,NO,NOR,59.266667,11.1,V,RN,"NGA World Port Index (HDX mirror, 2017-03-28)",REAL
23840,FREDRIKSTAD,NO,NOR,59.2,10.95,S,RN,"NGA World Port Index (HDX mirror, 2017-03-28)",REAL
23850,HALDEN,NO,NOR,59.116667,11.383333,S,RN,"NGA World Port Index (HDX mirror, 2017-03-28)",REAL
23870,STROMSTAD,SE,SWE,58.933333,11.166667,V,CB,"NGA World Port Index (HDX mirror, 2017-03-28)",REAL
23890,GREBBESTAD,SE,SWE,58.683333,11.266667,V,CN,"NGA World Port Index (HDX mirror, 2017-03-28)",REAL
23900,FJALLBACKA,SE,SWE,58.6,11.283333,V,CN,"NGA World Port Index (HDX mirror, 2017-03-28)",REAL
23905,BOVALLSTRAND,SE,SWE,58.483333,11.333333,V,CN,"NGA World Port Index (HDX mirror, 2017-03-28)",REAL
23910,HUNNEBOSTRAND,SE,SWE,58.433333,11.3,V,CN,"NGA World Port Index (HDX mirror, 2017-03-28)",REAL
23970,LYSEKIL,SE,SWE,58.266667,11.433333,V,CB,"NGA World Port Index (HDX mirror, 2017-03-28)",REAL
23990,UDDEVALLA,SE,SWE,58.35,11.916667,M,RB,"NGA World Port Index (HDX mirror, 2017-03-28)",REAL
24010,MARSTRAND,SE,SWE,57.883333,11.583333,V,CN,"NGA World Port Index (HDX mirror, 2017-03-28)",REAL
24020,GOTEBORG,SE,SWE,57.7,11.966667,L,RT,"NGA World Port Index (HDX mirror, 2017-03-28)",REAL
24030,VARBERG,SE,SWE,57.116667,12.25,M,CB,"NGA World Port Index (HDX mirror, 2017-03-28)",REAL
24040,FALKENBERG,SE,SWE,56.9,12.5,M,CB,"NGA World Port Index (HDX mirror, 2017-03-28)",REAL
24050,HALMSTAD,SE,SWE,56.666667,12.866667,S,CB,"NGA World Port Index (HDX mirror, 2017-03-28)",REAL
24100,HOGANAS,SE,SWE,56.2,12.55,V,CB,"NGA World Port Index (HDX mirror, 2017-03-28)",REAL
24120,HELSINGBORG,SE,SWE,56.05,12.7,M,CB,"NGA World Port Index (HDX mirror, 2017-03-28)",REAL
24180,LANDSKRONA,SE,SWE,55.866667,12.833333,S,CN,"NGA World Port Index (HDX mirror, 2017-03-28)",REAL
24210,MALMO,SE,SWE,55.616667,13.0,L,CB,"NGA World Port Index (HDX mirror, 2017-03-28)",REAL
24220,LIMHAMN,SE,SWE,55.583333,12.933333,V,CB,"NGA World Port Index (HDX mirror, 2017-03-28)",REAL
24250,TRELLEBORG,SE,SWE,55.366667,13.15,S,CB,"NGA World Port Index (HDX mirror, 2017-03-28)",REAL
24260,YSTAD,SE,SWE,55.433333,13.833333,S,CB,"NGA World Port Index (HDX mirror, 2017-03-28)",REAL
24280,SIMRISHAMN,SE,SWE,55.55,14.366667,S,CT,"NGA World Port Index (HDX mirror, 2017-03-28)",REAL
24300,AHUS,SE,SWE,55.933333,14.316667,S,RB,"NGA World Port Index (HDX mirror, 2017-03-28)",REAL
24310,SOLVESBORG,SE,SWE,56.05,14.583333,S,CN,"NGA World Port Index (HDX mirror, 2017-03-28)",REAL
24370,KARLSHAMN,SE,SWE,56.166667,14.866667,M,RN,"NGA World Port Index (HDX mirror, 2017-03-28)",REAL
24440,RONNEBY,SE,SWE,56.183333,15.3,S,RN,"NGA World Port Index (HDX mirror, 2017-03-28)",REAL
24460,KARLSKRONA,SE,SWE,56.166667,15.6,V,CB,"NGA World Port Index (HDX mirror, 2017-03-28)",REAL
24530,BERGKVARA,SE,SWE,56.383333,16.1,V,OR,"NGA World Port Index (HDX mirror, 2017-03-28)",REAL
24570,KALMAR,SE,SWE,56.666667,16.366667,V,CB,"NGA World Port Index (HDX mirror, 2017-03-28)",REAL
24635,STORA JATTERSON,SE,SWE,57.1,16.566667,V,OR,"NGA World Port Index (HDX mirror, 2017-03-28)",REAL
23823,TOFTE,NO,NOR,59.55,10.566667,V,CN,"NGA World Port Index (HDX mirror, 2017-03-28)",REAL
23829,KAMBO,NO,NOR,59.466667,10.683333,V,CN,"NGA World Port Index (HDX mirror, 2017-03-28)",REAL
23355,HUSNES,NO,NOR,59.866667,5.766667,V,CB,"NGA World Port Index (HDX mirror, 2017-03-28)",REAL
11620,VIEUX FORT,LC,,13.716667,-60.966667,V,CN,"NGA World Port Index (HDX mirror, 2017-03-28)",REAL
11630,CASTRIES,LC,,14.016667,-61.0,S,CN,"NGA World Port Index (HDX mirror, 2017-03-28)",REAL
11690,BRIDGETOWN,BB,,13.1,-59.633333,S,CB,"NGA World Port Index (HDX mirror, 2017-03-28)",REAL
11700,SCARBOROUGH,TT,,11.183333,-60.733333,V,OR,"NGA World Port Index (HDX mirror, 2017-03-28)",REAL
11710,CHAGUARAMAS,TT,,10.683333,-61.65,V,CN,"NGA World Port Index (HDX mirror, 2017-03-28)",REAL
11725,POINT LISAS PORT,TT,,10.383333,-61.483333,S,RB,"NGA World Port Index (HDX mirror, 2017-03-28)",REAL
11750,POINT LISAS INDUSTRIAL PORT,TT,,10.4,-61.5,S,CN,"NGA World Port Index (HDX mirror, 2017-03-28)",REAL
11760,BRIGHTON,TT,,10.25,-61.633333,V,OR,"NGA World Port Index (HDX mirror, 2017-03-28)",REAL
11770,POINT FORTIN,TT,,10.2,-61.7,V,OR,"NGA World Port Index (HDX mirror, 2017-03-28)",REAL
11781,GOTO OIL TERMINAL,BQ,,12.216667,-68.383333,V,OR,"NGA World Port Index (HDX mirror, 2017-03-28)",REAL
11800,CARACASBAAI,CW,,12.066667,-68.866667,S,OR,"NGA World Port Index (HDX mirror, 2017-03-28)",REAL
11810,WILLEMSTAD,CW,,12.116667,-68.933333,M,CB,"NGA World Port Index (HDX mirror, 2017-03-28)",REAL
11820,BULLEN BAAI,CW,,12.183333,-69.033333,M,OR,"NGA World Port Index (HDX mirror, 2017-03-28)",REAL
11840,PAARDEN BAAI - (ORANJESTAD),AW,,12.516667,-70.033333,V,CB,"NGA World Port Index (HDX mirror, 2017-03-28)",REAL
11880,TURBO,CO,,8.083333,-76.733333,V,OR,"NGA World Port Index (HDX mirror, 2017-03-28)",REAL
11900,COVENAS,CO,,9.416667,-75.683333,S,OR,"NGA World Port Index (HDX mirror, 2017-03-28)",REAL
11910,CARTAGENA,CO,,10.416667,-75.533333,M,CN,"NGA World Port Index (HDX mirror, 2017-03-28)",REAL
11940,SANTA MARTA,CO,,11.25,-74.216667,S,CN,"NGA World Port Index (HDX mirror, 2017-03-28)",REAL
11450,POINTE A PITRE,GP,,16.233333,-61.533333,M,CN,"NGA World Port Index (HDX mirror, 2017-03-28)",REAL
11010,SANCHEZ,DO,,19.233333,-69.616667,V,OR,"NGA World Port Index (HDX mirror, 2017-03-28)",REAL
11020,LA ROMANA,DO,,18.416667,-68.966667,V,RN,"NGA World Port Index (HDX mirror, 2017-03-28)",REAL
11030,SAN PEDRO DE MACORIS,DO,,18.45,-69.316667,S,RN,"NGA World Port Index (HDX mirror, 2017-03-28)",REAL
11035,ANDRES (ANDRES LGN TERMINAL),DO,,18.433333,-69.633333,M,OR,"NGA World Port Index (HDX mirror, 2017-03-28)",REAL
11040,SANTO DOMINGO,DO,,18.466667,-69.883333,M,RN,"NGA World Port Index (HDX mirror, 2017-03-28)",REAL
11045,PUERTO DE HAINA,DO,,18.416667,-70.016667,S,RN,"NGA World Port Index (HDX mirror, 2017-03-28)",REAL
11050,LAS CALDERAS,DO,,18.216667,-70.516667,S,CN,"NGA World Port Index (HDX mirror, 2017-03-28)",REAL
11060,PUERTO VIEJO DE AZUA,DO,,18.35,-70.833333,V,OR,"NGA World Port Index (HDX mirror, 2017-03-28)",REAL
1710,ARGENTIA,CA,CAN,47.3,-53.983333,M,CN,"NGA World Port Index (HDX mirror, 2017-03-28)",REAL
2470,ROCKLAND,CA,CAN,45.55,-75.3,V,RN,"NGA World Port Index (HDX mirror, 2017-03-28)",REAL
1431,RODDICKTON,CA,CAN,50.866667,-56.133333,S,CN,"NGA World Port Index (HDX mirror, 2017-03-28)",REAL
1460,WESTPORT COVE,CA,CAN,49.783333,-56.616667,V,CN,"NGA World Port Index (HDX mirror, 2017-03-28)",REAL
1470,SEAL COVE,CA,CAN,49.933333,-56.383333,V,CN,"NGA World Port Index (HDX mirror, 2017-03-28)",REAL
1510,LITTLE BAY,CA,CAN,49.616667,-56.0,V,CN,"NGA World Port Index (HDX mirror, 2017-03-28)",REAL
1580,TWILLINGATE HARBOR,CA,CAN,49.666667,-54.766667,V,CN,"NGA World Port Index (HDX mirror, 2017-03-28)",REAL
1595,BONAVISTA HARBOR,CA,CAN,48.65,-53.116667,V,CB,"NGA World Port Index (HDX mirror, 2017-03-28)",REAL
1600,CATALINA HARBOR,CA,CAN,48.5,-53.083333,S,CN,"NGA World Port Index (HDX mirror, 2017-03-28)",REAL
1605,PORT UNION,CA,CAN,48.5,-53.083333,V,CN,"NGA World Port Index (HDX mirror, 2017-03-28)",REAL
1611,CLARENVILLE,CA,CAN,48.15,-53.95,S,CN,"NGA World Port Index (HDX mirror, 2017-03-28)",REAL
1620,CARBONEAR BAY,CA,CAN,47.733333,-53.216667,V,CN,"NGA World Port Index (HDX mirror, 2017-03-28)",REAL
1630,HARBOR GRACE,CA,CAN,47.683333,-53.216667,S,CN,"NGA World Port Index (HDX mirror, 2017-03-28)",REAL
1670,ST JOHN'S,CA,CAN,47.566667,-52.7,S,CN,"NGA World Port Index (HDX mirror, 2017-03-28)",REAL
1690,TREPASSEY HARBOR,CA,CAN,46.733333,-53.4,V,CN,"NGA World Port Index (HDX mirror, 2017-03-28)",REAL
70,KEFLAVIK,IS,ISL,64.0,-22.55,V,OR,"NGA World Port Index (HDX mirror, 2017-03-28)",REAL
80,HAFNARFJORDUR,IS,ISL,64.066667,-21.95,V,CN,"NGA World Port Index (HDX mirror, 2017-03-28)",REAL
100,REYKJAVIK,IS,ISL,64.15,-21.933333,M,CB,"NGA World Port Index (HDX mirror, 2017-03-28)",REAL
160,BILDUDALUR,IS,ISL,65.683333,-23.6,V,CN,"NGA World Port Index (HDX mirror, 2017-03-28)",REAL
230,BLONDUOS,IS,ISL,65.666667,-20.3,V,OR,"NGA World Port Index (HDX mirror, 2017-03-28)",REAL
260,SIGLUFJORHURD,IS,ISL,66.15,-18.916667,V,CN,"NGA World Port Index (HDX mirror, 2017-03-28)",REAL
270,OLAFSFJORDHUR,IS,ISL,66.083333,-18.633333,V,CN,"NGA World Port Index (HDX mirror, 2017-03-28)",REAL
60480,KIMCH'AEK,KP,,40.666667,129.2,V,OR,"NGA World Port Index (HDX mirror, 2017-03-28)",REAL
60510,NAJIN,KP,,42.233333,130.3,S,RB,"NGA World Port Index (HDX mirror, 2017-03-28)",REAL
60520,SENBONG,KP,,42.333333,130.4,S,CN,"NGA World Port Index (HDX mirror, 2017-03-28)",REAL
610,PAAMUIT (FREDERIKSHAB),GL,,62.0,-49.666667,S,CN,"NGA World Port Index (HDX mirror, 2017-03-28)",REAL
49370,KARAIKAL PORT,IN,IND,10.833333,79.866667,S,CB,"NGA World Port Index (HDX mirror, 2017-03-28)",REAL
630,KANGERLUARSORUSEQ,GL,,63.7,-51.55,V,CN,"NGA World Port Index (HDX mirror, 2017-03-28)",REAL
60325,PYEONGTAEK HANG,KR,,37.0,126.8,M,RN,"NGA World Port Index (HDX mirror, 2017-03-28)",REAL
700,ATTU,GL,,67.95,-53.733333,V,CN,"NGA World Port Index (HDX mirror, 2017-03-28)",REAL
60215,JINZHOU WAN,CN,CHN,40.75,121.1,V,OR,"NGA World Port Index (HDX mirror, 2017-03-28)",REAL
60200,QINHUANGDAO,CN,CHN,39.933333,119.616667,M,CB,"NGA World Port Index (HDX mirror, 2017-03-28)",REAL
810,ILLULISSAT (JAKOBSHAVN),GL,,69.216667,-51.1,S,CN,"NGA World Port Index (HDX mirror, 2017-03-28)",REAL
35250,PENZANCE,GB,GBR,50.116667,-5.533333,S,CT,"NGA World Port Index (HDX mirror, 2017-03-28)",REAL
59970,SHANGHAI,CN,CHN,31.216667,121.5,L,RN,"NGA World Port Index (HDX mirror, 2017-03-28)",REAL
35300,MEVAGISSEY,GB,GBR,50.266667,-4.783333,V,CB,"NGA World Port Index (HDX mirror, 2017-03-28)",REAL
790,QASIGIANNGUIT-CHRISTIANSHAB,GL,,68.816667,-51.183333,V,CN,"NGA World Port Index (HDX mirror, 2017-03-28)",REAL
35340,FOWEY HARBOUR,GB,GBR,50.333333,-4.633333,S,RN,"NGA World Port Index (HDX mirror, 2017-03-28)",REAL
1000,PITUFFIK (THULE AIR BASE),GL,,76.533333,-68.866667,V,CN,"NGA World Port Index (HDX mirror, 2017-03-28)",REAL
35370,PLYMOUTH,GB,GBR,50.366667,-4.15,M,CN,"NGA World Port Index (HDX mirror, 2017-03-28)",REAL
35400,BRIXHAM HARBOUR,GB,GBR,50.4,-3.516667,V,CB,"NGA World Port Index (HDX mirror, 2017-03-28)",REAL
23440,HAUGESUND,NO,NOR,59.416667,5.266667,S,CN,"NGA World Port Index (HDX mirror, 2017-03-28)",REAL
23450,KOPERVIK,NO,NOR,59.283333,5.316667,V,OR,"NGA World Port Index (HDX mirror, 2017-03-28)",REAL
23451,KARSTO,NO,NOR,59.266667,5.516667,M,OR,"NGA World Port Index (HDX mirror, 2017-03-28)",REAL
23455,ESPEVAER,NO,NOR,59.583333,5.15,V,CN,"NGA World Port Index (HDX mirror, 2017-03-28)",REAL
23460,SAUDA,NO,NOR,59.65,6.35,V,CN,"NGA World Port Index (HDX mirror, 2017-03-28)",REAL
23465,AKRAHAMN,NO,NOR,59.266667,5.183333,V,CB,"NGA World Port Index (HDX mirror, 2017-03-28)",REAL
23470,SANDNES,NO,NOR,58.85,5.75,V,RB,"NGA World Port Index (HDX mirror, 2017-03-28)",REAL
23480,STAVANGER,NO,NOR,58.966667,5.75,M,CB,"NGA World Port Index (HDX mirror, 2017-03-28)",REAL
23485,SKUDENESHAVN,NO,NOR,59.15,5.266667,V,CB,"NGA World Port Index (HDX mirror, 2017-03-28)",REAL
23487,TANANGER,NO,NOR,58.933333,5.583333,V,CB,"NGA World Port Index (HDX mirror, 2017-03-28)",REAL
23490,EGERSUND,NO,NOR,58.45,6.0,V,RN,"NGA World Port Index (HDX mirror, 2017-03-28)",REAL
23500,REKEFJORD,NO,NOR,58.333333,6.266667,V,RN,"NGA World Port Index (HDX mirror, 2017-03-28)",REAL
23505,KIRKEHAMN,NO,NOR,58.233333,6.533333,V,CB,"NGA World Port Index (HDX mirror, 2017-03-28)",REAL
23510,FLEKKEFJORDEN,NO,NOR,58.3,6.666667,S,RB,"NGA World Port Index (HDX mirror, 2017-03-28)",REAL
23520,FARSUND,NO,NOR,58.083333,6.816667,V,CN,"NGA World Port Index (HDX mirror, 2017-03-28)",REAL
23525,STUSVIK,NO,NOR,58.0,7.033333,V,CB,"NGA World Port Index (HDX mirror, 2017-03-28)",REAL
23530,MANDAL,NO,NOR,58.016667,7.466667,V,RN,"NGA World Port Index (HDX mirror, 2017-03-28)",REAL
23550,KRISTIANSAND,NO,NOR,58.15,8.0,S,CN,"NGA World Port Index (HDX mirror, 2017-03-28)",REAL
23600,ARENDAL,NO,NOR,58.466667,8.766667,S,CB,"NGA World Port Index (HDX mirror, 2017-03-28)",REAL
23620,TVEDESTRAND,NO,NOR,58.616667,8.933333,S,RB,"NGA World Port Index (HDX mirror, 2017-03-28)",REAL
23630,RISOR,NO,NOR,58.716667,9.233333,V,CN,"NGA World Port Index (HDX mirror, 2017-03-28)",REAL
23640,KRAGERO,NO,NOR,58.866667,9.416667,V,CB,"NGA World Port Index (HDX mirror, 2017-03-28)",REAL
23660,BREVIK,NO,NOR,59.066667,9.7,S,CN,"NGA World Port Index (HDX mirror, 2017-03-28)",REAL
23670,PORSGRUNN,NO,NOR,59.15,9.666667,S,RN,"NGA World Port Index (HDX mirror, 2017-03-28)",REAL
23680,SKIEN,NO,NOR,59.2,9.6,S,RN,"NGA World Port Index (HDX mirror, 2017-03-28)",REAL
23700,LARVIK,NO,NOR,59.05,10.033333,S,CB,"NGA World Port Index (HDX mirror, 2017-03-28)",REAL
23710,SANDEFJORDEN,NO,NOR,59.116667,10.233333,S,RB,"NGA World Port Index (HDX mirror, 2017-03-28)",REAL
23720,TONSBERG,NO,NOR,59.283333,10.416667,V,LC,"NGA World Port Index (HDX mirror, 2017-03-28)",REAL
23730,VALLOY,NO,NOR,59.266667,10.5,V,OR,"NGA World Port Index (HDX mirror, 2017-03-28)",REAL
23736,SLAGENSTANGEN,NO,NOR,59.316667,10.516667,V,OR,"NGA World Port Index (HDX mirror, 2017-03-28)",REAL
23750,HORTEN,NO,NOR,59.416667,10.5,M,CN,"NGA World Port Index (HDX mirror, 2017-03-28)",REAL
23760,HOLMESTRAND,NO,NOR,59.483333,10.3,V,CB,"NGA World Port Index (HDX mirror, 2017-03-28)",REAL
23770,SVELVIK,NO,NOR,59.616667,10.4,V,CN,"NGA World Port Index (HDX mirror, 2017-03-28)",REAL
23780,DRAMMEN,NO,NOR,59.733333,10.25,M,CB,"NGA World Port Index (HDX mirror, 2017-03-28)",REAL
23790,STORSTEILENE,NO,NOR,59.816667,10.6,V,CN,"NGA World Port Index (HDX mirror, 2017-03-28)",REAL
23810,OSLO,NO,NOR,59.916667,10.75,L,CN,"NGA World Port Index (HDX mirror, 2017-03-28)",REAL
23820,DROBAK,NO,NOR,59.666667,10.65,V,CB,"NGA World Port Index (HDX mirror, 2017-03-28)",REAL
23310,MOSTERHAMN,NO,NOR,59.7,5.4,V,CN,"NGA World Port Index (HDX mirror, 2017-03-28)",REAL
23330,SAGVAG,NO,NOR,59.766667,5.383333,V,CN,"NGA World Port Index (HDX mirror, 2017-03-28)",REAL
23340,LEIRVIK,NO,NOR,59.783333,5.5,V,CN,"NGA World Port Index (HDX mirror, 2017-03-28)",REAL
22920,MOSJOEN,NO,NOR,65.833333,13.2,V,RN,"NGA World Port Index (HDX mirror, 2017-03-28)",REAL
22940,TJOTTA,NO,NOR,65.833333,12.433333,V,CN,"NGA World Port Index (HDX mirror, 2017-03-28)",REAL
22990,BRONNOYSUND,NO,NOR,65.466667,12.2,V,CN,"NGA World Port Index (HDX mirror, 2017-03-28)",REAL
23020,BERG,NO,NOR,65.366667,12.2,V,CN,"NGA World Port Index (HDX mirror, 2017-03-28)",REAL
23040,RORVIK,NO,NOR,64.866667,11.25,V,CN,"NGA World Port Index (HDX mirror, 2017-03-28)",REAL
23046,SALSBRUKET,NO,NOR,64.8,11.866667,S,CN,"NGA World Port Index (HDX mirror, 2017-03-28)",REAL
11070,SANTA CRUZ DE BARAHONA,DO,,18.2,-71.083333,S,CN,"NGA World Port Index (HDX mirror, 2017-03-28)",REAL
11075,CABO ROJO,DO,,17.916667,-71.65,V,OR,"NGA World Port Index (HDX mirror, 2017-03-28)",REAL
11090,AGUADILLA,PR,,18.433333,-67.15,V,OR,"NGA World Port Index (HDX mirror, 2017-03-28)",REAL
11100,ARECIBO,PR,,18.483333,-66.7,V,CB,"NGA World Port Index (HDX mirror, 2017-03-28)",REAL
11110,SAN JUAN,PR,,18.466667,-66.116667,S,OR,"NGA World Port Index (HDX mirror, 2017-03-28)",REAL
11160,BAHIA DE FAJARDO,PR,,18.333333,-65.633333,V,CB,"NGA World Port Index (HDX mirror, 2017-03-28)",REAL
11170,ENSENADA HONDA,PR,,18.233333,-65.633333,M,CB,"NGA World Port Index (HDX mirror, 2017-03-28)",REAL
11190,PLAYA DE HUMACAO,PR,,18.166667,-65.75,V,OR,"NGA World Port Index (HDX mirror, 2017-03-28)",REAL
11205,PUERTO YABUCOA,PR,,18.05,-65.833333,V,OR,"NGA World Port Index (HDX mirror, 2017-03-28)",REAL
11230,ARROYO,PR,,17.966667,-66.066667,S,OR,"NGA World Port Index (HDX mirror, 2017-03-28)",REAL
11240,BAHIA DE JOBOS,PR,,17.95,-66.183333,V,CB,"NGA World Port Index (HDX mirror, 2017-03-28)",REAL
11250,LAS MAREAS,PR,,17.95,-66.166667,V,OR,"NGA World Port Index (HDX mirror, 2017-03-28)",REAL
11260,PLAYA DE PONCE,PR,,17.983333,-66.616667,M,CB,"NGA World Port Index (HDX mirror, 2017-03-28)",REAL
11270,PLAYA DE GUAYANILLA,PR,,18.016667,-66.766667,M,CB,"NGA World Port Index (HDX mirror, 2017-03-28)",REAL
11280,PLAYA DE GUANICA,PR,,17.966667,-66.916667,S,OR,"NGA World Port Index (HDX mirror, 2017-03-28)",REAL
11290,MAYAGUEZ,PR,,18.2,-67.15,S,OR,"NGA World Port Index (HDX mirror, 2017-03-28)",REAL
11310,CHARLOTTE AMALIE,VI,,18.35,-64.933333,S,OR,"NGA World Port Index (HDX mirror, 2017-03-28)",REAL
11320,CRUZ BAY,VI,,18.333333,-64.8,S,CN,"NGA World Port Index (HDX mirror, 2017-03-28)",REAL
11330,FREDERIKSTED,VI,,17.716667,-64.883333,S,OR,"NGA World Port Index (HDX mirror, 2017-03-28)",REAL
11335,LIMETREE BAY,VI,,17.7,-64.75,V,OR,"NGA World Port Index (HDX mirror, 2017-03-28)",REAL
11340,CHRISTIANSTED,VI,,17.75,-64.7,V,CN,"NGA World Port Index (HDX mirror, 2017-03-28)",REAL
11350,ROAD HARBOR,VG,,18.416667,-64.616667,M,CN,"NGA World Port Index (HDX mirror, 2017-03-28)",REAL
11360,BAIE DU MARIGOT,FR,FRA,18.066667,-63.083333,V,OR,"NGA World Port Index (HDX mirror, 2017-03-28)",REAL
11380,GUSTAVIA,GP,,17.9,-62.85,V,CN,"NGA World Port Index (HDX mirror, 2017-03-28)",REAL
11390,ORANJESTAD,BQ,,17.483333,-62.983333,S,OR,"NGA World Port Index (HDX mirror, 2017-03-28)",REAL
11400,BASSETERRE,KN,,17.3,-62.716667,V,OR,"NGA World Port Index (HDX mirror, 2017-03-28)",REAL
11430,ST JOHNS,AG,,17.116667,-61.85,M,OR,"NGA World Port Index (HDX mirror, 2017-03-28)",REAL
10420,MEDIA LUNA,CU,,20.15,-77.433333,V,OR,"NGA World Port Index (HDX mirror, 2017-03-28)",REAL
10430,CEIBA HUECA,CU,,20.216667,-77.316667,V,OR,"NGA World Port Index (HDX mirror, 2017-03-28)",REAL
10460,MANZANILLO,CU,,20.35,-77.116667,V,OR,"NGA World Port Index (HDX mirror, 2017-03-28)",REAL
10500,JUCARO,CU,,21.616667,-78.85,V,OR,"NGA World Port Index (HDX mirror, 2017-03-28)",REAL
10520,TUNAS DE ZAZA,CU,,21.633333,-79.55,V,OR,"NGA World Port Index (HDX mirror, 2017-03-28)",REAL
10530,CASILDA,CU,,21.75,-79.983333,M,CN,"NGA World Port Index (HDX mirror, 2017-03-28)",REAL
310,AKUREYRI,IS,ISL,65.683333,-18.083333,V,CN,"NGA World Port Index (HDX mirror, 2017-03-28)",REAL
330,KOPASKER,IS,ISL,66.283333,-16.45,V,CN,"NGA World Port Index (HDX mirror, 2017-03-28)",REAL
380,VOPNAFJORDHUR,IS,ISL,65.75,-14.833333,V,CN,"NGA World Port Index (HDX mirror, 2017-03-28)",REAL
400,SEYDHISFJORDHUR,IS,ISL,65.266667,-14.0,S,CN,"NGA World Port Index (HDX mirror, 2017-03-28)",REAL
430,ESKIFJORDHUR,IS,ISL,65.066667,-14.016667,V,CN,"NGA World Port Index (HDX mirror, 2017-03-28)",REAL
480,HORNABJORDUR,IS,ISL,64.25,-15.233333,V,CN,"NGA World Port Index (HDX mirror, 2017-03-28)",REAL
560,NANORTALIK HAVN,GL,,60.116667,-45.2,V,CN,"NGA World Port Index (HDX mirror, 2017-03-28)",REAL
580,QAQURTOQ,GL,,60.716667,-46.05,V,CN,"NGA World Port Index (HDX mirror, 2017-03-28)",REAL
585,NARSAQ,GL,,60.916667,-46.05,V,CN,"NGA World Port Index (HDX mirror, 2017-03-28)",REAL
590,NARSARSSUAQ,GL,,61.15,-45.433333,V,CN,"NGA World Port Index (HDX mirror, 2017-03-28)",REAL
605,GRONNEDAL (KANGILINNGUIT),GL,,61.233333,-48.1,V,CN,"NGA World Port Index (HDX mirror, 2017-03-28)",REAL
640,NUUK,GL,,64.183333,-51.75,S,CN,"NGA World Port Index (HDX mirror, 2017-03-28)",REAL
670,MANIITSOQ,GL,,65.416667,-52.916667,V,CN,"NGA World Port Index (HDX mirror, 2017-03-28)",REAL
680,KANGAMIUT,GL,,65.816667,-53.3,V,CN,"NGA World Port Index (HDX mirror, 2017-03-28)",REAL
690,SISIMIUT,GL,,66.916667,-53.7,S,CN,"NGA World Port Index (HDX mirror, 2017-03-28)",REAL
695,KANGERLUSUAQ,GL,,66.966667,-50.95,V,CN,"NGA World Port Index (HDX mirror, 2017-03-28)",REAL
760,AASIAAT,GL,,68.7,-52.866667,S,CN,"NGA World Port Index (HDX mirror, 2017-03-28)",REAL
840,QEQERTARSUAQ,GL,,69.233333,-53.533333,S,CN,"NGA World Port Index (HDX mirror, 2017-03-28)",REAL
870,NIAQORNAT,GL,,70.8,-53.666667,V,OR,"NGA World Port Index (HDX mirror, 2017-03-28)",REAL
890,UUMMANNAQ HARBOR,GL,,70.683333,-52.15,S,CN,"NGA World Port Index (HDX mirror, 2017-03-28)",REAL
940,KAJALLEQ UPERNAVIK,GL,,72.15,-55.533333,V,CN,"NGA World Port Index (HDX mirror, 2017-03-28)",REAL
960,UPERNAVIK,GL,,72.766667,-56.15,V,CN,"NGA World Port Index (HDX mirror, 2017-03-28)",REAL
1020,POND INLET,CA,CAN,72.75,-76.75,M,OR,"NGA World Port Index (HDX mirror, 2017-03-28)",REAL
1035,PADLOPING ISLAND,CA,CAN,67.033333,-62.733333,V,CN,"NGA World Port Index (HDX mirror, 2017-03-28)",REAL
1040,PANGNIRTUNG,CA,CAN,66.133333,-65.75,V,CN,"NGA World Port Index (HDX mirror, 2017-03-28)",REAL
44807,AKSAZ LIMANI,TR,TUR,36.833333,28.383333,S,CN,"NGA World Port Index (HDX mirror, 2017-03-28)",REAL
10006,COCKBURN TOWN,BS,,24.05,-74.533333,V,OR,"NGA World Port Index (HDX mirror, 2017-03-28)",REAL
10773,ROCKY POINT,JM,,17.816667,-77.15,V,OR,"NGA World Port Index (HDX mirror, 2017-03-28)",REAL
11048,PUNTA NIZAO OIL TERMINAL,DO,,18.2,-70.2,S,OR,"NGA World Port Index (HDX mirror, 2017-03-28)",REAL
11005,PUERTO BOTADO,DO,,19.2,-69.45,V,CN,"NGA World Port Index (HDX mirror, 2017-03-28)",REAL
11372,COLES BAY OIL TERMINAL,SX,,18.016667,-63.083333,S,OR,"NGA World Port Index (HDX mirror, 2017-03-28)",REAL
35410,TORQUAY HARBOUR,GB,GBR,50.466667,-3.533333,V,CB,"NGA World Port Index (HDX mirror, 2017-03-28)",REAL
90,SKERJAFJORDUR,IS,ISL,64.15,-22.016667,V,CN,"NGA World Port Index (HDX mirror, 2017-03-28)",REAL
35450,PORTLAND HARBOUR,GB,GBR,50.583333,-2.433333,M,CB,"NGA World Port Index (HDX mirror, 2017-03-28)",REAL
105,GRUNDARTANGI,IS,ISL,64.266667,-22.0,M,CB,"NGA World Port Index (HDX mirror, 2017-03-28)",REAL
35460,WEYMOUTH HARBOUR,GB,GBR,50.616667,-2.45,S,CN,"NGA World Port Index (HDX mirror, 2017-03-28)",REAL
35550,COWES HARBOUR,GB,GBR,50.766667,-1.3,S,RN,"NGA World Port Index (HDX mirror, 2017-03-28)",REAL
35560,YARMOUTH HARBOUR,GB,GBR,50.7,-1.5,S,CT,"NGA World Port Index (HDX mirror, 2017-03-28)",REAL
35590,FAWLEY MARINE TERMINAL,GB,GBR,50.816667,-1.333333,S,RN,"NGA World Port Index (HDX mirror, 2017-03-28)",REAL
35600,PORTSMOUTH HARBOUR,GB,GBR,50.8,-1.1,M,CT,"NGA World Port Index (HDX mirror, 2017-03-28)",REAL
35610,LITTLEHAMPTON HARBOUR,GB,GBR,50.783333,-0.533333,V,RN,"NGA World Port Index (HDX mirror, 2017-03-28)",REAL
170,THINGEYRI,IS,ISL,65.883333,-23.483333,V,CN,"NGA World Port Index (HDX mirror, 2017-03-28)",REAL
190,ISAFJORDUR,IS,ISL,66.066667,-23.116667,V,CN,"NGA World Port Index (HDX mirror, 2017-03-28)",REAL
240,SKAGASTROND,IS,ISL,65.833333,-20.316667,V,CN,"NGA World Port Index (HDX mirror, 2017-03-28)",REAL
250,SAUDARKROKUR,IS,ISL,65.75,-19.666667,V,CN,"NGA World Port Index (HDX mirror, 2017-03-28)",REAL
320,HUSAVIK,IS,ISL,66.033333,-17.333333,V,CN,"NGA World Port Index (HDX mirror, 2017-03-28)",REAL
23050,NAMSOS,NO,NOR,64.466667,11.5,S,CN,"NGA World Port Index (HDX mirror, 2017-03-28)",REAL
23053,MALM,NO,NOR,64.066667,11.233333,V,RN,"NGA World Port Index (HDX mirror, 2017-03-28)",REAL
23055,STEINKJER,NO,NOR,64.016667,11.5,V,CN,"NGA World Port Index (HDX mirror, 2017-03-28)",REAL
23058,DJUPVIKEN,NO,NOR,63.783333,11.45,S,CN,"NGA World Port Index (HDX mirror, 2017-03-28)",REAL
23060,LEVANGER,NO,NOR,63.75,11.3,V,RN,"NGA World Port Index (HDX mirror, 2017-03-28)",REAL
23070,LANGSTEIN,NO,NOR,63.533333,10.9,V,CN,"NGA World Port Index (HDX mirror, 2017-03-28)",REAL
23075,MURUVIK,NO,NOR,63.433333,10.85,V,CN,"NGA World Port Index (HDX mirror, 2017-03-28)",REAL
23080,HOMMELVIK,NO,NOR,63.416667,10.8,V,CN,"NGA World Port Index (HDX mirror, 2017-03-28)",REAL
23090,TRONDHEIM,NO,NOR,63.433333,10.4,M,CN,"NGA World Port Index (HDX mirror, 2017-03-28)",REAL
23095,THAMSHAMM,NO,NOR,63.316667,9.883333,S,CN,"NGA World Port Index (HDX mirror, 2017-03-28)",REAL
23100,KRISTIANSUND,NO,NOR,63.116667,7.733333,S,CN,"NGA World Port Index (HDX mirror, 2017-03-28)",REAL
23105,SUNNDALSORA,NO,NOR,62.683333,8.55,V,RB,"NGA World Port Index (HDX mirror, 2017-03-28)",REAL
23107,BUD,NO,NOR,62.9,6.916667,V,CB,"NGA World Port Index (HDX mirror, 2017-03-28)",REAL
23108,HAROYSUND,NO,NOR,62.9,6.966667,S,CN,"NGA World Port Index (HDX mirror, 2017-03-28)",REAL
23110,MOLDE,NO,NOR,62.733333,7.166667,S,CN,"NGA World Port Index (HDX mirror, 2017-03-28)",REAL
23111,ANDALSNES,NO,NOR,62.566667,7.683333,V,CN,"NGA World Port Index (HDX mirror, 2017-03-28)",REAL
23112,HAREID,NO,NOR,62.366667,6.033333,V,CB,"NGA World Port Index (HDX mirror, 2017-03-28)",REAL
23115,MOLDTUSTRANDA,NO,NOR,62.3,5.65,V,CN,"NGA World Port Index (HDX mirror, 2017-03-28)",REAL
23118,ORSTAV,NO,NOR,62.2,6.133333,S,CN,"NGA World Port Index (HDX mirror, 2017-03-28)",REAL
23120,ALESUND,NO,NOR,62.466667,6.166667,S,CB,"NGA World Port Index (HDX mirror, 2017-03-28)",REAL
23125,MALOY,NO,NOR,61.933333,5.116667,S,CN,"NGA World Port Index (HDX mirror, 2017-03-28)",REAL
23130,FLORO,NO,NOR,61.6,5.033333,V,CB,"NGA World Port Index (HDX mirror, 2017-03-28)",REAL
23136,ARDALSTANGEN,NO,NOR,61.233333,7.716667,V,RN,"NGA World Port Index (HDX mirror, 2017-03-28)",REAL
23138,MONGSTAD,NO,NOR,60.816667,5.033333,M,OR,"NGA World Port Index (HDX mirror, 2017-03-28)",REAL
23140,VAKSDAL,NO,NOR,60.483333,5.733333,S,RN,"NGA World Port Index (HDX mirror, 2017-03-28)",REAL
23160,BERGEN,NO,NOR,60.4,5.316667,M,CN,"NGA World Port Index (HDX mirror, 2017-03-28)",REAL
23180,BRATTHOLMEN,NO,NOR,60.35,5.166667,V,CN,"NGA World Port Index (HDX mirror, 2017-03-28)",REAL
23195,TRANNESET,NO,NOR,60.416667,5.016667,S,CN,"NGA World Port Index (HDX mirror, 2017-03-28)",REAL
23220,STRANDVIK,NO,NOR,60.166667,5.666667,V,CN,"NGA World Port Index (HDX mirror, 2017-03-28)",REAL
23230,NORHEIMSUND,NO,NOR,60.366667,6.15,V,RB,"NGA World Port Index (HDX mirror, 2017-03-28)",REAL
23240,ODDA,NO,NOR,60.083333,6.55,V,RB,"NGA World Port Index (HDX mirror, 2017-03-28)",REAL
23300,MELING,NO,NOR,59.783333,5.116667,V,CN,"NGA World Port Index (HDX mirror, 2017-03-28)",REAL
22790,HEMNESBERGET,NO,NOR,66.233333,13.616667,V,CN,"NGA World Port Index (HDX mirror, 2017-03-28)",REAL
20920,HAMMERFEST,NO,NOR,70.666667,23.666667,M,CN,"NGA World Port Index (HDX mirror, 2017-03-28)",REAL
20930,SORVAER,NO,NOR,70.633333,21.983333,V,CN,"NGA World Port Index (HDX mirror, 2017-03-28)",REAL
20940,BREDVIK,NO,NOR,70.583333,22.133333,V,CN,"NGA World Port Index (HDX mirror, 2017-03-28)",REAL
21120,OKSFJORD,NO,NOR,70.233333,22.35,V,CN,"NGA World Port Index (HDX mirror, 2017-03-28)",REAL
21130,ALTA,NO,NOR,69.966667,23.25,V,CN,"NGA World Port Index (HDX mirror, 2017-03-28)",REAL
21140,TALVIK,NO,NOR,70.05,22.966667,V,CN,"NGA World Port Index (HDX mirror, 2017-03-28)",REAL
21310,TROMSO,NO,NOR,69.65,18.966667,M,OR,"NGA World Port Index (HDX mirror, 2017-03-28)",REAL
21380,GIBOSTAD,NO,NOR,69.35,18.083333,V,CN,"NGA World Port Index (HDX mirror, 2017-03-28)",REAL
21490,FINNSNES,NO,NOR,69.233333,17.966667,V,CN,"NGA World Port Index (HDX mirror, 2017-03-28)",REAL
21495,MEDBY,NO,NOR,68.916667,17.733333,V,CN,"NGA World Port Index (HDX mirror, 2017-03-28)",REAL
21510,SJOVEGAN,NO,NOR,68.883333,17.833333,V,CN,"NGA World Port Index (HDX mirror, 2017-03-28)",REAL
21610,HARSTAD,NO,NOR,68.8,16.55,M,CN,"NGA World Port Index (HDX mirror, 2017-03-28)",REAL
21660,ANDENES,NO,NOR,69.333333,16.133333,V,OR,"NGA World Port Index (HDX mirror, 2017-03-28)",REAL
21670,SORTLAND,NO,NOR,68.7,15.416667,V,CN,"NGA World Port Index (HDX mirror, 2017-03-28)",REAL
10540,CIENFUEGOS,CU,,22.15,-80.45,L,CN,"NGA World Port Index (HDX mirror, 2017-03-28)",REAL
10600,LUCEA,JM,,18.45,-78.166667,V,OR,"NGA World Port Index (HDX mirror, 2017-03-28)",REAL
10610,MONTEGO BAY,JM,,18.466667,-77.933333,S,CB,"NGA World Port Index (HDX mirror, 2017-03-28)",REAL
10620,FALMOUTH,JM,,18.483333,-77.65,V,OR,"NGA World Port Index (HDX mirror, 2017-03-28)",REAL
10630,RIO BUENO,JM,,18.466667,-77.466667,V,OR,"NGA World Port Index (HDX mirror, 2017-03-28)",REAL
10660,OCHO RIOS,JM,,18.416667,-77.116667,V,CN,"NGA World Port Index (HDX mirror, 2017-03-28)",REAL
10710,PORT ANTONIO,JM,,18.183333,-76.45,S,CN,"NGA World Port Index (HDX mirror, 2017-03-28)",REAL
10772,PORT ESQUIVEL,JM,,17.883333,-77.133333,V,OR,"NGA World Port Index (HDX mirror, 2017-03-28)",REAL
10775,PORT KAISER,JM,,17.866667,-77.6,V,OR,"NGA World Port Index (HDX mirror, 2017-03-28)",REAL
10800,SAVANNAH LA MAR,JM,,18.2,-78.133333,V,OR,"NGA World Port Index (HDX mirror, 2017-03-28)",REAL
10820,JACMEL,HT,,18.233333,-72.533333,V,OR,"NGA World Port Index (HDX mirror, 2017-03-28)",REAL
10860,MIRAGOANE,HT,,18.45,-73.083333,V,OR,"NGA World Port Index (HDX mirror, 2017-03-28)",REAL
10870,PETIT GOAVE,HT,,18.433333,-72.866667,V,OR,"NGA World Port Index (HDX mirror, 2017-03-28)",REAL
10880,PORT AU PRINCE,HT,,18.55,-72.35,M,OR,"NGA World Port Index (HDX mirror, 2017-03-28)",REAL
10370,SANTIAGO DE CUBA,CU,,20.016667,-75.833333,M,CN,"NGA World Port Index (HDX mirror, 2017-03-28)",REAL
9760,PUERTO CABEZAS,NI,,14.016667,-83.383333,V,OR,"NGA World Port Index (HDX mirror, 2017-03-28)",REAL
9810,PUERTO LIMON,CR,,9.983333,-83.016667,V,CB,"NGA World Port Index (HDX mirror, 2017-03-28)",REAL
9825,CHIRIQUI GRANDE,PA,,8.95,-82.116667,V,OR,"NGA World Port Index (HDX mirror, 2017-03-28)",REAL
9830,ALMIRANTE,PA,,9.3,-82.4,V,CN,"NGA World Port Index (HDX mirror, 2017-03-28)",REAL
9840,BOCAS DEL TORO,PA,,9.333333,-82.233333,V,OR,"NGA World Port Index (HDX mirror, 2017-03-28)",REAL
9940,ST GEORGE'S,BM,,32.383333,-64.683333,S,CN,"NGA World Port Index (HDX mirror, 2017-03-28)",REAL
9950,IRELAND ISLAND,BM,,32.316667,-64.833333,M,CB,"NGA World Port Index (HDX mirror, 2017-03-28)",REAL
9960,HAMILTON,BM,,32.3,-64.783333,S,CN,"NGA World Port Index (HDX mirror, 2017-03-28)",REAL
9985,FREEPORT,BS,,26.516667,-78.783333,S,RB,"NGA World Port Index (HDX mirror, 2017-03-28)",REAL
9987,SOUTH RIDING POINT,BS,,26.616667,-78.216667,V,CN,"NGA World Port Index (HDX mirror, 2017-03-28)",REAL
9990,NASSAU,BS,,25.083333,-77.35,M,CN,"NGA World Port Index (HDX mirror, 2017-03-28)",REAL
10158,MANATI,CU,,21.366667,-76.816667,S,RN,"NGA World Port Index (HDX mirror, 2017-03-28)",REAL
10470,GUAYABAL,CU,,20.7,-77.616667,S,OR,"NGA World Port Index (HDX mirror, 2017-03-28)",REAL
11718,ANSE TEMBLADORA,TT,,10.683333,-61.583333,V,OR,"NGA World Port Index (HDX mirror, 2017-03-28)",REAL
11908,EL BOSQUE,CO,,10.4,-75.533333,S,CN,"NGA World Port Index (HDX mirror, 2017-03-28)",REAL
11934,PUERTO PRODECO,CO,,11.15,-74.216667,S,OR,"NGA World Port Index (HDX mirror, 2017-03-28)",REAL
48240,QALHAT LNG TERMINAL,OM,,22.683333,59.4,V,OR,"NGA World Port Index (HDX mirror, 2017-03-28)",REAL
9675,COXEN HOLE,HN,,16.316667,-86.55,V,CN,"NGA World Port Index (HDX mirror, 2017-03-28)",REAL
9769,EL BLUFF,NI,,12.0,-83.7,V,CN,"NGA World Port Index (HDX mirror, 2017-03-28)",REAL
9355,ALTAMIRA,MX,,22.483333,-97.85,V,RB,"NGA World Port Index (HDX mirror, 2017-03-28)",REAL
9370,TUXPAN,MX,,20.95,-97.4,M,RN,"NGA World Port Index (HDX mirror, 2017-03-28)",REAL
9425,DOS BOCAS TERMINAL,MX,,18.433333,-93.216667,V,OR,"NGA World Port Index (HDX mirror, 2017-03-28)",REAL
45110,ASHQELON,IL,ISR,31.666667,34.5,V,OR,"NGA World Port Index (HDX mirror, 2017-03-28)",REAL
45377,ASHTART OIL TERMINAL,TN,,34.283333,11.383333,S,OR,"NGA World Port Index (HDX mirror, 2017-03-28)",REAL
45365,ZARZIS,TN,,33.5,11.116667,V,CB,"NGA World Port Index (HDX mirror, 2017-03-28)",REAL
45368,DIDON TERMINAL,TN,,33.783333,11.9,S,OR,"NGA World Port Index (HDX mirror, 2017-03-28)",REAL
40245,MELILLI OIL TERMINAL,IT,ITA,37.116667,15.25,V,OR,"NGA World Port Index (HDX mirror, 2017-03-28)",REAL
60431,TONGHAE,KR,,37.533333,129.15,V,CB,"NGA World Port Index (HDX mirror, 2017-03-28)",REAL
59940,NINGBO,CN,CHN,29.883333,121.55,S,RN,"NGA World Port Index (HDX mirror, 2017-03-28)",REAL
45515,PORT METHANIER,DZ,,36.883333,6.95,S,CB,"NGA World Port Index (HDX mirror, 2017-03-28)",REAL
45819,M BAO OIL TERMINAL,SN,,14.716667,-17.4,V,OR,"NGA World Port Index (HDX mirror, 2017-03-28)",REAL
45823,LYNDIANE,SN,,14.166667,-16.166667,V,RN,"NGA World Port Index (HDX mirror, 2017-03-28)",REAL
46161,FORCADOS OIL TERMINAL,NG,,5.166667,5.183333,V,OR,"NGA World Port Index (HDX mirror, 2017-03-28)",REAL
46286,MOUDI MARINE TERMINAL,CM,,4.116667,8.483333,V,OR,"NGA World Port Index (HDX mirror, 2017-03-28)",REAL
46287,EBOME MARINE TERMINAL,CM,,2.8,9.816667,V,OR,"NGA World Port Index (HDX mirror, 2017-03-28)",REAL
46306,PUNTA EUROPA TERMINAL,GQ,,3.783333,8.716667,V,OR,"NGA World Port Index (HDX mirror, 2017-03-28)",REAL
46320,MALABO,GQ,,3.75,8.783333,S,CN,"NGA World Port Index (HDX mirror, 2017-03-28)",REAL
46330,LUBA,GQ,,3.5,8.566667,V,CN,"NGA World Port Index (HDX mirror, 2017-03-28)",REAL
46375,SANTO ANTONIO,ST,,1.65,7.45,V,CN,"NGA World Port Index (HDX mirror, 2017-03-28)",REAL
46380,SAO TOME,ST,,0.35,6.733333,V,OR,"NGA World Port Index (HDX mirror, 2017-03-28)",REAL
46460,YOMBO TERMINAL,CG,,-4.45,11.1,V,OR,"NGA World Port Index (HDX mirror, 2017-03-28)",REAL
46495,FUTILA TERMINAL,AO,,-5.45,12.183333,V,OR,"NGA World Port Index (HDX mirror, 2017-03-28)",REAL
46488,KUITO OIL FIELD,AO,,-5.466667,11.5,V,OR,"NGA World Port Index (HDX mirror, 2017-03-28)",REAL
340,RAUFARHOFN,IS,ISL,66.45,-15.933333,V,CN,"NGA World Port Index (HDX mirror, 2017-03-28)",REAL
420,NESKAUPSTADUR,IS,ISL,65.15,-13.683333,V,CN,"NGA World Port Index (HDX mirror, 2017-03-28)",REAL
35650,NEWHAVEN HARBOUR,GB,GBR,50.783333,0.05,V,RN,"NGA World Port Index (HDX mirror, 2017-03-28)",REAL
35690,RYE HARBOUR,GB,GBR,50.933333,0.766667,V,RN,"NGA World Port Index (HDX mirror, 2017-03-28)",REAL
450,BUDIR,IS,ISL,64.933333,-14.016667,V,CN,"NGA World Port Index (HDX mirror, 2017-03-28)",REAL
470,DJUPIVOGUR,IS,ISL,64.666667,-14.283333,V,CN,"NGA World Port Index (HDX mirror, 2017-03-28)",REAL
510,VESTMANNAEYJAR,IS,ISL,63.433333,-20.283333,S,CN,"NGA World Port Index (HDX mirror, 2017-03-28)",REAL
59930,HAIMEN,CN,CHN,28.683333,121.45,V,RN,"NGA World Port Index (HDX mirror, 2017-03-28)",REAL
35710,DOVER HARBOR,GB,GBR,51.116667,1.333333,S,CB,"NGA World Port Index (HDX mirror, 2017-03-28)",REAL
35715,RAMSGATE,GB,GBR,51.333333,1.416667,S,CB,"NGA World Port Index (HDX mirror, 2017-03-28)",REAL
35732,DUNKERQUE PORT OUEST,FR,FRA,51.066667,2.35,M,CT,"NGA World Port Index (HDX mirror, 2017-03-28)",REAL
35740,GRAVELINES,FR,FRA,51.0,2.116667,V,RT,"NGA World Port Index (HDX mirror, 2017-03-28)",REAL
35750,CALAIS,FR,FRA,50.966667,1.85,S,CB,"NGA World Port Index (HDX mirror, 2017-03-28)",REAL
12570,IQUITOS,PE,,-3.75,-73.233333,S,RN,"NGA World Port Index (HDX mirror, 2017-03-28)",REAL
12585,ITAQUI,BR,BRA,-2.566667,-44.366667,S,CN,"NGA World Port Index (HDX mirror, 2017-03-28)",REAL
21690,STOKKMARKNES,NO,NOR,68.566667,14.916667,V,CB,"NGA World Port Index (HDX mirror, 2017-03-28)",REAL
21820,REINE,NO,NOR,67.933333,13.1,V,CN,"NGA World Port Index (HDX mirror, 2017-03-28)",REAL
21840,BALLSTAD,NO,NOR,68.066667,13.7,V,CN,"NGA World Port Index (HDX mirror, 2017-03-28)",REAL
21870,STAMSUND,NO,NOR,68.116667,13.85,V,CN,"NGA World Port Index (HDX mirror, 2017-03-28)",REAL
21880,HENNINGSVAER,NO,NOR,68.15,14.216667,V,OR,"NGA World Port Index (HDX mirror, 2017-03-28)",REAL
21900,SVOLVAER,NO,NOR,68.233333,14.583333,S,CN,"NGA World Port Index (HDX mirror, 2017-03-28)",REAL
21910,SKROVA HAVN,NO,NOR,68.166667,14.666667,V,CN,"NGA World Port Index (HDX mirror, 2017-03-28)",REAL
21920,BRETTESNES,NO,NOR,68.233333,14.85,V,CN,"NGA World Port Index (HDX mirror, 2017-03-28)",REAL
21950,LODINGEN,NO,NOR,68.416667,16.0,V,CN,"NGA World Port Index (HDX mirror, 2017-03-28)",REAL
21970,ULVIK,NO,NOR,68.566667,16.266667,V,RN,"NGA World Port Index (HDX mirror, 2017-03-28)",REAL
22010,LILANDSGRUNNEN,NO,NOR,68.483333,16.883333,V,CN,"NGA World Port Index (HDX mirror, 2017-03-28)",REAL
22030,NARVIK,NO,NOR,68.433333,17.416667,V,CB,"NGA World Port Index (HDX mirror, 2017-03-28)",REAL
22050,LITLE BALLANGEN,NO,NOR,68.333333,16.85,V,CN,"NGA World Port Index (HDX mirror, 2017-03-28)",REAL
22120,DRAG,NO,NOR,68.05,16.083333,V,CN,"NGA World Port Index (HDX mirror, 2017-03-28)",REAL
22140,KORSNES,NO,NOR,68.25,16.066667,V,CN,"NGA World Port Index (HDX mirror, 2017-03-28)",REAL
22160,TRANOY,NO,NOR,68.183333,15.666667,V,CN,"NGA World Port Index (HDX mirror, 2017-03-28)",REAL
22270,KJERRINGOY,NO,NOR,67.516667,14.766667,V,CN,"NGA World Port Index (HDX mirror, 2017-03-28)",REAL
22290,BODO,NO,NOR,67.283333,14.383333,V,CB,"NGA World Port Index (HDX mirror, 2017-03-28)",REAL
22295,LAKSELV,NO,NOR,67.366667,15.6,S,CN,"NGA World Port Index (HDX mirror, 2017-03-28)",REAL
22320,FAUSKE,NO,NOR,67.25,15.366667,V,CN,"NGA World Port Index (HDX mirror, 2017-03-28)",REAL
22350,ROGNAN,NO,NOR,67.1,15.416667,V,CN,"NGA World Port Index (HDX mirror, 2017-03-28)",REAL
22520,ORNES,NO,NOR,66.866667,13.716667,V,CN,"NGA World Port Index (HDX mirror, 2017-03-28)",REAL
22540,GLOMFJORD,NO,NOR,66.816667,13.983333,V,CN,"NGA World Port Index (HDX mirror, 2017-03-28)",REAL
22750,SANDNESSJOEN,NO,NOR,66.016667,12.633333,V,CN,"NGA World Port Index (HDX mirror, 2017-03-28)",REAL
22760,MO INLET,NO,NOR,66.316667,14.133333,S,OR,"NGA World Port Index (HDX mirror, 2017-03-28)",REAL
20910,KVALSUND,NO,NOR,70.5,23.983333,V,CN,"NGA World Port Index (HDX mirror, 2017-03-28)",REAL
20200,PORT MOLLER,US,USA,55.983333,-160.566667,V,CN,"NGA World Port Index (HDX mirror, 2017-03-28)",REAL
20210,PORT HEIDEN,US,USA,56.883333,-158.7,V,CN,"NGA World Port Index (HDX mirror, 2017-03-28)",REAL
20220,PILOT POINT,US,USA,57.566667,-157.6,V,CN,"NGA World Port Index (HDX mirror, 2017-03-28)",REAL
20230,UGASHIK,US,USA,57.533333,-157.416667,V,RN,"NGA World Port Index (HDX mirror, 2017-03-28)",REAL
20240,EGEGIK,US,USA,58.2,-157.366667,V,CN,"NGA World Port Index (HDX mirror, 2017-03-28)",REAL
20250,NAKNEK,US,USA,58.716667,-157.016667,V,CN,"NGA World Port Index (HDX mirror, 2017-03-28)",REAL
20270,KOGGIUNG,US,USA,58.966667,-156.916667,V,CN,"NGA World Port Index (HDX mirror, 2017-03-28)",REAL
20280,EKUK,US,USA,58.816667,-158.566667,V,OR,"NGA World Port Index (HDX mirror, 2017-03-28)",REAL
20290,CLARKS POINT,US,USA,58.85,-158.55,V,OR,"NGA World Port Index (HDX mirror, 2017-03-28)",REAL
20300,DILLINGHAM,US,USA,59.033333,-158.483333,V,CN,"NGA World Port Index (HDX mirror, 2017-03-28)",REAL
20305,PLATINUM,US,USA,59.016667,-161.833333,V,CN,"NGA World Port Index (HDX mirror, 2017-03-28)",REAL
20310,BETHEL,US,USA,60.816667,-161.716667,V,RN,"NGA World Port Index (HDX mirror, 2017-03-28)",REAL
20320,NASH HARBOR,US,USA,60.2,-166.983333,V,OR,"NGA World Port Index (HDX mirror, 2017-03-28)",REAL
20330,KWIGUK,US,USA,62.733333,-164.466667,V,RN,"NGA World Port Index (HDX mirror, 2017-03-28)",REAL
20340,KOTLIK,US,USA,63.033333,-163.55,V,RN,"NGA World Port Index (HDX mirror, 2017-03-28)",REAL
20350,HAMILTON,US,USA,62.9,-163.916667,V,RN,"NGA World Port Index (HDX mirror, 2017-03-28)",REAL
20360,ST MICHAEL,US,USA,63.483333,-162.033333,V,OR,"NGA World Port Index (HDX mirror, 2017-03-28)",REAL
20370,UNALAKLEET,US,USA,63.883333,-160.783333,V,OR,"NGA World Port Index (HDX mirror, 2017-03-28)",REAL
20390,SOLOMON,US,USA,64.55,-164.4,V,OR,"NGA World Port Index (HDX mirror, 2017-03-28)",REAL
20400,NOME,US,USA,64.5,-165.416667,S,OR,"NGA World Port Index (HDX mirror, 2017-03-28)",REAL
20410,GRANTLEY HARBOR,US,USA,65.266667,-166.333333,V,OR,"NGA World Port Index (HDX mirror, 2017-03-28)",REAL
20420,SAVOONGA,US,USA,63.683333,-170.4,V,OR,"NGA World Port Index (HDX mirror, 2017-03-28)",REAL
20425,SHISHMAREF,US,USA,66.25,-166.083333,V,CN,"NGA World Port Index (HDX mirror, 2017-03-28)",REAL
20430,DEERING,US,USA,66.083333,-162.733333,V,OR,"NGA World Port Index (HDX mirror, 2017-03-28)",REAL
20450,KOTZEBUE,US,USA,66.916667,-162.583333,V,CN,"NGA World Port Index (HDX mirror, 2017-03-28)",REAL
9995,CLIFTON PIER,BS,,25.0,-77.55,V,OR,"NGA World Port Index (HDX mirror, 2017-03-28)",REAL
10010,MATTHEW TOWN,BS,,20.95,-73.683333,V,OR,"NGA World Port Index (HDX mirror, 2017-03-28)",REAL
10020,GRAND TURK,TC,,21.433333,-71.15,V,OR,"NGA World Port Index (HDX mirror, 2017-03-28)",REAL
10080,CABANAS,CU,,23.0,-82.966667,M,CN,"NGA World Port Index (HDX mirror, 2017-03-28)",REAL
10090,MARIEL,CU,,22.983333,-82.75,S,CB,"NGA World Port Index (HDX mirror, 2017-03-28)",REAL
10100,BAHAI DE LA HABANA,CU,,23.133333,-82.366667,L,CB,"NGA World Port Index (HDX mirror, 2017-03-28)",REAL
10120,CARDENAS,CU,,23.05,-81.2,S,OR,"NGA World Port Index (HDX mirror, 2017-03-28)",REAL
10130,ISABELA DE SAGUA,CU,,22.95,-80.0,S,OR,"NGA World Port Index (HDX mirror, 2017-03-28)",REAL
10150,NUEVITAS BAY,CU,,21.55,-77.266667,L,CN,"NGA World Port Index (HDX mirror, 2017-03-28)",REAL
10230,ANTILLA,CU,,20.833333,-75.733333,L,CN,"NGA World Port Index (HDX mirror, 2017-03-28)",REAL
10250,FELTON,CU,,20.733333,-75.6,S,CN,"NGA World Port Index (HDX mirror, 2017-03-28)",REAL
10260,NICARO,CU,,20.716667,-75.55,S,CN,"NGA World Port Index (HDX mirror, 2017-03-28)",REAL
9160,TEXAS CITY,US,USA,29.383333,-94.916667,S,CN,"NGA World Port Index (HDX mirror, 2017-03-28)",REAL
9170,BAYTOWN,US,USA,29.733333,-95.016667,V,CN,"NGA World Port Index (HDX mirror, 2017-03-28)",REAL
9210,NORSWORTHY,US,USA,29.733333,-95.2,V,RN,"NGA World Port Index (HDX mirror, 2017-03-28)",REAL
9220,PASADENA,US,USA,29.716667,-95.216667,V,RN,"NGA World Port Index (HDX mirror, 2017-03-28)",REAL
9230,SINCO,US,USA,29.716667,-95.233333,V,RN,"NGA World Port Index (HDX mirror, 2017-03-28)",REAL
9240,HOUSTON,US,USA,29.75,-95.283333,L,RT,"NGA World Port Index (HDX mirror, 2017-03-28)",REAL
9250,FREEPORT,US,USA,28.95,-95.333333,V,RN,"NGA World Port Index (HDX mirror, 2017-03-28)",REAL
9260,PALACIOS,US,USA,28.683333,-96.216667,V,CN,"NGA World Port Index (HDX mirror, 2017-03-28)",REAL
9270,PORT LAVACA,US,USA,28.616667,-96.616667,V,CN,"NGA World Port Index (HDX mirror, 2017-03-28)",REAL
9280,PORT OCONNOR,US,USA,28.45,-96.4,V,CN,"NGA World Port Index (HDX mirror, 2017-03-28)",REAL
9290,ROCKPORT,US,USA,28.016667,-97.05,V,CN,"NGA World Port Index (HDX mirror, 2017-03-28)",REAL
9300,CORPUS CHRISTI,US,USA,27.816667,-97.4,M,CN,"NGA World Port Index (HDX mirror, 2017-03-28)",REAL
9310,PORT ARANSAS,US,USA,27.833333,-97.05,V,CN,"NGA World Port Index (HDX mirror, 2017-03-28)",REAL
9320,PORT INGLESIDE,US,USA,27.816667,-97.183333,V,CN,"NGA World Port Index (HDX mirror, 2017-03-28)",REAL
9330,PORT ISABEL,US,USA,26.083333,-97.2,V,CN,"NGA World Port Index (HDX mirror, 2017-03-28)",REAL
9340,BROWNSVILLE,US,USA,25.95,-97.4,S,LC,"NGA World Port Index (HDX mirror, 2017-03-28)",REAL
9360,TAMPICO,MX,,22.216667,-97.866667,M,RN,"NGA World Port Index (HDX mirror, 2017-03-28)",REAL
9380,VERACRUZ,MX,,19.2,-96.133333,M,CB,"NGA World Port Index (HDX mirror, 2017-03-28)",REAL
9395,CAYO ARCAS TERMINAL,MX,,20.166667,-91.983333,V,OR,"NGA World Port Index (HDX mirror, 2017-03-28)",REAL
9405,COATZACOALCOS,MX,,18.15,-94.416667,S,RN,"NGA World Port Index (HDX mirror, 2017-03-28)",REAL
9420,MINATITLAN,MX,,17.9,-94.583333,V,RN,"NGA World Port Index (HDX mirror, 2017-03-28)",REAL
46553,ESTRELA OIL FIELD,AO,,-6.45,12.4,S,OR,"NGA World Port Index (HDX mirror, 2017-03-28)",REAL
46691,NORTH POINT,SH,,-7.883333,-14.366667,S,OR,"NGA World Port Index (HDX mirror, 2017-03-28)",REAL
11782,SALINA,BQ,,12.083333,-68.283333,V,OR,"NGA World Port Index (HDX mirror, 2017-03-28)",REAL
11821,SINT MICHELSBAAI,CW,,12.133333,-69.016667,V,OR,"NGA World Port Index (HDX mirror, 2017-03-28)",REAL
11901,COVENAS OFFSHORE TERM.,CO,,9.5,-75.733333,V,OR,"NGA World Port Index (HDX mirror, 2017-03-28)",REAL
12230,EL GUAMACHE,VE,,10.9,-64.1,V,OR,"NGA World Port Index (HDX mirror, 2017-03-28)",REAL
12491,VILA DO CONDE,BR,BRA,-1.55,-48.75,V,RN,"NGA World Port Index (HDX mirror, 2017-03-28)",REAL
12661,GUAMARE OIL TERMINAL,BR,BRA,-4.866667,-36.283333,V,OR,"NGA World Port Index (HDX mirror, 2017-03-28)",REAL
46171,UKPOKITI MARINE TERMINAL,NG,,5.716667,4.833333,V,OR,"NGA World Port Index (HDX mirror, 2017-03-28)",REAL
13965,SAN SEBASTIAN BAY,AR,,-53.166667,-68.5,S,CN,"NGA World Port Index (HDX mirror, 2017-03-28)",REAL
13981,VILLA CONSTITUCION,AR,,-33.3,-60.333333,V,RN,"NGA World Port Index (HDX mirror, 2017-03-28)",REAL
14075,PUERTO WILLIAMS,CL,,-54.933333,-67.6,V,OR,"NGA World Port Index (HDX mirror, 2017-03-28)",REAL
14671,CALETA PATILLOS,CL,,-20.733333,-70.2,V,CN,"NGA World Port Index (HDX mirror, 2017-03-28)",REAL
53133,JAYAPURA,ID,,-2.533333,140.716667,S,CN,"NGA World Port Index (HDX mirror, 2017-03-28)",REAL
15645,ACAJUTLA OFFSHORE TERMINAL,SV,,13.583333,-89.866667,V,OR,"NGA World Port Index (HDX mirror, 2017-03-28)",REAL
51440,DILI,TL,,-8.533333,125.583333,S,CN,"NGA World Port Index (HDX mirror, 2017-03-28)",REAL
51400,KUPANG,ID,,-10.166667,123.583333,S,CN,"NGA World Port Index (HDX mirror, 2017-03-28)",REAL
15423,VACAMONTE,PA,,8.866667,-79.666667,V,OR,"NGA World Port Index (HDX mirror, 2017-03-28)",REAL
10280,CAYO MOA GRANDE,CU,,20.666667,-74.9,S,CB,"NGA World Port Index (HDX mirror, 2017-03-28)",REAL
34390,NEW ROSS,IE,IRL,52.383333,-6.95,S,RN,"NGA World Port Index (HDX mirror, 2017-03-28)",REAL
34190,CASTLETOWN BEARHAVEN,IE,IRL,51.65,-9.916667,V,CN,"NGA World Port Index (HDX mirror, 2017-03-28)",REAL
34200,KILRUSH,IE,IRL,52.633333,-9.5,V,RT,"NGA World Port Index (HDX mirror, 2017-03-28)",REAL
18792,GOLD RIVER,CA,CAN,49.683333,-126.116667,V,RN,"NGA World Port Index (HDX mirror, 2017-03-28)",REAL
23139,STURA,NO,NOR,60.616667,4.85,V,OR,"NGA World Port Index (HDX mirror, 2017-03-28)",REAL
25700,SANDARNE,SE,SWE,61.266667,17.183333,S,CN,"NGA World Port Index (HDX mirror, 2017-03-28)",REAL
26720,DOMSJO,SE,SWE,63.266667,18.733333,V,CN,"NGA World Port Index (HDX mirror, 2017-03-28)",REAL
26880,OBBOLA,SE,SWE,63.7,20.333333,V,CN,"NGA World Port Index (HDX mirror, 2017-03-28)",REAL
27535,VEITSILUOTO,FI,FIN,65.7,24.616667,S,CN,"NGA World Port Index (HDX mirror, 2017-03-28)",REAL
27740,PORI,FI,FIN,61.483333,21.8,L,CN,"NGA World Port Index (HDX mirror, 2017-03-28)",REAL
27990,PARGAS,FI,FIN,60.283333,22.066667,V,CN,"NGA World Port Index (HDX mirror, 2017-03-28)",REAL
29455,NYKOBING (MOR),DK,DNK,56.766667,11.866667,V,CB,"NGA World Port Index (HDX mirror, 2017-03-28)",REAL
29546,GULFHAVEN,DK,DNK,55.2,11.266667,V,OR,"NGA World Port Index (HDX mirror, 2017-03-28)",REAL
2975,CONTRECOUR,CA,CAN,45.883333,-73.2,V,RN,"NGA World Port Index (HDX mirror, 2017-03-28)",REAL
1335,GOOSE BAY,CA,CAN,53.366667,-60.3,V,CN,"NGA World Port Index (HDX mirror, 2017-03-28)",REAL
43155,AYIOS NIKOLAOS,GR,GRC,35.2,25.716667,V,CN,"NGA World Port Index (HDX mirror, 2017-03-28)",REAL
43340,GEMLIK,TR,TUR,40.416667,29.116667,V,OR,"NGA World Port Index (HDX mirror, 2017-03-28)",REAL
12650,PORTO DE MUCURIPE,BR,BRA,-3.716667,-38.483333,S,OR,"NGA World Port Index (HDX mirror, 2017-03-28)",REAL
12690,NATAL,BR,BRA,-5.783333,-35.2,S,RN,"NGA World Port Index (HDX mirror, 2017-03-28)",REAL
12760,PORT DE ARACAJU,BR,BRA,-10.916667,-37.05,S,RN,"NGA World Port Index (HDX mirror, 2017-03-28)",REAL
12770,PORT DE SALVADOR,BR,BRA,-12.966667,-38.516667,M,CB,"NGA World Port Index (HDX mirror, 2017-03-28)",REAL
12850,VITORIA,BR,BRA,-20.316667,-40.333333,M,RN,"NGA World Port Index (HDX mirror, 2017-03-28)",REAL
12855,TUBARAO,BR,BRA,-20.283333,-40.25,L,CB,"NGA World Port Index (HDX mirror, 2017-03-28)",REAL
12920,RIO DE JANEIRO,BR,BRA,-22.9,-43.166667,L,CN,"NGA World Port Index (HDX mirror, 2017-03-28)",REAL
12930,NITEROI,BR,BRA,-22.883333,-43.116667,S,CN,"NGA World Port Index (HDX mirror, 2017-03-28)",REAL
12980,PARANAGUA,BR,BRA,-25.5,-48.516667,S,CN,"NGA World Port Index (HDX mirror, 2017-03-28)",REAL
13000,SAO FRANCISCO,BR,BRA,-26.25,-48.633333,S,RN,"NGA World Port Index (HDX mirror, 2017-03-28)",REAL
13120,MONTEVIDEO,UY,,-34.9,-56.216667,M,CB,"NGA World Port Index (HDX mirror, 2017-03-28)",REAL
13140,COLONIA,UY,,-34.466667,-57.85,V,OR,"NGA World Port Index (HDX mirror, 2017-03-28)",REAL
13150,NUEVA PALMIRA,UY,,-33.883333,-58.416667,V,RN,"NGA World Port Index (HDX mirror, 2017-03-28)",REAL
13250,PUERTO DE ASUNCION,PY,,-25.266667,-57.683333,V,RN,"NGA World Port Index (HDX mirror, 2017-03-28)",REAL
13560,SANTA FE,AR,,-31.65,-60.7,S,RN,"NGA World Port Index (HDX mirror, 2017-03-28)",REAL
13610,SAN LORENZO,AR,,-32.75,-60.733333,V,RN,"NGA World Port Index (HDX mirror, 2017-03-28)",REAL
13630,ROSARIO,AR,,-32.95,-60.633333,M,RN,"NGA World Port Index (HDX mirror, 2017-03-28)",REAL
13670,SAN PEDRO,AR,,-33.583333,-59.816667,V,RN,"NGA World Port Index (HDX mirror, 2017-03-28)",REAL
13690,PUERTO IBICUY,AR,,-33.75,-59.183333,V,RN,"NGA World Port Index (HDX mirror, 2017-03-28)",REAL
13740,CONCEPCION DEL URUGUAY,AR,,-32.483333,-58.233333,S,RN,"NGA World Port Index (HDX mirror, 2017-03-28)",REAL
13760,BUENOS AIRES,AR,,-34.6,-58.366667,L,CB,"NGA World Port Index (HDX mirror, 2017-03-28)",REAL
13790,QUEQUEN,AR,,-38.583333,-58.7,V,CB,"NGA World Port Index (HDX mirror, 2017-03-28)",REAL
13800,PUERTO ROSALES,AR,,-38.933333,-62.066667,V,CB,"NGA World Port Index (HDX mirror, 2017-03-28)",REAL
20470,WAINWRIGHT,US,USA,70.65,-160.0,V,OR,"NGA World Port Index (HDX mirror, 2017-03-28)",REAL
20480,BARROW,US,USA,71.283333,-156.783333,V,OR,"NGA World Port Index (HDX mirror, 2017-03-28)",REAL
20483,PRUDHOE BAY,US,USA,70.333333,-148.416667,V,CN,"NGA World Port Index (HDX mirror, 2017-03-28)",REAL
20486,BERNARD HARBOR,US,USA,70.133333,-143.633333,V,OR,"NGA World Port Index (HDX mirror, 2017-03-28)",REAL
20491,TUKTOYAKTUK,CA,CAN,69.45,-133.0,V,CN,"NGA World Port Index (HDX mirror, 2017-03-28)",REAL
20492,POLICE POINT,CA,CAN,70.183333,-124.75,V,CN,"NGA World Port Index (HDX mirror, 2017-03-28)",REAL
20493,PAULATUK,CA,CAN,69.35,-124.083333,S,CN,"NGA World Port Index (HDX mirror, 2017-03-28)",REAL
20494,PEARCE POINT,CA,CAN,69.816667,-122.75,V,CN,"NGA World Port Index (HDX mirror, 2017-03-28)",REAL
20495,TYSOE POINT,CA,CAN,69.6,-120.75,V,CN,"NGA World Port Index (HDX mirror, 2017-03-28)",REAL
20496,SACHS HARBOR,CA,CAN,71.966667,-125.25,V,CN,"NGA World Port Index (HDX mirror, 2017-03-28)",REAL
20497,CAPE YOUNG,CA,CAN,68.933333,-116.933333,V,OR,"NGA World Port Index (HDX mirror, 2017-03-28)",REAL
20498,BERNARD HARBOR,CA,CAN,68.783333,-114.766667,S,CN,"NGA World Port Index (HDX mirror, 2017-03-28)",REAL
20499,LADY FRANKLIN POINT,CA,CAN,68.483333,-113.266667,V,CN,"NGA World Port Index (HDX mirror, 2017-03-28)",REAL
20500,COPPERMINE,CA,CAN,67.8,-115.05,V,RN,"NGA World Port Index (HDX mirror, 2017-03-28)",REAL
20510,CAMBRIDGE BAY,CA,CAN,69.116667,-105.066667,V,CN,"NGA World Port Index (HDX mirror, 2017-03-28)",REAL
20520,RESOLUTE BAY,CA,CAN,74.683333,-95.9,V,CN,"NGA World Port Index (HDX mirror, 2017-03-28)",REAL
20560,BARENTSBURG,XR,,78.066667,14.233333,V,CN,"NGA World Port Index (HDX mirror, 2017-03-28)",REAL
20570,LONGYEARBYEN,XR,,78.2,15.7,V,CN,"NGA World Port Index (HDX mirror, 2017-03-28)",REAL
20580,NY ALESUND,XR,,78.916667,11.95,V,CN,"NGA World Port Index (HDX mirror, 2017-03-28)",REAL
20650,KIRKENES,NO,NOR,69.733333,30.05,S,CN,"NGA World Port Index (HDX mirror, 2017-03-28)",REAL
20690,VADSO,NO,NOR,70.066667,29.75,S,CB,"NGA World Port Index (HDX mirror, 2017-03-28)",REAL
20695,BATSFJORDEN,NO,NOR,70.633333,29.733333,S,CN,"NGA World Port Index (HDX mirror, 2017-03-28)",REAL
20700,VARDO,NO,NOR,70.366667,31.116667,S,CN,"NGA World Port Index (HDX mirror, 2017-03-28)",REAL
20710,BERLEVAG,NO,NOR,70.866667,29.1,V,OR,"NGA World Port Index (HDX mirror, 2017-03-28)",REAL
20740,KJOLLEFJORDEN,NO,NOR,70.95,27.333333,V,CN,"NGA World Port Index (HDX mirror, 2017-03-28)",REAL
20800,HONNINGSVAG,NO,NOR,70.983333,26.0,S,CN,"NGA World Port Index (HDX mirror, 2017-03-28)",REAL
20180,MASSACRE BAY,US,USA,52.833333,173.233333,V,CN,"NGA World Port Index (HDX mirror, 2017-03-28)",REAL
20190,VILLAGE COVE,US,USA,57.133333,-170.266667,V,OR,"NGA World Port Index (HDX mirror, 2017-03-28)",REAL
19740,SAN JUAN CANNERY,US,USA,60.05,-148.066667,V,CN,"NGA World Port Index (HDX mirror, 2017-03-28)",REAL
19750,LATOUCHE,US,USA,60.05,-148.066667,V,CN,"NGA World Port Index (HDX mirror, 2017-03-28)",REAL
19760,SEWARD,US,USA,60.1,-149.433333,S,CN,"NGA World Port Index (HDX mirror, 2017-03-28)",REAL
19770,PORT GRAHAM,US,USA,59.35,-151.816667,V,CN,"NGA World Port Index (HDX mirror, 2017-03-28)",REAL
19780,SELDOVIA,US,USA,59.433333,-151.733333,V,CN,"NGA World Port Index (HDX mirror, 2017-03-28)",REAL
19781,HOMER,US,USA,59.6,-151.416667,V,CN,"NGA World Port Index (HDX mirror, 2017-03-28)",REAL
19785,COAL POINT,US,USA,59.6,-151.416667,V,CN,"NGA World Port Index (HDX mirror, 2017-03-28)",REAL
19788,NINILCHIK,US,USA,60.05,-151.683333,V,CN,"NGA World Port Index (HDX mirror, 2017-03-28)",REAL
19790,KENAI,US,USA,60.55,-151.266667,V,CN,"NGA World Port Index (HDX mirror, 2017-03-28)",REAL
19795,NIKISKI,US,USA,60.683333,-151.4,V,CN,"NGA World Port Index (HDX mirror, 2017-03-28)",REAL
19800,ANCHORAGE,US,USA,61.216667,-149.9,S,CN,"NGA World Port Index (HDX mirror, 2017-03-28)",REAL
19805,DRIFT RIVER,US,USA,60.55,-152.133333,V,CN,"NGA World Port Index (HDX mirror, 2017-03-28)",REAL
19807,SNUG HARBOR,US,USA,60.1,-152.583333,V,CN,"NGA World Port Index (HDX mirror, 2017-03-28)",REAL
19810,OUZINKIE,US,USA,57.916667,-152.5,V,CN,"NGA World Port Index (HDX mirror, 2017-03-28)",REAL
19820,KODIAK,US,USA,57.783333,-152.4,S,CN,"NGA World Port Index (HDX mirror, 2017-03-28)",REAL
19830,WOMENS BAY,US,USA,57.716667,-152.516667,V,CN,"NGA World Port Index (HDX mirror, 2017-03-28)",REAL
19840,PORT HOBRON,US,USA,57.166667,-153.166667,V,CN,"NGA World Port Index (HDX mirror, 2017-03-28)",REAL
19850,MCCORD,US,USA,57.15,-153.2,V,CN,"NGA World Port Index (HDX mirror, 2017-03-28)",REAL
19860,THREE SAINTS BAY,US,USA,57.116667,-153.5,V,CN,"NGA World Port Index (HDX mirror, 2017-03-28)",REAL
19870,TRAP POINT,US,USA,57.0,-154.15,V,CN,"NGA World Port Index (HDX mirror, 2017-03-28)",REAL
19880,LAZY BAY,US,USA,56.9,-154.25,V,CN,"NGA World Port Index (HDX mirror, 2017-03-28)",REAL
19890,KARLUK,US,USA,57.566667,-154.45,V,OR,"NGA World Port Index (HDX mirror, 2017-03-28)",REAL
19900,UYAK,US,USA,57.633333,-154.0,V,CN,"NGA World Port Index (HDX mirror, 2017-03-28)",REAL
19910,LARSEN BAY,US,USA,57.533333,-153.983333,V,CN,"NGA World Port Index (HDX mirror, 2017-03-28)",REAL
19920,PORT OBRIEN,US,USA,57.733333,-153.316667,V,CN,"NGA World Port Index (HDX mirror, 2017-03-28)",REAL
9490,CIUDAD DEL CARMEN,MX,,18.633333,-91.866667,V,CB,"NGA World Port Index (HDX mirror, 2017-03-28)",REAL
9510,PROGRESO,MX,,21.283333,-89.666667,V,OR,"NGA World Port Index (HDX mirror, 2017-03-28)",REAL
9550,SAN MIGUEL DE COZUMEL,MX,,20.5,-86.966667,V,OR,"NGA World Port Index (HDX mirror, 2017-03-28)",REAL
9620,PUERTO BARRIOS,GT,,15.733333,-88.6,S,OR,"NGA World Port Index (HDX mirror, 2017-03-28)",REAL
9625,SANTO THOMAS DE CASTILLA,GT,,15.7,-88.616667,S,CN,"NGA World Port Index (HDX mirror, 2017-03-28)",REAL
9650,PUERTO CORTES,HN,,15.833333,-87.95,S,OR,"NGA World Port Index (HDX mirror, 2017-03-28)",REAL
9660,TELA,HN,,15.783333,-87.45,V,OR,"NGA World Port Index (HDX mirror, 2017-03-28)",REAL
9670,LA CEIBA,HN,,15.783333,-86.8,V,OR,"NGA World Port Index (HDX mirror, 2017-03-28)",REAL
9680,TRUJILLO,HN,,15.916667,-85.95,V,OR,"NGA World Port Index (HDX mirror, 2017-03-28)",REAL
9690,PUERTO CASTILLA,HN,,16.0,-85.983333,V,OR,"NGA World Port Index (HDX mirror, 2017-03-28)",REAL
9100,PORT NECHES,US,USA,30.0,-93.95,S,RN,"NGA World Port Index (HDX mirror, 2017-03-28)",REAL
9140,BEAUMONT,US,USA,30.083333,-94.083333,M,RN,"NGA World Port Index (HDX mirror, 2017-03-28)",REAL
9150,GALVESTON,US,USA,29.316667,-94.783333,L,CN,"NGA World Port Index (HDX mirror, 2017-03-28)",REAL
8580,JACKSONVILLE,US,USA,30.316667,-81.65,M,RN,"NGA World Port Index (HDX mirror, 2017-03-28)",REAL
8590,ST AUGUSTINE,US,USA,29.9,-81.316667,V,CN,"NGA World Port Index (HDX mirror, 2017-03-28)",REAL
8595,CANAVERAL HARBOR,US,USA,28.7,-80.616667,V,CN,"NGA World Port Index (HDX mirror, 2017-03-28)",REAL
8600,FORT PIERCE,US,USA,27.466667,-80.316667,V,CN,"NGA World Port Index (HDX mirror, 2017-03-28)",REAL
8610,PALM BEACH,US,USA,26.766667,-80.05,V,CN,"NGA World Port Index (HDX mirror, 2017-03-28)",REAL
8630,PORT EVERGLADES,US,USA,26.1,-80.116667,M,CN,"NGA World Port Index (HDX mirror, 2017-03-28)",REAL
8640,MIAMI,US,USA,25.783333,-80.183333,S,CN,"NGA World Port Index (HDX mirror, 2017-03-28)",REAL
8660,KEY WEST,US,USA,24.55,-81.816667,S,CN,"NGA World Port Index (HDX mirror, 2017-03-28)",REAL
8665,BOCA GRANDE,US,USA,26.7,-82.333333,V,CN,"NGA World Port Index (HDX mirror, 2017-03-28)",REAL
8667,PORT MANATEE,US,USA,27.633333,-82.566667,S,CT,"NGA World Port Index (HDX mirror, 2017-03-28)",REAL
8670,TAMPA,US,USA,27.916667,-82.45,M,CN,"NGA World Port Index (HDX mirror, 2017-03-28)",REAL
8680,ST PETERSBURG,US,USA,27.766667,-82.616667,S,CN,"NGA World Port Index (HDX mirror, 2017-03-28)",REAL
8700,TARPON SPRINGS,US,USA,28.15,-82.766667,V,CN,"NGA World Port Index (HDX mirror, 2017-03-28)",REAL
8720,CARRABELLE,US,USA,29.85,-84.666667,V,RN,"NGA World Port Index (HDX mirror, 2017-03-28)",REAL
8730,APALACHICOLA,US,USA,29.716667,-84.983333,V,RN,"NGA World Port Index (HDX mirror, 2017-03-28)",REAL
8740,PORT ST JOE,US,USA,29.816667,-85.316667,S,CN,"NGA World Port Index (HDX mirror, 2017-03-28)",REAL
8750,PANAMA CITY,US,USA,30.133333,-85.65,S,CN,"NGA World Port Index (HDX mirror, 2017-03-28)",REAL
8760,PENSACOLA,US,USA,30.4,-87.216667,S,CN,"NGA World Port Index (HDX mirror, 2017-03-28)",REAL
8770,MOBILE,US,USA,30.683333,-88.116667,L,RN,"NGA World Port Index (HDX mirror, 2017-03-28)",REAL
8780,PASCAGOULA,US,USA,30.35,-88.566667,S,RN,"NGA World Port Index (HDX mirror, 2017-03-28)",REAL
8790,BILOXI,US,USA,30.383333,-88.883333,V,CN,"NGA World Port Index (HDX mirror, 2017-03-28)",REAL
8800,GULFPORT,US,USA,30.35,-89.083333,S,CN,"NGA World Port Index (HDX mirror, 2017-03-28)",REAL
8810,SLIDELL,US,USA,30.266667,-89.783333,V,LC,"NGA World Port Index (HDX mirror, 2017-03-28)",REAL
8820,MADISONVILLE,US,USA,30.4,-90.15,V,RN,"NGA World Port Index (HDX mirror, 2017-03-28)",REAL
14940,CONCHAN OIL TERMINAL,PE,,-12.166667,-77.0,V,OR,"NGA World Port Index (HDX mirror, 2017-03-28)",REAL
14955,LA PAMPILLA OIL TERMINAL,PE,,-11.933333,-77.133333,V,OR,"NGA World Port Index (HDX mirror, 2017-03-28)",REAL
48267,ZIRKUH OIL FIELD,AE,ARE,24.866667,53.05,S,OR,"NGA World Port Index (HDX mirror, 2017-03-28)",REAL
48152,SALIF,YE,,15.3,42.666667,V,CB,"NGA World Port Index (HDX mirror, 2017-03-28)",REAL
56270,BARBERS POINT TERMINAL,US,USA,21.266667,-158.1,V,OR,"NGA World Port Index (HDX mirror, 2017-03-28)",REAL
45809,LAAYOUNE,EH,,27.083333,-13.433333,V,CN,"NGA World Port Index (HDX mirror, 2017-03-28)",REAL
31375,ISLE OF GRAIN,GB,GBR,51.433333,0.7,S,CN,"NGA World Port Index (HDX mirror, 2017-03-28)",REAL
31560,FELIXSTOWE,GB,GBR,51.95,1.316667,V,RN,"NGA World Port Index (HDX mirror, 2017-03-28)",REAL
75,STRAUMSVIK,IS,ISL,64.05,-22.05,V,CN,"NGA World Port Index (HDX mirror, 2017-03-28)",REAL
185,BOLUNGAVIK,IS,ISL,66.166667,-23.233333,V,CB,"NGA World Port Index (HDX mirror, 2017-03-28)",REAL
280,DALVIK,IS,ISL,65.983333,-18.516667,V,CB,"NGA World Port Index (HDX mirror, 2017-03-28)",REAL
33145,KILKEEL,GB,GBR,54.05,-5.983333,V,CN,"NGA World Port Index (HDX mirror, 2017-03-28)",REAL
542,QUTDLEQ,GL,,61.516667,-42.216667,V,CN,"NGA World Port Index (HDX mirror, 2017-03-28)",REAL
543,KUSANARTOQ,GL,,61.766667,-42.216667,S,CN,"NGA World Port Index (HDX mirror, 2017-03-28)",REAL
34650,LIVERPOOL BAY TERMINAL,GB,GBR,53.533333,-3.55,V,OR,"NGA World Port Index (HDX mirror, 2017-03-28)",REAL
35700,FOLKESTONE HARBOUR,GB,GBR,51.083333,1.2,S,CB,"NGA World Port Index (HDX mirror, 2017-03-28)",REAL
42120,LAVRIO,GR,GRC,37.7,24.066667,V,CB,"NGA World Port Index (HDX mirror, 2017-03-28)",REAL
43925,RENI,UA,,45.433333,28.3,V,RN,"NGA World Port Index (HDX mirror, 2017-03-28)",REAL
44345,SUPSA MARINE TERMINAL,GE,,42.1,41.716667,V,OR,"NGA World Port Index (HDX mirror, 2017-03-28)",REAL
38083,LAJES,PT,PRT,38.4,-28.266667,V,CB,"NGA World Port Index (HDX mirror, 2017-03-28)",REAL
48635,NAVLAKHI,IN,IND,22.95,70.45,V,OR,"NGA World Port Index (HDX mirror, 2017-03-28)",REAL
49685,YETAGUN MARINE TERMINAL,MM,,13.05,96.85,V,OR,"NGA World Port Index (HDX mirror, 2017-03-28)",REAL
38090,ANGRA DO HEROISMO,PT,PRT,38.65,-27.216667,V,CN,"NGA World Port Index (HDX mirror, 2017-03-28)",REAL
38095,PRAIA DE VITORIA,PT,PRT,38.716667,-27.05,V,CN,"NGA World Port Index (HDX mirror, 2017-03-28)",REAL
38100,PONTA DELGADA,PT,PRT,37.733333,-25.666667,S,CB,"NGA World Port Index (HDX mirror, 2017-03-28)",REAL
38110,VILA DO PORTO,PT,PRT,36.933333,-25.15,V,CN,"NGA World Port Index (HDX mirror, 2017-03-28)",REAL
49845,SAPANGAR BAY,MY,,6.083333,116.116667,S,CN,"NGA World Port Index (HDX mirror, 2017-03-28)",REAL
49875,MALONG MARINE TERMINAL,MY,,4.633333,104.816667,V,OR,"NGA World Port Index (HDX mirror, 2017-03-28)",REAL
50300,SUNGAIGERONG,ID,,-2.983333,104.833333,V,RN,"NGA World Port Index (HDX mirror, 2017-03-28)",REAL
50652,BLANGLANCANG,ID,,5.233333,97.1,S,TH,"NGA World Port Index (HDX mirror, 2017-03-28)",REAL
50971,POLENG OIL FIELD,ID,,-6.65,112.916667,V,OR,"NGA World Port Index (HDX mirror, 2017-03-28)",REAL
50441,PULAU BAAI,ID,,-3.916667,102.283333,V,OR,"NGA World Port Index (HDX mirror, 2017-03-28)",REAL
50231,RAMBA,ID,,-2.616667,104.133333,V,OR,"NGA World Port Index (HDX mirror, 2017-03-28)",REAL
2200,PORT DE BECANCOUR,CA,CAN,46.4,-72.383333,V,RN,"NGA World Port Index (HDX mirror, 2017-03-28)",REAL
51646,KUALA BELAIT,BN,,4.633333,114.2,V,CN,"NGA World Port Index (HDX mirror, 2017-03-28)",REAL
49962,PELABUHAN SUNGAI UDANG,MY,,2.25,102.133333,V,OR,"NGA World Port Index (HDX mirror, 2017-03-28)",REAL
13920,COMODORO RIVADAVIA,AR,,-45.866667,-67.466667,V,CB,"NGA World Port Index (HDX mirror, 2017-03-28)",REAL
13930,PUERTO DESEADO,AR,,-47.75,-65.9,V,RN,"NGA World Port Index (HDX mirror, 2017-03-28)",REAL
13970,RIO GRANDE,AR,,-53.783333,-67.683333,V,RN,"NGA World Port Index (HDX mirror, 2017-03-28)",REAL
14000,STANLEY,FK,,-51.7,-57.833333,M,CN,"NGA World Port Index (HDX mirror, 2017-03-28)",REAL
14060,GRYTVIKEN,GS,,-54.266667,-36.5,V,CN,"NGA World Port Index (HDX mirror, 2017-03-28)",REAL
14080,PUNTA DELGADA,CL,,-52.466667,-69.55,V,OR,"NGA World Port Index (HDX mirror, 2017-03-28)",REAL
14100,RADA PUNTA ARENAS,CL,,-53.166667,-70.9,S,OR,"NGA World Port Index (HDX mirror, 2017-03-28)",REAL
14110,BAHIA AGUA FRESCA,CL,,-53.383333,-70.966667,V,CN,"NGA World Port Index (HDX mirror, 2017-03-28)",REAL
14150,PUERTO YARTOU,CL,,-53.883333,-70.15,V,CN,"NGA World Port Index (HDX mirror, 2017-03-28)",REAL
56350,ENITWETAK ISLAND,MH,,11.333333,162.333333,V,OR,"NGA World Port Index (HDX mirror, 2017-03-28)",REAL
56370,KWAJALEIN,MH,,8.716667,167.733333,V,OR,"NGA World Port Index (HDX mirror, 2017-03-28)",REAL
56590,POHNPEI HARBOR,FM,,6.983333,158.2,S,CN,"NGA World Port Index (HDX mirror, 2017-03-28)",REAL
56600,MOEN,FM,,7.433333,151.833333,V,OR,"NGA World Port Index (HDX mirror, 2017-03-28)",REAL
56760,KAVIENG HARBOR,PG,,-2.583333,150.8,S,CN,"NGA World Port Index (HDX mirror, 2017-03-28)",REAL
56810,RABAUL,PG,,-4.2,152.183333,S,CN,"NGA World Port Index (HDX mirror, 2017-03-28)",REAL
57005,RINGGI COVE,SB,,-8.116667,157.1,S,CN,"NGA World Port Index (HDX mirror, 2017-03-28)",REAL
57320,NOUMEA,NC,,-22.283333,166.433333,S,CN,"NGA World Port Index (HDX mirror, 2017-03-28)",REAL
57325,BAIE UGUE,NC,,-21.15,165.55,V,OR,"NGA World Port Index (HDX mirror, 2017-03-28)",REAL
46454,M'BYA OIL TERMINAL,GA,,-3.883333,10.933333,V,OR,"NGA World Port Index (HDX mirror, 2017-03-28)",REAL
46570,PORTO AMBOIM,AO,,-10.733333,13.75,V,OR,"NGA World Port Index (HDX mirror, 2017-03-28)",REAL
46580,SUMBE,AO,,-11.2,13.833333,V,OR,"NGA World Port Index (HDX mirror, 2017-03-28)",REAL
46690,JAMESTOWN,SH,,-15.916667,-5.716667,V,OR,"NGA World Port Index (HDX mirror, 2017-03-28)",REAL
46710,EDINBURGH OF THE SEVEN SEAS,SH,,-37.05,-12.3,V,OR,"NGA World Port Index (HDX mirror, 2017-03-28)",REAL
49830,PELABUHAN BASS,MY,,6.316667,99.833333,V,CN,"NGA World Port Index (HDX mirror, 2017-03-28)",REAL
49850,PULAU PINANG,MY,,5.416667,100.35,M,CN,"NGA World Port Index (HDX mirror, 2017-03-28)",REAL
49995,SERANGOON HARBOR,SG,SGP,1.4,103.95,V,CN,"NGA World Port Index (HDX mirror, 2017-03-28)",REAL
19930,DRY SPRUCE BAY,US,USA,57.933333,-153.033333,V,CN,"NGA World Port Index (HDX mirror, 2017-03-28)",REAL
19950,PORT VITA,US,USA,58.066667,-153.066667,V,CN,"NGA World Port Index (HDX mirror, 2017-03-28)",REAL
19970,BEAR ISLAND,US,USA,58.45,-152.683333,V,CN,"NGA World Port Index (HDX mirror, 2017-03-28)",REAL
19980,HOGG ISLAND,US,USA,58.466667,-152.683333,V,CN,"NGA World Port Index (HDX mirror, 2017-03-28)",REAL
19990,PORT WILLIAM,US,USA,58.483333,-152.583333,V,CN,"NGA World Port Index (HDX mirror, 2017-03-28)",REAL
20000,KANATAK,US,USA,57.566667,-156.033333,V,OR,"NGA World Port Index (HDX mirror, 2017-03-28)",REAL
20010,CHIGNIK,US,USA,56.3,-158.4,V,CN,"NGA World Port Index (HDX mirror, 2017-03-28)",REAL
20020,IVANOF BAY,US,USA,55.8,-159.466667,V,CN,"NGA World Port Index (HDX mirror, 2017-03-28)",REAL
20040,SAND POINT,US,USA,55.333333,-160.533333,V,CN,"NGA World Port Index (HDX mirror, 2017-03-28)",REAL
20050,BARALOF BAY,US,USA,55.233333,-160.533333,V,CN,"NGA World Port Index (HDX mirror, 2017-03-28)",REAL
20070,BELKOFSKI,US,USA,55.083333,-162.033333,V,OR,"NGA World Port Index (HDX mirror, 2017-03-28)",REAL
20080,KING COVE,US,USA,55.05,-162.316667,V,CN,"NGA World Port Index (HDX mirror, 2017-03-28)",REAL
20085,COLD BAY,US,USA,55.2,-162.7,V,CN,"NGA World Port Index (HDX mirror, 2017-03-28)",REAL
20090,SANAK,US,USA,54.483333,-162.816667,V,OR,"NGA World Port Index (HDX mirror, 2017-03-28)",REAL
20100,CANNERY BAY,US,USA,53.7,-166.75,V,CN,"NGA World Port Index (HDX mirror, 2017-03-28)",REAL
20110,MAKUSHIN,US,USA,53.766667,-166.983333,V,OR,"NGA World Port Index (HDX mirror, 2017-03-28)",REAL
20120,DUTCH HARBOR,US,USA,53.9,-166.533333,S,CN,"NGA World Port Index (HDX mirror, 2017-03-28)",REAL
20130,UNALASKA,US,USA,53.866667,-166.533333,V,CN,"NGA World Port Index (HDX mirror, 2017-03-28)",REAL
20135,PALISADES POINT,US,USA,52.233333,-174.166667,V,CN,"NGA World Port Index (HDX mirror, 2017-03-28)",REAL
20150,CONSTANTINE HARBOR,US,USA,51.4,179.3,V,CN,"NGA World Port Index (HDX mirror, 2017-03-28)",REAL
20160,KISKA,US,USA,51.966667,177.55,V,CN,"NGA World Port Index (HDX mirror, 2017-03-28)",REAL
20170,ALCAN HARBOR,US,USA,52.733333,174.066667,V,CN,"NGA World Port Index (HDX mirror, 2017-03-28)",REAL
19680,WHITTIER,US,USA,60.833333,-148.666667,V,CN,"NGA World Port Index (HDX mirror, 2017-03-28)",REAL
19710,CRAB BAY,US,USA,60.066667,-148.0,V,CN,"NGA World Port Index (HDX mirror, 2017-03-28)",REAL
19730,PORT ASHTON,US,USA,60.066667,-148.05,V,CN,"NGA World Port Index (HDX mirror, 2017-03-28)",REAL
20175,SKOOT COVE,US,USA,52.716667,174.066667,V,CN,"NGA World Port Index (HDX mirror, 2017-03-28)",REAL
19130,KETCHIKAN,US,USA,55.333333,-131.65,S,CN,"NGA World Port Index (HDX mirror, 2017-03-28)",REAL
19140,WARD COVE,US,USA,55.4,-131.733333,V,CN,"NGA World Port Index (HDX mirror, 2017-03-28)",REAL
19160,KNUDSON COVE,US,USA,55.466667,-131.8,V,OR,"NGA World Port Index (HDX mirror, 2017-03-28)",REAL
19170,LORING,US,USA,55.6,-131.633333,V,CN,"NGA World Port Index (HDX mirror, 2017-03-28)",REAL
19180,YES BAY,US,USA,55.916667,-131.8,V,CN,"NGA World Port Index (HDX mirror, 2017-03-28)",REAL
19190,UNION BAY,US,USA,55.766667,-132.216667,V,CN,"NGA World Port Index (HDX mirror, 2017-03-28)",REAL
19200,BURNETT INLET,US,USA,56.066667,-132.466667,V,CN,"NGA World Port Index (HDX mirror, 2017-03-28)",REAL
19210,WRANGELL,US,USA,56.466667,-132.383333,S,CN,"NGA World Port Index (HDX mirror, 2017-03-28)",REAL
19220,KASAAN,US,USA,55.533333,-132.4,V,CN,"NGA World Port Index (HDX mirror, 2017-03-28)",REAL
19230,ROSE INLET,US,USA,54.95,-132.966667,V,CN,"NGA World Port Index (HDX mirror, 2017-03-28)",REAL
19240,HYDABURG,US,USA,55.2,-132.833333,V,CN,"NGA World Port Index (HDX mirror, 2017-03-28)",REAL
19250,WATERFALL,US,USA,55.3,-133.233333,V,OR,"NGA World Port Index (HDX mirror, 2017-03-28)",REAL
19260,CRAIG,US,USA,55.466667,-133.15,V,CN,"NGA World Port Index (HDX mirror, 2017-03-28)",REAL
19270,KLAWOCK,US,USA,55.55,-133.1,V,CN,"NGA World Port Index (HDX mirror, 2017-03-28)",REAL
19280,STEAMBOAT BAY,US,USA,55.533333,-133.633333,V,CN,"NGA World Port Index (HDX mirror, 2017-03-28)",REAL
19290,FISHERMANS HARBOR,US,USA,55.966667,-133.8,V,CN,"NGA World Port Index (HDX mirror, 2017-03-28)",REAL
19300,PETERSBURG,US,USA,56.816667,-132.95,S,CN,"NGA World Port Index (HDX mirror, 2017-03-28)",REAL
19310,KAKE,US,USA,56.966667,-133.933333,V,OR,"NGA World Port Index (HDX mirror, 2017-03-28)",REAL
19320,WASHINGTON BAY,US,USA,56.733333,-134.35,V,CN,"NGA World Port Index (HDX mirror, 2017-03-28)",REAL
19330,BAY OF PILLARS,US,USA,56.6,-134.233333,V,CN,"NGA World Port Index (HDX mirror, 2017-03-28)",REAL
19370,BIG PORT WALTER,US,USA,56.383333,-134.733333,V,CN,"NGA World Port Index (HDX mirror, 2017-03-28)",REAL
19375,LITTLE PORT WALTER,US,USA,56.383333,-134.633333,V,CN,"NGA World Port Index (HDX mirror, 2017-03-28)",REAL
19380,PORT ARMSTRONG,US,USA,56.3,-134.666667,V,CN,"NGA World Port Index (HDX mirror, 2017-03-28)",REAL
19390,PORT CONCLUSION,US,USA,56.25,-134.683333,V,CN,"NGA World Port Index (HDX mirror, 2017-03-28)",REAL
19400,PORT ALEXANDER,US,USA,56.25,-134.65,V,CN,"NGA World Port Index (HDX mirror, 2017-03-28)",REAL
19410,SITKA,US,USA,57.05,-135.333333,S,CN,"NGA World Port Index (HDX mirror, 2017-03-28)",REAL
19430,KIMSHAN COVE,US,USA,57.683333,-136.116667,V,CN,"NGA World Port Index (HDX mirror, 2017-03-28)",REAL
19440,PELICAN,US,USA,57.966667,-136.233333,V,CN,"NGA World Port Index (HDX mirror, 2017-03-28)",REAL
8830,PORT SULPHUR,US,USA,29.483333,-89.683333,V,RN,"NGA World Port Index (HDX mirror, 2017-03-28)",REAL
8850,GRETNA,US,USA,29.916667,-90.066667,V,RN,"NGA World Port Index (HDX mirror, 2017-03-28)",REAL
8860,NEW ORLEANS,US,USA,29.95,-90.05,L,RN,"NGA World Port Index (HDX mirror, 2017-03-28)",REAL
8870,PORT OF MEMPHIS,US,USA,35.066667,-90.166667,S,RN,"NGA World Port Index (HDX mirror, 2017-03-28)",REAL
8920,ST ROSE,US,USA,29.95,-90.316667,V,RN,"NGA World Port Index (HDX mirror, 2017-03-28)",REAL
8930,RESERVE,US,USA,30.05,-90.55,V,RN,"NGA World Port Index (HDX mirror, 2017-03-28)",REAL
8940,DESTREHAN,US,USA,29.95,-90.366667,V,RN,"NGA World Port Index (HDX mirror, 2017-03-28)",REAL
8970,BATON ROUGE,US,USA,30.45,-91.183333,S,RN,"NGA World Port Index (HDX mirror, 2017-03-28)",REAL
8980,LOOP TERMINAL,US,USA,28.883333,-90.016667,L,OR,"NGA World Port Index (HDX mirror, 2017-03-28)",REAL
8990,GRAND ISLE,US,USA,29.233333,-90.0,V,CN,"NGA World Port Index (HDX mirror, 2017-03-28)",REAL
9000,MORGAN CITY,US,USA,29.7,-91.216667,V,RN,"NGA World Port Index (HDX mirror, 2017-03-28)",REAL
9030,HAYMARK TERMINAL,US,USA,30.133333,-93.316667,V,RN,"NGA World Port Index (HDX mirror, 2017-03-28)",REAL
9040,LAKE CHARLES,US,USA,30.216667,-93.25,S,RN,"NGA World Port Index (HDX mirror, 2017-03-28)",REAL
9050,SABINE,US,USA,29.716667,-93.866667,V,CN,"NGA World Port Index (HDX mirror, 2017-03-28)",REAL
9060,SABINE PASS,US,USA,29.733333,-93.9,V,CN,"NGA World Port Index (HDX mirror, 2017-03-28)",REAL
9070,ORANGE,US,USA,30.083333,-93.733333,V,RN,"NGA World Port Index (HDX mirror, 2017-03-28)",REAL
9080,PORT ARTHUR,US,USA,29.833333,-93.966667,M,LC,"NGA World Port Index (HDX mirror, 2017-03-28)",REAL
8550,BRUNSWICK,US,USA,31.15,-81.5,S,RN,"NGA World Port Index (HDX mirror, 2017-03-28)",REAL
8560,FERNANDINA BEACH,US,USA,30.683333,-81.466667,S,RN,"NGA World Port Index (HDX mirror, 2017-03-28)",REAL
8570,MAYPORT,US,USA,30.4,-81.433333,V,RN,"NGA World Port Index (HDX mirror, 2017-03-28)",REAL
8115,PAULSBORO,US,USA,39.85,-75.25,V,RN,"NGA World Port Index (HDX mirror, 2017-03-28)",REAL
8120,GLOUCESTER,US,USA,39.9,-75.133333,S,RN,"NGA World Port Index (HDX mirror, 2017-03-28)",REAL
8130,CAMDEN,US,USA,39.95,-75.133333,M,RN,"NGA World Port Index (HDX mirror, 2017-03-28)",REAL
8140,BURLINGTON,US,USA,40.083333,-74.866667,V,RN,"NGA World Port Index (HDX mirror, 2017-03-28)",REAL
8150,BRISTOL,US,USA,40.1,-74.85,V,RN,"NGA World Port Index (HDX mirror, 2017-03-28)",REAL
8160,TRENTON,US,USA,40.2,-74.766667,V,RN,"NGA World Port Index (HDX mirror, 2017-03-28)",REAL
8170,OCEAN CITY,US,USA,38.333333,-75.083333,V,CN,"NGA World Port Index (HDX mirror, 2017-03-28)",REAL
8180,CAPE CHARLES,US,USA,37.266667,-76.016667,V,CN,"NGA World Port Index (HDX mirror, 2017-03-28)",REAL
8190,SALISBURY,US,USA,38.366667,-75.6,V,RN,"NGA World Port Index (HDX mirror, 2017-03-28)",REAL
8200,HAVRE DE GRACE,US,USA,39.533333,-76.083333,V,RN,"NGA World Port Index (HDX mirror, 2017-03-28)",REAL
8210,BALTIMORE,US,USA,39.266667,-76.583333,L,RN,"NGA World Port Index (HDX mirror, 2017-03-28)",REAL
8225,ANNAPOLIS,US,USA,38.983333,-76.483333,V,RN,"NGA World Port Index (HDX mirror, 2017-03-28)",REAL
8227,SOLOMONS ISLAND,US,USA,38.316667,-76.45,V,RN,"NGA World Port Index (HDX mirror, 2017-03-28)",REAL
8230,WASHINGTON D.C.,US,USA,38.866667,-77.033333,S,RN,"NGA World Port Index (HDX mirror, 2017-03-28)",REAL
8240,ALEXANDRIA,US,USA,38.8,-77.033333,S,RN,"NGA World Port Index (HDX mirror, 2017-03-28)",REAL
8245,PINEY POINT,US,USA,38.133333,-76.533333,V,RN,"NGA World Port Index (HDX mirror, 2017-03-28)",REAL
8250,YORKTOWN,US,USA,37.233333,-76.5,V,RN,"NGA World Port Index (HDX mirror, 2017-03-28)",REAL
8260,WEST POINT,US,USA,37.533333,-76.8,V,RN,"NGA World Port Index (HDX mirror, 2017-03-28)",REAL
8270,FREDERICKSBURG,US,USA,38.3,-77.45,V,RN,"NGA World Port Index (HDX mirror, 2017-03-28)",REAL
8280,NORFOLK,US,USA,36.85,-76.3,L,RN,"NGA World Port Index (HDX mirror, 2017-03-28)",REAL
8290,PORTSMOUTH,US,USA,36.816667,-76.3,S,RN,"NGA World Port Index (HDX mirror, 2017-03-28)",REAL
8300,NEWPORT NEWS,US,USA,36.966667,-76.433333,M,CN,"NGA World Port Index (HDX mirror, 2017-03-28)",REAL
8318,WARWICK,US,USA,37.45,-77.416667,S,RN,"NGA World Port Index (HDX mirror, 2017-03-28)",REAL
8320,RICHMOND,US,USA,37.533333,-77.416667,V,RN,"NGA World Port Index (HDX mirror, 2017-03-28)",REAL
8325,ELIZABETH CITY,US,USA,36.3,-76.216667,V,RN,"NGA World Port Index (HDX mirror, 2017-03-28)",REAL
49982,JOHOR,MY,,1.433333,103.9,L,RN,"NGA World Port Index (HDX mirror, 2017-03-28)",REAL
51855,NORTH PULAU LAUT COAL TERMINAL,ID,,-3.2,116.283333,V,OR,"NGA World Port Index (HDX mirror, 2017-03-28)",REAL
51865,TANAH MERAH,ID,,-1.816667,116.166667,V,CN,"NGA World Port Index (HDX mirror, 2017-03-28)",REAL
51803,TANJUNG SANGATA,ID,,0.366667,117.566667,V,OR,"NGA World Port Index (HDX mirror, 2017-03-28)",REAL
50516,TANJUNG BALAI KARIMUN,ID,,0.983333,103.433333,V,CN,"NGA World Port Index (HDX mirror, 2017-03-28)",REAL
50518,KUALA TANJUNG,ID,,3.366667,99.483333,V,OR,"NGA World Port Index (HDX mirror, 2017-03-28)",REAL
50055,SEKUPANG,ID,,1.133333,103.916667,V,OR,"NGA World Port Index (HDX mirror, 2017-03-28)",REAL
50932,TANJUNG GEREM,ID,,-5.966667,105.983333,V,OR,"NGA World Port Index (HDX mirror, 2017-03-28)",REAL
61875,EASTERN PART OF NIIGATA-KO,JP,JPN,38.016667,139.233333,S,CB,"NGA World Port Index (HDX mirror, 2017-03-28)",REAL
61379,FUNABASHI,JP,JPN,35.666667,139.95,V,CB,"NGA World Port Index (HDX mirror, 2017-03-28)",REAL
61353,SOMA,JP,JPN,37.833333,140.95,V,CB,"NGA World Port Index (HDX mirror, 2017-03-28)",REAL
61695,HIKARI,JP,JPN,33.95,131.933333,S,CN,"NGA World Port Index (HDX mirror, 2017-03-28)",REAL
61862,HIMEKAWA,JP,JPN,37.033333,137.85,V,CN,"NGA World Port Index (HDX mirror, 2017-03-28)",REAL
61564,HIROHATA,JP,JPN,34.766667,134.633333,V,CB,"NGA World Port Index (HDX mirror, 2017-03-28)",REAL
62118,HIBIKINADA,JP,JPN,33.933333,130.833333,V,CN,"NGA World Port Index (HDX mirror, 2017-03-28)",REAL
61932,MEGA,JP,JPN,34.783333,134.7,V,CB,"NGA World Port Index (HDX mirror, 2017-03-28)",REAL
61642,MITSUKOJIMA,JP,JPN,34.183333,132.516667,V,CN,"NGA World Port Index (HDX mirror, 2017-03-28)",REAL
62333,MATSU-SHIMA,JP,JPN,32.933333,129.6,V,OR,"NGA World Port Index (HDX mirror, 2017-03-28)",REAL
61664,NAMIKATA,JP,JPN,34.116667,132.9,V,OR,"NGA World Port Index (HDX mirror, 2017-03-28)",REAL
61277,NOSHIRO KO,JP,JPN,40.216667,140.0,V,CN,"NGA World Port Index (HDX mirror, 2017-03-28)",REAL
61760,SAKAIMINATO,JP,JPN,35.533333,133.233333,V,CN,"NGA World Port Index (HDX mirror, 2017-03-28)",REAL
61566,SHIKAMA,JP,JPN,34.766667,134.65,S,CB,"NGA World Port Index (HDX mirror, 2017-03-28)",REAL
62115,TOBATA,JP,JPN,33.916667,130.816667,V,CN,"NGA World Port Index (HDX mirror, 2017-03-28)",REAL
62113,YANAI,JP,JPN,33.95,132.133333,V,OR,"NGA World Port Index (HDX mirror, 2017-03-28)",REAL
62121,YAHATA,JP,JPN,33.866667,130.816667,S,RB,"NGA World Port Index (HDX mirror, 2017-03-28)",REAL
61541,YURA,JP,JPN,33.95,135.1,,,"NGA World Port Index (HDX mirror, 2017-03-28)",REAL
56945,QUEEN CAROLA HARBOR,PG,,-5.166667,154.55,V,CN,"NGA World Port Index (HDX mirror, 2017-03-28)",REAL
60385,CHINAE,KR,,35.133333,128.65,S,CN,"NGA World Port Index (HDX mirror, 2017-03-28)",REAL
53318,CAPE FLATTERY HARBOR,AU,AUS,-14.95,145.35,S,OR,"NGA World Port Index (HDX mirror, 2017-03-28)",REAL
45814,NOUAKCHOTT,MR,,18.033333,-16.033333,S,OR,"NGA World Port Index (HDX mirror, 2017-03-28)",REAL
56840,BIALLA,PG,,-5.3,150.983333,V,CN,"NGA World Port Index (HDX mirror, 2017-03-28)",REAL
48257,PORT OF SOHAR,OM,,24.516667,56.633333,S,CB,"NGA World Port Index (HDX mirror, 2017-03-28)",REAL
20060,UNGA,US,USA,55.183333,-160.5,V,OR,"NGA World Port Index (HDX mirror, 2017-03-28)",REAL
20097,AKUTAN HARBOR,US,USA,54.133333,-165.8,V,CN,"NGA World Port Index (HDX mirror, 2017-03-28)",REAL
20140,ADAK NAVAL AIR STATION,US,USA,51.866667,-176.633333,S,CB,"NGA World Port Index (HDX mirror, 2017-03-28)",REAL
19585,PORT CHILKOOT,US,USA,59.233333,-135.433333,V,CN,"NGA World Port Index (HDX mirror, 2017-03-28)",REAL
19639,ORCA,US,USA,60.583333,-145.716667,V,CN,"NGA World Port Index (HDX mirror, 2017-03-28)",REAL
48298,AL SHAHEEN TERMINAL,QA,,26.583333,52.0,V,OR,"NGA World Port Index (HDX mirror, 2017-03-28)",REAL
48300,AL RAYYAN TERMINAL,QA,,26.65,51.55,V,OR,"NGA World Port Index (HDX mirror, 2017-03-28)",REAL
50000,KEPPEL - (EAST SINGAPORE),SG,SGP,1.283333,103.85,L,CN,"NGA World Port Index (HDX mirror, 2017-03-28)",REAL
50017,JURONG ISLAND,SG,SGP,1.283333,103.733333,L,CN,"NGA World Port Index (HDX mirror, 2017-03-28)",REAL
35790,SAINT-VALERY-SUR-SOMME,FR,FRA,50.183333,1.616667,V,CB,"NGA World Port Index (HDX mirror, 2017-03-28)",REAL
35800,LE TREPORT,FR,FRA,50.066667,1.366667,V,RT,"NGA World Port Index (HDX mirror, 2017-03-28)",REAL
35810,DIEPPE,FR,FRA,49.933333,1.083333,S,LC,"NGA World Port Index (HDX mirror, 2017-03-28)",REAL
35835,PORT DU HAVRE-ANTIFER,FR,FRA,49.65,0.15,S,CB,"NGA World Port Index (HDX mirror, 2017-03-28)",REAL
35840,PORT OF LE HAVRE,FR,FRA,49.483333,0.116667,L,RT,"NGA World Port Index (HDX mirror, 2017-03-28)",REAL
57446,SATTAHIP,TH,,12.616667,100.916667,M,CB,"NGA World Port Index (HDX mirror, 2017-03-28)",REAL
10110,MATANZAS,CU,,23.05,-81.55,S,CN,"NGA World Port Index (HDX mirror, 2017-03-28)",REAL
35850,PORT OF ROUEN,FR,FRA,49.45,1.066667,L,RN,"NGA World Port Index (HDX mirror, 2017-03-28)",REAL
10160,PUERTO PADRE,CU,,21.283333,-76.533333,S,CN,"NGA World Port Index (HDX mirror, 2017-03-28)",REAL
10270,BAHIA DE SAGUA DE TANAMO,CU,,20.683333,-75.333333,L,OR,"NGA World Port Index (HDX mirror, 2017-03-28)",REAL
10320,PUERTO GUANTANAMO,CU,,19.983333,-75.133333,L,CN,"NGA World Port Index (HDX mirror, 2017-03-28)",REAL
35870,DEAUVILLE,FR,FRA,49.366667,0.083333,V,LC,"NGA World Port Index (HDX mirror, 2017-03-28)",REAL
35880,PORT DE CAEN,FR,FRA,49.183333,-0.35,S,LC,"NGA World Port Index (HDX mirror, 2017-03-28)",REAL
35885,OUISTREHAM,FR,FRA,49.283333,-0.25,V,LC,"NGA World Port Index (HDX mirror, 2017-03-28)",REAL
19450,ELFIN COVE,US,USA,58.2,-136.35,V,CN,"NGA World Port Index (HDX mirror, 2017-03-28)",REAL
19460,HOONAH,US,USA,58.116667,-135.45,V,CN,"NGA World Port Index (HDX mirror, 2017-03-28)",REAL
19470,TENAKEE SPRINGS,US,USA,57.783333,-135.2,V,CN,"NGA World Port Index (HDX mirror, 2017-03-28)",REAL
19480,CHATHAM,US,USA,57.516667,-134.933333,V,CN,"NGA World Port Index (HDX mirror, 2017-03-28)",REAL
19490,TODD,US,USA,57.466667,-135.05,V,CN,"NGA World Port Index (HDX mirror, 2017-03-28)",REAL
19510,HOOD BAY,US,USA,57.4,-134.5,V,CN,"NGA World Port Index (HDX mirror, 2017-03-28)",REAL
19520,HAWK INLET,US,USA,58.116667,-134.75,V,CN,"NGA World Port Index (HDX mirror, 2017-03-28)",REAL
19530,FUNTER,US,USA,58.25,-134.9,V,CN,"NGA World Port Index (HDX mirror, 2017-03-28)",REAL
19550,DUPONT,US,USA,58.233333,-134.266667,V,CN,"NGA World Port Index (HDX mirror, 2017-03-28)",REAL
19580,JUNEAU,US,USA,58.3,-134.416667,S,CN,"NGA World Port Index (HDX mirror, 2017-03-28)",REAL
19588,HAINES,US,USA,59.233333,-135.433333,V,CN,"NGA World Port Index (HDX mirror, 2017-03-28)",REAL
19589,TANANI POINT,US,USA,59.283333,-135.45,V,CN,"NGA World Port Index (HDX mirror, 2017-03-28)",REAL
19590,SKAGWAY,US,USA,59.45,-135.333333,V,CN,"NGA World Port Index (HDX mirror, 2017-03-28)",REAL
19600,LETNIKOF COVE,US,USA,59.183333,-135.4,V,CN,"NGA World Port Index (HDX mirror, 2017-03-28)",REAL
19610,EXCURSION INLET,US,USA,58.416667,-135.45,V,CN,"NGA World Port Index (HDX mirror, 2017-03-28)",REAL
19620,YAKUTAT,US,USA,59.55,-139.733333,V,CN,"NGA World Port Index (HDX mirror, 2017-03-28)",REAL
19630,KATALLA,US,USA,60.2,-144.533333,V,OR,"NGA World Port Index (HDX mirror, 2017-03-28)",REAL
19640,CORDOVA,US,USA,60.55,-145.766667,S,CN,"NGA World Port Index (HDX mirror, 2017-03-28)",REAL
19650,SHEPARD POINT,US,USA,60.633333,-145.666667,V,OR,"NGA World Port Index (HDX mirror, 2017-03-28)",REAL
19660,SWANPORT,US,USA,61.083333,-146.4,V,OR,"NGA World Port Index (HDX mirror, 2017-03-28)",REAL
19110,METLAKATLA,US,USA,55.133333,-131.566667,V,OR,"NGA World Port Index (HDX mirror, 2017-03-28)",REAL
19120,GEORGE INLET,US,USA,55.383333,-131.466667,V,CN,"NGA World Port Index (HDX mirror, 2017-03-28)",REAL
19670,VALDEZ,US,USA,61.116667,-146.25,V,CN,"NGA World Port Index (HDX mirror, 2017-03-28)",REAL
18665,BAMBERTON,CA,CAN,48.55,-123.516667,V,CN,"NGA World Port Index (HDX mirror, 2017-03-28)",REAL
18670,VICTORIA HARBOR,CA,CAN,48.433333,-123.383333,M,CB,"NGA World Port Index (HDX mirror, 2017-03-28)",REAL
18680,ESQUIMALT HARBOR,CA,CAN,48.433333,-123.433333,S,CN,"NGA World Port Index (HDX mirror, 2017-03-28)",REAL
18705,PORT SAN JUAN,CA,CAN,48.55,-124.433333,V,CN,"NGA World Port Index (HDX mirror, 2017-03-28)",REAL
18730,PORT ALBERNI,CA,CAN,49.233333,-124.816667,S,RN,"NGA World Port Index (HDX mirror, 2017-03-28)",REAL
18760,UCLUELET,CA,CAN,48.95,-125.55,V,CN,"NGA World Port Index (HDX mirror, 2017-03-28)",REAL
18780,CLAYOQUOT,CA,CAN,49.15,-125.916667,V,CN,"NGA World Port Index (HDX mirror, 2017-03-28)",REAL
18790,AHOUSAT,CA,CAN,49.283333,-126.066667,V,CN,"NGA World Port Index (HDX mirror, 2017-03-28)",REAL
18805,TAHSIS,CA,CAN,49.916667,-126.666667,V,CN,"NGA World Port Index (HDX mirror, 2017-03-28)",REAL
18818,BERGH COVE,CA,CAN,50.533333,-127.616667,V,CN,"NGA World Port Index (HDX mirror, 2017-03-28)",REAL
18820,PORT ALICE,CA,CAN,50.383333,-127.45,S,CN,"NGA World Port Index (HDX mirror, 2017-03-28)",REAL
18835,COAL HARBOR,CA,CAN,50.6,-127.583333,V,CN,"NGA World Port Index (HDX mirror, 2017-03-28)",REAL
18840,PORT HARDY,CA,CAN,50.716667,-127.483333,V,CN,"NGA World Port Index (HDX mirror, 2017-03-28)",REAL
18850,SOINTULA,CA,CAN,50.633333,-127.016667,V,CN,"NGA World Port Index (HDX mirror, 2017-03-28)",REAL
18860,ALERT BAY,CA,CAN,50.583333,-126.933333,V,CN,"NGA World Port Index (HDX mirror, 2017-03-28)",REAL
18872,PORT MCNEILL,CA,CAN,50.583333,-127.083333,V,CN,"NGA World Port Index (HDX mirror, 2017-03-28)",REAL
18890,BELLA COOLA,CA,CAN,52.366667,-126.8,V,CN,"NGA World Port Index (HDX mirror, 2017-03-28)",REAL
18915,BELLA BELLA,CA,CAN,52.166667,-128.15,V,CN,"NGA World Port Index (HDX mirror, 2017-03-28)",REAL
18916,KLEMTU,CA,CAN,52.6,-128.516667,V,CN,"NGA World Port Index (HDX mirror, 2017-03-28)",REAL
18920,BUTEDALE,CA,CAN,53.166667,-128.683333,V,CN,"NGA World Port Index (HDX mirror, 2017-03-28)",REAL
18923,KEMANO BAY,CA,CAN,53.483333,-128.133333,V,RB,"NGA World Port Index (HDX mirror, 2017-03-28)",REAL
18925,KITIMAT,CA,CAN,54.0,-128.683333,S,CN,"NGA World Port Index (HDX mirror, 2017-03-28)",REAL
18942,PORPOISE HARBOR,CA,CAN,54.216667,-130.283333,V,CN,"NGA World Port Index (HDX mirror, 2017-03-28)",REAL
18950,PRINCE RUPERT,CA,CAN,54.316667,-130.333333,M,CN,"NGA World Port Index (HDX mirror, 2017-03-28)",REAL
18960,PORT SIMPSON,CA,CAN,54.566667,-130.433333,V,CN,"NGA World Port Index (HDX mirror, 2017-03-28)",REAL
18980,STEWART,CA,CAN,55.933333,-130.0,V,CN,"NGA World Port Index (HDX mirror, 2017-03-28)",REAL
8330,HERTFORD,US,USA,36.183333,-76.466667,V,RN,"NGA World Port Index (HDX mirror, 2017-03-28)",REAL
8340,EDENTON,US,USA,36.05,-76.616667,V,CN,"NGA World Port Index (HDX mirror, 2017-03-28)",REAL
8350,PLYMOUTH,US,USA,35.866667,-76.75,V,RN,"NGA World Port Index (HDX mirror, 2017-03-28)",REAL
8370,COLUMBIA,US,USA,35.916667,-76.25,V,RN,"NGA World Port Index (HDX mirror, 2017-03-28)",REAL
8380,BELHAVEN,US,USA,35.616667,-76.616667,V,RN,"NGA World Port Index (HDX mirror, 2017-03-28)",REAL
8390,WASHINGTON,US,USA,35.55,-77.05,V,RN,"NGA World Port Index (HDX mirror, 2017-03-28)",REAL
8400,BAYBORO,US,USA,35.15,-76.766667,V,RN,"NGA World Port Index (HDX mirror, 2017-03-28)",REAL
8410,NEW BERN,US,USA,35.1,-77.05,V,RB,"NGA World Port Index (HDX mirror, 2017-03-28)",REAL
8420,BEAUFORT,US,USA,34.716667,-76.666667,V,CN,"NGA World Port Index (HDX mirror, 2017-03-28)",REAL
8430,MOREHEAD CITY,US,USA,34.716667,-76.7,V,CN,"NGA World Port Index (HDX mirror, 2017-03-28)",REAL
8440,SWANSBORO,US,USA,34.683333,-77.133333,V,CN,"NGA World Port Index (HDX mirror, 2017-03-28)",REAL
8460,WRIGHTSVILLE,US,USA,34.216667,-77.816667,S,CN,"NGA World Port Index (HDX mirror, 2017-03-28)",REAL
8470,WILMINGTON,US,USA,34.233333,-77.95,M,RN,"NGA World Port Index (HDX mirror, 2017-03-28)",REAL
8480,SOUTHPORT,US,USA,33.916667,-78.016667,V,RN,"NGA World Port Index (HDX mirror, 2017-03-28)",REAL
8490,GEORGETOWN,US,USA,33.366667,-79.283333,V,RN,"NGA World Port Index (HDX mirror, 2017-03-28)",REAL
8500,CHARLESTON,US,USA,32.783333,-79.916667,S,RN,"NGA World Port Index (HDX mirror, 2017-03-28)",REAL
8510,PORT ROYAL,US,USA,32.366667,-80.683333,V,RN,"NGA World Port Index (HDX mirror, 2017-03-28)",REAL
8520,BEAUFORT,US,USA,32.433333,-80.666667,V,RN,"NGA World Port Index (HDX mirror, 2017-03-28)",REAL
8530,SAVANNAH,US,USA,32.083333,-81.083333,M,RN,"NGA World Port Index (HDX mirror, 2017-03-28)",REAL
8540,DARIEN,US,USA,31.366667,-81.433333,V,RN,"NGA World Port Index (HDX mirror, 2017-03-28)",REAL
8110,PHILADELPHIA,US,USA,39.95,-75.133333,L,RN,"NGA World Port Index (HDX mirror, 2017-03-28)",REAL
7630,BROOKLYN,US,USA,40.666667,-74.016667,L,RN,"NGA World Port Index (HDX mirror, 2017-03-28)",REAL
7640,NEW YORK CITY,US,USA,40.7,-74.016667,L,RN,"NGA World Port Index (HDX mirror, 2017-03-28)",REAL
7641,PATCHOGUE,US,USA,40.75,-73.016667,V,RN,"NGA World Port Index (HDX mirror, 2017-03-28)",REAL
7650,YONKERS,US,USA,40.933333,-73.9,S,RN,"NGA World Port Index (HDX mirror, 2017-03-28)",REAL
7660,NEWBURGH,US,USA,41.5,-74.0,V,RN,"NGA World Port Index (HDX mirror, 2017-03-28)",REAL
7670,POUGHKEEPSIE,US,USA,41.7,-73.95,V,RN,"NGA World Port Index (HDX mirror, 2017-03-28)",REAL
7680,KINGSTON,US,USA,41.933333,-73.966667,S,RN,"NGA World Port Index (HDX mirror, 2017-03-28)",REAL
7690,CATSKILL,US,USA,42.216667,-73.85,V,RN,"NGA World Port Index (HDX mirror, 2017-03-28)",REAL
7720,ALBANY,US,USA,42.65,-73.75,M,RN,"NGA World Port Index (HDX mirror, 2017-03-28)",REAL
7730,RENSSELAER,US,USA,42.65,-73.75,V,RN,"NGA World Port Index (HDX mirror, 2017-03-28)",REAL
7740,TROY,US,USA,42.733333,-73.7,V,RN,"NGA World Port Index (HDX mirror, 2017-03-28)",REAL
7750,EDGEWATER,US,USA,40.816667,-73.983333,V,RN,"NGA World Port Index (HDX mirror, 2017-03-28)",REAL
7760,WEEHAWKEN,US,USA,40.766667,-74.016667,S,RN,"NGA World Port Index (HDX mirror, 2017-03-28)",REAL
7770,HOBOKEN,US,USA,40.75,-74.016667,M,RN,"NGA World Port Index (HDX mirror, 2017-03-28)",REAL
7780,JERSEY CITY,US,USA,40.716667,-74.033333,M,RN,"NGA World Port Index (HDX mirror, 2017-03-28)",REAL
7790,BAYONNE,US,USA,40.683333,-74.1,M,RN,"NGA World Port Index (HDX mirror, 2017-03-28)",REAL
7810,NEWARK,US,USA,40.7,-74.15,M,RB,"NGA World Port Index (HDX mirror, 2017-03-28)",REAL
7820,ELIZABETHPORT,US,USA,40.65,-74.183333,S,CN,"NGA World Port Index (HDX mirror, 2017-03-28)",REAL
7830,STAPLETON SI,US,USA,40.633333,-74.066667,S,CN,"NGA World Port Index (HDX mirror, 2017-03-28)",REAL
7840,TOMPKINSVILLE SI,US,USA,40.633333,-74.066667,M,CN,"NGA World Port Index (HDX mirror, 2017-03-28)",REAL
7850,PORT RICHMOND SI,US,USA,40.65,-74.133333,S,CN,"NGA World Port Index (HDX mirror, 2017-03-28)",REAL
7860,MARINERS HARBOR SI,US,USA,40.633333,-74.166667,S,CN,"NGA World Port Index (HDX mirror, 2017-03-28)",REAL
7870,GULFPORT SI,US,USA,40.633333,-74.2,S,RN,"NGA World Port Index (HDX mirror, 2017-03-28)",REAL
48198,NISHTUN,YE,,15.816667,52.2,V,CN,"NGA World Port Index (HDX mirror, 2017-03-28)",REAL
48374,DOHA HARBOR,KW,,29.383333,47.8,V,CN,"NGA World Port Index (HDX mirror, 2017-03-28)",REAL
48495,BANDAR-E SHAHID REAJIE,IR,,27.1,56.066667,S,CB,"NGA World Port Index (HDX mirror, 2017-03-28)",REAL
48520,BANDAR ABBAS,IR,,27.15,56.2,M,CB,"NGA World Port Index (HDX mirror, 2017-03-28)",REAL
48533,BANDAR TAHERI OFFSHORE TERMINAL,IR,,27.65,52.35,V,CN,"NGA World Port Index (HDX mirror, 2017-03-28)",REAL
48259,KHAWR KHASAB,OM,,26.216667,56.233333,S,CN,"NGA World Port Index (HDX mirror, 2017-03-28)",REAL
48370,AL KUWAYT,KW,,29.35,47.933333,V,CN,"NGA World Port Index (HDX mirror, 2017-03-28)",REAL
48175,AL MUKHA,YE,,13.316667,43.25,M,CN,"NGA World Port Index (HDX mirror, 2017-03-28)",REAL
48202,ASH SHIHR OIL TERMINAL,YE,,14.733333,49.5,V,CN,"NGA World Port Index (HDX mirror, 2017-03-28)",REAL
45084,HADERA,IL,ISR,32.466667,34.9,V,OR,"NGA World Port Index (HDX mirror, 2017-03-28)",REAL
48053,RAS SUDR,EG,EGY,29.583333,32.7,V,OR,"NGA World Port Index (HDX mirror, 2017-03-28)",REAL
45151,DAMIETTA,EG,EGY,31.483333,31.75,L,CB,"NGA World Port Index (HDX mirror, 2017-03-28)",REAL
45140,BUR SAID (PORT SAID),EG,EGY,31.266667,32.3,L,LC,"NGA World Port Index (HDX mirror, 2017-03-28)",REAL
45175,EL HAMRA OIL TERMINAL,EG,EGY,30.983333,28.866667,V,OR,"NGA World Port Index (HDX mirror, 2017-03-28)",REAL
46545,SOYO ANGOLA LNG TERMINAL,AO,,-6.116667,12.333333,V,RN,"NGA World Port Index (HDX mirror, 2017-03-28)",REAL
45180,MERSA MATRUH,EG,EGY,31.35,27.233333,V,CB,"NGA World Port Index (HDX mirror, 2017-03-28)",REAL
47974,HAMRAWEIN,EG,EGY,26.25,34.2,V,OR,"NGA World Port Index (HDX mirror, 2017-03-28)",REAL
48310,AL MANAMAH,BH,BHR,26.233333,50.583333,S,CN,"NGA World Port Index (HDX mirror, 2017-03-28)",REAL
48440,KHOSROWABAD,IR,,30.166667,48.416667,V,RN,"NGA World Port Index (HDX mirror, 2017-03-28)",REAL
45337,BOURI OIL FIELD,LY,,33.9,12.65,V,OR,"NGA World Port Index (HDX mirror, 2017-03-28)",REAL
45323,KHOMS,LY,,32.666667,14.25,V,CN,"NGA World Port Index (HDX mirror, 2017-03-28)",REAL
45444,MENZEL BOURGUIBA,TN,,37.15,9.8,S,LC,"NGA World Port Index (HDX mirror, 2017-03-28)",REAL
45432,RADES,TN,,36.816667,10.3,V,CB,"NGA World Port Index (HDX mirror, 2017-03-28)",REAL
45525,DJEN-DJEN,DZ,,36.816667,5.883333,V,CB,"NGA World Port Index (HDX mirror, 2017-03-28)",REAL
45802,AGADIR,MA,,30.433333,-9.633333,L,CB,"NGA World Port Index (HDX mirror, 2017-03-28)",REAL
45796,EL JORF LASFAR,MA,,33.116667,-8.616667,S,CB,"NGA World Port Index (HDX mirror, 2017-03-28)",REAL
46008,ESPOIR MARINE TERMINAL,CI,,5.05,-4.45,V,OR,"NGA World Port Index (HDX mirror, 2017-03-28)",REAL
45970,BAOBAB MARINE TERMINAL,CI,,4.966667,-4.55,V,OR,"NGA World Port Index (HDX mirror, 2017-03-28)",REAL
46235,ODUDU TERMINAL,NG,,4.0,7.766667,V,OR,"NGA World Port Index (HDX mirror, 2017-03-28)",REAL
46238,OKONO TERMINAL,NG,,3.983333,7.3,V,OR,"NGA World Port Index (HDX mirror, 2017-03-28)",REAL
46240,OKWORI TERMINAL,NG,,3.85,6.983333,V,OR,"NGA World Port Index (HDX mirror, 2017-03-28)",REAL
46208,ONNE,NG,,4.683333,7.15,V,RN,"NGA World Port Index (HDX mirror, 2017-03-28)",REAL
45163,EL MAADIYA,EG,EGY,31.266667,30.15,V,CB,"NGA World Port Index (HDX mirror, 2017-03-28)",REAL
45165,AL ISKANDARIYH (ALEXANDRIA),EG,EGY,31.166667,29.833333,L,CB,"NGA World Port Index (HDX mirror, 2017-03-28)",REAL
46549,GIRASSOL TERMINAL,AO,,-7.65,11.683333,V,OR,"NGA World Port Index (HDX mirror, 2017-03-28)",REAL
48630,KANDLA,IN,IND,23.033333,70.216667,S,RN,"NGA World Port Index (HDX mirror, 2017-03-28)",REAL
35980,ALDERNEY HARBOUR,GB,GBR,49.733333,-2.2,V,CB,"NGA World Port Index (HDX mirror, 2017-03-28)",REAL
35990,SAINT SAMPSON,GB,GBR,49.483333,-2.516667,V,CB,"NGA World Port Index (HDX mirror, 2017-03-28)",REAL
36000,SAINT PETER PORT,GB,GBR,49.45,-2.533333,S,CB,"NGA World Port Index (HDX mirror, 2017-03-28)",REAL
36110,GRANVILLE,FR,FRA,48.833333,-1.6,V,CT,"NGA World Port Index (HDX mirror, 2017-03-28)",REAL
36130,SAINT-MALO,FR,FRA,48.65,-2.016667,S,CT,"NGA World Port Index (HDX mirror, 2017-03-28)",REAL
36220,LE LEGUE,FR,FRA,48.533333,-2.75,V,RT,"NGA World Port Index (HDX mirror, 2017-03-28)",REAL
51180,PROBOLINGGO,ID,,-7.716667,113.216667,V,OR,"NGA World Port Index (HDX mirror, 2017-03-28)",REAL
51280,AMPENAN,ID,,-8.566667,116.066667,V,OR,"NGA World Port Index (HDX mirror, 2017-03-28)",REAL
51350,WAINGAPU,ID,,-9.633333,120.216667,V,OR,"NGA World Port Index (HDX mirror, 2017-03-28)",REAL
10550,NUEVA GERONA,CU,,21.916667,-82.8,V,OR,"NGA World Port Index (HDX mirror, 2017-03-28)",REAL
10580,GEORGETOWN,KY,,19.3,-81.383333,V,OR,"NGA World Port Index (HDX mirror, 2017-03-28)",REAL
10585,CAYMAN BRAC,KY,,19.75,-79.75,V,OR,"NGA World Port Index (HDX mirror, 2017-03-28)",REAL
51870,STAGEN,ID,,-3.3,116.15,V,CN,"NGA World Port Index (HDX mirror, 2017-03-28)",REAL
51910,SAMPIT,ID,,-2.516667,113.0,V,RN,"NGA World Port Index (HDX mirror, 2017-03-28)",REAL
52065,BITUNG,ID,,1.433333,125.183333,V,CN,"NGA World Port Index (HDX mirror, 2017-03-28)",REAL
52220,LUWUK,ID,,-0.95,122.8,V,OR,"NGA World Port Index (HDX mirror, 2017-03-28)",REAL
19000,MASSET HARBOR,CA,CAN,54.016667,-132.15,V,CN,"NGA World Port Index (HDX mirror, 2017-03-28)",REAL
19030,PORT CLEMENTS,CA,CAN,53.683333,-132.183333,V,CN,"NGA World Port Index (HDX mirror, 2017-03-28)",REAL
19050,QUEEN CHARLOTTE,CA,CAN,53.25,-132.083333,V,CN,"NGA World Port Index (HDX mirror, 2017-03-28)",REAL
19055,ALLIFORD BAY,CA,CAN,53.216667,-131.983333,V,CN,"NGA World Port Index (HDX mirror, 2017-03-28)",REAL
19090,HYDER,US,USA,55.916667,-130.0,V,CN,"NGA World Port Index (HDX mirror, 2017-03-28)",REAL
19100,HIDDEN INLET,US,USA,54.95,-130.333333,V,LC,"NGA World Port Index (HDX mirror, 2017-03-28)",REAL
18630,LYALL HARBOR,CA,CAN,48.8,-123.2,V,CN,"NGA World Port Index (HDX mirror, 2017-03-28)",REAL
18650,HOPE BAY,CA,CAN,48.8,-123.283333,V,CN,"NGA World Port Index (HDX mirror, 2017-03-28)",REAL
18660,SIDNEY,CA,CAN,48.65,-123.383333,V,CN,"NGA World Port Index (HDX mirror, 2017-03-28)",REAL
17940,ROCHE  HARBOR,US,USA,48.616667,-123.166667,V,CN,"NGA World Port Index (HDX mirror, 2017-03-28)",REAL
17990,ORCAS,US,USA,48.6,-122.933333,V,CN,"NGA World Port Index (HDX mirror, 2017-03-28)",REAL
18040,ANACORTES,US,USA,48.516667,-122.616667,S,CN,"NGA World Port Index (HDX mirror, 2017-03-28)",REAL
18050,BELLINGHAM,US,USA,48.75,-122.5,S,CN,"NGA World Port Index (HDX mirror, 2017-03-28)",REAL
18055,CHERRY POINT,US,USA,48.866667,-122.75,V,CN,"NGA World Port Index (HDX mirror, 2017-03-28)",REAL
18060,SEMIAHMOO,US,USA,48.983333,-122.766667,V,CN,"NGA World Port Index (HDX mirror, 2017-03-28)",REAL
18070,BLAINE,US,USA,49.0,-122.75,V,CN,"NGA World Port Index (HDX mirror, 2017-03-28)",REAL
18090,STEVESTON,CA,CAN,49.133333,-123.183333,V,RN,"NGA World Port Index (HDX mirror, 2017-03-28)",REAL
18100,NEW WESTMINSTER,CA,CAN,49.2,-122.916667,M,RN,"NGA World Port Index (HDX mirror, 2017-03-28)",REAL
18110,FRASER MILLS,CA,CAN,49.216667,-122.866667,V,RN,"NGA World Port Index (HDX mirror, 2017-03-28)",REAL
18130,PORT COQUITLAM,CA,CAN,49.266667,-122.783333,V,RN,"NGA World Port Index (HDX mirror, 2017-03-28)",REAL
18140,MISSION CITY,CA,CAN,49.116667,-122.25,V,RN,"NGA World Port Index (HDX mirror, 2017-03-28)",REAL
18150,VANCOUVER,CA,CAN,49.283333,-123.116667,L,CN,"NGA World Port Index (HDX mirror, 2017-03-28)",REAL
18160,PORT MOODY,CA,CAN,49.283333,-122.883333,V,CN,"NGA World Port Index (HDX mirror, 2017-03-28)",REAL
18210,SQUAMISH,CA,CAN,49.683333,-123.15,V,RN,"NGA World Port Index (HDX mirror, 2017-03-28)",REAL
18235,PORT MELLON,CA,CAN,49.516667,-123.483333,V,CN,"NGA World Port Index (HDX mirror, 2017-03-28)",REAL
18330,WESTVIEW,CA,CAN,49.833333,-124.516667,V,CB,"NGA World Port Index (HDX mirror, 2017-03-28)",REAL
18340,POWELL RIVER,CA,CAN,49.866667,-124.533333,S,CB,"NGA World Port Index (HDX mirror, 2017-03-28)",REAL
18441,DUNCAN BAY,CA,CAN,50.066667,-125.283333,V,CN,"NGA World Port Index (HDX mirror, 2017-03-28)",REAL
18450,CAMPBELL RIVER,CA,CAN,50.016667,-124.233333,V,CN,"NGA World Port Index (HDX mirror, 2017-03-28)",REAL
18460,COMOX HARBOR,CA,CAN,49.666667,-124.916667,S,CN,"NGA World Port Index (HDX mirror, 2017-03-28)",REAL
18518,NANOOSE HARBOR,CA,CAN,49.266667,-124.15,V,CN,"NGA World Port Index (HDX mirror, 2017-03-28)",REAL
18520,NANAIMO,CA,CAN,49.166667,-123.933333,S,CN,"NGA World Port Index (HDX mirror, 2017-03-28)",REAL
18525,HARMAC,CA,CAN,49.133333,-123.85,V,CN,"NGA World Port Index (HDX mirror, 2017-03-28)",REAL
18560,CHEMAINUS,CA,CAN,48.933333,-123.716667,V,CN,"NGA World Port Index (HDX mirror, 2017-03-28)",REAL
18570,CROFTON,CA,CAN,48.866667,-123.633333,V,CN,"NGA World Port Index (HDX mirror, 2017-03-28)",REAL
18580,COWICHAN BAY,CA,CAN,48.75,-123.616667,V,CN,"NGA World Port Index (HDX mirror, 2017-03-28)",REAL
18600,GANGES,CA,CAN,48.85,-123.483333,V,CN,"NGA World Port Index (HDX mirror, 2017-03-28)",REAL
17920,FRIDAY HARBOR,US,USA,48.533333,-123.016667,V,CN,"NGA World Port Index (HDX mirror, 2017-03-28)",REAL
16880,WESTPORT,US,USA,46.133333,-123.383333,V,RN,"NGA World Port Index (HDX mirror, 2017-03-28)",REAL
16890,RAINIER,US,USA,46.083333,-122.933333,V,RN,"NGA World Port Index (HDX mirror, 2017-03-28)",REAL
16900,LONGVIEW,US,USA,46.133333,-122.933333,S,RN,"NGA World Port Index (HDX mirror, 2017-03-28)",REAL
16920,KALAMA,US,USA,46.016667,-122.85,V,RN,"NGA World Port Index (HDX mirror, 2017-03-28)",REAL
16930,ST HELENS,US,USA,45.866667,-122.8,V,RN,"NGA World Port Index (HDX mirror, 2017-03-28)",REAL
16940,PORTLAND,US,USA,45.516667,-122.666667,L,RN,"NGA World Port Index (HDX mirror, 2017-03-28)",REAL
16950,VANCOUVER,US,USA,45.633333,-122.683333,M,RN,"NGA World Port Index (HDX mirror, 2017-03-28)",REAL
16960,CAMAS,US,USA,45.583333,-122.4,V,RN,"NGA World Port Index (HDX mirror, 2017-03-28)",REAL
7890,PORT SOCONY,US,USA,40.55,-74.25,S,RN,"NGA World Port Index (HDX mirror, 2017-03-28)",REAL
7895,BAYWAY,US,USA,40.633333,-74.2,V,RN,"NGA World Port Index (HDX mirror, 2017-03-28)",REAL
7900,GRASSELLI,US,USA,40.616667,-74.2,S,RN,"NGA World Port Index (HDX mirror, 2017-03-28)",REAL
7910,CARTERET,US,USA,40.583333,-74.216667,S,RN,"NGA World Port Index (HDX mirror, 2017-03-28)",REAL
7920,CHROME,US,USA,40.566667,-74.216667,S,RN,"NGA World Port Index (HDX mirror, 2017-03-28)",REAL
7930,PORT READING,US,USA,40.566667,-74.233333,S,RN,"NGA World Port Index (HDX mirror, 2017-03-28)",REAL
7940,SEWAREN,US,USA,40.55,-74.25,V,RN,"NGA World Port Index (HDX mirror, 2017-03-28)",REAL
7950,MAURER,US,USA,40.533333,-74.25,V,RN,"NGA World Port Index (HDX mirror, 2017-03-28)",REAL
7960,PERTH AMBOY,US,USA,40.5,-74.266667,S,RN,"NGA World Port Index (HDX mirror, 2017-03-28)",REAL
7970,SAYREVILLE,US,USA,40.466667,-74.366667,V,CN,"NGA World Port Index (HDX mirror, 2017-03-28)",REAL
7980,SOUTH AMBOY,US,USA,40.483333,-74.266667,S,CN,"NGA World Port Index (HDX mirror, 2017-03-28)",REAL
7990,LEONARDO,US,USA,40.433333,-74.066667,S,CN,"NGA World Port Index (HDX mirror, 2017-03-28)",REAL
8000,BARNEGAT,US,USA,39.766667,-74.1,V,CN,"NGA World Port Index (HDX mirror, 2017-03-28)",REAL
8020,ATLANTIC CITY,US,USA,39.366667,-74.416667,V,CN,"NGA World Port Index (HDX mirror, 2017-03-28)",REAL
8025,SALEM NJ,US,USA,39.666667,-75.483333,V,RN,"NGA World Port Index (HDX mirror, 2017-03-28)",REAL
8030,NEW CASTLE,US,USA,39.65,-75.566667,V,RN,"NGA World Port Index (HDX mirror, 2017-03-28)",REAL
8040,DEEPWATER POINT,US,USA,39.7,-75.516667,V,RN,"NGA World Port Index (HDX mirror, 2017-03-28)",REAL
8050,WILMINGTON,US,USA,39.733333,-75.55,M,RN,"NGA World Port Index (HDX mirror, 2017-03-28)",REAL
8070,MARCUS HOOK,US,USA,39.816667,-75.416667,S,RN,"NGA World Port Index (HDX mirror, 2017-03-28)",REAL
8080,CHESTER,US,USA,39.85,-75.35,L,RN,"NGA World Port Index (HDX mirror, 2017-03-28)",REAL
7625,CITY ISLAND,US,USA,40.85,-73.783333,V,CN,"NGA World Port Index (HDX mirror, 2017-03-28)",REAL
7210,GLOUCESTER,US,USA,42.6,-70.666667,S,CN,"NGA World Port Index (HDX mirror, 2017-03-28)",REAL
7220,BEVERLY,US,USA,42.533333,-70.883333,V,CN,"NGA World Port Index (HDX mirror, 2017-03-28)",REAL
7225,SALEM,US,USA,42.516667,-70.883333,S,CN,"NGA World Port Index (HDX mirror, 2017-03-28)",REAL
7230,MARBLEHEAD,US,USA,42.5,-70.85,V,CN,"NGA World Port Index (HDX mirror, 2017-03-28)",REAL
7240,LYNN,US,USA,42.45,-70.95,V,CN,"NGA World Port Index (HDX mirror, 2017-03-28)",REAL
7250,BOSTON,US,USA,42.35,-71.05,L,CN,"NGA World Port Index (HDX mirror, 2017-03-28)",REAL
7260,QUINCY,US,USA,42.25,-70.966667,S,RN,"NGA World Port Index (HDX mirror, 2017-03-28)",REAL
7270,SCITUATE,US,USA,42.2,-70.716667,V,CB,"NGA World Port Index (HDX mirror, 2017-03-28)",REAL
7280,PLYMOUTH,US,USA,41.95,-70.666667,V,CN,"NGA World Port Index (HDX mirror, 2017-03-28)",REAL
7290,PROVINCETOWN,US,USA,42.05,-70.183333,V,CN,"NGA World Port Index (HDX mirror, 2017-03-28)",REAL
7310,HYANNIS,US,USA,41.65,-70.283333,V,CN,"NGA World Port Index (HDX mirror, 2017-03-28)",REAL
7315,HYANNIS PORT,US,USA,41.633333,-70.3,V,CB,"NGA World Port Index (HDX mirror, 2017-03-28)",REAL
7320,FALMOUTH,US,USA,41.55,-70.616667,V,CN,"NGA World Port Index (HDX mirror, 2017-03-28)",REAL
7330,NANTUCKET,US,USA,41.283333,-70.1,V,CN,"NGA World Port Index (HDX mirror, 2017-03-28)",REAL
7340,EDGARTOWN,US,USA,41.383333,-70.5,V,CN,"NGA World Port Index (HDX mirror, 2017-03-28)",REAL
7350,VINEYARD HAVEN,US,USA,41.45,-70.6,V,CB,"NGA World Port Index (HDX mirror, 2017-03-28)",REAL
7360,WOODS HOLE,US,USA,41.516667,-70.666667,V,CN,"NGA World Port Index (HDX mirror, 2017-03-28)",REAL
7370,NEW BEDFORD,US,USA,41.633333,-70.916667,S,CN,"NGA World Port Index (HDX mirror, 2017-03-28)",REAL
7380,NEWPORT,US,USA,41.5,-71.333333,S,CN,"NGA World Port Index (HDX mirror, 2017-03-28)",REAL
7400,FALL RIVER,US,USA,41.7,-71.166667,V,CN,"NGA World Port Index (HDX mirror, 2017-03-28)",REAL
7405,TIVERTON,US,USA,41.633333,-71.216667,S,RN,"NGA World Port Index (HDX mirror, 2017-03-28)",REAL
7410,BRISTOL,US,USA,41.666667,-71.266667,V,CN,"NGA World Port Index (HDX mirror, 2017-03-28)",REAL
7420,PROVIDENCE,US,USA,41.8,-71.4,M,RN,"NGA World Port Index (HDX mirror, 2017-03-28)",REAL
7430,QUONSET POINT,US,USA,41.583333,-71.4,V,CN,"NGA World Port Index (HDX mirror, 2017-03-28)",REAL
7440,DAVISVILLE DEPOT,US,USA,41.616667,-71.4,V,CN,"NGA World Port Index (HDX mirror, 2017-03-28)",REAL
46485,TAKULA TERMINAL,AO,,-5.216667,11.783333,S,OR,"NGA World Port Index (HDX mirror, 2017-03-28)",REAL
47625,ANTSOHIM BONDRONA,MG,,-13.083333,48.833333,V,CN,"NGA World Port Index (HDX mirror, 2017-03-28)",REAL
46292,KOME KRIBI 1 MARINE TERMINAL,CM,,2.916667,9.8,V,OR,"NGA World Port Index (HDX mirror, 2017-03-28)",REAL
46262,LIMBOH TERMINAL,CM,,3.983333,9.15,V,OR,"NGA World Port Index (HDX mirror, 2017-03-28)",REAL
46335,CEIBA TERMINAL,GQ,,1.416667,9.233333,V,OR,"NGA World Port Index (HDX mirror, 2017-03-28)",REAL
46340,COGO,GQ,,1.083333,9.7,V,RN,"NGA World Port Index (HDX mirror, 2017-03-28)",REAL
46310,SERPENTINA TERMINAL,GQ,,3.8,8.083333,V,OR,"NGA World Port Index (HDX mirror, 2017-03-28)",REAL
45036,SIDON/ZAHRANI TERMINAL,LB,LBN,33.533333,35.316667,V,OR,"NGA World Port Index (HDX mirror, 2017-03-28)",REAL
44808,ANTALYA OFFSHORE TERMINAL,TR,TUR,36.816667,30.6,V,OR,"NGA World Port Index (HDX mirror, 2017-03-28)",REAL
44542,BOTAS NATURAL GAS TERMINAL,TR,TUR,41.0,27.983333,V,OR,"NGA World Port Index (HDX mirror, 2017-03-28)",REAL
44802,BOTAS DORTYOL OIL TERMINAL,TR,TUR,36.866667,36.133333,V,OR,"NGA World Port Index (HDX mirror, 2017-03-28)",REAL
44801,TOROS GUBRE,TR,TUR,36.916667,35.966667,V,OR,"NGA World Port Index (HDX mirror, 2017-03-28)",REAL
44803,YAKACIK,TR,TUR,36.716667,36.183333,V,CB,"NGA World Port Index (HDX mirror, 2017-03-28)",REAL
42327,CHALKIS,GR,GRC,38.466667,23.6,S,CN,"NGA World Port Index (HDX mirror, 2017-03-28)",REAL
44804,DELTA TERMINAL,TR,TUR,36.85,36.166667,V,OR,"NGA World Port Index (HDX mirror, 2017-03-28)",REAL
44740,DIKILI,TR,TUR,39.016667,26.816667,V,OR,"NGA World Port Index (HDX mirror, 2017-03-28)",REAL
44622,GEBZE,TR,TUR,40.766667,29.55,V,OR,"NGA World Port Index (HDX mirror, 2017-03-28)",REAL
44751,GULLUK,TR,TUR,37.25,27.616667,V,CB,"NGA World Port Index (HDX mirror, 2017-03-28)",REAL
44603,YARIMCA,TR,TUR,40.8,29.7,S,OR,"NGA World Port Index (HDX mirror, 2017-03-28)",REAL
44210,GELENDZHIK,RU,,44.55,38.066667,V,CN,"NGA World Port Index (HDX mirror, 2017-03-28)",REAL
43566,CERNAVODA,RO,,44.333333,28.05,V,RN,"NGA World Port Index (HDX mirror, 2017-03-28)",REAL
43558,BASARABI,RO,,44.166667,28.433333,V,RN,"NGA World Port Index (HDX mirror, 2017-03-28)",REAL
43565,DANUBE-BLACK SEA CANAL,RO,,44.266667,28.183333,M,LC,"NGA World Port Index (HDX mirror, 2017-03-28)",REAL
43562,MEDGIDIA,RO,,44.25,28.266667,V,LC,"NGA World Port Index (HDX mirror, 2017-03-28)",REAL
43568,MIDIA,RO,,44.35,28.666667,V,OR,"NGA World Port Index (HDX mirror, 2017-03-28)",REAL
43572,TULCEA,RO,,45.166667,28.816667,V,RN,"NGA World Port Index (HDX mirror, 2017-03-28)",REAL
43700,BELGOROD-DNESTROVSKY,UA,,46.183333,30.366667,V,CN,"NGA World Port Index (HDX mirror, 2017-03-28)",REAL
43677,DNIPRO-BUZKYY,UA,,46.733333,31.883333,S,CB,"NGA World Port Index (HDX mirror, 2017-03-28)",REAL
43673,PORT OKTYABRSK,UA,,46.833333,31.933333,V,CN,"NGA World Port Index (HDX mirror, 2017-03-28)",REAL
43747,UST-DUNAISK,UA,,45.466667,29.7,V,CN,"NGA World Port Index (HDX mirror, 2017-03-28)",REAL
42600,KAVALA,GR,GRC,40.933333,24.4,S,CB,"NGA World Port Index (HDX mirror, 2017-03-28)",REAL
43334,ALIAGA,TR,TUR,38.833333,26.933333,V,CB,"NGA World Port Index (HDX mirror, 2017-03-28)",REAL
43388,AMBARLI,TR,TUR,40.966667,28.7,V,CN,"NGA World Port Index (HDX mirror, 2017-03-28)",REAL
43384,BORUSAN FERTILIZER JETTY,TR,TUR,40.416667,29.1,V,CN,"NGA World Port Index (HDX mirror, 2017-03-28)",REAL
42420,KYMASSI,GR,GRC,38.833333,23.466667,V,CN,"NGA World Port Index (HDX mirror, 2017-03-28)",REAL
42378,ASPROPIRGOS,GR,GRC,38.033333,23.6,V,OR,"NGA World Port Index (HDX mirror, 2017-03-28)",REAL
42434,ACHLADI,GR,GRC,38.9,22.816667,V,CN,"NGA World Port Index (HDX mirror, 2017-03-28)",REAL
42345,ASTAKOS,GR,GRC,38.483333,21.1,S,CN,"NGA World Port Index (HDX mirror, 2017-03-28)",REAL
43093,AKRA KAVONISI,GR,GRC,35.516667,23.633333,V,CB,"NGA World Port Index (HDX mirror, 2017-03-28)",REAL
52480,TELUK BEO,ID,,4.233333,126.783333,V,CN,"NGA World Port Index (HDX mirror, 2017-03-28)",REAL
52560,PATANI,ID,,0.366667,128.75,V,CN,"NGA World Port Index (HDX mirror, 2017-03-28)",REAL
52660,WAHAI,ID,,-2.783333,129.5,V,CN,"NGA World Port Index (HDX mirror, 2017-03-28)",REAL
53000,MIEI,ID,,-2.733333,134.5,V,CN,"NGA World Port Index (HDX mirror, 2017-03-28)",REAL
53020,TG. SORONG,ID,,-0.883333,131.233333,S,OR,"NGA World Port Index (HDX mirror, 2017-03-28)",REAL
50922,MERAK MAS TERMINAL,ID,,-5.916667,105.983333,M,CN,"NGA World Port Index (HDX mirror, 2017-03-28)",REAL
61380,TOKYO KO,JP,JPN,35.666667,139.75,L,CN,"NGA World Port Index (HDX mirror, 2017-03-28)",REAL
36290,PONTRIEUX,FR,FRA,48.7,-3.15,V,CB,"NGA World Port Index (HDX mirror, 2017-03-28)",REAL
36300,TREGUIER,FR,FRA,48.783333,-3.233333,V,RN,"NGA World Port Index (HDX mirror, 2017-03-28)",REAL
36360,MORLAIX,FR,FRA,48.583333,-3.833333,S,RT,"NGA World Port Index (HDX mirror, 2017-03-28)",REAL
36370,PORT DE ROSCOFF-BLOSCON,FR,FRA,48.733333,-3.983333,V,CB,"NGA World Port Index (HDX mirror, 2017-03-28)",REAL
10770,KINGSTON,JM,,17.966667,-76.783333,M,CN,"NGA World Port Index (HDX mirror, 2017-03-28)",REAL
48650,BEDI,IN,IND,22.516667,70.033333,V,RN,"NGA World Port Index (HDX mirror, 2017-03-28)",REAL
61465,MIKAWA,JP,JPN,34.716667,137.3,L,CB,"NGA World Port Index (HDX mirror, 2017-03-28)",REAL
48680,PORBANDAR,IN,IND,21.633333,69.6,V,CB,"NGA World Port Index (HDX mirror, 2017-03-28)",REAL
11000,SANTA BARBARA DE SAMANA,DO,,19.2,-69.333333,S,CN,"NGA World Port Index (HDX mirror, 2017-03-28)",REAL
10980,PUERTO PLATA,DO,,19.8,-70.7,S,OR,"NGA World Port Index (HDX mirror, 2017-03-28)",REAL
10960,PEPILLO SALCEDO,DO,,19.7,-71.75,V,OR,"NGA World Port Index (HDX mirror, 2017-03-28)",REAL
10930,CAP HAITIEN,HT,,19.766667,-72.2,V,OR,"NGA World Port Index (HDX mirror, 2017-03-28)",REAL
11370,PHILLIPSBURG,SX,,18.016667,-63.05,S,CN,"NGA World Port Index (HDX mirror, 2017-03-28)",REAL
11410,CHARLESTOWN,KN,,17.133333,-62.633333,V,OR,"NGA World Port Index (HDX mirror, 2017-03-28)",REAL
11625,GRAND CUL DE SAC BAY,LC,,13.983333,-61.016667,S,CN,"NGA World Port Index (HDX mirror, 2017-03-28)",REAL
16970,WASHOUGAL,US,USA,45.583333,-122.35,V,RN,"NGA World Port Index (HDX mirror, 2017-03-28)",REAL
16980,THE DALLES,US,USA,45.6,-121.183333,V,RN,"NGA World Port Index (HDX mirror, 2017-03-28)",REAL
17000,NAHCOTTA,US,USA,46.5,-124.033333,V,CN,"NGA World Port Index (HDX mirror, 2017-03-28)",REAL
17010,SOUTH BEND,US,USA,46.666667,-123.783333,S,RN,"NGA World Port Index (HDX mirror, 2017-03-28)",REAL
17020,RAYMOND,US,USA,46.683333,-123.733333,S,RN,"NGA World Port Index (HDX mirror, 2017-03-28)",REAL
17030,WILLAPA HARBOR,US,USA,46.683333,-123.75,V,RN,"NGA World Port Index (HDX mirror, 2017-03-28)",REAL
17040,WESTHAVEN COVE,US,USA,46.916667,-124.116667,V,RN,"NGA World Port Index (HDX mirror, 2017-03-28)",REAL
17050,BAY CITY,US,USA,46.866667,-124.066667,V,RN,"NGA World Port Index (HDX mirror, 2017-03-28)",REAL
17060,ABERDEEN,US,USA,46.983333,-123.816667,S,RN,"NGA World Port Index (HDX mirror, 2017-03-28)",REAL
17080,HOQUIAM,US,USA,46.966667,-123.9,S,RN,"NGA World Port Index (HDX mirror, 2017-03-28)",REAL
17090,LA PUSH,US,USA,47.9,-124.633333,V,RN,"NGA World Port Index (HDX mirror, 2017-03-28)",REAL
17100,NEAH BAY,US,USA,48.366667,-124.616667,V,CB,"NGA World Port Index (HDX mirror, 2017-03-28)",REAL
17110,SEKIU,US,USA,48.266667,-124.3,V,CN,"NGA World Port Index (HDX mirror, 2017-03-28)",REAL
17120,PORT ANGELES,US,USA,48.116667,-123.433333,S,CN,"NGA World Port Index (HDX mirror, 2017-03-28)",REAL
17160,PORT TOWNSEND,US,USA,48.116667,-122.75,S,CN,"NGA World Port Index (HDX mirror, 2017-03-28)",REAL
17170,GLEN COVE,US,USA,48.083333,-122.783333,V,CN,"NGA World Port Index (HDX mirror, 2017-03-28)",REAL
17190,HOODSPORT,US,USA,47.416667,-123.133333,V,CN,"NGA World Port Index (HDX mirror, 2017-03-28)",REAL
17230,PORT GAMBLE,US,USA,47.85,-122.583333,V,CN,"NGA World Port Index (HDX mirror, 2017-03-28)",REAL
17250,POULSBO,US,USA,47.733333,-122.65,V,CN,"NGA World Port Index (HDX mirror, 2017-03-28)",REAL
17260,KEYPORT,US,USA,47.7,-122.616667,V,CN,"NGA World Port Index (HDX mirror, 2017-03-28)",REAL
17320,WINSLOW,US,USA,47.616667,-122.516667,V,CN,"NGA World Port Index (HDX mirror, 2017-03-28)",REAL
17330,CREOSOTE,US,USA,47.616667,-122.5,V,CN,"NGA World Port Index (HDX mirror, 2017-03-28)",REAL
17350,FORT WARD,US,USA,47.583333,-122.516667,V,CN,"NGA World Port Index (HDX mirror, 2017-03-28)",REAL
17380,EAST BREMERTON,US,USA,47.566667,-122.616667,V,CN,"NGA World Port Index (HDX mirror, 2017-03-28)",REAL
17410,SILVERDALE,US,USA,47.65,-122.7,V,CN,"NGA World Port Index (HDX mirror, 2017-03-28)",REAL
17430,BREMERTON,US,USA,47.566667,-122.65,M,CN,"NGA World Port Index (HDX mirror, 2017-03-28)",REAL
17440,PORT ORCHARD,US,USA,47.533333,-122.633333,V,CN,"NGA World Port Index (HDX mirror, 2017-03-28)",REAL
17550,QUARTERMASTER HARBOR,US,USA,47.383333,-122.466667,V,CN,"NGA World Port Index (HDX mirror, 2017-03-28)",REAL
17650,SHELTON,US,USA,47.216667,-123.1,V,CN,"NGA World Port Index (HDX mirror, 2017-03-28)",REAL
17660,OLYMPIA,US,USA,47.05,-122.9,S,CN,"NGA World Port Index (HDX mirror, 2017-03-28)",REAL
17670,NISQUALLY HEAD,US,USA,47.116667,-122.75,V,CN,"NGA World Port Index (HDX mirror, 2017-03-28)",REAL
17700,TACOMA,US,USA,47.283333,-122.416667,M,CN,"NGA World Port Index (HDX mirror, 2017-03-28)",REAL
17730,SEATTLE,US,USA,47.6,-122.333333,L,CN,"NGA World Port Index (HDX mirror, 2017-03-28)",REAL
17750,POINT WELLS,US,USA,47.783333,-122.4,V,CN,"NGA World Port Index (HDX mirror, 2017-03-28)",REAL
17760,EDWARDS POINT,US,USA,47.8,-122.4,V,CN,"NGA World Port Index (HDX mirror, 2017-03-28)",REAL
17780,MUKILTEO,US,USA,47.95,-122.3,V,CN,"NGA World Port Index (HDX mirror, 2017-03-28)",REAL
17790,EVERETT,US,USA,48.0,-122.216667,S,CN,"NGA World Port Index (HDX mirror, 2017-03-28)",REAL
17840,COUPEVILLE,US,USA,48.233333,-122.683333,V,CN,"NGA World Port Index (HDX mirror, 2017-03-28)",REAL
17900,RICHARDSON,US,USA,48.45,-122.9,V,CN,"NGA World Port Index (HDX mirror, 2017-03-28)",REAL
16840,WARRENTON,US,USA,46.166667,-123.916667,V,RN,"NGA World Port Index (HDX mirror, 2017-03-28)",REAL
16850,ASTORIA,US,USA,46.2,-123.833333,S,RN,"NGA World Port Index (HDX mirror, 2017-03-28)",REAL
16870,TONGUE POINT,US,USA,46.2,-123.75,V,RN,"NGA World Port Index (HDX mirror, 2017-03-28)",REAL
16300,SAN FRANCISCO,US,USA,37.816667,-122.416667,L,CN,"NGA World Port Index (HDX mirror, 2017-03-28)",REAL
16310,YERBABUENA ISLAND,US,USA,37.816667,-122.366667,V,CN,"NGA World Port Index (HDX mirror, 2017-03-28)",REAL
16320,REDWOOD CITY,US,USA,37.533333,-122.2,V,RN,"NGA World Port Index (HDX mirror, 2017-03-28)",REAL
16330,ALAMEDA,US,USA,37.783333,-122.266667,S,CN,"NGA World Port Index (HDX mirror, 2017-03-28)",REAL
16340,OAKLAND,US,USA,37.816667,-122.333333,L,CN,"NGA World Port Index (HDX mirror, 2017-03-28)",REAL
16360,BERKELEY,US,USA,37.866667,-122.3,V,CN,"NGA World Port Index (HDX mirror, 2017-03-28)",REAL
16370,POINT RICHMOND,US,USA,37.916667,-122.366667,S,CN,"NGA World Port Index (HDX mirror, 2017-03-28)",REAL
7450,MONTAUK HARBOR,US,USA,41.066667,-71.933333,V,CB,"NGA World Port Index (HDX mirror, 2017-03-28)",REAL
7460,GREENPORT,US,USA,41.1,-72.366667,V,CB,"NGA World Port Index (HDX mirror, 2017-03-28)",REAL
7470,STONINGTON,US,USA,41.333333,-71.9,V,RN,"NGA World Port Index (HDX mirror, 2017-03-28)",REAL
7480,NOANK,US,USA,41.316667,-71.983333,V,CN,"NGA World Port Index (HDX mirror, 2017-03-28)",REAL
7490,MYSTIC,US,USA,41.35,-71.966667,V,RN,"NGA World Port Index (HDX mirror, 2017-03-28)",REAL
7500,NEW LONDON,US,USA,41.35,-72.083333,S,RN,"NGA World Port Index (HDX mirror, 2017-03-28)",REAL
7510,NORWICH,US,USA,41.516667,-72.083333,V,RN,"NGA World Port Index (HDX mirror, 2017-03-28)",REAL
7520,ESSEX,US,USA,41.35,-72.383333,V,RN,"NGA World Port Index (HDX mirror, 2017-03-28)",REAL
7550,NEW HAVEN,US,USA,41.233333,-72.916667,S,CB,"NGA World Port Index (HDX mirror, 2017-03-28)",REAL
7560,PORT JEFFERSON,US,USA,40.95,-73.083333,V,CB,"NGA World Port Index (HDX mirror, 2017-03-28)",REAL
7570,BRIDGEPORT,US,USA,41.166667,-73.183333,M,CB,"NGA World Port Index (HDX mirror, 2017-03-28)",REAL
7580,SOUTHPORT,US,USA,41.133333,-73.283333,V,RN,"NGA World Port Index (HDX mirror, 2017-03-28)",REAL
7590,NORWALK,US,USA,41.1,-73.416667,V,RN,"NGA World Port Index (HDX mirror, 2017-03-28)",REAL
7600,STAMFORD,US,USA,41.033333,-73.55,V,RN,"NGA World Port Index (HDX mirror, 2017-03-28)",REAL
7610,GREENWICH,US,USA,41.016667,-73.616667,V,CN,"NGA World Port Index (HDX mirror, 2017-03-28)",REAL
7620,PORT CHESTER,US,USA,41.0,-73.666667,V,RN,"NGA World Port Index (HDX mirror, 2017-03-28)",REAL
7190,NEWBURYPORT,US,USA,42.816667,-70.866667,V,RN,"NGA World Port Index (HDX mirror, 2017-03-28)",REAL
7200,ROCKPORT,US,USA,42.666667,-70.616667,V,CB,"NGA World Port Index (HDX mirror, 2017-03-28)",REAL
6680,WINTER HARBOR,US,USA,44.383333,-68.083333,V,CN,"NGA World Port Index (HDX mirror, 2017-03-28)",REAL
6690,SORRENTO,US,USA,44.466667,-68.183333,V,CN,"NGA World Port Index (HDX mirror, 2017-03-28)",REAL
6700,BAR HARBOR,US,USA,44.383333,-68.2,V,CN,"NGA World Port Index (HDX mirror, 2017-03-28)",REAL
6710,NORTHEAST HARBOR,US,USA,44.3,-68.283333,V,CN,"NGA World Port Index (HDX mirror, 2017-03-28)",REAL
6720,SOUTHWEST HARBOR,US,USA,44.283333,-68.316667,V,CN,"NGA World Port Index (HDX mirror, 2017-03-28)",REAL
6730,MOUNT DESERT,US,USA,44.366667,-68.333333,V,CN,"NGA World Port Index (HDX mirror, 2017-03-28)",REAL
6740,FRENCHBORO,US,USA,44.116667,-68.366667,V,CN,"NGA World Port Index (HDX mirror, 2017-03-28)",REAL
6750,MINTURN,US,USA,44.15,-68.45,V,CN,"NGA World Port Index (HDX mirror, 2017-03-28)",REAL
6760,SWANS ISLAND,US,USA,44.133333,-68.45,V,CN,"NGA World Port Index (HDX mirror, 2017-03-28)",REAL
6770,BASS HARBOR,US,USA,44.233333,-68.35,V,CN,"NGA World Port Index (HDX mirror, 2017-03-28)",REAL
6780,ELLSWORTH,US,USA,44.55,-68.416667,V,RN,"NGA World Port Index (HDX mirror, 2017-03-28)",REAL
6790,BROOKLIN,US,USA,44.266667,-68.583333,V,CN,"NGA World Port Index (HDX mirror, 2017-03-28)",REAL
6800,BUCKS HARBOR,US,USA,44.333333,-68.733333,V,CN,"NGA World Port Index (HDX mirror, 2017-03-28)",REAL
6810,STONINGTON,US,USA,44.15,-68.666667,V,CN,"NGA World Port Index (HDX mirror, 2017-03-28)",REAL
6820,CRIEHAVEN,US,USA,43.833333,-68.883333,V,CB,"NGA World Port Index (HDX mirror, 2017-03-28)",REAL
6830,MATINICUS,US,USA,43.866667,-68.883333,V,CB,"NGA World Port Index (HDX mirror, 2017-03-28)",REAL
6840,VINALHAVEN,US,USA,44.05,-68.833333,V,CN,"NGA World Port Index (HDX mirror, 2017-03-28)",REAL
6850,NORTH HAVEN,US,USA,44.133333,-68.866667,V,CN,"NGA World Port Index (HDX mirror, 2017-03-28)",REAL
6860,CASTINE,US,USA,44.383333,-68.733333,V,CN,"NGA World Port Index (HDX mirror, 2017-03-28)",REAL
6870,SANDYPOINT,US,USA,44.516667,-68.816667,V,RN,"NGA World Port Index (HDX mirror, 2017-03-28)",REAL
6880,BUCKSPORT,US,USA,44.566667,-68.783333,V,RN,"NGA World Port Index (HDX mirror, 2017-03-28)",REAL
6890,WINTERPORT,US,USA,44.633333,-68.85,V,RN,"NGA World Port Index (HDX mirror, 2017-03-28)",REAL
6900,BANGOR,US,USA,44.8,-68.766667,S,RN,"NGA World Port Index (HDX mirror, 2017-03-28)",REAL
6910,SEARSPORT,US,USA,44.45,-68.916667,S,RN,"NGA World Port Index (HDX mirror, 2017-03-28)",REAL
6920,BELFAST,US,USA,44.416667,-69.0,V,RN,"NGA World Port Index (HDX mirror, 2017-03-28)",REAL
6940,CAMDEN,US,USA,44.216667,-69.066667,V,CN,"NGA World Port Index (HDX mirror, 2017-03-28)",REAL
6950,ROCKPORT,US,USA,44.183333,-69.066667,V,CN,"NGA World Port Index (HDX mirror, 2017-03-28)",REAL
6960,ROCKLAND,US,USA,44.1,-69.1,V,CB,"NGA World Port Index (HDX mirror, 2017-03-28)",REAL
43120,RETHIMNON,GR,GRC,35.366667,24.466667,V,CB,"NGA World Port Index (HDX mirror, 2017-03-28)",REAL
40980,ZALIV RASA,HR,,45.05,14.066667,V,CN,"NGA World Port Index (HDX mirror, 2017-03-28)",REAL
41350,DUGI RAT,HR,,43.45,16.65,V,CN,"NGA World Port Index (HDX mirror, 2017-03-28)",REAL
41420,KORCULA,HR,,42.933333,17.133333,V,CN,"NGA World Port Index (HDX mirror, 2017-03-28)",REAL
40120,TERMINI IMERESE,IT,ITA,37.983333,13.7,V,CB,"NGA World Port Index (HDX mirror, 2017-03-28)",REAL
39720,PORTOFERRAIO,IT,ITA,42.816667,10.333333,S,OR,"NGA World Port Index (HDX mirror, 2017-03-28)",REAL
39460,ORISTANO,IT,ITA,39.866667,8.55,V,CB,"NGA World Port Index (HDX mirror, 2017-03-28)",REAL
40505,TORRE DEL GRECO,IT,ITA,40.783333,14.366667,V,CB,"NGA World Port Index (HDX mirror, 2017-03-28)",REAL
42070,SPETSES,GR,GRC,37.266667,23.166667,V,OR,"NGA World Port Index (HDX mirror, 2017-03-28)",REAL
38398,PUERTO DE GARRUCHA,ES,ESP,37.183333,-1.816667,V,CB,"NGA World Port Index (HDX mirror, 2017-03-28)",REAL
38543,VILLANUEVA Y GELTRU,ES,ESP,41.233333,1.733333,V,CB,"NGA World Port Index (HDX mirror, 2017-03-28)",REAL
34025,DROGHEDA,IE,IRL,53.716667,-6.3,V,RB,"NGA World Port Index (HDX mirror, 2017-03-28)",REAL
34196,VALENTIA,IE,IRL,51.933333,-10.3,V,CN,"NGA World Port Index (HDX mirror, 2017-03-28)",REAL
32702,RUNAVIK,FO,,62.116667,-6.716667,V,CN,"NGA World Port Index (HDX mirror, 2017-03-28)",REAL
32676,VAGUR,FO,,61.483333,-6.8,V,CN,"NGA World Port Index (HDX mirror, 2017-03-28)",REAL
35210,ST. MARY'S (SCILLY ISL.),GB,GBR,49.916667,-6.316667,S,CB,"NGA World Port Index (HDX mirror, 2017-03-28)",REAL
33577,BANGOR,GB,GBR,54.65,-5.666667,V,RB,"NGA World Port Index (HDX mirror, 2017-03-28)",REAL
31895,BIRD PORT,GB,GBR,51.566667,-2.966667,V,RN,"NGA World Port Index (HDX mirror, 2017-03-28)",REAL
34648,GARLSTON,GB,GBR,53.35,-2.9,V,RT,"NGA World Port Index (HDX mirror, 2017-03-28)",REAL
31665,HOWDENDYKE,GB,GBR,53.733333,-0.883333,V,RN,"NGA World Port Index (HDX mirror, 2017-03-28)",REAL
33780,KILROOT,GB,GBR,54.733333,-5.716667,S,CN,"NGA World Port Index (HDX mirror, 2017-03-28)",REAL
33985,LANCASTER,GB,GBR,54.05,-2.783333,S,RB,"NGA World Port Index (HDX mirror, 2017-03-28)",REAL
34685,MOSTYN,GB,GBR,53.316667,-3.266667,V,CN,"NGA World Port Index (HDX mirror, 2017-03-28)",REAL
31668,NEW HOLLAND,GB,GBR,53.7,-0.366667,V,OR,"NGA World Port Index (HDX mirror, 2017-03-28)",REAL
31430,TILBURY,GB,GBR,51.466667,0.333333,S,RT,"NGA World Port Index (HDX mirror, 2017-03-28)",REAL
33680,WARREN POINT,GB,GBR,54.1,-6.25,V,CN,"NGA World Port Index (HDX mirror, 2017-03-28)",REAL
31600,WISBECH,GB,GBR,52.666667,0.15,S,LC,"NGA World Port Index (HDX mirror, 2017-03-28)",REAL
30985,EEMSHAVEN,NL,NLD,53.45,6.833333,S,RB,"NGA World Port Index (HDX mirror, 2017-03-28)",REAL
31215,HANSWEERT,NL,NLD,51.45,4.0,V,CT,"NGA World Port Index (HDX mirror, 2017-03-28)",REAL
30695,BUSUM,DE,DEU,54.133333,8.866667,V,CN,"NGA World Port Index (HDX mirror, 2017-03-28)",REAL
30785,BUTZFLETH,DE,DEU,53.65,9.516667,S,OR,"NGA World Port Index (HDX mirror, 2017-03-28)",REAL
30725,ITZEHOE,DE,DEU,53.916667,9.516667,V,RN,"NGA World Port Index (HDX mirror, 2017-03-28)",REAL
30740,NEUHAUS,DE,DEU,53.8,9.033333,V,RN,"NGA World Port Index (HDX mirror, 2017-03-28)",REAL
28912,ORTH,DE,DEU,54.45,11.05,V,CB,"NGA World Port Index (HDX mirror, 2017-03-28)",REAL
30480,LEMVIG,DK,DNK,56.583333,8.283333,V,CB,"NGA World Port Index (HDX mirror, 2017-03-28)",REAL
29905,SKAERBAEK,DK,DNK,55.516667,9.616667,V,OR,"NGA World Port Index (HDX mirror, 2017-03-28)",REAL
30500,HOLSTEBRO-STUER,DK,DNK,56.5,8.583333,S,CB,"NGA World Port Index (HDX mirror, 2017-03-28)",REAL
30457,THISTED,DK,DNK,56.95,8.7,V,CB,"NGA World Port Index (HDX mirror, 2017-03-28)",REAL
28750,POLICE,PL,POL,53.566667,14.566667,S,CN,"NGA World Port Index (HDX mirror, 2017-03-28)",REAL
28615,LIELUPE,LV,,57.0,23.433333,V,RN,"NGA World Port Index (HDX mirror, 2017-03-28)",REAL
28605,SALACGRIVA,LV,,57.7,24.366667,V,RN,"NGA World Port Index (HDX mirror, 2017-03-28)",REAL
28654,BUTINGE OIL TERMINAL,LT,LTU,56.033333,20.95,V,OR,"NGA World Port Index (HDX mirror, 2017-03-28)",REAL
29390,HUNDESTED,DK,DNK,55.966667,11.85,V,CB,"NGA World Port Index (HDX mirror, 2017-03-28)",REAL
61850,FUSHIKI-TOYAMA,JP,JPN,36.766667,137.133333,S,CB,"NGA World Port Index (HDX mirror, 2017-03-28)",REAL
11640,KINGSTOWN,VC,,13.15,-61.233333,S,CN,"NGA World Port Index (HDX mirror, 2017-03-28)",REAL
11670,ST GEORGE'S,GD,,12.05,-61.75,S,CN,"NGA World Port Index (HDX mirror, 2017-03-28)",REAL
11772,GALEOTA POINT TERMINAL,TT,,10.133333,-60.983333,S,OR,"NGA World Port Index (HDX mirror, 2017-03-28)",REAL
61820,FUKUI KO,JP,JPN,36.183333,136.1,M,RN,"NGA World Port Index (HDX mirror, 2017-03-28)",REAL
11720,PORT OF SPAIN,TT,,10.65,-61.516667,M,CN,"NGA World Port Index (HDX mirror, 2017-03-28)",REAL
11730,POINTE A PIERRE,TT,,10.316667,-61.466667,S,OR,"NGA World Port Index (HDX mirror, 2017-03-28)",REAL
38610,IBIZA,ES,ESP,38.9,1.45,V,CB,"NGA World Port Index (HDX mirror, 2017-03-28)",REAL
11780,KRALENDIJK,BQ,,12.15,-68.283333,V,OR,"NGA World Port Index (HDX mirror, 2017-03-28)",REAL
38080,HORTA,PT,PRT,38.533333,-28.633333,S,CB,"NGA World Port Index (HDX mirror, 2017-03-28)",REAL
61568,HIGASHI-HARIMA,JP,JPN,34.7,134.833333,M,CB,"NGA World Port Index (HDX mirror, 2017-03-28)",REAL
61550,OSAKA,JP,JPN,34.65,135.433333,L,CB,"NGA World Port Index (HDX mirror, 2017-03-28)",REAL
62110,SAKAIDE KO,JP,JPN,34.333333,133.85,V,CN,"NGA World Port Index (HDX mirror, 2017-03-28)",REAL
11830,SINT NICOLAAS BAAI,AW,,12.433333,-69.916667,S,CB,"NGA World Port Index (HDX mirror, 2017-03-28)",REAL
12220,CUMANA (PUERTO SUCRE),VE,,10.466667,-64.183333,V,OR,"NGA World Port Index (HDX mirror, 2017-03-28)",REAL
12185,PUERTO LA CRUZ,VE,,10.25,-64.633333,L,OR,"NGA World Port Index (HDX mirror, 2017-03-28)",REAL
12180,JOSE TERMINAL,VE,,10.1,-64.85,V,OR,"NGA World Port Index (HDX mirror, 2017-03-28)",REAL
12145,CATIA LA MAR,VE,,10.6,-67.016667,V,CN,"NGA World Port Index (HDX mirror, 2017-03-28)",REAL
12130,PUERTO BORBURATA,VE,,10.483333,-67.983333,V,CN,"NGA World Port Index (HDX mirror, 2017-03-28)",REAL
12100,PUERTO CHICHIRIVICHE,VE,,10.916667,-68.266667,V,CN,"NGA World Port Index (HDX mirror, 2017-03-28)",REAL
37230,BAYONNE,FR,FRA,43.5,-1.466667,M,RN,"NGA World Port Index (HDX mirror, 2017-03-28)",REAL
38870,TOULON,FR,FRA,43.1,5.916667,L,CB,"NGA World Port Index (HDX mirror, 2017-03-28)",REAL
39070,PORTO VECCHIO,FR,FRA,41.583333,9.283333,V,CN,"NGA World Port Index (HDX mirror, 2017-03-28)",REAL
12060,LAS PIEDRAS,VE,,11.7,-70.216667,S,OR,"NGA World Port Index (HDX mirror, 2017-03-28)",REAL
61605,FUKUYAMA,JP,JPN,34.433333,133.433333,M,CN,"NGA World Port Index (HDX mirror, 2017-03-28)",REAL
62894,VITINO,RU,,67.083333,32.316667,V,CN,"NGA World Port Index (HDX mirror, 2017-03-28)",REAL
45460,TABARKA,TN,,36.966667,8.766667,V,CB,"NGA World Port Index (HDX mirror, 2017-03-28)",REAL
45350,ABU KHAMMASH,LY,,33.066667,11.816667,V,CN,"NGA World Port Index (HDX mirror, 2017-03-28)",REAL
48348,RAS AL MISHAB,SA,SAU,28.116667,48.633333,S,OR,"NGA World Port Index (HDX mirror, 2017-03-28)",REAL
48349,RAS AL KHAFJI,SA,SAU,28.433333,48.583333,S,OR,"NGA World Port Index (HDX mirror, 2017-03-28)",REAL
38433,ISLAS HORMIGAS,ES,ESP,37.65,-0.65,,,"NGA World Port Index (HDX mirror, 2017-03-28)",REAL
38585,LAS HORMIGAS,ES,ESP,41.866667,3.183333,,,"NGA World Port Index (HDX mirror, 2017-03-28)",REAL
33200,FORT WILLIAM,GB,GBR,56.816667,-5.116667,V,RB,"NGA World Port Index (HDX mirror, 2017-03-28)",REAL
33210,GLENSANDA,GB,GBR,56.566667,-5.533333,V,RN,"NGA World Port Index (HDX mirror, 2017-03-28)",REAL
33160,LOCHALINE,GB,GBR,56.55,-5.766667,V,RB,"NGA World Port Index (HDX mirror, 2017-03-28)",REAL
38010,LAGOS,PT,PRT,37.1,-8.616667,,,"NGA World Port Index (HDX mirror, 2017-03-28)",REAL
48327,KHALIFA BIN SALMAN,BH,BHR,26.25,50.75,M,CB,"NGA World Port Index (HDX mirror, 2017-03-28)",REAL
60205,SUIZHANG GANG,CN,CHN,40.066667,121.05,V,OR,"NGA World Port Index (HDX mirror, 2017-03-28)",REAL
44790,BODRUM,TR,TUR,37.033333,27.433333,V,CN,"NGA World Port Index (HDX mirror, 2017-03-28)",REAL
47110,LAMU,KE,,-2.266667,40.9,S,CN,"NGA World Port Index (HDX mirror, 2017-03-28)",REAL
60376,GWANGYANG HANG,KR,,34.85,127.8,M,CN,"NGA World Port Index (HDX mirror, 2017-03-28)",REAL
61245,ISHIKARI BAY NEW PORT,JP,JPN,43.216667,141.283333,M,CB,"NGA World Port Index (HDX mirror, 2017-03-28)",REAL
