product_id,product_name,avg_unit_price_gbp,abc_class,net_units,net_revenue_gbp,active_days,first_sale_date,last_sale_date,is_forecast_series,provenance
10002,INFLATABLE POLITICAL GLOBE,0.85,C,860,759.89,46,2010-12-01,2011-04-18,False,REAL
10080,GROOVY CACTUS INFLATABLE,0.39,C,303,119.09,21,2011-02-27,2011-11-21,False,REAL
10120,DOGGY RUBBER,0.21,C,192,40.32,24,2010-12-03,2011-12-04,False,REAL
10123C,HEARTS WRAPPING TAPE,0.65,C,5,3.25,3,2010-12-03,2011-03-31,False,REAL
10124A,SPOTS ON RED BOOKCOVER TAPE,0.42,C,16,6.72,5,2010-12-06,2011-11-06,False,REAL
10124G,ARMY CAMO BOOKCOVER TAPE,0.42,C,17,7.14,4,2010-12-02,2011-11-06,False,REAL
10125,MINI FUNKY DESIGN TAPES,0.85,B,1295,993.99,63,2010-12-01,2011-12-09,False,REAL
10133,COLOURING PENCILS BROWN TUBE,0.79,B,2846,1535.4,110,2010-12-01,2011-09-07,False,REAL
10135,COLOURING PENCILS BROWN TUBE,1.25,B,2228,2203.64,119,2010-12-01,2011-12-08,False,REAL
11001,ASSTD DESIGN RACING CAR PEN,1.69,B,1402,2105.07,88,2010-12-01,2011-12-06,False,REAL
15030,FAN BLACK FRAME,0.29,C,143,41.47,12,2011-03-24,2011-12-06,False,REAL
15034,PAPER POCKET TRAVELING FAN,0.14,C,5206,730.12,104,2010-12-05,2011-12-08,False,REAL
15036,ASSORTED COLOURS SILK FAN,0.83,A,23730,18490.16,232,2010-12-02,2011-12-09,True,REAL
15039,SANDALWOOD FAN,1.63,B,2064,1956.54,105,2010-12-05,2011-12-09,False,REAL
15044A,PINK PAPER PARASOL,2.95,B,457,1436.07,82,2010-12-21,2011-12-05,False,REAL
15044B,BLUE PAPER PARASOL,2.95,B,321,946.83,52,2010-12-01,2011-09-28,False,REAL
15044C,PURPLE PAPER PARASOL,2.95,B,310,1014.14,70,2010-12-06,2011-12-06,False,REAL
15044D,RED PAPER PARASOL,2.95,B,643,1816.81,72,2010-12-06,2011-12-05,False,REAL
15056BL,EDWARDIAN PARASOL BLACK,5.95,A,2802,16268.17,210,2010-12-01,2011-12-09,False,REAL
15056N,EDWARDIAN PARASOL NATURAL,5.95,A,4032,23471.92,245,2010-12-01,2011-12-09,False,REAL
15056P,EDWARDIAN PARASOL PINK,5.95,A,802,4727.1,130,2010-12-01,2011-12-08,False,REAL
15058A,BLUE POLKADOT GARDEN PARASOL,7.95,B,196,1639.09,63,2010-12-10,2011-11-23,False,REAL
15058B,PINK POLKADOT GARDEN PARASOL,10.79,B,226,1871.77,67,2010-12-10,2011-11-17,False,REAL
15058C,ICE CREAM DESIGN GARDEN PARASOL,10.79,B,240,1429.82,55,2011-02-03,2011-12-09,False,REAL
15060B,FAIRY CAKE DESIGN UMBRELLA,3.75,B,453,1828.67,105,2010-12-02,2011-11-20,False,REAL
16008,SMALL FOLDING SCISSOR(POINTED EDGE),0.12,C,2892,360.71,57,2010-12-09,2011-12-09,False,REAL
16010,FOLDING CAMPING SCISSOR W/KNIF & S,0.12,C,30,3.6,3,2010-12-05,2011-03-28,False,REAL
16011,ANIMAL STICKERS,0.21,C,1749,367.29,45,2010-12-05,2011-12-07,False,REAL
16012,FOOD/DRINK SPONGE STICKERS,0.21,C,1196,251.16,30,2010-12-02,2011-12-05,False,REAL
16014,SMALL CHINESE STYLE SCISSOR,0.42,A,13328,4335.76,49,2010-12-01,2011-12-09,False,REAL
16015,MEDIUM CHINESE STYLE SCISSOR,0.5,C,662,289.98,23,2010-12-09,2011-11-17,False,REAL
16016,LARGE CHINESE STYLE SCISSOR,0.85,B,1273,1053.45,60,2010-12-01,2011-12-09,False,REAL
16020C,CLEAR STATIONERY BOX SET,0.83,C,84,69.9,13,2011-03-02,2011-07-05,False,REAL
16033,MINI HIGHLIGHTER PENS,0.12,C,840,100.8,4,2010-12-12,2011-02-17,False,REAL
16043,POP ART PUSH DOWN RUBBER,0.12,C,98,11.76,2,2011-06-07,2011-06-09,False,REAL
16045,POPART WOODEN PENCILS ASST,0.04,C,8900,380.0,56,2010-12-22,2011-12-05,False,REAL
16046,TEATIME PEN CASE & PENS,0.85,C,65,55.25,13,2010-12-02,2011-11-28,False,REAL
16048,TEATIME ROUND PENCIL SHARPENER,0.12,C,1460,205.3,54,2010-12-10,2011-12-08,False,REAL
16049,TEATIME GEL PENS ASST,0.12,C,504,82.08,4,2011-04-26,2011-05-25,False,REAL
16052,TEATIME PUSH DOWN RUBBER,0.83,C,479,115.3,12,2010-12-07,2011-06-09,False,REAL
16054,POPART RECT PENCIL SHARPENER ASST,0.12,C,1130,136.2,28,2010-12-10,2011-12-04,False,REAL
16151A,FLOWERS HANDBAG blue and orange,1.25,C,49,61.25,3,2011-05-11,2011-05-25,False,REAL
16156L,WRAP CAROUSEL,0.42,C,475,199.5,17,2011-01-07,2011-12-02,False,REAL
16156S,WRAP PINK FAIRY CAKES,0.42,B,5800,2331.0,123,2010-12-02,2011-12-08,False,REAL
16161G,WRAP BAD HAIR DAY,0.1,C,700,70.0,21,2011-03-15,2011-11-24,False,REAL
16161M,WRAP  PINK FLOCK,0.42,C,25,10.5,1,2010-12-02,2010-12-02,False,REAL
16161P,WRAP ENGLISH ROSE,0.42,A,7151,2959.42,161,2010-12-02,2011-12-07,False,REAL
16161U,WRAP SUKI AND FRIENDS,0.42,B,4025,1666.5,104,2010-12-05,2011-12-02,False,REAL
16162L,THE KING GIFT BAG,0.65,C,20,13.0,8,2011-01-11,2011-09-13,False,REAL
16162M,THE KING GIFT BAG 25x24x12cm,0.42,C,28,11.76,7,2011-07-19,2011-11-27,False,REAL
16168M,FUNKY MONKEY GIFT BAG MEDIUM,0.83,C,371,173.12,36,2010-12-01,2011-12-08,False,REAL
16169E,WRAP 50'S  CHRISTMAS,0.42,B,4438,1839.96,82,2011-07-21,2011-12-09,False,REAL
16169K,WRAP FOLK ART,0.42,C,200,84.0,8,2010-12-06,2011-09-28,False,REAL
16169M,WRAP DAISY CARPET,0.42,C,660,277.2,25,2011-01-05,2011-12-02,False,REAL
16169N,WRAP BLUE RUSSIAN FOLKART,0.42,C,25,10.5,1,2010-12-06,2010-12-06,False,REAL
16169P,WRAP GREEN RUSSIAN FOLKART,0.42,C,50,21.0,2,2010-12-10,2010-12-19,False,REAL
16202A,PASTEL PINK PHOTO ALBUM,0.5,C,7,3.5,2,2011-03-11,2011-04-17,False,REAL
16202B,PASTEL BLUE PHOTO ALBUM,0.5,C,29,14.5,2,2011-04-17,2011-04-19,False,REAL
16202E,BLACK PHOTO ALBUM,0.5,C,15,7.5,3,2011-04-04,2011-04-17,False,REAL
16206B,RED PURSE WITH PINK HEART,1.25,C,7,8.75,2,2010-12-23,2011-01-26,False,REAL
16207A,PINK STRAWBERRY HANDBAG,2.46,C,60,163.1,31,2010-12-19,2011-11-06,False,REAL
16207B,PINK HEART RED HANDBAG,2.46,C,29,76.14,16,2011-01-11,2011-08-30,False,REAL
16216,LETTER SHAPE PENCIL SHARPENER,0.06,C,3333,234.0,40,2010-12-12,2011-12-07,False,REAL
16218,CARTOON  PENCIL SHARPENERS,0.06,C,3821,283.31,55,2010-12-03,2011-12-09,False,REAL
16219,HOUSE SHAPE PENCIL SHARPENER,0.83,C,3000,404.84,81,2010-12-07,2011-12-08,False,REAL
16225,RATTLE SNAKE EGGS,1.25,C,813,689.35,74,2010-12-03,2011-12-09,False,REAL
16235,RECYCLED PENCIL WITH RABBIT ERASER,0.42,C,3067,695.19,118,2010-12-02,2011-12-09,False,REAL
16236,KITTY PENCIL ERASERS,0.21,C,1438,320.09,100,2010-12-01,2011-12-08,False,REAL
16237,SLEEPING CAT ERASERS,0.21,B,4931,1035.33,171,2010-12-01,2011-12-09,False,REAL
16238,PARTY TIME PENCIL ERASERS,0.21,C,1396,321.67,99,2010-12-01,2011-12-08,False,REAL
16244B,MAXWELL 2 TONE BLUE 60 PAGE PHOTO A,1.225,C,7,7.85,2,2011-04-26,2011-05-11,False,REAL
16248B,BLUE HOLE PUNCH,1.25,C,13,16.25,7,2011-03-07,2011-10-30,False,REAL
16254,TRANSPARENT ACRYLIC TAPE DISPENSER,1.63,C,40,42.58,17,2011-06-15,2011-11-30,False,REAL
16258A,SWIRLY CIRCULAR RUBBERS IN BAG,0.42,C,471,178.55,51,2010-12-01,2011-12-08,False,REAL
16259,PIECE OF CAMO STATIONERY SET,0.08,C,3272,317.92,27,2011-03-17,2011-11-13,False,REAL
17001,HEAVENS SCENT FRAGRANCE OILS ASSTD,0.29,C,72,20.88,1,2011-02-28,2011-02-28,False,REAL
17003,BROCADE RING PURSE,0.29,A,23017,6025.2,154,2010-12-01,2011-12-08,True,REAL
17007B,S/3 POT POURI CUSHIONS BLUE COLOURS,2.1,C,24,50.4,2,2010-12-06,2011-06-08,False,REAL
17011F,ORIGAMI SANDLEWOOD INCENSE+FLOWER,0.65,C,81,66.36,7,2010-12-01,2011-05-19,False,REAL
17012A,ORIGAMI VANILLA INCENSE/CANDLE SET,2.46,C,323,375.93,56,2010-12-01,2011-12-02,False,REAL
17012B,ORIGAMI JASMINE INCENSE/CANDLE SET,2.46,C,525,595.85,74,2010-12-01,2011-11-30,False,REAL
17012C,ORIGAMI LAVENDER INCENSE/CANDL SET,2.46,C,420,481.8,67,2010-12-01,2011-12-08,False,REAL
17012D,ORIGAMI ROSE INCENSE/CANDLE SET,2.46,C,461,547.24,75,2010-12-01,2011-12-08,False,REAL
17012E,ORIGAMI OPIUM INCENSE/CANDLE SET,2.51,C,44,62.64,7,2010-12-01,2010-12-15,False,REAL
17012F,ORIGAMI SANDLEWOOD INCENSE/CAND SET,2.46,C,448,530.6,72,2010-12-01,2011-12-08,False,REAL
17013D,ORIGAMI ROSE INCENSE IN TUBE,0.42,C,535,267.82,13,2010-12-08,2011-06-07,False,REAL
17014A,ORIGAMI VANILLA INCENSE CONES,0.42,C,155,71.19,8,2010-12-01,2011-06-27,False,REAL
17021,NAMASTE SWAGAT INCENSE,0.3,C,2391,632.34,44,2010-12-01,2011-12-05,False,REAL
17028J,INCENSE BAZAAR PEACH,0.42,C,6,2.52,1,2011-01-31,2011-01-31,False,REAL
17038,PORCELAIN BUDAH INCENSE HOLDER,0.1,C,1525,158.06,34,2010-12-07,2011-12-09,False,REAL
17084A,TRANQUILITY MASALA INCENSE,0.21,C,200,42.0,7,2011-01-31,2011-09-13,False,REAL
17084J,LOVE POTION MASALA INCENSE,0.21,C,225,47.25,8,2010-12-07,2011-09-13,False,REAL
17084N,FAIRY DREAMS INCENSE,0.42,C,1264,313.31,82,2010-12-01,2011-12-09,False,REAL
17084P,DRAGONS BLOOD INCENSE,0.42,C,423,104.44,35,2010-12-01,2011-12-08,False,REAL
17084R,ASSORTED INCENSE PACK,0.21,C,4032,760.32,26,2010-12-03,2011-12-05,False,REAL
17090A,LAVENDER INCENSE 40 CONES IN TIN,1.25,C,109,107.45,10,2010-12-02,2011-11-24,False,REAL
17090D,VANILLA INCENSE 40 CONES IN TIN,1.25,C,29,36.25,12,2010-12-02,2011-07-11,False,REAL
17091A,LAVENDER INCENSE IN TIN,0.38,C,171,98.91,20,2010-12-01,2011-05-18,False,REAL
17091J,VANILLA INCENSE IN TIN,0.38,B,2084,920.67,75,2010-12-03,2011-12-09,False,REAL
17096,ASSORTED LAQUERED INCENSE HOLDERS,0.21,C,2545,455.98,23,2010-12-08,2011-07-19,False,REAL
17107D,"FLOWER FAIRY,5 SUMMER B'DRAW LINERS",2.55,C,170,433.5,41,2010-12-03,2011-12-05,False,REAL
17109D,FLOWER FAIRY INCENSE BOUQUET,0.38,C,61,32.35,5,2010-12-05,2011-04-21,False,REAL
17129F,BLUE GLASS GEMS IN BAG,1.63,C,586,552.13,51,2010-12-01,2011-12-05,False,REAL
17136A,BLUE STONES ON WIRE FOR CANDLE,0.08,C,352,29.59,17,2011-02-01,2011-11-03,False,REAL
17164B,ASS COL SMALL SAND GECKO P'WEIGHT,0.42,C,27,11.34,8,2010-12-01,2011-01-26,False,REAL
17165D,ASS COL LARGE SAND FROG P'WEIGHT,1.05,C,27,28.35,7,2010-12-10,2011-01-12,False,REAL
17174,ASSTD RASTA KEY-CHAINS,0.42,C,9,3.78,3,2011-01-16,2011-11-24,False,REAL
17191A,ROSE FLOWER CANDLE+INCENSE 16X16CM,3.75,C,4,15.0,2,2011-11-13,2011-12-04,False,REAL
18007,ESSENTIAL BALM 3.5g TIN IN ENVELOPE,0.18,C,5884,395.61,26,2010-12-06,2011-07-20,False,REAL
18094C,WHITE AND BLUE CERAMIC OIL BURNER,2.46,C,192,283.93,37,2010-12-06,2011-10-07,False,REAL
18097A,PINK TALL PORCELAIN T-LIGHT HOLDER,2.55,C,5,12.75,4,2010-12-02,2011-06-22,False,REAL
18097C,WHITE TALL PORCELAIN T-LIGHT HOLDER,2.55,B,403,1019.21,59,2010-12-02,2011-12-08,False,REAL
18098C,PORCELAIN BUTTERFLY OIL BURNER,2.95,B,265,921.87,35,2010-12-01,2011-08-08,False,REAL
20615,BLUE POLKADOT PASSPORT COVER,2.1,C,309,466.99,75,2010-12-02,2011-12-08,False,REAL
20616,CHERRY BLOSSOM PASSPORT COVER,1.63,C,194,243.53,61,2010-12-01,2011-12-08,False,REAL
20617,FIRST CLASS PASSPORT COVER,2.1,C,93,194.94,40,2010-12-01,2011-12-08,False,REAL
20618,QUEEN OF THE SKIES PASSPORT COVER,1.66,C,148,286.39,60,2010-12-08,2011-12-06,False,REAL
20619,TROPICAL PASSPORT COVER,1.63,C,262,439.65,83,2010-12-01,2011-12-05,False,REAL
20622,VIPPASSPORT COVER,2.1,C,185,303.7,45,2010-12-01,2011-12-05,False,REAL
20652,BLUE POLKADOT LUGGAGE TAG,1.25,C,265,346.86,62,2010-12-03,2011-12-08,False,REAL
20653,CHERRY BLOSSOM LUGGAGE TAG,0.85,C,73,95.18,31,2010-12-01,2011-12-05,False,REAL
20654,FIRST CLASS LUGGAGE TAG,1.25,C,152,193.59,43,2010-12-10,2011-12-08,False,REAL
20655,QUEEN OF SKIES LUGGAGE TAG,1.25,C,197,292.29,77,2010-12-03,2011-12-04,False,REAL
20657,TROPICAL LUGGAGE TAG,1.25,C,73,105.91,33,2010-12-03,2011-11-11,False,REAL
20658,RED RETROSPOT LUGGAGE TAG,1.25,C,433,652.11,79,2010-12-01,2011-09-26,False,REAL
20659,ECONOMY LUGGAGE TAG,1.25,C,158,246.84,51,2010-12-05,2011-12-09,False,REAL
20661,BLUE POLKADOT PURSE,2.46,C,44,141.15,30,2010-12-03,2011-12-01,False,REAL
20662,FIRST CLASS HOLIDAY PURSE,2.485,C,31,90.42,18,2010-12-01,2011-10-24,False,REAL
20663,QUEEN OF THE SKIES HOLIDAY PURSE,2.485,C,25,66.26,18,2010-12-07,2011-10-17,False,REAL
20664,TROPICAL HOLIDAY PURSE,2.46,C,32,81.66,17,2010-12-12,2011-08-30,False,REAL
20665,RED RETROSPOT PURSE,2.95,B,461,1546.27,121,2010-12-01,2011-12-09,False,REAL
20666,ECONOMY HOLIDAY PURSE,0.83,C,30,41.53,15,2010-12-12,2011-07-20,False,REAL
20667,CHERRY BLOSSOM PURSE,2.46,C,20,49.69,16,2011-05-31,2011-08-30,False,REAL
20668,DISCO BALL CHRISTMAS DECORATION,0.12,B,12883,1501.4,122,2010-12-01,2011-12-09,True,REAL
20669,RED HEART LUGGAGE TAG,1.25,C,304,447.34,76,2010-12-01,2011-12-09,False,REAL
20670,VIP HOLIDAY PURSE,2.95,C,14,44.04,11,2010-12-12,2011-11-15,False,REAL
20671,BLUE TEATIME PRINT BOWL,1.25,C,10,12.5,2,2010-12-05,2010-12-09,False,REAL
20674,GREEN POLKADOT BOWL,1.25,B,1557,2008.73,150,2010-12-02,2011-12-08,False,REAL
20675,BLUE POLKADOT BOWL,1.25,A,3116,3978.12,197,2010-12-02,2011-12-08,False,REAL
20676,RED RETROSPOT BOWL,1.25,A,5009,6357.31,230,2010-12-01,2011-12-08,False,REAL
20677,PINK POLKADOT BOWL,1.25,A,3669,4741.09,200,2010-12-02,2011-12-08,False,REAL
20678,LARGE BLACK DIAMANTE HAIRSLIDE,1.65,C,4,6.6,1,2011-09-23,2011-09-23,False,REAL
20679,EDWARDIAN PARASOL RED,5.95,A,1701,9968.87,192,2010-12-01,2011-12-09,False,REAL
20681,PINK POLKADOT CHILDRENS UMBRELLA,3.25,C,139,503.71,34,2010-12-01,2011-03-07,False,REAL
20682,RED RETROSPOT CHILDRENS UMBRELLA,3.25,A,1217,4112.83,158,2010-12-01,2011-12-08,False,REAL
20684,STRAWBERRY DREAM CHILDS UMBRELLA,3.25,C,80,270.56,33,2010-12-01,2011-07-22,False,REAL
20685,DOORMAT RED RETROSPOT,7.95,A,4020,27575.72,259,2010-12-01,2011-12-09,False,REAL
20686,DOLLY MIXTURE CHILDREN'S UMBRELLA,3.25,B,267,922.67,67,2010-12-03,2011-12-08,False,REAL
20694,FLORAL PINK MONSTER,3.75,C,43,187.54,16,2010-12-17,2011-11-22,False,REAL
20695,FLORAL BLUE MONSTER,4.25,C,5,21.25,4,2010-12-08,2011-11-17,False,REAL
20696,FLORAL SOFT CAR TOY,3.75,C,54,230.81,27,2010-12-01,2011-11-11,False,REAL
20697,LITTLE GREEN MONSTER SOFT TOY,2.55,C,19,48.45,11,2010-12-01,2011-11-23,False,REAL
20698,LITTLE PINK MONSTER SOFT TOY,2.55,C,17,43.35,8,2011-01-11,2011-11-23,False,REAL
20699,MOUSEY LONG LEGS SOFT TOY,2.51,C,97,266.03,29,2010-12-01,2011-12-05,False,REAL
20700,GREEN CAT FLORAL CUSHION COVER,4.13,C,73,345.17,47,2010-12-01,2011-09-28,False,REAL
20701,PINK CAT FLORAL CUSHION COVER,4.13,C,25,100.97,16,2010-12-23,2011-06-30,False,REAL
20702,PINK PADDED MOBILE,4.25,C,134,573.54,39,2010-12-05,2011-10-26,False,REAL
20703,BLUE PADDED SOFT MOBILE,,C,0,0.0,0,,,False,REAL
20704,MR ROBOT SOFT TOY,6.95,C,216,697.7,34,2010-12-13,2011-12-09,False,REAL
20705,MRS ROBOT SOFT TOY,6.95,C,142,426.9,26,2010-12-14,2011-12-06,False,REAL
20707,CRAZY DAISY HEART DECORATION,0.83,C,463,467.14,104,2010-12-01,2011-12-05,False,REAL
20711,JUMBO BAG TOYS,4.13,A,4987,10977.61,219,2010-12-01,2011-12-01,False,REAL
20712,JUMBO BAG WOODLAND ANIMALS,2.08,A,9532,21663.56,277,2010-12-01,2011-12-09,False,REAL
20713,JUMBO BAG OWLS,2.08,A,11186,22569.63,208,2010-12-01,2011-12-09,False,REAL
20716,PARTY FOOD SHOPPER BAG,1.25,C,400,469.63,54,2010-12-06,2011-06-29,False,REAL
20717,STRAWBERRY SHOPPER BAG,1.25,A,2845,3549.48,222,2010-12-01,2011-12-09,False,REAL
20718,RED RETROSPOT SHOPPER BAG,1.25,A,4758,6590.73,249,2010-12-01,2011-12-09,False,REAL
20719,WOODLAND CHARLOTTE BAG,0.85,A,13178,16654.45,275,2010-12-01,2011-12-09,False,REAL
20723,STRAWBERRY CHARLOTTE BAG,0.85,A,9729,12494.53,267,2010-12-01,2011-12-09,False,REAL
20724,RED RETROSPOT CHARLOTTE BAG,0.85,A,17538,21602.95,286,2010-12-01,2011-12-09,True,REAL
20725,LUNCH BAG RED RETROSPOT,1.65,A,18870,35028.46,298,2010-12-01,2011-12-09,True,REAL
20726,LUNCH BAG WOODLAND,1.65,A,9829,18152.98,287,2010-12-01,2011-12-09,False,REAL
20727,LUNCH BAG  BLACK SKULL.,1.65,A,12076,22159.01,292,2010-12-01,2011-12-09,False,REAL
20728,LUNCH BAG CARS BLUE,1.65,A,11577,21377.23,293,2010-12-01,2011-12-09,False,REAL
20731,POSY CANDY BAG,1.25,C,92,109.96,14,2010-12-06,2011-06-20,False,REAL
20733,GOLD MINI TAPE MEASURE,0.83,C,934,740.36,136,2010-12-01,2011-12-09,False,REAL
20734,SILVER MINI TAPE MEASURE,1.63,C,158,271.22,26,2010-12-03,2011-04-06,False,REAL
20735,BLACK MINI TAPE MEASURE,0.85,C,623,625.8,83,2010-12-01,2011-12-06,False,REAL
20748,KENSINGTON COFFEE SET,12.75,C,57,751.17,32,2010-12-05,2011-11-28,False,REAL
20749,ASSORTED COLOUR MINI CASES,7.95,A,1748,12439.27,197,2010-12-01,2011-12-09,False,REAL
20750,RED RETROSPOT MINI CASES,7.95,A,1735,12539.58,210,2010-12-01,2011-12-09,False,REAL
20751,FUNKY WASHING UP GLOVES ASSORTED,2.1,B,970,2039.42,144,2010-12-02,2011-12-04,False,REAL
20752,BLUE POLKADOT WASHING UP GLOVES,2.1,B,406,918.35,114,2010-12-01,2011-11-27,False,REAL
20754,RETROSPOT RED WASHING UP GLOVES,2.1,A,1456,3086.76,181,2010-12-01,2011-11-20,False,REAL
20755,BLUE PAISLEY POCKET BOOK,0.85,C,306,271.17,52,2010-12-01,2011-12-07,False,REAL
20756,GREEN FERN POCKET BOOK,0.85,C,63,53.55,20,2011-01-20,2011-11-22,False,REAL
20757,RED DAISY POCKET BOOK,0.85,C,158,136.64,31,2010-12-02,2011-11-27,False,REAL
20758,ABSTRACT CIRCLES POCKET BOOK,0.85,C,159,135.15,37,2010-12-09,2011-12-07,False,REAL
20759,CHRYSANTHEMUM POCKET BOOK,0.85,C,64,54.4,19,2010-12-02,2011-12-07,False,REAL
20760,GARDEN PATH POCKET BOOK,0.85,C,69,58.65,19,2010-12-02,2011-11-24,False,REAL
20761,BLUE PAISLEY SKETCHBOOK,3.75,C,120,505.97,55,2010-12-01,2011-12-07,False,REAL
20762,GREEN FERN SKETCHBOOK,3.75,C,106,420.08,49,2010-12-06,2011-12-06,False,REAL
20763,DAISY SKETCHBOOK,3.75,C,73,205.04,26,2010-12-07,2011-12-06,False,REAL
20764,ABSTRACT CIRCLES SKETCHBOOK,3.75,C,142,603.31,64,2010-12-05,2011-12-08,False,REAL
20765,CHRYSANTHEMUM SKETCHBOOK,3.75,C,102,416.05,51,2010-12-01,2011-12-05,False,REAL
20766,GARDEN PATH SKETCHBOOK,3.75,C,122,493.57,49,2010-12-02,2011-12-04,False,REAL
20767,BLUE PAISLEY JOURNAL,2.55,C,250,656.06,70,2010-12-03,2011-12-06,False,REAL
20768,GREEN FERN JOURNAL,2.55,C,176,438.57,47,2010-12-01,2011-12-06,False,REAL
20769,DAISY JOURNAL,2.55,C,80,217.56,29,2010-12-06,2011-12-06,False,REAL
20770,ABSTRACT CIRCLE JOURNAL,2.51,C,184,447.25,60,2010-12-01,2011-11-27,False,REAL
20771,CHRYSANTHEMUM  JOURNAL,2.55,C,102,267.13,35,2010-12-05,2011-12-06,False,REAL
20772,GARDEN PATH JOURNAL,2.55,C,245,616.09,52,2010-12-01,2011-12-08,False,REAL
20773,BLUE PAISLEY NOTEBOOK,1.65,C,56,92.4,22,2010-12-01,2011-09-12,False,REAL
20774,GREEN FERN NOTEBOOK,1.65,C,86,141.24,36,2010-12-01,2011-10-04,False,REAL
20775,DAISY NOTEBOOK,1.63,C,134,233.54,48,2010-12-06,2011-12-05,False,REAL
20777,CHRYSANTHEMUM NOTEBOOK,1.63,C,169,282.49,60,2010-12-01,2011-12-09,False,REAL
20778,GARDEN PATH NOTEBOOK,1.65,C,15,24.75,7,2010-12-09,2011-04-26,False,REAL
20780,BLACK EAR MUFF HEADPHONES,5.49,C,47,312.7,24,2010-12-01,2011-12-08,False,REAL
20781,GOLD EAR MUFF HEADPHONES,5.49,C,34,206.77,24,2010-12-06,2011-12-07,False,REAL
20782,CAMOUFLAGE EAR MUFF HEADPHONES,5.49,C,53,368.08,24,2010-12-06,2011-12-09,False,REAL
20785,FUSCHIA RETRO BAR STOOL,39.95,C,14,523.3,5,2011-01-05,2011-04-06,False,REAL
20793,BLUE TILED TRAY,6.75,C,3,20.25,3,2010-12-12,2011-09-08,False,REAL
20794,BLUE  TILE HOOK,2.55,C,90,259.84,26,2010-12-07,2011-12-06,False,REAL
20795,LARGE BLUE PROVENCAL CERAMIC BALL,2.1,C,43,100.45,11,2011-01-18,2011-12-05,False,REAL
20796,SMALL BLUE PROVENCAL CERAMIC BALL,1.65,C,62,103.94,9,2011-03-01,2011-11-10,False,REAL
20798,CLEAR MILKSHAKE GLASS,2.1,C,36,75.6,5,2010-12-02,2011-01-25,False,REAL
20801,LARGE PINK GLASS SUNDAE DISH,0.79,B,981,1133.8,52,2010-12-07,2011-05-25,False,REAL
20802,SMALL GLASS SUNDAE DISH CLEAR,1.65,B,700,964.4,56,2010-12-06,2011-11-28,False,REAL
20803,SMALL PINK GLASS SUNDAE DISH,0.39,C,871,447.82,31,2010-12-06,2011-05-01,False,REAL
20816,GOLD FLOWER CUSHION COVER,1.95,C,8,15.6,1,2011-04-28,2011-04-28,False,REAL
20818,GOLD TEDDY BEAR,7.46,C,15,42.7,5,2010-12-13,2011-05-04,False,REAL
20819,SILVER TEDDY BEAR,3.75,C,63,240.97,23,2010-12-06,2011-11-30,False,REAL
20820,SILVER LOOKING MIRROR,4.95,C,5,24.75,2,2010-12-01,2011-03-01,False,REAL
20821,GOLDIE LOOKING MIRROR,4.95,C,11,54.45,5,2011-03-30,2011-11-23,False,REAL
20823,GOLD WINE GOBLET,0.79,C,164,129.56,6,2011-04-19,2011-06-09,False,REAL
20826,SILVER APERITIF GLASS,0.39,C,276,128.4,8,2010-12-13,2011-05-18,False,REAL
20827,GOLD APERITIF GLASS,0.39,C,88,34.32,2,2011-04-19,2011-04-21,False,REAL
20828,GLITTER BUTTERFLY CLIPS,2.55,A,1128,3074.78,162,2010-12-02,2011-12-08,False,REAL
20829,GLITTER HANGING BUTTERFLY STRING,2.1,B,1195,2519.38,141,2010-12-03,2011-12-08,False,REAL
20830,SILVER PHOTO FRAME,2.1,C,136,409.83,32,2010-12-12,2011-10-02,False,REAL
20831,GOLD PHOTO FRAME,2.1,C,216,466.53,34,2010-12-12,2011-12-09,False,REAL
20832,RED FLOCK LOVE HEART PHOTO FRAME,0.79,C,1066,571.82,64,2010-12-02,2011-12-09,False,REAL
20835,FRENCH LATTICE CUSHION COVER,0.83,C,67,65.8,8,2010-12-01,2011-11-10,False,REAL
20836,FRENCH PAISLEY CUSHION COVER,0.83,C,158,131.14,16,2011-05-03,2011-11-24,False,REAL
20837,FRENCH FLORAL CUSHION COVER,0.83,C,141,142.47,13,2011-02-17,2011-11-20,False,REAL
20838,FRENCH LATTICE CUSHION COVER,0.85,C,373,451.25,49,2011-04-27,2011-12-05,False,REAL
20839,FRENCH PAISLEY CUSHION COVER,3.29,B,575,840.44,78,2010-12-01,2011-12-08,False,REAL
20840,FRENCH FLORAL CUSHION COVER,0.85,C,521,622.12,59,2010-12-01,2011-12-08,False,REAL
20845,ZINC HEART LATTICE 2 WALL PLANTER,6.35,C,19,120.65,10,2011-01-18,2011-08-16,False,REAL
20846,ZINC HEART LATTICE T-LIGHT HOLDER,1.25,B,716,957.32,69,2010-12-01,2011-12-07,False,REAL
20847,ZINC HEART LATTICE CHARGER LARGE,3.75,C,52,217.58,17,2010-12-06,2011-11-25,False,REAL
20848,ZINC HEART LATTICE CHARGER SMALL,2.95,C,21,61.95,8,2010-12-13,2011-11-06,False,REAL
20851,ZINC HEART LATTICE TRAY OVAL,5.95,C,9,53.55,7,2011-01-30,2011-04-27,False,REAL
20854,BLUE PATCH PURSE PINK HEART,1.65,C,228,359.92,28,2010-12-01,2011-02-20,False,REAL
20856,DENIM PATCH PURSE PINK BUTTERFLY,1.65,C,206,340.79,50,2010-12-01,2011-08-09,False,REAL
20857,BLUE ROSE PATCH PURSE PINK BUTTERFL,1.65,C,17,28.05,7,2010-12-07,2011-02-17,False,REAL
20860,GOLD COSMETICS BAG WITH BUTTERFLY,2.1,C,1,2.1,1,2010-12-13,2010-12-13,False,REAL
20861,GOLD COSMETIC BAG PINK STAR,2.1,C,2,4.2,2,2010-12-06,2010-12-10,False,REAL
20866,BLUE ROSE FABRIC MIRROR,1.25,C,477,582.5,64,2010-12-01,2011-12-08,False,REAL
20867,PINK ROSE FABRIC MIRROR,1.25,C,331,393.47,48,2010-12-01,2011-12-06,False,REAL
20868,SILVER FABRIC MIRROR,0.39,C,445,214.28,35,2010-12-10,2011-12-08,False,REAL
20869,GOLD FABRIC MIRROR,0.39,C,167,81.69,26,2010-12-17,2011-12-08,False,REAL
20871,OPULENT VELVET SET/3 CANDLES,4.21,C,2,8.42,1,2010-12-14,2010-12-14,False,REAL
20878,SET/9 CHRISTMAS T-LIGHTS SCENTED,1.25,C,24,30.0,3,2010-12-01,2010-12-05,False,REAL
20886,BOX OF 9 PEBBLE CANDLES,1.95,B,478,972.58,86,2010-12-03,2011-11-07,False,REAL
20892,SET/3 TALL GLASS CANDLE HOLDER PINK,25.49,C,4,89.22,3,2010-12-07,2010-12-21,False,REAL
20893,HANGING BAUBLE T-LIGHT HOLDER SMALL,2.55,C,232,533.42,26,2010-12-02,2011-12-04,False,REAL
20894,HANGING BAUBLE T-LIGHT HOLDER LARGE,2.95,C,33,108.71,14,2010-12-02,2011-12-01,False,REAL
20897,VINTAGE NOTEBOOK PARIS DAYS,2.46,C,101,280.57,22,2010-12-06,2011-08-30,False,REAL
20898,VINTAGE NOTEBOOK TRAVELOGUE,2.46,C,32,88.03,11,2011-01-27,2011-10-23,False,REAL
20901,VINTAGE KEEPSAKE BOX PINK FLOWER,4.13,C,17,72.43,10,2011-06-07,2011-11-14,False,REAL
20902,VINTAGE KEEPSAKE BOX PARIS DAYS,4.13,C,112,686.86,45,2010-12-01,2011-08-10,False,REAL
20903,VINTAGE KEEPSAKE BOX TRAVELOGUE,4.13,C,82,441.89,46,2010-12-06,2011-10-23,False,REAL
20906,VINTAGE NOTEBOOK BEAUTY GIRL,2.95,C,3,8.85,2,2010-12-08,2011-04-03,False,REAL
20910,VINTAGE PHOTO ALBUM PARIS DAYS,6.35,C,8,50.8,3,2010-12-03,2010-12-16,False,REAL
20914,SET/5 RED RETROSPOT LID GLASS BOWLS,2.95,A,6275,18118.45,281,2010-12-01,2011-12-09,False,REAL
20931,BLUE POT PLANT CANDLE,3.75,B,285,1019.6,56,2010-12-01,2011-12-09,False,REAL
20932,PINK POT PLANT CANDLE,3.75,C,194,598.49,32,2010-12-10,2011-12-08,False,REAL
20933,YELLOW POT PLANT CANDLE,2.95,C,23,71.05,8,2011-01-05,2011-12-08,False,REAL
20934,SET/3 POT PLANT CANDLES,5.45,C,63,397.21,29,2010-12-17,2011-11-04,False,REAL
20935,ROUND CACTUS CANDLE,2.95,C,6,17.7,4,2011-09-23,2011-11-16,False,REAL
20936,FORKED CACTUS CANDLE,2.95,C,100,319.66,31,2010-12-05,2011-12-09,False,REAL
20941,FROG CANDLE,1.25,C,64,83.78,17,2010-12-03,2011-07-06,False,REAL
20954,*USB Office Mirror Ball,8.47,C,2,16.94,1,2010-12-17,2010-12-17,False,REAL
20956,PORCELAIN T-LIGHT HOLDERS ASSORTED,1.25,B,817,1140.27,78,2010-12-01,2011-12-06,False,REAL
20960,WATERMELON BATH SPONGE,2.51,C,29,72.49,10,2010-12-03,2011-03-07,False,REAL
20961,STRAWBERRY BATH SPONGE,1.25,B,1182,1682.93,142,2010-12-01,2011-12-09,False,REAL
20963,APPLE BATH SPONGE,1.25,B,1336,1911.17,143,2010-12-01,2011-12-09,False,REAL
20964,POLYESTER FILLER PAD 60x40cm,2.55,C,2,5.1,1,2011-05-06,2011-05-06,False,REAL
20966,SANDWICH BATH SPONGE,2.46,B,719,1022.8,53,2010-12-01,2011-08-24,False,REAL
20967,GREY FLORAL FELTCRAFT SHOULDER BAG,3.75,B,265,1027.94,52,2010-12-02,2011-10-26,False,REAL
20969,RED FLORAL FELTCRAFT SHOULDER BAG,3.75,A,1815,6737.52,172,2010-12-01,2011-12-08,False,REAL
20970,PINK FLORAL FELTCRAFT SHOULDER BAG,3.75,A,1113,4220.88,153,2010-12-01,2011-12-09,False,REAL
20971,PINK BLUE FELT CRAFT TRINKET BOX,1.25,A,9672,12423.09,233,2010-12-01,2011-12-09,False,REAL
20972,PINK CREAM FELT CRAFT TRINKET BOX,1.25,A,7301,9083.06,243,2010-12-01,2011-12-09,False,REAL
20973,12 PENCIL SMALL TUBE WOODLAND,0.65,A,4471,3193.37,146,2010-12-01,2011-12-09,False,REAL
20974,12 PENCILS SMALL TUBE SKULL,0.65,A,6410,4211.33,200,2010-12-01,2011-12-09,False,REAL
20975,12 PENCILS SMALL TUBE RED RETROSPOT,0.65,A,6489,4289.67,165,2010-12-01,2011-12-08,False,REAL
20977,36 PENCILS TUBE WOODLAND,1.25,B,1671,2243.64,124,2010-12-01,2011-11-07,False,REAL
20978,36 PENCILS TUBE SKULLS,1.25,B,1779,2375.05,160,2010-12-01,2011-12-09,False,REAL
20979,36 PENCILS TUBE RED RETROSPOT,1.25,A,3585,4537.48,191,2010-12-01,2011-12-09,False,REAL
20980,36 PENCILS TUBE POSY,1.25,C,79,76.91,17,2010-12-05,2011-08-08,False,REAL
20981,12 PENCILS TALL TUBE WOODLAND,0.85,B,1936,1708.27,147,2010-12-01,2011-12-09,False,REAL
20982,12 PENCILS TALL TUBE SKULLS,0.85,B,2135,1867.07,141,2010-12-01,2011-12-09,False,REAL
20983,12 PENCILS TALL TUBE RED RETROSPOT,0.85,B,2707,2349.31,161,2010-12-02,2011-12-09,False,REAL
20984,12 PENCILS TALL TUBE POSY,0.29,B,3761,1159.11,100,2010-12-02,2011-10-17,False,REAL
20985,HEART CALCULATOR,1.25,B,1152,1507.41,98,2010-12-05,2011-12-09,False,REAL
20986,BLUE CALCULATOR RULER,1.25,B,654,829.74,81,2010-12-02,2011-12-09,False,REAL
20992,JAZZ HEARTS PURSE NOTEBOOK,0.39,B,4425,1944.63,159,2010-12-01,2011-12-08,False,REAL
20996,JAZZ HEARTS ADDRESS BOOK,0.19,C,3191,726.89,141,2010-12-01,2011-12-08,False,REAL
20997,ROSE DU SUD CUSHION COVER,4.13,C,59,257.61,31,2011-04-19,2011-12-08,False,REAL
20998,ROSE DU SUD OVEN GLOVE,2.95,C,185,505.2,60,2010-12-03,2011-10-14,False,REAL
21000,ROSE DU SUD COSMETICS BAG,3.36,C,96,360.84,46,2010-12-01,2011-12-09,False,REAL
21001,ROSE DU SUD WASHBAG,4.13,C,73,348.19,41,2010-12-06,2011-12-08,False,REAL
21002,ROSE DU SUD DRAWSTRING BAG,3.29,C,123,420.16,45,2010-12-01,2011-10-23,False,REAL
21003,ROSE DU SUD CUSHION COVER,5.79,C,78,460.58,40,2011-01-07,2011-12-08,False,REAL
21009,ETCHED GLASS STAR TREE DECORATION,1.25,C,1,1.25,1,2010-12-17,2010-12-17,False,REAL
21011,GLITTER SNOW PEAR TREE DECORATION,1.45,C,20,29.0,3,2010-12-05,2010-12-21,False,REAL
21012,ANTIQUE ALL GLASS CANDLESTICK,2.46,B,1166,2607.75,133,2010-12-01,2011-12-09,False,REAL
21014,SWISS CHALET TREE DECORATION,0.83,C,1385,598.82,72,2010-12-01,2011-11-23,False,REAL
21015,DARK BIRD HOUSE TREE DECORATION,0.83,C,1479,588.39,81,2010-12-01,2011-12-09,False,REAL
21018,BIRD BOX CHRISTMAS TREE DECORATION,0.85,C,24,22.06,6,2010-12-01,2010-12-17,False,REAL
21025,SPACE FROG,1.25,C,174,233.52,46,2010-12-02,2011-12-06,False,REAL
21026,SPACE OWL,1.25,C,255,315.75,52,2010-12-02,2011-12-09,False,REAL
21027,NINJA RABBIT PINK,1.25,C,167,187.79,33,2010-12-03,2011-11-21,False,REAL
21028,NINJA RABBIT BLACK,1.25,C,187,239.24,49,2010-12-06,2011-12-08,False,REAL
21030,SPACE CADET RED,1.25,C,131,159.7,33,2010-12-02,2011-11-21,False,REAL
21031,SPACE CADET BLACK,1.25,C,52,64.24,19,2010-12-02,2011-11-16,False,REAL
21032,SPACE CADET WHITE,1.25,C,97,117.78,30,2010-12-02,2011-11-30,False,REAL
21033,JUMBO BAG CHARLIE AND LOLA TOYS,2.95,A,1930,4847.86,133,2010-12-01,2011-09-08,False,REAL
21034,REX CASH+CARRY JUMBO SHOPPER,0.95,B,1857,1764.15,273,2010-12-01,2011-12-08,False,REAL
21035,SET/2 RED RETROSPOT TEA TOWELS,3.25,A,2399,7986.85,200,2010-12-01,2011-12-09,False,REAL
21038,SET/4 MODERN VINTAGE COTTON NAPKINS,0.79,C,75,80.85,16,2010-12-01,2011-05-04,False,REAL
21039,RED RETROSPOT SHOPPING BAG,2.55,B,517,1338.39,72,2010-12-02,2011-12-06,False,REAL
21040,MODERN VINTAGE COTTON SHOPPING BAG,1.67,C,22,29.7,8,2010-12-03,2011-03-15,False,REAL
21041,RED RETROSPOT OVEN GLOVE DOUBLE,2.95,A,911,3880.13,153,2010-12-01,2011-11-23,False,REAL
21042,RED RETROSPOT APRON,5.95,B,329,2169.77,100,2010-12-02,2011-12-08,False,REAL
21043,APRON MODERN VINTAGE COTTON,1.95,B,492,1139.86,59,2010-12-16,2011-06-07,False,REAL
21051,RIBBONS PURSE,2.1,C,192,377.2,40,2010-12-03,2011-12-08,False,REAL
21054,NURSE'S BAG SOFT TOY,8.95,C,70,634.53,27,2010-12-03,2011-11-14,False,REAL
21055,TOOL BOX SOFT TOY,8.95,B,171,1701.99,77,2010-12-01,2011-12-08,False,REAL
21056,DOCTOR'S BAG SOFT TOY,8.95,B,181,1738.55,63,2010-12-01,2011-12-08,False,REAL
21058,PARTY INVITES WOODLAND,0.85,B,1142,955.46,98,2010-12-02,2011-12-08,False,REAL
21059,PARTY INVITES DINOSAURS,0.85,C,599,518.03,83,2010-12-02,2011-12-08,False,REAL
21060,PARTY INVITES BALLOON GIRL,0.85,C,405,359.29,63,2010-12-02,2011-12-05,False,REAL
21061,PARTY INVITES FOOTBALL,0.85,C,488,451.7,74,2010-12-01,2011-12-04,False,REAL
21062,PARTY INVITES SPACEMAN,0.85,C,538,457.38,66,2010-12-01,2011-12-02,False,REAL
21063,PARTY INVITES JAZZ HEARTS,0.85,C,528,458.31,83,2010-12-01,2011-12-06,False,REAL
21064,BOOM BOX SPEAKER BOYS,4.13,B,295,1275.25,67,2010-12-02,2011-12-09,False,REAL
21065,BOOM BOX SPEAKER GIRLS,4.13,B,560,1148.68,67,2010-12-01,2011-12-09,False,REAL
21066,VINTAGE RED MUG,1.25,C,702,693.47,50,2010-12-03,2011-12-01,False,REAL
21067,VINTAGE RED TEATIME MUG,1.25,C,290,474.77,60,2010-12-01,2011-10-04,False,REAL
21068,VINTAGE BILLBOARD LOVE/HATE MUG,1.25,B,1632,1882.83,132,2010-12-01,2011-12-08,False,REAL
21069,VINTAGE BILLBOARD TEA MUG,1.25,B,1248,1507.46,69,2010-12-01,2011-07-12,False,REAL
21070,VINTAGE BILLBOARD MUG,1.25,B,1106,1184.98,84,2010-12-01,2011-12-08,False,REAL
21071,VINTAGE BILLBOARD DRINK ME MUG,1.25,B,985,1373.92,119,2010-12-01,2011-10-31,False,REAL
21078,SET/20 STRAWBERRY PAPER NAPKINS,0.85,B,2769,2531.04,166,2010-12-03,2011-10-13,False,REAL
21080,SET/20 RED RETROSPOT PAPER NAPKINS,0.85,A,13185,11298.11,292,2010-12-01,2011-12-08,False,REAL
21082,SET/20 FRUIT SALAD PAPER NAPKINS,1.63,C,88,143.44,25,2011-01-14,2011-06-28,False,REAL
21084,SET/6 COLLAGE PAPER CUPS,0.19,C,2586,768.58,115,2011-01-07,2011-12-07,False,REAL
21086,SET/6 RED SPOTTY PAPER CUPS,0.65,A,7121,4851.5,220,2010-12-01,2011-12-06,False,REAL
21087,SET/6 POSIES PAPER CUPS,0.65,C,141,74.57,15,2011-02-18,2011-04-19,False,REAL
21088,SET/6 FRUIT SALAD PAPER CUPS,0.19,C,1666,426.0,76,2011-01-07,2011-12-08,False,REAL
21089,SET/6 GREEN SPRING PAPER CUPS,0.19,C,233,48.99,22,2010-12-06,2011-08-17,False,REAL
21090,SET/6 COLLAGE PAPER PLATES,0.83,B,2377,1260.15,137,2010-12-05,2011-12-07,False,REAL
21094,SET/6 RED SPOTTY PAPER PLATES,0.85,A,8758,6933.26,243,2010-12-01,2011-12-08,False,REAL
21095,SET/6 POSIES PAPER PLATES,0.85,C,125,118.73,13,2010-12-03,2011-06-16,False,REAL
21096,SET/6 FRUIT SALAD  PAPER PLATES,0.39,C,1259,581.09,73,2011-01-07,2011-12-08,False,REAL
21098,CHRISTMAS TOILET ROLL,1.25,A,3668,5021.85,101,2010-12-01,2011-12-09,False,REAL
21100,CHARLIE AND LOLA CHARLOTTE BAG,4.13,C,65,162.21,20,2010-12-03,2011-03-22,False,REAL
21106,CREAM SLICE FLANNEL CHOCOLATE SPOT,2.95,C,237,702.51,48,2010-12-01,2011-12-02,False,REAL
21107,CREAM SLICE FLANNEL PINK SPOT,2.95,B,901,2492.71,77,2010-12-01,2011-12-06,False,REAL
21108,FAIRY CAKE FLANNEL ASSORTED COLOUR,2.55,A,7090,11462.31,136,2010-12-01,2011-12-09,False,REAL
21109,LARGE CAKE TOWEL CHOCOLATE SPOTS,4.21,A,936,2763.2,67,2010-12-01,2011-12-09,False,REAL
21110,LARGE CAKE TOWEL PINK SPOTS,6.75,A,1103,3802.2,82,2010-12-01,2011-11-25,False,REAL
21111,"SWISS ROLL TOWEL, CHOCOLATE  SPOTS",2.55,B,900,1651.02,67,2010-12-01,2011-12-09,False,REAL
21112,"SWISS ROLL TOWEL, PINK  SPOTS",2.95,A,1359,2885.13,61,2010-12-03,2011-12-05,False,REAL
21114,LAVENDER SCENTED FABRIC HEART,1.25,B,1331,1765.58,111,2010-12-02,2011-12-04,False,REAL
21115,ROSE CARAVAN DOORSTOP,6.75,A,562,3162.24,114,2010-12-01,2011-12-09,False,REAL
21116,OWL DOORSTOP,8.29,A,695,4051.79,160,2010-12-01,2011-12-05,False,REAL
21117,BLOND DOLL DOORSTOP,1.25,C,109,141.75,14,2011-01-13,2011-11-23,False,REAL
21120,*Boombox Ipod Classic,16.98,C,1,16.98,1,2010-12-09,2010-12-09,False,REAL
21121,SET/10 RED POLKADOT PARTY CANDLES,1.25,A,6534,7908.85,219,2010-12-01,2011-12-09,False,REAL
21122,SET/10 PINK POLKADOT PARTY CANDLES,1.25,A,5253,6398.54,207,2010-12-01,2011-12-09,False,REAL
21123,SET/10 IVORY POLKADOT PARTY CANDLES,1.25,B,1095,1320.84,108,2010-12-01,2011-12-09,False,REAL
21124,SET/10 BLUE POLKADOT PARTY CANDLES,1.25,A,3931,4763.05,171,2010-12-01,2011-12-09,False,REAL
21125,SET 6 FOOTBALL CELEBRATION CANDLES,1.25,B,650,822.23,85,2010-12-01,2011-12-09,False,REAL
21126,SET OF 6 GIRLS CELEBRATION CANDLES,1.25,C,587,742.7,98,2010-12-01,2011-12-09,False,REAL
21128,GOLD FISHING GNOME,12.46,C,68,546.6,35,2010-12-01,2011-12-07,False,REAL
21129,SILVER FISHING GNOME,6.95,C,52,419.52,26,2011-01-04,2011-11-29,False,REAL
21131,GOLD STANDING GNOME,4.25,C,106,398.02,27,2010-12-10,2011-12-06,False,REAL
21132,SILVER STANDING GNOME,4.25,C,44,217.36,22,2010-12-09,2011-12-08,False,REAL
21135,VICTORIAN  METAL POSTCARD SPRING,1.69,A,2577,3084.04,134,2010-12-01,2011-12-08,False,REAL
21136,PAINTED METAL PEARS ASSORTED,1.69,A,4678,7777.93,210,2010-12-01,2011-12-08,False,REAL
21137,BLACK RECORD COVER FRAME,3.75,A,11638,40584.99,181,2010-12-01,2011-12-09,False,REAL
21143,ANTIQUE GLASS HEART DECORATION,1.95,C,326,705.28,24,2010-12-01,2011-08-22,False,REAL
21144,PINK POODLE HANGING DECORATION,3.36,C,5,16.8,2,2010-12-09,2010-12-21,False,REAL
21145,ANTIQUE GLASS PLACE SETTING,1.25,C,122,152.5,8,2010-12-13,2011-11-16,False,REAL
21147,JINGLE BELLS TREE DECORATION,2.1,C,203,415.77,56,2010-12-01,2011-12-05,False,REAL
21154,RED RETROSPOT OVEN GLOVE,1.25,A,3822,6093.51,224,2010-12-01,2011-12-09,False,REAL
21155,RED RETROSPOT PEG BAG,2.55,A,2918,8787.8,242,2010-12-02,2011-12-09,False,REAL
21156,RETROSPOT CHILDRENS APRON,1.95,A,3135,6022.85,195,2010-12-01,2011-12-08,False,REAL
21157,RED RETROSPOT WASHBAG,4.13,C,78,225.5,27,2010-12-02,2011-10-25,False,REAL
21158,MOODY GIRL DOOR HANGER,0.39,C,1445,772.51,118,2010-12-01,2011-12-09,False,REAL
21159,MOODY BOY  DOOR HANGER,0.39,C,1126,601.79,102,2010-12-02,2011-12-09,False,REAL
21160,KEEP OUT GIRLS DOOR HANGER,3.36,C,1,3.36,1,2010-12-14,2010-12-14,False,REAL
21161,KEEP OUT BOYS DOOR HANGER,1.45,C,143,229.92,35,2010-12-02,2011-06-08,False,REAL
21162,TOXIC AREA  DOOR HANGER,0.39,B,1462,792.98,102,2010-12-06,2011-12-09,False,REAL
21163,DO NOT TOUCH MY STUFF DOOR HANGER,0.39,C,1196,680.55,92,2010-12-02,2011-10-28,False,REAL
21164,HOME SWEET HOME METAL SIGN,2.95,A,1760,5138.28,181,2010-12-01,2011-12-08,False,REAL
21165,BEWARE OF THE CAT METAL SIGN,1.69,A,4142,6915.42,223,2010-12-01,2011-12-07,False,REAL
21166,COOK WITH WINE METAL SIGN,2.08,A,10240,20718.83,237,2010-12-01,2011-12-09,False,REAL
21167,WHITE SAGE INCENSE,0.42,C,1382,326.64,55,2010-12-05,2011-12-08,False,REAL
21169,YOU'RE CONFUSING ME METAL SIGN,1.69,A,4399,7278.35,215,2010-12-01,2011-12-09,False,REAL
21171,BATHROOM METAL SIGN,1.45,C,438,613.14,57,2010-12-06,2011-08-11,False,REAL
21172,PARTY METAL SIGN,1.45,A,3472,5319.78,206,2010-12-02,2011-12-09,False,REAL
21174,POTTERING IN THE SHED METAL SIGN,2.08,A,4175,9405.76,247,2010-12-01,2011-12-09,False,REAL
21175,GIN + TONIC DIET METAL SIGN,2.55,A,10178,23256.49,278,2010-12-01,2011-12-09,False,REAL
21179,NO JUNK MAIL METAL SIGN,1.25,B,1928,1309.11,129,2010-12-01,2011-09-12,False,REAL
21181,PLEASE ONE PERSON METAL SIGN,2.1,A,12189,25059.48,206,2010-12-01,2011-12-09,False,REAL
21186,WHITE DOVE HONEYCOMB PAPER GARLAND,3.36,C,2,6.72,1,2010-12-14,2010-12-14,False,REAL
21187,WHITE BELL HONEYCOMB PAPER GARLAND,1.65,C,369,648.45,36,2010-12-05,2011-08-04,False,REAL
21188,3D HEARTS  HONEYCOMB PAPER GARLAND,2.95,B,326,1021.9,45,2010-12-01,2011-08-03,False,REAL
21189,WHITE HONEYCOMB PAPER GARLAND,3.29,B,355,888.67,54,2010-12-01,2011-12-08,False,REAL
21190,PINK HEARTS PAPER GARLAND,1.65,C,118,172.7,5,2010-12-01,2011-11-25,False,REAL
21191,LARGE WHITE HONEYCOMB PAPER BELL,2.1,B,562,1451.82,70,2010-12-01,2011-12-08,False,REAL
21192,WHITE BELL HONEYCOMB PAPER,1.65,B,1092,1923.29,67,2010-12-01,2011-11-27,False,REAL
21194,PINK  HONEYCOMB PAPER FAN,0.65,C,488,549.47,57,2010-12-13,2011-12-09,False,REAL
21195,PINK  HONEYCOMB PAPER BALL,2.1,B,693,1308.56,56,2010-12-01,2011-05-17,False,REAL
21196,ROUND WHITE CONFETTI IN TUBE,1.65,C,108,189.68,12,2010-12-15,2011-12-07,False,REAL
21197,MULTICOLOUR  CONFETTI IN TUBE,1.65,C,272,363.16,24,2010-12-01,2011-12-02,False,REAL
21198,WHITE HEART CONFETTI IN TUBE,1.65,B,956,947.06,64,2010-12-20,2011-12-07,False,REAL
21199,PINK  HEART CONFETTI IN TUBE,1.65,B,918,868.17,64,2010-12-13,2011-12-02,False,REAL
21200,MULTICOLOUR HONEYCOMB PAPER GARLAND,1.65,B,1119,1531.14,61,2010-12-03,2011-12-09,False,REAL
21201,TROPICAL  HONEYCOMB PAPER GARLAND,2.55,A,1239,2985.27,89,2010-12-03,2011-12-09,False,REAL
21202,DOLLY HONEYCOMB GARLAND,1.65,C,474,485.46,25,2010-12-05,2011-11-17,False,REAL
21204,DAISIES  HONEYCOMB GARLAND,1.65,B,499,868.44,74,2010-12-06,2011-12-07,False,REAL
21205,MULTICOLOUR 3D BALLS GARLAND,2.55,C,236,633.84,57,2010-12-03,2011-12-02,False,REAL
21206,STRAWBERRY HONEYCOMB  GARLAND,1.65,B,1290,1610.92,90,2010-12-02,2011-11-23,False,REAL
21207,SKULL AND CROSSBONES  GARLAND,1.65,B,1067,1684.85,101,2010-12-01,2011-12-05,False,REAL
21208,PASTEL COLOUR HONEYCOMB FAN,0.39,C,899,681.78,71,2010-12-01,2011-12-09,False,REAL
21209,MULTICOLOUR HONEYCOMB FAN,1.45,B,1207,879.09,79,2010-12-05,2011-12-09,False,REAL
21210,SET OF 72 RETROSPOT PAPER  DOILIES,1.45,A,5675,8194.74,208,2010-12-01,2011-12-08,False,REAL
21211,SET OF 72 SKULL PAPER  DOILIES,1.45,B,871,1252.67,85,2010-12-02,2011-11-28,False,REAL
21212,PACK OF 72 RETROSPOT CAKE CASES,0.55,A,36120,21094.91,298,2010-12-01,2011-12-09,True,REAL
21213,PACK OF 72 SKULL CAKE CASES,0.55,A,15097,8374.99,267,2010-12-01,2011-12-09,True,REAL
21215,IVORY PAPER CUP CAKE CASES,0.55,C,1087,744.35,105,2010-12-02,2011-12-08,False,REAL
21216,"SET 3 RETROSPOT TEA,COFFEE,SUGAR",4.95,A,2113,11309.26,213,2010-12-01,2011-12-09,False,REAL
21217,RED RETROSPOT ROUND CAKE TINS,9.95,A,1083,11472.69,197,2010-12-01,2011-12-09,False,REAL
21218,RED SPOTTY BISCUIT TIN,3.75,A,2387,9962.49,196,2010-12-01,2011-12-09,False,REAL
21219,SET/4 BADGES BALLOON GIRL,1.25,C,448,561.84,70,2010-12-03,2011-12-08,False,REAL
21220,SET/4 BADGES DOGS,1.25,C,338,445.01,70,2010-12-01,2011-12-09,False,REAL
21221,SET/4 BADGES CUTE CREATURES,1.25,C,261,340.22,48,2010-12-01,2011-12-08,False,REAL
21222,SET/4 BADGES BEETLES,1.25,C,265,348.19,59,2010-12-06,2011-12-09,False,REAL
21224,SET/4 SKULL BADGES,1.25,B,908,1072.5,120,2010-12-03,2011-12-09,False,REAL
21226,POCKET MIRROR WOODLAND,0.83,C,93,80.55,17,2010-12-06,2011-11-25,False,REAL
21228,"POCKET MIRROR ""GLAMOROUS""",1.25,C,5,6.25,2,2011-02-08,2011-03-09,False,REAL
21231,SWEETHEART CERAMIC TRINKET BOX,1.25,A,5913,7447.3,243,2010-12-01,2011-12-08,False,REAL
21232,STRAWBERRY CERAMIC TRINKET BOX,1.25,A,11612,15974.79,272,2010-12-01,2011-12-09,False,REAL
21238,RED RETROSPOT CUP,0.85,A,3942,3465.75,216,2010-12-01,2011-12-09,False,REAL
21239,PINK  POLKADOT CUP,0.85,B,2995,2689.49,193,2010-12-02,2011-12-09,False,REAL
21240,BLUE POLKADOT CUP,0.85,A,3542,3086.72,200,2010-12-02,2011-12-08,False,REAL
21242,RED RETROSPOT PLATE,1.69,A,3351,5662.53,187,2010-12-01,2011-12-09,False,REAL
21243,PINK  POLKADOT PLATE,1.69,A,2277,3813.64,147,2010-12-01,2011-12-08,False,REAL
21244,BLUE POLKADOT PLATE,1.69,A,2275,3777.49,140,2010-12-01,2011-12-06,False,REAL
21245,GREEN POLKADOT PLATE,1.69,B,1075,1787.2,102,2010-12-01,2011-12-07,False,REAL
21246,RED RETROSPOT BIG BOWL,4.13,B,284,1326.88,78,2010-12-08,2011-09-04,False,REAL
21248,DOOR HANGER  MUM + DADS ROOM,1.45,C,205,330.72,57,2010-12-12,2011-12-09,False,REAL
21249,WOODLAND  HEIGHT CHART STICKERS,2.95,B,724,2160.0,99,2010-12-01,2011-12-08,False,REAL
21250,SET OF SKULL WALL STICKERS,2.95,C,95,274.37,19,2010-12-03,2011-11-30,False,REAL
21251,DINOSAUR HEIGHT CHART STICKER SET,2.95,C,182,568.98,41,2010-12-06,2011-11-30,False,REAL
21253,SET OF PICTURE FRAME  STICKERS,5.79,C,134,590.42,54,2010-12-06,2011-12-08,False,REAL
21257,VICTORIAN SEWING BOX MEDIUM,7.95,A,676,6813.02,155,2010-12-01,2011-12-09,False,REAL
21258,VICTORIAN SEWING BOX LARGE,12.75,A,483,7136.45,76,2010-12-01,2011-12-09,False,REAL
21259,VICTORIAN SEWING BOX SMALL,5.95,A,1168,7014.75,172,2010-12-01,2011-12-09,False,REAL
21260,FIRST AID TIN,3.25,A,1117,3579.23,125,2010-12-01,2011-12-08,False,REAL
21261,GREEN GOOSE FEATHER CHRISTMAS TREE,2.95,C,187,672.09,38,2010-12-03,2011-12-06,False,REAL
21262,WHITE GOOSE FEATHER CHRISTMAS TREE,2.95,B,329,1224.36,63,2010-12-01,2011-12-08,False,REAL
21263,GREEN GOOSE FEATHER TREE 60CM,1.95,C,165,345.27,35,2010-12-03,2011-12-06,False,REAL
21264,WHITE GOOSE FEATHER TREE 60CM,1.95,C,275,556.05,39,2010-12-09,2011-12-06,False,REAL
21265,PINK GOOSE FEATHER TREE 60CM,1.95,C,131,267.21,19,2010-12-06,2011-12-07,False,REAL
21268,VINTAGE BLUE TINSEL REEL,0.42,C,2,0.84,1,2010-12-02,2010-12-02,False,REAL
21269,ANTIQUE CREAM CUTLERY SHELF,8.5,C,29,254.98,18,2010-12-07,2011-11-22,False,REAL
21270,ANTIQUE CREAM CUTLERY CUPBOARD,8.47,C,50,530.19,30,2010-12-23,2011-12-05,False,REAL
21272,SALLE DE BAIN HOOK,1.25,C,547,776.32,82,2010-12-01,2011-08-11,False,REAL
21275,ZINC TOP  2 DOOR WOODEN SHELF,16.95,C,12,253.13,10,2010-12-17,2011-11-10,False,REAL
21277,FRENCH STYLE EMBOSSED HEART CABINET,21.95,C,24,527.53,19,2010-12-05,2011-11-23,False,REAL
21278,VINTAGE KITCHEN PRINT PUDDINGS,2.55,C,31,79.05,7,2011-01-06,2011-07-15,False,REAL
21279,VINTAGE KITCHEN PRINT FRUITS,4.96,C,82,258.5,25,2010-12-01,2011-12-04,False,REAL
21280,VINTAGE KITCHEN PRINT VEGETABLES,2.55,C,65,165.75,12,2011-01-10,2011-11-09,False,REAL
21281,VINTAGE KITCHEN PRINT SEAFOOD,5.01,C,43,129.63,12,2010-12-01,2011-11-09,False,REAL
21284,RETROSPOT CANDLE  SMALL,1.69,C,403,374.49,34,2010-12-09,2011-12-08,False,REAL
21285,RETROSPOT CANDLE  MEDIUM,2.1,C,365,413.88,31,2010-12-08,2011-12-08,False,REAL
21286,RETROSPOT CANDLE  LARGE,2.55,C,273,362.12,24,2010-12-03,2011-12-08,False,REAL
21287,SCENTED VELVET LOUNGE CANDLE,0.38,C,1790,760.15,44,2010-12-03,2011-12-06,False,REAL
21288,STRIPEY CHOCOLATE NESTING BOXES,3.29,B,331,1000.21,89,2010-12-01,2011-12-08,False,REAL
21289,LARGE STRIPES CHOCOLATE GIFT BAG,1.25,C,563,703.75,46,2010-12-06,2011-12-08,False,REAL
21291,SMALL POLKADOT CHOCOLATE GIFT BAG,0.85,B,943,819.64,44,2010-12-06,2011-11-28,False,REAL
21292,SMALL STRIPES CHOCOLATE GIFT BAG,0.85,C,867,594.51,25,2010-12-01,2011-12-06,False,REAL
21293,MIRRORED DOVE WALL DECORATION,2.1,C,116,276.72,24,2010-12-13,2011-12-05,False,REAL
21294,ETCHED GLASS COASTER,0.39,B,1618,825.49,64,2010-12-05,2011-10-26,False,REAL
21306,SET/4 DAISY MIRROR MAGNETS,0.29,C,475,185.42,40,2010-12-05,2011-12-05,False,REAL
21307,SET/4 BUTTERFLY MIRROR MAGNETS,2.1,C,79,39.2,12,2010-12-05,2011-07-13,False,REAL
21310,CAPIZ CHANDELIER,29.95,C,1,29.95,1,2011-05-24,2011-05-24,False,REAL
21311,SET/4 BIRD MIRROR MAGNETS,0.29,C,432,173.5,45,2010-12-05,2011-12-04,False,REAL
21313,GLASS HEART T-LIGHT HOLDER,0.85,A,3291,2872.05,146,2010-12-01,2011-12-09,False,REAL
21314,SMALL GLASS HEART TRINKET POT,2.1,A,4112,9537.58,239,2010-12-01,2011-12-09,False,REAL
21316,SMALL CHUNKY GLASS ROMAN  BOWL,2.95,C,159,214.73,12,2010-12-07,2011-04-10,False,REAL
21317,GLASS SPHERE CANDLE STAND MEDIUM,5.45,C,110,678.63,31,2010-12-09,2011-12-06,False,REAL
21318,GLASS CHALICE BLUE SMALL,1.02,C,677,405.07,34,2010-12-10,2011-05-09,False,REAL
21319,GLASS CHALICE GREEN  SMALL,1.65,C,160,174.13,17,2010-12-06,2011-04-10,False,REAL
21320,GLASS CHALICE GREEN  LARGE,2.55,C,190,349.52,15,2011-01-20,2011-04-07,False,REAL
21324,HANGING MEDINA LANTERN SMALL,2.95,C,81,259.67,26,2010-12-01,2011-05-09,False,REAL
21326,AGED GLASS SILVER T-LIGHT HOLDER,0.65,A,10514,6845.62,193,2010-12-01,2011-12-09,False,REAL
21327,SKULLS WRITING SET,1.65,B,864,1484.13,161,2010-12-01,2011-12-09,False,REAL
21328,BALLOONS  WRITING SET,1.65,B,1337,2410.43,180,2010-12-01,2011-12-09,False,REAL
21329,DINOSAURS  WRITING SET,1.65,B,940,1722.04,162,2010-12-01,2011-12-09,False,REAL
21331,MOROCCAN BEATEN METAL DISH LARGE,12.75,C,12,165.74,8,2010-12-13,2011-11-16,False,REAL
21332,MOROCCAN BEATEN METAL MIRROR,12.75,C,19,268.1,13,2011-01-09,2011-08-15,False,REAL
21333,CLASSIC WHITE FRAME,2.95,C,56,168.16,15,2010-12-01,2011-04-05,False,REAL
21336,GOLD WASHBAG,1.63,C,27,54.57,10,2010-12-06,2011-06-29,False,REAL
21340,CLASSIC METAL BIRDCAGE PLANT HOLDER,12.75,A,951,11055.62,175,2010-12-01,2011-12-07,False,REAL
21344,MOROCCAN BEATEN METAL DISH,9.95,C,12,130.24,6,2011-01-26,2011-12-08,False,REAL
21348,PINK SPOTS CHOCOLATE NESTING BOXES,2.95,C,140,361.56,5,2010-12-16,2011-01-26,False,REAL
21349,IVY HEART WREATH,6.75,C,14,128.6,8,2010-12-01,2011-11-01,False,REAL
21351,CINAMMON & ORANGE WREATH,6.75,C,104,672.88,28,2010-12-01,2011-12-09,False,REAL
21352,EUCALYPTUS & PINECONE  WREATH,5.79,B,372,1470.76,51,2010-12-01,2011-11-15,False,REAL
21354,TOAST ITS - BEST MUM,1.25,B,799,1007.71,75,2010-12-01,2011-12-01,False,REAL
21355,TOAST ITS - I LOVE YOU,1.25,B,789,992.58,65,2010-12-02,2011-12-09,False,REAL
21356,TOAST ITS - FAIRY FLOWER,0.83,C,642,703.3,106,2010-12-01,2011-12-09,False,REAL
21357,TOAST ITS - DINOSAUR,1.25,C,19,23.75,8,2010-12-02,2011-03-28,False,REAL
21358,TOAST ITS - HAPPY BIRTHDAY,1.25,C,411,493.29,88,2010-12-01,2011-12-08,False,REAL
21359,RELAX LARGE WOOD LETTERS,3.95,B,127,824.38,23,2010-12-06,2011-08-11,False,REAL
21360,JOY LARGE WOOD LETTERS,9.95,C,39,236.17,15,2010-12-02,2011-06-06,False,REAL
21361,LOVE LARGE WOOD LETTERS,12.75,B,104,1480.46,52,2010-12-03,2011-07-22,False,REAL
21363,HOME SMALL WOOD LETTERS,4.95,B,230,1339.59,86,2010-12-01,2011-09-25,False,REAL
21364,PEACE SMALL WOOD LETTERS,6.75,C,29,216.21,18,2010-12-02,2011-10-13,False,REAL
21365,MIRRORED WALL ART STARS,0.75,C,363,447.09,47,2010-12-01,2011-12-08,False,REAL
21366,MIRRORED WALL ART PHOTO FRAMES,4.25,C,89,470.17,38,2010-12-01,2011-12-07,False,REAL
21367,MIRRORED WALL ART GENTS,0.75,C,171,199.49,36,2010-12-01,2011-12-05,False,REAL
21368,MIRRORED WALL ART LADIES,0.75,C,163,143.28,29,2011-01-16,2011-12-05,False,REAL
21369,MIRRORED WALL ART SPLODGES,1.25,C,101,161.49,15,2010-12-01,2011-12-05,False,REAL
21370,MIRRORED WALL ART FOXY,1.65,C,16,100.66,8,2010-12-01,2011-12-07,False,REAL
21371,MIRRORED WALL ART POPPIES,0.75,C,287,319.71,35,2011-01-13,2011-12-08,False,REAL
21372,MIRRORED WALL ART TABLE LAMP,0.75,C,75,107.75,30,2010-12-01,2011-11-28,False,REAL
21373,MIRRORED WALL ART SNOWFLAKES,0.75,C,500,380.04,38,2011-06-10,2011-12-07,False,REAL
21374,MIRRORED WALL ART SKULLS,1.25,C,304,463.79,40,2010-12-01,2011-12-01,False,REAL
21375,LARGE CAMPHOR WOOD FIELD MUSHROOM,10.79,C,41,312.77,26,2010-12-06,2011-12-04,False,REAL
21376,LARGE  TALL CAMPHOR WOOD TOADSTOOL,5.45,C,33,192.81,17,2010-12-08,2011-12-04,False,REAL
21377,SMALL CAMPHOR WOOD FIELD  MUSHROOM,3.29,C,121,215.68,40,2010-12-03,2011-12-08,False,REAL
21378,SMALL TALL CAMPHOR WOOD TOADSTOOL,1.65,C,142,217.89,33,2010-12-12,2011-12-09,False,REAL
21379,CAMPHOR WOOD PORTOBELLO MUSHROOM,2.46,C,178,246.83,46,2010-12-03,2011-12-09,False,REAL
21380,WOODEN HAPPY BIRTHDAY GARLAND,2.95,A,2157,6283.91,178,2010-12-01,2011-12-02,False,REAL
21381,MINI WOODEN HAPPY BIRTHDAY GARLAND,1.69,A,1786,3088.99,167,2010-12-02,2011-12-06,False,REAL
21382,SET/4 SPRING FLOWER DECORATION,1.63,B,1135,1370.53,94,2010-12-09,2011-12-01,False,REAL
21383,PACK OF 12 STICKY BUNNIES,0.83,C,989,749.98,113,2010-12-02,2011-12-09,False,REAL
21385,IVORY HANGING DECORATION  HEART,0.85,A,3881,3440.75,188,2010-12-01,2011-12-08,False,REAL
21386,IVORY HANGING DECORATION  EGG,0.19,C,709,285.64,45,2010-12-15,2011-12-04,False,REAL
21389,IVORY HANGING DECORATION  BIRD,0.85,B,1112,963.38,95,2010-12-06,2011-12-04,False,REAL
21390,FILIGRIS HEART WITH BUTTERFLY,1.25,A,3900,4844.38,139,2010-12-02,2011-12-08,False,REAL
21391,FRENCH LAVENDER SCENT HEART,0.75,B,1066,1049.29,79,2010-12-06,2011-11-21,False,REAL
21392,RED POLKADOT PUDDING BOWL,2.1,C,34,46.39,7,2010-12-02,2011-03-17,False,REAL
21393,BLUE POLKADOT PUDDING BOWL,2.1,C,29,38.67,7,2010-12-02,2011-03-28,False,REAL
21394,RED POLKADOT BEAKER,0.39,B,3843,1595.19,91,2010-12-23,2011-11-13,False,REAL
21395,BLUE POLKADOT BEAKER,0.39,B,2828,1135.16,69,2011-03-11,2011-11-03,False,REAL
21397,BLUE POLKADOT EGG CUP,0.39,C,1075,550.43,40,2010-12-06,2011-05-09,False,REAL
21398,RED POLKADOT COFFEE  MUG,0.39,C,1532,729.6,42,2010-12-01,2011-04-19,False,REAL
21399,BLUE POLKADOT COFFEE MUG,0.39,B,1943,826.32,50,2010-12-02,2011-06-05,False,REAL
21400,RED PUDDING SPOON,0.12,C,881,128.63,63,2010-12-16,2011-12-08,False,REAL
21401,BLUE PUDDING SPOON,0.12,C,1052,151.19,67,2010-12-05,2011-12-08,False,REAL
21402,RED  EGG  SPOON,0.12,C,1369,185.52,81,2010-12-17,2011-12-09,False,REAL
21403,BLUE EGG  SPOON,0.12,C,1857,322.18,88,2010-12-06,2011-12-08,False,REAL
21407,BROWN CHECK CAT DOORSTOP,4.25,B,289,1416.86,108,2010-12-01,2011-11-22,False,REAL
21408,SPOTTY PINK DUCK DOORSTOP,4.25,B,283,1274.31,86,2010-12-01,2011-12-09,False,REAL
21410,COUNTRY COTTAGE  DOORSTOP GREEN,8.47,C,1,8.47,1,2010-12-07,2010-12-07,False,REAL
21411,GINGHAM HEART  DOORSTOP RED,4.25,A,779,2936.33,149,2010-12-01,2011-12-09,False,REAL
21413,PERIWINKLE T-LIGHT HOLDER,1.25,C,48,75.02,15,2010-12-05,2011-11-13,False,REAL
21414,SCALLOP SHELL SOAP DISH,2.1,C,1,2.1,1,2011-02-22,2011-02-22,False,REAL
21415,CLAM SHELL SMALL,2.1,C,219,446.02,46,2010-12-02,2011-12-08,False,REAL
21416,CLAM SHELL LARGE,3.75,C,5,18.75,4,2010-12-02,2011-03-22,False,REAL
21417,COCKLE SHELL DISH,4.13,C,339,627.7,59,2010-12-02,2011-12-09,False,REAL
21418,STARFISH SOAP DISH,3.755,C,74,189.75,25,2010-12-10,2011-12-07,False,REAL
21420,OYSTER TRINKET BOX,3.25,C,53,120.41,18,2010-12-10,2011-12-07,False,REAL
21421,PORCELAIN ROSE LARGE,1.25,C,299,348.43,14,2010-12-02,2011-05-24,False,REAL
21422,PORCELAIN ROSE SMALL,0.85,B,1605,1293.3,53,2010-12-02,2011-11-28,False,REAL
21424,WOODLAND STORAGE BOX LARGE,6.63,B,344,1395.12,56,2010-12-17,2011-10-25,False,REAL
21425,SKULLS STORAGE BOX LARGE,2.95,C,87,320.49,28,2010-12-16,2011-12-06,False,REAL
21426,WOODLAND STORAGE BOX SMALL,4.96,C,254,620.38,44,2010-12-02,2011-12-05,False,REAL
21427,SKULLS STORAGE BOX SMALL,2.1,C,95,254.34,37,2010-12-01,2011-12-06,False,REAL
21428,SET3 BOOK BOX GREEN GINGHAM FLOWER,4.25,A,1189,5087.13,165,2010-12-02,2011-12-06,False,REAL
21429,RED GINGHAM ROSE JEWELLERY BOX,1.95,A,1702,3324.55,130,2010-12-01,2011-12-08,False,REAL
21430,SET/3 RED GINGHAM ROSE STORAGE BOX,3.75,A,2995,11769.42,220,2010-12-02,2011-12-09,False,REAL
21439,BASKET OF TOADSTOOLS,1.25,B,1022,1334.67,99,2010-12-01,2011-12-08,False,REAL
21441,BLUE BIRDHOUSE DECORATION,0.85,C,421,292.03,54,2010-12-01,2011-12-08,False,REAL
21442,GREEN BIRDHOUSE DECORATION,0.85,C,437,307.94,51,2010-12-08,2011-12-08,False,REAL
21445,12 PINK ROSE PEG PLACE SETTINGS,1.25,C,210,262.5,19,2010-12-05,2011-07-22,False,REAL
21446,12 RED ROSE PEG PLACE SETTINGS,1.25,C,449,630.92,84,2010-12-03,2011-12-08,False,REAL
21447,12 IVORY ROSE PEG PLACE SETTINGS,1.25,B,968,1476.85,106,2010-12-01,2011-09-21,False,REAL
21448,12 DAISY PEGS IN WOOD BOX,1.65,C,344,592.62,66,2010-12-01,2011-10-16,False,REAL
21452,TOADSTOOL MONEY BOX,2.95,B,792,2476.96,132,2010-12-01,2011-12-08,False,REAL
21454,PAINTED PINK RABBIT,0.83,C,572,485.16,92,2010-12-10,2011-12-08,False,REAL
21455,PAINTED YELLOW WOODEN DAISY,0.83,C,599,505.74,85,2010-12-17,2011-12-07,False,REAL
21456,2 PICTURE BOOK EGGS EASTER CHICKS,1.25,C,170,220.97,19,2011-01-23,2011-12-07,False,REAL
21457,2 PICTURE BOOK EGGS EASTER DUCKS,1.25,C,124,165.89,22,2011-01-23,2011-11-09,False,REAL
21458,2 PICTURE BOOK EGGS EASTER BUNNY,1.25,C,182,256.54,28,2011-01-17,2011-11-09,False,REAL
21459,YELLOW EASTER EGG HUNT START POST,1.95,C,69,136.73,18,2011-01-14,2011-04-18,False,REAL
21460,GREEN EASTER EGG HUNT START POST,1.95,C,28,56.78,11,2011-01-14,2011-03-23,False,REAL
21461,BLUE EASTER EGG HUNT START POST,1.95,C,9,21.91,4,2011-01-16,2011-04-06,False,REAL
21462,"NURSERY A,B,C PAINTED LETTERS",6.75,B,198,932.4,60,2010-12-01,2011-12-09,False,REAL
21463,MIRRORED DISCO BALL,5.95,A,608,3223.1,98,2010-12-01,2011-12-07,False,REAL
21464,DISCO BALL ROTATOR BATTERY OPERATED,4.25,B,240,1017.0,83,2010-12-01,2011-12-01,False,REAL
21465,PINK FLOWER CROCHET FOOD COVER,3.75,B,237,897.8,69,2010-12-02,2011-12-01,False,REAL
21466,RED FLOWER CROCHET FOOD COVER,3.75,B,304,1116.89,94,2010-12-01,2011-12-08,False,REAL
21467,CHERRY CROCHET FOOD COVER,3.75,B,262,996.89,84,2010-12-01,2011-12-09,False,REAL
21468,BUTTERFLY CROCHET FOOD COVER,3.75,C,148,572.23,58,2010-12-05,2011-11-29,False,REAL
21469,POLKA DOT RAFFIA FOOD COVER,3.75,B,288,1077.82,77,2010-12-01,2011-12-07,False,REAL
21470,FLOWER VINE RAFFIA FOOD COVER,3.75,B,377,1455.32,112,2010-12-02,2011-12-08,False,REAL
21471,STRAWBERRY RAFFIA FOOD COVER,3.75,B,636,2209.34,119,2010-12-01,2011-12-09,False,REAL
21472,LADYBIRD + BEE RAFFIA FOOD COVER,3.75,C,123,476.41,35,2010-12-01,2011-07-15,False,REAL
21473,SWEETHEART CREAM STEEL TABLE RECT,19.95,C,27,618.66,20,2010-12-13,2011-11-20,False,REAL
21476,STEEL SWEETHEART ROUND TABLE CREAM,14.95,C,41,699.63,23,2011-01-25,2011-10-19,False,REAL
21479,WHITE SKULL HOT WATER BOTTLE,4.25,A,3749,20019.46,163,2010-12-01,2011-12-09,False,REAL
21481,FAWN BLUE HOT WATER BOTTLE,3.75,A,3247,11278.07,173,2010-12-01,2011-12-09,False,REAL
21484,CHICK GREY HOT WATER BOTTLE,4.25,A,1835,8389.22,170,2010-12-01,2011-12-09,False,REAL
21485,RETROSPOT HEART HOT WATER BOTTLE,4.95,A,3514,17614.48,190,2010-12-01,2011-12-09,False,REAL
21486,PINK HEART DOTS HOT WATER BOTTLE,4.21,C,36,147.88,6,2010-12-01,2010-12-07,False,REAL
21488,RED WHITE SCARF  HOT WATER BOTTLE,8.47,C,69,566.17,8,2010-12-01,2011-03-01,False,REAL
21491,SET OF THREE VINTAGE GIFT WRAPS,1.95,C,1,1.95,1,2010-12-16,2010-12-16,False,REAL
21494,ROTATING LEAVES T-LIGHT HOLDER,1.66,A,1926,3568.83,152,2010-12-01,2011-12-09,False,REAL
21495,SKULLS AND CROSSBONES WRAP,0.42,B,5775,2345.5,122,2010-12-01,2011-12-08,False,REAL
21497,FANCY FONTS BIRTHDAY WRAP,0.42,A,8525,3398.5,160,2010-12-01,2011-12-09,False,REAL
21498,RED RETROSPOT WRAP,0.42,A,10476,4290.92,192,2010-12-01,2011-12-08,False,REAL
21499,BLUE POLKADOT WRAP,0.42,A,6677,2716.34,153,2010-12-02,2011-12-08,False,REAL
21500,PINK POLKADOT WRAP,0.42,B,6325,2582.5,153,2010-12-02,2011-12-05,False,REAL
21503,TOYBOX  WRAP,0.42,C,700,278.0,20,2010-12-19,2011-11-30,False,REAL
21504,SKULLS GREETING CARD,0.42,B,1891,778.89,90,2010-12-02,2011-12-07,False,REAL
21506,"FANCY FONT BIRTHDAY CARD,",0.42,B,4910,2080.85,185,2010-12-01,2011-12-09,False,REAL
21507,"ELEPHANT, BIRTHDAY CARD,",0.42,B,3296,1410.16,162,2010-12-01,2011-12-09,False,REAL
21508,VINTAGE KID DOLLY CARD,0.42,B,2466,1036.9,145,2010-12-02,2011-12-09,False,REAL
21509,COWBOYS AND INDIANS BIRTHDAY CARD,0.42,B,3741,1572.28,174,2010-12-01,2011-12-09,False,REAL
21518,BANK ACCOUNT  GREETING  CARD,0.42,C,318,132.44,30,2010-12-02,2011-07-12,False,REAL
21519,GIN & TONIC DIET GREETING CARD,0.42,B,3263,1374.1,159,2010-12-01,2011-12-08,False,REAL
21520,BOOZE & WOMEN GREETING CARD,0.42,C,502,213.35,51,2010-12-01,2011-12-05,False,REAL
21523,DOORMAT FANCY FONT HOME SWEET HOME,7.95,A,3240,21553.69,227,2010-12-01,2011-12-09,False,REAL
21524,DOORMAT SPOTTY HOME SWEET HOME,7.95,A,1746,13523.16,234,2010-12-01,2011-12-08,False,REAL
21527,RED RETROSPOT TRADITIONAL TEAPOT,7.95,A,460,3594.84,66,2010-12-02,2011-05-15,False,REAL
21528,DAIRY MAID TRADITIONAL TEAPOT,6.95,B,206,1495.02,93,2010-12-02,2011-12-09,False,REAL
21530,DAIRY MAID TOASTRACK,0.79,C,718,722.96,85,2010-12-02,2011-12-08,False,REAL
21531,RED RETROSPOT SUGAR JAM BOWL,2.55,A,1502,3648.27,170,2010-12-02,2011-12-07,False,REAL
21533,RETROSPOT LARGE MILK JUG,4.95,A,1331,6561.82,206,2010-12-01,2011-12-09,False,REAL
21534,DAIRY MAID LARGE MILK JUG,4.95,B,359,1824.73,121,2010-12-06,2011-12-07,False,REAL
21535,RED RETROSPOT SMALL MILK JUG,2.55,A,2461,5920.61,203,2010-12-09,2011-12-08,False,REAL
21537,RED RETROSPOT PUDDING BOWL,4.25,B,326,1363.46,56,2010-12-01,2011-12-07,False,REAL
21538,DAIRY MAID  PUDDING BOWL,3.75,C,5,18.75,2,2010-12-02,2010-12-09,False,REAL
21539,RED RETROSPOT BUTTER DISH,4.95,A,949,4649.8,159,2010-12-02,2011-11-01,False,REAL
21544,SKULLS  WATER TRANSFER TATTOOS,0.85,B,1972,1687.68,127,2010-12-01,2011-12-09,False,REAL
21547,CERAMIC BIRDHOUSE CRESTED TIT SMALL,2.95,C,79,253.53,19,2010-12-01,2011-03-22,False,REAL
21555,CERAMIC STRAWBERRY TRINKET TRAY,2.46,C,137,350.47,56,2010-12-05,2011-12-06,False,REAL
21556,CERAMIC STRAWBERRY MONEY BOX,2.55,B,976,2512.97,91,2010-12-01,2011-11-23,False,REAL
21557,SET OF 6 FUNKY BEAKERS,2.95,B,551,1843.61,114,2010-12-01,2011-12-09,False,REAL
21558,SKULL LUNCH BOX WITH CUTLERY,2.55,A,2128,5542.57,229,2010-12-03,2011-12-09,False,REAL
21559,STRAWBERRY LUNCH BOX WITH CUTLERY,2.55,A,3918,9697.58,245,2010-12-01,2011-12-09,False,REAL
21561,DINOSAUR LUNCH BOX WITH CUTLERY,2.55,A,1279,3122.28,146,2010-12-02,2011-12-08,False,REAL
21562,HAWAIIAN GRASS SKIRT,1.25,C,324,380.36,27,2010-12-10,2011-11-21,False,REAL
21563,RED HEART SHAPE LOVE BUCKET,2.95,A,1395,2803.13,111,2010-12-01,2011-12-09,False,REAL
21564,PINK  HEART SHAPE LOVE BUCKET,2.95,B,1039,1823.57,95,2010-12-01,2011-12-09,False,REAL
21576,LETS GO SHOPPING COTTON TOTE BAG,2.25,C,252,585.34,64,2010-12-01,2011-12-08,False,REAL
21577,SAVE THE PLANET COTTON TOTE BAG,2.25,B,713,1649.15,127,2010-12-01,2011-12-08,False,REAL
21578,WOODLAND DESIGN  COTTON TOTE BAG,2.25,B,744,1653.26,97,2010-12-02,2011-12-05,False,REAL
21579,LOLITA  DESIGN  COTTON TOTE BAG,2.25,C,168,391.72,46,2010-12-01,2011-12-06,False,REAL
21580,RABBIT  DESIGN  COTTON TOTE BAG,2.25,C,181,444.07,51,2010-12-05,2011-12-08,False,REAL
21581,SKULLS  DESIGN  COTTON TOTE BAG,2.25,C,240,563.67,66,2010-12-02,2011-12-08,False,REAL
21584,RETROSPOT SMALL TUBE MATCHES,1.65,B,1058,1741.7,105,2010-12-01,2011-12-07,False,REAL
21586,KINGS CHOICE GIANT TUBE MATCHES,2.55,B,742,1719.3,50,2010-12-01,2011-11-07,False,REAL
21587,COSY HOUR GIANT TUBE MATCHES,2.55,C,195,475.65,14,2010-12-01,2011-10-18,False,REAL
21588,RETROSPOT GIANT TUBE MATCHES,2.55,A,1492,3437.4,87,2010-12-01,2011-12-08,False,REAL
21591,COSY HOUR CIGAR BOX MATCHES,1.25,B,1342,1956.14,84,2010-12-01,2011-12-09,False,REAL
21592,RETROSPOT CIGAR BOX MATCHES,1.25,B,2146,2145.32,128,2010-12-01,2011-12-08,False,REAL
21594,Dr. Jam's Arouzer Stress Ball,4.17,C,2,8.34,2,2010-12-01,2011-01-14,False,REAL
21595,Dad's Cab Electronic Meter,8.47,C,2,16.94,2,2010-12-06,2010-12-07,False,REAL
21609,SET 12 LAVENDER  BOTANICAL T-LIGHTS,2.95,B,763,2086.69,62,2010-12-01,2011-08-30,False,REAL
21613,S/12 VANILLA  BOTANICAL T-LIGHTS,2.95,C,227,661.93,39,2010-12-05,2011-10-27,False,REAL
21614,SET OF 12 ROSE BOTANICAL T-LIGHTS,2.95,C,51,153.29,8,2011-03-31,2011-05-31,False,REAL
21615,4 LAVENDER BOTANICAL DINNER CANDLES,1.25,B,891,1347.92,80,2010-12-09,2011-12-09,False,REAL
21616,4 PEAR BOTANICAL DINNER CANDLES,1.25,B,822,1288.34,71,2010-12-05,2011-12-09,False,REAL
21617,4 LILY  BOTANICAL DINNER CANDLES,2.46,B,525,1009.26,74,2010-12-06,2011-11-21,False,REAL
21618,4 WILDFLOWER BOTANICAL CANDLES,2.46,C,404,768.37,64,2010-12-06,2011-11-14,False,REAL
21619,4 VANILLA BOTANICAL CANDLES,1.25,B,974,1476.4,82,2010-12-03,2011-12-08,False,REAL
21620,SET OF 4 ROSE BOTANICAL CANDLES,1.25,B,881,1429.49,88,2010-12-01,2011-12-09,False,REAL
21621,VINTAGE UNION JACK BUNTING,8.5,A,2759,24287.83,226,2010-12-01,2011-12-06,False,REAL
21622,VINTAGE UNION JACK CUSHION COVER,4.95,B,367,1918.29,79,2010-12-01,2011-12-07,False,REAL
21623,VINTAGE UNION JACK MEMOBOARD,9.95,A,3266,22950.39,152,2010-12-02,2011-12-08,False,REAL
21624,VINTAGE UNION JACK DOORSTOP,5.95,B,214,1319.66,80,2010-12-01,2011-12-08,False,REAL
21625,VINTAGE UNION JACK APRON,6.95,A,407,2939.51,131,2010-12-01,2011-12-07,False,REAL
21626,VINTAGE UNION JACK PENNANT,1.95,B,774,1545.8,71,2010-12-05,2011-11-21,False,REAL
21627,ELEPHANT CARNIVAL POUFFE,14.95,B,63,1299.83,45,2010-12-06,2011-10-24,False,REAL
21628,TRIANGULAR POUFFE VINTAGE,29.17,B,59,1101.85,29,2010-12-09,2011-12-08,False,REAL
21629,SQUARE FLOOR CUSHION VINTAGE RED,7.95,C,71,672.05,40,2010-12-01,2011-12-08,False,REAL
21630,FLOOR CUSHION ELEPHANT CARNIVAL,8.95,C,68,709.19,33,2010-12-05,2011-12-07,False,REAL
21631,HIPPY CHIC DECORATIVE PARASOL,8.29,B,169,896.01,22,2010-12-14,2011-11-17,False,REAL
21632,VINTAGE PINK DECORATIVE PARASOL,8.47,C,88,489.74,14,2010-12-06,2011-01-18,False,REAL
21633,SUNFLOWER DECORATIVE PARASOL,8.379999999999999,B,124,882.71,35,2010-12-16,2011-11-21,False,REAL
21634,ASSORTED MINI MADRAS NOTEBOOK,0.39,C,952,472.59,24,2010-12-01,2011-10-16,False,REAL
21635,MADRAS NOTEBOOK LARGE,1.25,C,271,374.96,15,2010-12-05,2011-07-13,False,REAL
21636,MADRAS NOTEBOOK MEDIUM,0.75,C,913,705.16,59,2011-02-10,2011-12-05,False,REAL
21637,ASSORTED SANSKRIT MINI NOTEBOOK,1.25,C,91,113.75,5,2011-03-20,2011-10-10,False,REAL
21638,ASSORTED TUTTI FRUTTI NOTEBOOK,2.1,C,247,547.76,38,2010-12-01,2011-12-08,False,REAL
21640,ASSORTED TUTTI FRUTTI  FOB NOTEBOOK,0.85,C,650,633.83,66,2010-12-03,2011-12-08,False,REAL
21641,ASSORTED TUTTI FRUTTI KEYRING BALL,1.63,C,1153,451.59,41,2010-12-01,2011-09-16,False,REAL
21642,ASSORTED TUTTI FRUTTI PEN,0.29,B,2363,792.69,72,2010-12-03,2011-12-09,False,REAL
21643,ASSORTED TUTTI FRUTTI MIRROR,1.25,C,538,728.31,50,2010-12-01,2011-11-15,False,REAL
21644,ASSORTED TUTTI FRUTTI HEART BOX,1.25,C,214,267.5,30,2010-12-06,2011-11-27,False,REAL
21647,ASSORTED TUTTI FRUTTI LARGE PURSE,2.1,C,106,222.6,18,2010-12-06,2011-11-27,False,REAL
21648,ASSORTED TUTTI FRUTTI SMALL PURSE,2.46,B,729,982.79,49,2010-12-01,2011-12-09,False,REAL
21650,ASSORTED TUTTI FRUTTI BRACELET,0.43,C,2526,688.29,95,2010-12-05,2011-12-09,False,REAL
21651,HANGING GLASS ETCHED TEALIGHT,1.65,C,127,198.57,10,2010-12-01,2011-02-21,False,REAL
21654,RIDGED GLASS FINGER BOWL,0.39,C,974,504.68,53,2010-12-01,2011-09-18,False,REAL
21655,HANGING RIDGE GLASS T-LIGHT HOLDER,1.69,C,24,40.56,1,2011-02-11,2011-02-11,False,REAL
21656,RIDGED GLASS POSY VASE,1.63,C,219,444.58,37,2010-12-01,2011-05-03,False,REAL
21657,MILK BOTTLE WITH GLASS STOPPER,6.95,C,30,223.46,15,2010-12-01,2011-02-20,False,REAL
21658,GLASS  BEURRE DISH,3.95,A,852,3611.0,121,2010-12-01,2011-08-11,False,REAL
21661,VINTAGE GLASS TEA CADDY,5.95,C,3,17.85,3,2011-01-04,2011-02-22,False,REAL
21662,VINTAGE GLASS COFFEE CADDY,5.95,C,86,557.3,22,2010-12-01,2011-08-15,False,REAL
21664,RIDGED GLASS STORAGE JAR CREAM LID,3.75,C,98,350.22,16,2010-12-01,2011-10-17,False,REAL
21666,RIDGED GLASS T-LIGHT HOLDER,0.65,C,412,283.51,42,2010-12-07,2011-12-06,False,REAL
21667,GLASS CAKE COVER AND PLATE,,C,0,0.0,0,,,False,REAL
21668,RED STRIPE CERAMIC DRAWER KNOB,1.25,A,5417,7391.82,238,2010-12-01,2011-12-09,False,REAL
21669,BLUE STRIPE CERAMIC DRAWER KNOB,1.25,A,5172,6992.99,235,2010-12-02,2011-12-09,False,REAL
21670,BLUE SPOT CERAMIC DRAWER KNOB,1.25,A,4297,6044.79,222,2010-12-01,2011-12-09,False,REAL
21671,RED SPOT CERAMIC DRAWER KNOB,1.25,A,4274,5910.62,216,2010-12-01,2011-12-09,False,REAL
21672,WHITE SPOT RED CERAMIC DRAWER KNOB,1.25,A,4933,6702.25,223,2010-12-01,2011-12-09,False,REAL
21673,WHITE SPOT BLUE CERAMIC DRAWER KNOB,1.25,A,4305,5956.85,210,2010-12-02,2011-12-09,False,REAL
21675,BUTTERFLIES STICKERS,0.85,C,604,547.86,81,2010-12-03,2011-12-09,False,REAL
21676,FLOWERS  STICKERS,0.85,C,245,235.16,53,2010-12-01,2011-12-05,False,REAL
21677,HEARTS  STICKERS,0.85,C,811,717.44,91,2010-12-03,2011-12-09,False,REAL
21678,PAISLEY PATTERN  STICKERS,0.85,C,125,111.86,28,2010-12-01,2011-12-09,False,REAL
21679,SKULLS  STICKERS,0.85,B,1140,1028.58,99,2010-12-01,2011-12-07,False,REAL
21680,WOODLAND  STICKERS,0.85,B,868,786.31,78,2010-12-06,2011-12-09,False,REAL
21681,GIANT MEDINA STAMPED METAL BOWL,9.95,C,2,19.9,2,2011-02-14,2011-02-22,False,REAL
21682,LARGE MEDINA STAMPED METAL BOWL,4.95,B,179,916.11,53,2010-12-05,2011-12-04,False,REAL
21683,MEDIUM MEDINA STAMPED METAL BOWL,2.95,B,310,948.7,56,2010-12-05,2011-12-05,False,REAL
21684,SMALL MEDINA STAMPED METAL BOWL,0.85,C,771,612.1,42,2010-12-01,2011-12-09,False,REAL
21686,MEDINA STAMPED METAL STOOL,39.95,B,34,1311.69,19,2010-12-08,2011-10-02,False,REAL
21688,SILVER PLATE CANDLE BOWL SMALL,2.95,B,348,1101.28,55,2010-12-01,2011-11-30,False,REAL
21689,SILVER VANILLA  FLOWER CANDLE POT,3.75,C,95,369.87,24,2010-12-07,2011-12-06,False,REAL
21690,SILVER  CANDLEPOT JARDIN,3.75,C,22,82.5,6,2010-12-01,2011-01-30,False,REAL
21692,SILVER LATTICE VANILLA CANDLE POT,3.75,C,17,63.75,7,2010-12-06,2011-02-25,False,REAL
21693,SMALL HAMMERED SILVER CANDLEPOT,2.95,B,361,1107.91,43,2010-12-05,2011-12-06,False,REAL
21694,SMALL REGAL  SILVER CANDLEPOT,2.95,B,307,840.33,22,2010-12-01,2011-12-05,False,REAL
21695,SMALL SILVER FLOWER CANDLE POT,2.95,B,284,857.68,38,2010-12-05,2011-12-08,False,REAL
21696,SMALL SILVER TRELLIS CANDLEPOT,2.95,C,212,637.0,30,2010-12-05,2011-11-23,False,REAL
21698,MOCK LOBSTER FRIDGE MAGNET,0.85,C,296,164.17,40,2010-12-01,2011-12-07,False,REAL
21700,BIG DOUGHNUT FRIDGE MAGNETS,1.38,B,1690,2304.34,120,2010-12-01,2011-12-07,False,REAL
21703,BAG 125g SWIRLY MARBLES,0.42,A,9293,3488.15,178,2010-12-01,2011-12-09,False,REAL
21704,BAG 250g SWIRLY MARBLES,0.85,A,5127,4025.22,139,2010-12-01,2011-12-09,False,REAL
21705,BAG 500g SWIRLY MARBLES,1.65,B,1427,1410.77,85,2010-12-01,2011-12-09,False,REAL
21706,FOLDING UMBRELLA RED/WHITE POLKADOT,4.95,B,346,1616.81,93,2010-12-01,2011-12-07,False,REAL
21707,FOLDING UMBRELLA BLACKBLUE POLKADOT,4.95,C,160,763.66,66,2010-12-15,2011-12-06,False,REAL
21708,FOLDING UMBRELLA CREAM POLKADOT,4.25,B,189,858.16,53,2010-12-01,2011-12-05,False,REAL
21709,FOLDING UMBRELLA CHOCOLATE POLKADOT,4.95,C,133,607.23,51,2010-12-01,2011-12-04,False,REAL
21710,FOLDING UMBRELLA PINKWHITE POLKADOT,4.95,C,107,501.98,42,2010-12-01,2011-11-25,False,REAL
21711,FOLDING UMBRELLA WHITE/RED POLKADOT,4.95,C,104,513.02,35,2010-12-01,2011-11-24,False,REAL
21713,CITRONELLA CANDLE FLOWERPOT,2.1,B,770,1785.39,107,2010-12-06,2011-12-06,False,REAL
21714,CITRONELLA CANDLE GARDEN POT,1.25,A,1631,2985.65,135,2010-12-02,2011-12-09,False,REAL
21715,GIRLS VINTAGE TIN SEASIDE BUCKET,2.55,A,1330,3507.17,150,2010-12-01,2011-12-08,False,REAL
21716,BOYS VINTAGE TIN SEASIDE BUCKET,2.55,A,1417,3852.52,146,2010-12-01,2011-12-09,False,REAL
21717,EASTER TIN BUCKET,2.55,B,408,946.93,29,2010-12-08,2011-03-22,False,REAL
21718,RED METAL BEACH SPADE,1.25,B,1492,2112.14,148,2010-12-01,2011-12-09,False,REAL
21719,LOVELY BONBON STICKER SHEET,0.85,C,345,307.44,49,2010-12-02,2011-12-05,False,REAL
21720,CAKE SHOP  STICKER SHEET,0.85,C,57,48.45,7,2010-12-06,2011-07-26,False,REAL
21721,CANDY SHOP  STICKER SHEET,0.85,C,195,179.46,28,2010-12-01,2011-12-02,False,REAL
21722,SWEET PUDDING STICKER SHEET,0.85,C,98,95.53,33,2010-12-01,2011-12-08,False,REAL
21723,ALPHABET HEARTS STICKER SHEET,0.85,C,397,350.08,52,2010-12-05,2011-12-05,False,REAL
21724,PANDA AND BUNNIES STICKER SHEET,0.85,C,408,355.83,67,2010-12-01,2011-12-09,False,REAL
21725,SWEETIES  STICKERS,0.85,C,301,277.24,47,2010-12-03,2011-11-17,False,REAL
21726,MULTI HEARTS  STICKERS,0.85,C,237,204.69,36,2010-12-03,2011-12-07,False,REAL
21730,GLASS STAR FROSTED T-LIGHT HOLDER,4.95,B,506,2461.38,85,2010-12-01,2011-12-07,False,REAL
21731,RED TOADSTOOL LED NIGHT LIGHT,1.65,A,13815,23638.48,269,2010-12-01,2011-12-09,False,REAL
21733,RED HANGING HEART T-LIGHT HOLDER,2.95,A,7815,23045.89,250,2010-12-01,2011-12-08,False,REAL
21735,TWO DOOR CURIO CABINET,12.75,B,181,2214.6,71,2010-12-02,2011-09-16,False,REAL
21736,GOLD SCROLL GLASS T-LIGHT HOLDER,2.1,C,77,136.05,5,2010-12-12,2011-04-06,False,REAL
21738,COSY SLIPPER SHOES SMALL  RED,2.95,C,46,144.58,18,2010-12-01,2011-10-20,False,REAL
21739,COSY SLIPPER SHOES SMALL GREEN,2.46,C,254,703.08,69,2010-12-01,2011-12-09,False,REAL
21741,COSY SLIPPER SHOES LARGE GREEN,2.95,C,147,480.17,34,2010-12-02,2011-11-16,False,REAL
21742,LARGE ROUND WICKER PLATTER,5.95,B,194,1167.58,73,2010-12-01,2011-12-08,False,REAL
21743,STAR PORTABLE TABLE LIGHT,2.95,B,299,887.65,38,2010-12-01,2011-09-13,False,REAL
21744,SNOWFLAKE PORTABLE TABLE LIGHT,2.95,B,529,1557.65,65,2010-12-01,2011-11-24,False,REAL
21745,GAOLERS KEYS DECORATIVE GARDEN,3.75,A,931,3460.73,143,2010-12-01,2011-12-07,False,REAL
21746,SMALL RED RETROSPOT WINDMILL,1.25,A,3060,3748.18,146,2010-12-06,2011-11-29,False,REAL
21747,SMALL SKULL WINDMILL,1.25,C,473,630.61,48,2010-12-19,2011-11-30,False,REAL
21749,LARGE RED RETROSPOT WINDMILL,2.1,A,1955,3860.29,98,2010-12-08,2011-11-29,False,REAL
21750,LARGE SKULL WINDMILL,2.1,C,90,207.51,20,2010-12-08,2011-11-08,False,REAL
21754,HOME BUILDING BLOCK WORD,5.95,A,2748,16858.42,281,2010-12-01,2011-12-09,False,REAL
21755,LOVE BUILDING BLOCK WORD,5.95,A,2008,12418.01,261,2010-12-01,2011-12-09,False,REAL
21756,BATH BUILDING BLOCK WORD,5.95,A,809,5006.26,178,2010-12-01,2011-12-08,False,REAL
21757,LIGHTHOUSE PRINTED METAL SIGN,4.95,C,6,29.7,3,2011-01-09,2011-02-17,False,REAL
21758,VINTAGE SHELLS PRINT,12.46,C,50,427.46,29,2010-12-01,2011-12-01,False,REAL
21761,WOOD AND GLASS MEDICINE CABINET,29.95,C,10,299.5,10,2010-12-01,2011-12-04,False,REAL
21763,VINTAGE WOODEN BAR STOOL,29.95,C,6,169.75,4,2011-01-05,2011-07-06,False,REAL
21769,VINTAGE POST OFFICE CABINET,66.36,C,11,607.65,2,2010-12-02,2010-12-07,False,REAL
21770,OPEN CLOSED METAL SIGN,4.95,A,1631,7889.28,176,2011-03-24,2011-12-08,False,REAL
21773,DECORATIVE ROSE BATHROOM BOTTLE,1.28,B,1170,1154.17,114,2010-12-01,2011-12-08,False,REAL
21774,DECORATIVE CATS BATHROOM BOTTLE,2.46,B,1094,1151.15,127,2010-12-01,2011-12-09,False,REAL
21775,DECORATIVE FLORE BATHROOM BOTTLE,2.46,C,512,713.11,108,2010-12-01,2011-12-08,False,REAL
21777,RECIPE BOX WITH METAL HEART,7.95,C,12,95.4,2,2010-12-01,2010-12-06,False,REAL
21781,MA CAMPAGNE CUTLERY BOX,14.95,B,154,2470.1,68,2010-12-01,2011-07-10,False,REAL
21784,SHOE SHINE BOX,9.95,C,57,633.07,42,2010-12-02,2011-09-01,False,REAL
21785,RAIN PONCHO,0.85,C,411,268.76,4,2010-12-05,2011-02-15,False,REAL
21786,POLKADOT RAIN HAT,0.79,B,1915,907.75,147,2010-12-01,2011-12-09,False,REAL
21787,RAIN PONCHO RETROSPOT,0.85,A,8347,6741.1,157,2010-12-01,2011-12-09,False,REAL
21788,KIDS RAIN MAC BLUE,0.85,B,1273,1012.24,76,2010-12-02,2011-12-06,False,REAL
21789,KIDS RAIN MAC PINK,0.85,B,905,786.65,79,2010-12-01,2011-12-02,False,REAL
21790,VINTAGE SNAP CARDS,0.85,A,14428,12430.96,280,2010-12-01,2011-12-09,True,REAL
21791,VINTAGE HEADS AND TAILS CARD GAME,1.25,A,7828,10459.4,242,2010-12-01,2011-12-09,False,REAL
21792,CLASSIC FRENCH STYLE BASKET GREEN,3.95,B,343,1493.77,58,2010-12-07,2011-08-03,False,REAL
21793,CLASSIC FRENCH STYLE BASKET BROWN,3.95,B,304,1296.61,58,2010-12-19,2011-12-01,False,REAL
21794,CLASSIC FRENCH STYLE BASKET NATURAL,3.95,B,519,2201.57,87,2010-12-01,2011-10-25,False,REAL
21801,CHRISTMAS TREE DECORATION WITH BELL,0.42,C,1215,515.14,78,2010-12-01,2011-10-30,False,REAL
21802,CHRISTMAS TREE HEART DECORATION,0.42,B,2121,918.72,108,2010-12-01,2011-11-21,False,REAL
21803,CHRISTMAS TREE STAR DECORATION,0.42,B,2353,1016.02,114,2010-12-01,2011-12-09,False,REAL
21804,WHITE CHRISTMAS GARLAND STARS TREES,3.75,B,225,830.03,45,2010-12-01,2011-12-02,False,REAL
21807,WHITE CHRISTMAS STAR DECORATION,0.42,C,438,189.0,24,2010-12-03,2011-11-22,False,REAL
21808,"CHRISTMAS GARLAND STARS,TREES",3.29,C,180,637.83,41,2010-12-01,2011-12-09,False,REAL
21809,CHRISTMAS HANGING TREE WITH BELL,0.39,B,1964,1117.92,69,2010-12-01,2011-12-09,False,REAL
21810,CHRISTMAS HANGING STAR WITH BELL,0.39,A,5781,2908.09,88,2010-12-01,2011-12-09,False,REAL
21811,HANGING HEART WITH BELL,0.83,B,4802,2663.68,116,2010-12-01,2011-11-23,False,REAL
21812,GARLAND WITH HEARTS AND BELLS,4.95,B,379,1676.97,69,2010-12-06,2011-12-09,False,REAL
21813,GARLAND WITH STARS AND BELLS,3.29,B,542,2245.82,74,2010-12-01,2011-12-09,False,REAL
21814,HEART T-LIGHT HOLDER,1.45,C,74,111.77,14,2010-12-01,2011-11-29,False,REAL
21815,STAR  T-LIGHT HOLDER,1.45,C,158,270.23,23,2010-12-01,2011-11-23,False,REAL
21816,CHRISTMAS TREE T-LIGHT HOLDER,1.45,C,33,47.85,7,2010-12-01,2011-11-27,False,REAL
21817,GLITTER CHRISTMAS TREE,0.39,C,906,410.91,37,2010-12-01,2011-11-09,False,REAL
21818,GLITTER HEART DECORATION,0.39,B,2737,1320.41,89,2010-12-01,2011-12-07,False,REAL
21819,GLITTER CHRISTMAS STAR,0.39,B,2470,1066.65,61,2010-12-05,2011-12-08,False,REAL
21820,GLITTER HEART GARLAND WITH BELLS,3.75,B,299,1255.97,68,2010-12-01,2011-12-05,False,REAL
21821,GLITTER STAR GARLAND WITH BELLS,3.75,B,239,992.05,46,2010-12-01,2011-12-05,False,REAL
21822,GLITTER CHRISTMAS TREE WITH BELLS,0.79,C,697,718.51,57,2010-12-01,2011-12-09,False,REAL
21823,PAINTED METAL HEART WITH HOLLY BELL,0.83,B,1372,854.35,50,2010-12-01,2011-11-15,False,REAL
21824,PAINTED METAL STAR WITH HOLLY BELLS,0.39,B,1892,1067.62,54,2010-12-01,2011-11-15,False,REAL
21826,EIGHT PIECE DINOSAUR SET,1.25,C,125,185.18,25,2010-12-01,2011-03-16,False,REAL
21827,EIGHT PIECE CREEPY CRAWLIE SET,1.25,C,6,7.5,3,2010-12-06,2011-03-29,False,REAL
21828,EIGHT PIECE SNAKE  SET,1.25,C,330,435.79,66,2010-12-03,2011-12-09,False,REAL
21829,DINOSAUR KEYRINGS ASSORTED,0.21,B,6657,1438.06,129,2010-12-03,2011-10-20,False,REAL
21830,ASSORTED CREEPY CRAWLIES,0.42,B,2573,1086.91,81,2010-12-01,2011-11-23,False,REAL
21832,CHOCOLATE CALCULATOR,1.65,B,954,1790.1,119,2010-12-01,2011-12-09,False,REAL
21833,CAMOUFLAGE LED TORCH,1.69,A,2684,4523.45,109,2010-12-01,2011-12-09,False,REAL
21836,GINGHAM OVEN GLOVE RED HEART,3.75,C,5,26.49,3,2010-12-05,2011-01-20,False,REAL
21839,MUMMY MOUSE RED GINGHAM RIBBON,5.45,C,1,5.45,1,2011-03-27,2011-03-27,False,REAL
21841,BABY MOUSE RED GINGHAM DRESS,4.25,C,73,310.25,19,2011-03-07,2011-11-29,False,REAL
21843,RED RETROSPOT CAKE STAND,10.95,A,1712,19095.7,238,2010-12-01,2011-12-09,False,REAL
21844,RED RETROSPOT MUG,2.95,A,1829,5114.99,130,2010-12-01,2011-12-06,False,REAL
21845,DAIRY MAID STRIPE MUG,0.79,B,1870,1691.86,66,2010-12-03,2011-11-28,False,REAL
21846,PINK DIAMANTE PEN IN GIFT BOX,4.13,B,412,1147.57,74,2010-12-01,2011-12-08,False,REAL
21847,GREEN  DIAMANTE PEN IN GIFT BOX,1.66,C,76,178.89,28,2010-12-06,2011-11-16,False,REAL
21849,SILVER DIAMANTE PEN IN GIFT BOX,4.17,C,173,548.93,53,2010-12-02,2011-12-04,False,REAL
21850,BLUE  DIAMANTE PEN IN GIFT BOX,4.95,C,93,335.13,42,2010-12-01,2011-12-06,False,REAL
21851,LILAC DIAMANTE PEN IN GIFT BOX,4.21,C,141,454.99,48,2010-12-01,2011-12-05,False,REAL
21864,UNION JACK FLAG PASSPORT COVER,2.1,B,808,2007.89,127,2010-12-01,2011-12-09,False,REAL
21865,PINK UNION JACK  PASSPORT COVER,2.1,C,271,618.93,92,2010-12-03,2011-12-08,False,REAL
21866,UNION JACK FLAG LUGGAGE TAG,1.25,B,747,1292.38,141,2010-12-01,2011-12-08,False,REAL
21867,PINK UNION JACK  LUGGAGE TAG,1.25,C,348,480.25,96,2010-12-01,2011-12-08,False,REAL
21868,POTTING SHED TEA MUG,1.25,A,2392,3160.34,162,2010-12-01,2011-12-05,False,REAL
21870,I CAN ONLY PLEASE ONE PERSON MUG,1.25,B,1381,1818.96,99,2010-12-01,2011-08-24,False,REAL
21871,SAVE THE PLANET MUG,1.25,A,4786,5965.92,199,2010-12-01,2011-12-09,False,REAL
21872,GLAMOROUS  MUG,1.25,B,1280,1442.26,112,2010-12-02,2011-12-09,False,REAL
21873,IF YOU CAN'T STAND THE HEAT MUG,1.25,B,1529,1736.73,90,2010-12-01,2011-12-08,False,REAL
21874,GIN AND TONIC MUG,1.65,A,2956,4118.68,170,2010-12-01,2011-12-09,False,REAL
21875,KINGS CHOICE MUG,1.25,B,2029,2396.88,121,2010-12-01,2011-12-09,False,REAL
21876,POTTERING MUG,1.65,A,3753,4773.96,183,2010-12-03,2011-12-09,False,REAL
21877,HOME SWEET HOME MUG,1.25,A,4366,5807.21,208,2010-12-01,2011-12-09,False,REAL
21878,PACK OF 6 SANDCASTLE FLAGS ASSORTED,0.85,B,2511,2162.0,140,2010-12-03,2011-12-08,False,REAL
21879,HEARTS GIFT TAPE,0.43,C,1176,385.47,53,2010-12-01,2011-12-09,False,REAL
21880,RED RETROSPOT TAPE,0.42,B,1891,850.98,160,2010-12-01,2011-12-07,False,REAL
21881,CUTE CATS TAPE,0.65,C,1102,383.11,60,2010-12-02,2011-12-08,False,REAL
21882,SKULLS TAPE,0.65,C,704,251.17,52,2010-12-03,2011-11-28,False,REAL
21883,STARS GIFT TAPE,0.65,C,1652,725.23,88,2010-12-01,2011-12-07,False,REAL
21884,CAKES AND BOWS GIFT  TAPE,0.65,C,1166,413.76,68,2010-12-01,2011-12-04,False,REAL
21888,BINGO SET,3.75,A,1671,6595.79,189,2010-12-01,2011-12-05,False,REAL
21889,WOODEN BOX OF DOMINOES,1.25,A,6340,8784.79,217,2010-12-01,2011-12-09,False,REAL
21890,S/6 WOODEN SKITTLES IN COTTON BAG,3.25,A,1131,3622.11,141,2010-12-01,2011-12-09,False,REAL
21891,TRADITIONAL WOODEN SKIPPING ROPE,1.45,A,8060,10405.75,203,2010-12-01,2011-12-08,False,REAL
21892,TRADITIONAL WOODEN CATCH CUP GAME,1.25,A,3159,4275.91,199,2010-12-01,2011-12-09,False,REAL
21894,POTTING SHED SEED ENVELOPES,1.25,B,592,902.08,99,2010-12-01,2011-12-08,False,REAL
21895,POTTING SHED SOW 'N' GROW SET,6.36,C,2,12.72,2,2010-12-01,2010-12-09,False,REAL
21896,POTTING SHED TWINE,2.1,B,978,2268.59,91,2010-12-01,2011-12-06,False,REAL
21897,POTTING SHED CANDLE CITRONELLA,3.21,B,405,1268.19,3,2011-01-14,2011-04-27,False,REAL
21898,POTTING SHED ROSE CANDLE,2.46,B,493,1541.11,19,2011-02-14,2011-04-27,False,REAL
21899,GARAGE KEY FOB,0.65,B,2637,1730.67,176,2010-12-01,2011-12-08,False,REAL
21900,"KEY FOB , SHED",0.65,B,3224,2194.57,205,2010-12-02,2011-12-09,False,REAL
21901,"KEY FOB , BACK DOOR",0.65,B,1819,1272.04,180,2010-12-02,2011-12-09,False,REAL
21902,"KEY FOB , FRONT  DOOR",0.65,B,1954,1257.17,143,2010-12-02,2011-12-09,False,REAL
21903,MAN FLU METAL SIGN,2.1,B,1147,2462.83,133,2010-12-03,2011-12-08,False,REAL
21904,HOUSE WRECKING METAL SIGN,2.1,C,50,105.0,22,2010-12-05,2011-05-25,False,REAL
21905,MORE BUTTER METAL SIGN,1.63,B,760,821.61,127,2010-12-03,2011-12-09,False,REAL
21906,PHARMACIE FIRST AID TIN,6.75,A,576,4437.06,125,2010-12-01,2011-12-09,False,REAL
21907,I'M ON HOLIDAY METAL SIGN,2.1,A,2346,4974.68,204,2010-12-01,2011-12-07,False,REAL
21908,CHOCOLATE THIS WAY METAL SIGN,2.1,A,3733,7672.42,247,2010-12-01,2011-12-09,False,REAL
21910,WAY OUT METAL SIGN,1.65,C,36,59.4,8,2010-12-05,2011-02-16,False,REAL
21911,GARDEN METAL SIGN,1.65,C,102,183.41,24,2010-12-01,2011-04-15,False,REAL
21912,VINTAGE SNAKES & LADDERS,3.75,A,1780,7025.2,208,2010-12-01,2011-12-09,False,REAL
21913,VINTAGE SEASIDE JIGSAW PUZZLES,3.75,B,395,1554.58,113,2010-12-01,2011-12-08,False,REAL
21914,BLUE HARMONICA IN BOX,1.25,A,7852,10309.81,213,2010-12-01,2011-12-09,False,REAL
21915,RED  HARMONICA IN BOX,1.25,A,21840,26215.33,245,2010-12-01,2011-12-07,True,REAL
21916,SET 12 RETRO WHITE CHALK STICKS,0.42,B,4575,1963.41,206,2010-12-01,2011-12-09,False,REAL
21917,SET 12 KIDS  WHITE CHALK STICKS,0.42,B,4138,1696.47,144,2010-12-01,2011-12-08,False,REAL
21918,SET 12 KIDS COLOUR  CHALK STICKS,0.42,A,7183,2943.53,198,2010-12-02,2011-12-09,False,REAL
21922,UNION STRIPE WITH FRINGE  HAMMOCK,7.95,A,898,6944.36,137,2010-12-01,2011-12-08,False,REAL
21925,UNION STRIPE CUSHION COVER,1.25,C,397,496.25,53,2010-12-02,2011-12-06,False,REAL
21926,RED/CREAM STRIPE CUSHION COVER,1.25,C,400,492.4,55,2011-01-19,2011-12-08,False,REAL
21927,BLUE/CREAM STRIPE CUSHION COVER,1.25,C,587,726.15,85,2010-12-02,2011-12-01,False,REAL
21928,JUMBO BAG SCANDINAVIAN BLUE PAISLEY,2.08,A,10202,20663.18,268,2010-12-01,2011-12-09,False,REAL
21929,JUMBO BAG PINK VINTAGE PAISLEY,2.08,A,10784,22792.12,279,2010-12-01,2011-12-09,False,REAL
21930,JUMBO STORAGE BAG SKULLS,2.08,A,6435,14000.39,255,2010-12-01,2011-12-09,False,REAL
21931,JUMBO STORAGE BAG SUKI,2.08,A,13319,30165.87,289,2010-12-01,2011-12-09,True,REAL
21932,SCANDINAVIAN PAISLEY PICNIC BAG,1.65,A,2688,4942.58,201,2010-12-03,2011-12-09,False,REAL
21933,PINK VINTAGE PAISLEY PICNIC BAG,1.65,A,2669,4952.48,185,2010-12-03,2011-12-08,False,REAL
21934,SKULL SHOULDER BAG,1.65,A,2411,4463.78,209,2010-12-01,2011-12-09,False,REAL
21935,SUKI  SHOULDER BAG,1.65,A,3392,6296.96,231,2010-12-01,2011-12-09,False,REAL
21936,RED RETROSPOT PICNIC BAG,2.95,A,3934,11518.34,216,2010-12-03,2011-12-09,False,REAL
21937,STRAWBERRY   PICNIC BAG,2.95,A,1691,4851.65,109,2010-12-03,2011-12-04,False,REAL
21942,SKULLS DESIGN FLANNEL,1.63,C,275,302.81,71,2010-12-01,2011-12-09,False,REAL
21943,CAKES AND RABBITS DESIGN FLANNEL,1.63,C,119,134.49,45,2010-12-06,2011-12-08,False,REAL
21944,KITTENS DESIGN FLANNEL,0.85,C,337,310.19,72,2010-12-01,2011-12-08,False,REAL
21945,STRAWBERRIES  DESIGN FLANNEL,1.63,C,358,373.34,73,2010-12-03,2011-12-09,False,REAL
21946,PARTY TIME DESIGN FLANNEL,0.85,C,86,75.35,25,2010-12-12,2011-12-08,False,REAL
21947,SET OF 6 HEART CHOPSTICKS,1.25,B,811,1139.65,105,2010-12-03,2011-12-09,False,REAL
21948,SET OF 6 CAKE CHOPSTICKS,2.46,B,640,978.23,111,2010-12-02,2011-12-07,False,REAL
21949,SET OF 6 STRAWBERRY CHOPSTICKS,1.28,B,801,1054.44,96,2010-12-01,2011-12-09,False,REAL
21955,DOORMAT UNION JACK GUNS AND ROSES,7.95,A,1228,7580.82,150,2010-12-01,2011-12-09,False,REAL
21967,PACK OF 12 SKULL TISSUES,0.29,B,5271,1582.15,149,2010-12-01,2011-12-09,False,REAL
21972,SET OF 36 DINOSAUR PAPER DOILIES,1.45,C,335,499.08,53,2010-12-13,2011-12-01,False,REAL
21973,SET OF 36 MUSHROOM PAPER DOILIES,1.45,C,147,213.15,29,2010-12-06,2011-11-28,False,REAL
21974,SET OF 36 PAISLEY FLOWER DOILIES,1.45,A,2146,3439.75,199,2010-12-01,2011-12-08,False,REAL
21975,PACK OF 60 DINOSAUR CAKE CASES,0.55,A,12286,6088.21,253,2010-12-01,2011-12-08,False,REAL
21976,PACK OF 60 MUSHROOM CAKE CASES,0.55,A,5149,2842.4,222,2010-12-01,2011-12-09,False,REAL
21977,PACK OF 60 PINK PAISLEY CAKE CASES,0.55,A,24697,12158.67,277,2010-12-01,2011-12-09,True,REAL
21980,PACK OF 12 RED RETROSPOT TISSUES,0.29,B,6613,2100.3,182,2010-12-01,2011-12-09,False,REAL
21981,PACK OF 12 WOODLAND TISSUES,0.39,B,5461,1649.27,163,2010-12-01,2011-12-09,False,REAL
21982,PACK OF 12 SUKI TISSUES,0.39,B,7173,2215.61,197,2010-12-01,2011-12-09,False,REAL
21983,PACK OF 12 BLUE PAISLEY TISSUES,0.29,B,2301,777.67,120,2010-12-01,2011-12-09,False,REAL
21984,PACK OF 12 PINK PAISLEY TISSUES,0.39,B,3458,1112.6,154,2010-12-01,2011-12-09,False,REAL
21985,PACK OF 12 HEARTS DESIGN TISSUES,0.29,A,8775,2729.51,218,2010-12-01,2011-12-08,False,REAL
21986,PACK OF 12 PINK POLKADOT TISSUES,0.29,B,4067,1197.73,136,2010-12-01,2011-12-09,False,REAL
21987,PACK OF 6 SKULL PAPER CUPS,0.65,B,2100,1338.2,133,2010-12-02,2011-12-09,False,REAL
21988,PACK OF 6 SKULL PAPER PLATES,0.85,B,2321,1862.75,137,2010-12-02,2011-12-06,False,REAL
21989,PACK OF 20 SKULL PAPER NAPKINS,0.85,B,2409,2233.1,203,2010-12-02,2011-12-09,False,REAL
21990,MODERN FLORAL STATIONERY SET,2.46,A,1672,2870.0,189,2010-12-01,2011-12-09,False,REAL
21991,BOHEMIAN COLLAGE STATIONERY SET,2.46,B,623,1065.82,142,2010-12-01,2011-12-08,False,REAL
21992,VINTAGE PAISLEY STATIONERY SET,2.46,A,1900,3509.47,205,2010-12-01,2011-11-15,False,REAL
21993,FLORAL FOLK STATIONERY SET,2.46,A,1925,3340.84,214,2010-12-01,2011-12-09,False,REAL
22016,Dotcomgiftshop Gift Voucher £100.00,83.33,C,1,83.33,1,2011-08-02,2011-08-02,False,REAL
22021,BLUE FELT EASTER EGG BASKET,1.65,C,365,610.45,44,2010-12-05,2011-03-21,False,REAL
22023,EMPIRE BIRTHDAY CARD,0.42,C,1194,533.68,114,2010-12-02,2011-12-08,False,REAL
22024,RAINY LADIES BIRTHDAY CARD,0.42,B,2394,1018.69,146,2010-12-01,2011-12-09,False,REAL
22025,RING OF ROSES BIRTHDAY CARD,0.42,C,1823,756.01,105,2010-12-01,2011-12-09,False,REAL
22026,BANQUET BIRTHDAY  CARD,0.42,C,1632,707.04,128,2010-12-07,2011-12-09,False,REAL
22027,TEA PARTY BIRTHDAY CARD,0.42,B,4200,1811.79,208,2010-12-02,2011-12-09,False,REAL
22028,PENNY FARTHING BIRTHDAY CARD,0.42,B,3030,1299.1,167,2010-12-02,2011-12-09,False,REAL
22029,SPACEBOY BIRTHDAY CARD,0.42,A,8149,3382.53,247,2010-12-02,2011-12-09,False,REAL
22030,SWALLOWS GREETING CARD,0.42,B,5527,2237.89,160,2010-12-01,2011-12-08,False,REAL
22031,BOTANICAL LAVENDER BIRTHDAY CARD,0.42,C,492,220.55,64,2010-12-02,2011-12-09,False,REAL
22032,BOTANICAL LILY GREETING CARD,0.42,C,427,181.98,48,2010-12-15,2011-11-25,False,REAL
22033,BOTANICAL ROSE GREETING CARD,0.42,C,337,141.95,22,2010-12-15,2011-11-22,False,REAL
22034,ROBIN CHRISTMAS CARD,0.625,C,10,5.02,4,2010-12-05,2011-11-25,False,REAL
22035,VINTAGE CARAVAN GREETING CARD,0.42,C,1452,617.32,101,2010-12-03,2011-10-31,False,REAL
22037,ROBOT BIRTHDAY CARD,0.42,B,3929,1695.32,189,2010-12-01,2011-12-09,False,REAL
22038,BOTANICAL LAVENDER GIFT WRAP,0.42,C,475,199.5,19,2011-02-02,2011-12-06,False,REAL
22039,BOTANICAL LILY GIFT WRAP,0.42,C,225,94.5,6,2011-04-10,2011-10-25,False,REAL
22040,BOTANICAL ROSE GIFT WRAP,0.42,C,725,304.5,27,2010-12-16,2011-11-17,False,REAL
22041,"RECORD FRAME 7"" SINGLE SIZE",2.55,A,4336,11260.81,192,2010-12-01,2011-12-09,False,REAL
22042,CHRISTMAS CARD SINGING ANGEL,0.42,C,387,163.29,30,2010-12-02,2011-12-06,False,REAL
22043,CHRISTMAS CARD SCREEN PRINT,0.19,C,1238,304.5,55,2010-12-01,2011-12-02,False,REAL
22044,CHRISTMAS CARD STACK OF PRESENTS,0.19,C,816,196.44,24,2010-12-02,2011-11-07,False,REAL
22045,SPACEBOY GIFT WRAP,0.42,B,6477,2652.34,145,2010-12-02,2011-12-08,False,REAL
22046,TEA PARTY  WRAPPING PAPER,0.42,B,2191,904.22,62,2010-12-23,2011-12-08,False,REAL
22047,EMPIRE GIFT WRAP,0.42,B,3325,1352.5,83,2010-12-13,2011-12-05,False,REAL
22048,BIRTHDAY BANQUET GIFT WRAP,0.42,C,925,372.5,27,2010-12-08,2011-12-05,False,REAL
22049,WRAP CHRISTMAS SCREEN PRINT,0.19,C,1050,291.5,23,2010-12-01,2011-10-20,False,REAL
22050,PINK PAISLEY ROSE GIFT WRAP,0.42,C,1175,477.5,34,2010-12-06,2011-12-05,False,REAL
22051,BLUE SCANDINAVIAN PAISLEY WRAP,0.42,C,950,399.0,37,2010-12-08,2011-11-24,False,REAL
22052,VINTAGE CARAVAN GIFT WRAP,0.42,C,625,262.5,23,2010-12-06,2011-07-11,False,REAL
22053,EMPIRE DESIGN ROSETTE,1.25,A,4244,3606.42,26,2010-12-10,2011-11-08,False,REAL
22055,MINI CAKE STAND  HANGING STRAWBERY,1.65,B,1354,2048.54,135,2010-12-10,2011-12-08,False,REAL
22057,CERAMIC PLATE STRAWBERRY DESIGN,1.49,C,539,600.87,47,2010-12-08,2011-12-08,False,REAL
22059,CERAMIC STRAWBERRY DESIGN MUG,1.49,B,1762,2054.72,123,2010-12-01,2011-12-09,False,REAL
22060,LARGE CAKE STAND HANGING HEARTS,3.95,B,216,1033.8,26,2010-12-02,2011-05-23,False,REAL
22061,LARGE CAKE STAND  HANGING STRAWBERY,9.95,A,569,4095.96,114,2010-12-02,2011-12-09,False,REAL
22062,CERAMIC BOWL WITH LOVE HEART DESIGN,0.83,C,577,672.88,61,2010-12-16,2011-10-14,False,REAL
22063,CERAMIC BOWL WITH STRAWBERRY DESIGN,2.95,B,577,1349.75,97,2010-12-08,2011-12-08,False,REAL
22064,PINK DOUGHNUT TRINKET POT,1.65,B,1700,2500.9,163,2010-12-01,2011-12-09,False,REAL
22065,CHRISTMAS PUDDING TRINKET POT,0.39,A,6712,3446.48,100,2010-12-01,2011-12-09,False,REAL
22066,LOVE HEART TRINKET POT,0.39,B,2238,1044.42,106,2010-12-20,2011-12-06,False,REAL
22067,CHOC TRUFFLE GOLD TRINKET POT,1.65,C,403,630.97,63,2010-12-01,2011-12-08,False,REAL
22068,BLACK PIRATE TREASURE CHEST,1.65,B,514,836.59,104,2010-12-01,2011-12-09,False,REAL
22069,BROWN  PIRATE TREASURE CHEST,3.36,B,414,993.5,99,2010-12-01,2011-12-09,False,REAL
22070,SMALL RED RETROSPOT MUG IN BOX,3.75,B,654,2025.36,81,2010-12-02,2011-12-09,False,REAL
22071,SMALL WHITE RETROSPOT MUG IN BOX,3.75,B,445,1211.3,69,2010-12-01,2011-12-09,False,REAL
22072,RED RETROSPOT TEA CUP AND SAUCER,3.75,A,832,2751.17,108,2010-12-03,2011-12-09,False,REAL
22073,RED RETROSPOT STORAGE JAR,3.75,B,322,1291.14,52,2010-12-06,2011-05-04,False,REAL
22074,6 RIBBONS SHIMMERING PINKS,1.25,B,1390,1219.87,122,2010-12-01,2011-12-09,False,REAL
22075,6 RIBBONS ELEGANT CHRISTMAS,1.65,B,1761,2469.23,98,2010-12-01,2011-12-09,False,REAL
22076,6 RIBBONS EMPIRE,1.65,B,1256,1662.93,139,2010-12-01,2011-12-09,False,REAL
22077,6 RIBBONS RUSTIC CHARM,1.95,A,9144,17140.42,288,2010-12-01,2011-12-09,False,REAL
22078,RIBBON REEL LACE DESIGN,2.1,A,1369,2923.21,131,2010-12-01,2011-12-09,False,REAL
22079,RIBBON REEL HEARTS DESIGN,1.65,A,1867,3275.79,184,2010-12-05,2011-12-07,False,REAL
22080,RIBBON REEL POLKADOTS,1.65,B,1196,1986.98,90,2010-12-01,2011-12-09,False,REAL
22081,RIBBON REEL FLORA + FAUNA,1.65,B,634,1160.0,98,2010-12-01,2011-12-09,False,REAL
22082,RIBBON REEL STRIPES DESIGN,1.65,A,2660,4628.88,203,2010-12-01,2011-12-07,False,REAL
22083,PAPER CHAIN KIT RETROSPOT,2.95,A,4602,14010.34,254,2010-12-01,2011-12-09,False,REAL
22084,PAPER CHAIN KIT EMPIRE,2.95,A,5176,15084.62,135,2010-12-01,2011-12-08,False,REAL
22085,PAPER CHAIN KIT SKULLS,2.95,B,547,1564.04,84,2010-12-06,2011-12-09,False,REAL
22086,PAPER CHAIN KIT 50'S CHRISTMAS,2.95,A,18922,63834.94,161,2010-12-01,2011-12-09,True,REAL
22087,PAPER BUNTING WHITE LACE,2.95,A,4023,11698.93,114,2010-12-01,2011-12-09,False,REAL
22088,PAPER BUNTING COLOURED LACE,2.95,A,1837,5511.85,120,2010-12-01,2011-07-06,False,REAL
22089,PAPER BUNTING VINTAGE PAISLEY,2.95,A,1423,4457.43,161,2010-12-02,2011-12-05,False,REAL
22090,PAPER BUNTING RETROSPOT,2.95,A,7490,22588.66,261,2010-12-01,2011-12-08,False,REAL
22091,EMPIRE TISSUE BOX,0.39,B,1976,1021.35,120,2010-12-01,2011-12-09,False,REAL
22092,BLUE PAISLEY TISSUE BOX,0.39,C,670,321.4,67,2010-12-01,2011-12-08,False,REAL
22093,MOTORING TISSUE BOX,0.39,B,1830,822.13,98,2010-12-05,2011-12-06,False,REAL
22094,RED RETROSPOT TISSUE BOX,0.39,B,2118,1116.28,130,2010-12-01,2011-12-08,False,REAL
22095,LADS ONLY TISSUE BOX,0.405,B,1634,1594.9,92,2010-12-01,2011-12-09,False,REAL
22096,PINK PAISLEY SQUARE TISSUE BOX,0.39,C,1360,581.75,80,2010-12-01,2011-12-08,False,REAL
22097,SWALLOW SQUARE TISSUE BOX,0.39,C,1586,728.49,108,2010-12-01,2011-12-08,False,REAL
22098,BOUDOIR SQUARE TISSUE BOX,0.39,B,1917,971.44,120,2010-12-01,2011-12-08,False,REAL
22099,CARAVAN SQUARE TISSUE BOX,0.39,B,1431,789.34,113,2010-12-01,2011-12-09,False,REAL
22100,SKULLS SQUARE TISSUE BOX,0.39,C,755,354.82,51,2010-12-01,2011-12-06,False,REAL
22101,MIRROR MOSAIC VOTIVE HOLDER,2.46,B,1114,1926.81,55,2010-12-06,2011-12-08,False,REAL
22102,MIRROR MOSAIC T-LIGHT HOLDER,1.65,C,902,551.04,28,2010-12-10,2011-11-28,False,REAL
22103,MIRROR MOSAIC T-LIGHT HOLDER ROUND,1.65,C,768,705.92,22,2011-01-12,2011-10-24,False,REAL
22104,MIRROR MOSAIC CANDLE PLATE,1.63,C,288,343.71,54,2010-12-06,2011-12-09,False,REAL
22105,MIRROR MOSAIC GOBLET CANDLE HOLDER,4.13,C,334,619.82,30,2010-12-03,2011-12-08,False,REAL
22106,MIRROR MOSAIC HURRICANE LAMP,4.96,C,228,742.43,41,2010-12-06,2011-12-09,False,REAL
22107,PIZZA PLATE IN BOX,3.29,B,587,2136.81,108,2010-12-01,2011-12-09,False,REAL
22108,PING! MICROWAVE PLATE,3.29,C,152,415.09,51,2010-12-06,2011-12-09,False,REAL
22109,FULL ENGLISH BREAKFAST PLATE,3.75,A,1631,6888.12,157,2010-12-01,2011-12-09,False,REAL
22110,BIRD HOUSE HOT WATER BOTTLE,2.55,A,1170,4907.04,140,2010-12-01,2011-12-09,False,REAL
22111,SCOTTIE DOG HOT WATER BOTTLE,4.95,A,4554,24022.64,190,2010-12-01,2011-12-09,False,REAL
22112,CHOCOLATE HOT WATER BOTTLE,4.95,A,5952,32543.33,222,2010-12-01,2011-12-09,False,REAL
22113,GREY HEART HOT WATER BOTTLE,4.25,A,3210,12725.58,184,2010-12-01,2011-12-09,False,REAL
22114,HOT WATER BOTTLE TEA AND SYMPATHY,4.25,A,5706,32843.34,117,2010-12-01,2011-12-09,False,REAL
22115,METAL SIGN EMPIRE TEA,0.79,B,1549,2020.91,156,2010-12-01,2011-12-08,False,REAL
22116,METAL SIGN HIS DINNER IS SERVED,1.63,C,563,610.22,115,2010-12-03,2011-12-09,False,REAL
22117,METAL SIGN HER DINNER IS SERVED,2.95,A,1320,3896.45,79,2010-12-01,2011-12-06,False,REAL
22118,JOY WOODEN BLOCK LETTERS,4.95,B,230,895.26,63,2010-12-01,2011-12-09,False,REAL
22119,PEACE WOODEN BLOCK LETTERS,6.95,B,344,1727.92,70,2010-12-01,2011-12-09,False,REAL
22120,WELCOME  WOODEN BLOCK LETTERS,9.95,A,511,5127.69,144,2010-12-01,2011-12-05,False,REAL
22121,NOEL WOODEN BLOCK LETTERS,5.95,B,351,2153.75,83,2010-12-01,2011-12-09,False,REAL
22123,PING MICROWAVE APRON,1.95,B,508,1068.38,93,2010-12-05,2011-12-09,False,REAL
22124,SET OF 2 TEA TOWELS PING MICROWAVE,2.46,C,149,306.16,63,2010-12-01,2011-12-09,False,REAL
22125,UNION JACK HOT WATER BOTTLE,12.46,C,13,139.86,3,2011-01-21,2011-11-23,False,REAL
22127,PARTY CONES CARNIVAL ASSORTED,1.25,C,404,504.88,17,2010-12-01,2011-03-23,False,REAL
22128,PARTY CONES CANDY ASSORTED,1.25,B,1702,2052.53,66,2010-12-01,2011-11-18,False,REAL
22129,PARTY CONES CANDY DECORATION,2.46,B,1182,1221.32,72,2010-12-05,2011-12-09,False,REAL
22130,PARTY CONE CHRISTMAS DECORATION,0.85,B,2277,2664.63,70,2010-12-01,2011-12-08,False,REAL
22131,FOOD CONTAINER SET 3 LOVE HEART,1.95,A,2030,3934.64,175,2010-12-02,2011-12-08,False,REAL
22132,RED LOVE HEART SHAPE CUP,0.85,B,1026,928.83,117,2010-12-03,2011-12-08,False,REAL
22133,PINK LOVE HEART SHAPE CUP,1.63,C,816,770.73,98,2010-12-03,2011-12-08,False,REAL
22134,MINI LADLE LOVE HEART RED,0.83,C,889,419.0,114,2010-12-01,2011-12-09,False,REAL
22135,MINI LADLE LOVE HEART PINK,0.83,C,567,322.38,120,2010-12-01,2011-12-09,False,REAL
22136,LOVE HEART SOCK HANGER,1.65,C,378,679.28,69,2010-12-01,2011-12-08,False,REAL
22137,BATHROOM SET LOVE HEART DESIGN,2.95,C,82,237.98,13,2010-12-03,2011-08-11,False,REAL
22138,BAKING SET 9 PIECE RETROSPOT,4.95,A,4874,23873.42,256,2010-12-21,2011-12-09,False,REAL
22139,RETROSPOT TEA SET CERAMIC 11 PC,4.95,A,4489,22730.31,268,2010-12-01,2011-12-09,False,REAL
22141,CHRISTMAS CRAFT TREE TOP ANGEL,2.1,A,2789,6459.59,122,2010-12-01,2011-12-09,False,REAL
22142,CHRISTMAS CRAFT WHITE FAIRY,1.45,A,3244,4941.84,117,2010-12-01,2011-12-09,False,REAL
22144,CHRISTMAS CRAFT LITTLE FRIENDS,2.1,A,4045,9603.48,138,2010-12-01,2011-12-09,False,REAL
22145,CHRISTMAS CRAFT HEART STOCKING,2.1,C,30,63.0,1,2010-12-08,2010-12-08,False,REAL
22146,EASTER CRAFT IVY WREATH WITH CHICK,1.95,C,1,1.95,1,2011-01-25,2011-01-25,False,REAL
22147,FELTCRAFT BUTTERFLY HEARTS,1.45,A,5351,7520.39,214,2010-12-01,2011-12-01,False,REAL
22148,EASTER CRAFT 4 CHICKS,1.95,A,1918,3888.2,86,2010-12-20,2011-12-04,False,REAL
22149,FELTCRAFT 6 FLOWER FRIENDS,2.1,A,5440,11184.58,220,2010-12-01,2011-11-10,False,REAL
22150,3 STRIPEY MICE FELTCRAFT,1.95,A,2996,5859.09,218,2010-12-01,2011-12-09,False,REAL
22151,PLACE SETTING WHITE HEART,0.42,A,14237,6000.67,198,2010-12-01,2011-12-09,True,REAL
22152,PLACE SETTING WHITE STAR,0.42,B,2404,1051.82,79,2010-12-01,2011-12-05,False,REAL
22153,ANGEL DECORATION STARS ON DRESS,0.42,B,2571,1099.87,78,2010-12-01,2011-12-09,False,REAL
22154,ANGEL DECORATION 3 BUTTONS,0.42,B,3738,1633.73,80,2010-12-01,2011-12-09,False,REAL
22155,STAR DECORATION RUSTIC,0.42,B,2404,1113.45,79,2010-12-01,2011-12-09,False,REAL
22156,HEART DECORATION WITH PEARLS,0.85,B,2092,2024.86,165,2010-12-01,2011-12-09,False,REAL
22157,ANGEL DECORATION WITH LACE PADDED,0.85,C,212,180.2,9,2010-12-05,2011-08-31,False,REAL
22158,3 HEARTS HANGING DECORATION RUSTIC,2.95,A,3406,11776.73,125,2010-12-03,2011-12-08,False,REAL
22161,HEART DECORATION RUSTIC HANGING,0.79,B,5059,1641.19,192,2010-12-01,2011-12-09,False,REAL
22162,HEART GARLAND RUSTIC PADDED,3.29,B,253,808.79,64,2010-12-01,2011-11-24,False,REAL
22163,HEART STRING MEMO HOLDER HANGING,1.63,B,850,1023.03,76,2010-12-03,2011-12-09,False,REAL
22164,STRING OF STARS CARD HOLDER,2.95,C,78,250.22,14,2010-12-01,2011-11-28,False,REAL
22165,"DIAMANTE HEART SHAPED WALL MIRROR,",10.79,A,414,3315.45,101,2010-12-01,2011-12-09,False,REAL
22166,WALL MIRROR RECTANGLE DIAMANTE PINK,15.79,B,204,1590.55,69,2010-12-03,2011-12-08,False,REAL
22167,OVAL WALL MIRROR DIAMANTE,9.95,B,231,2341.37,118,2010-12-03,2011-12-09,False,REAL
22168,ORGANISER WOOD ANTIQUE WHITE,8.5,B,135,1137.3,53,2010-12-01,2011-04-12,False,REAL
22169,FAMILY ALBUM WHITE PICTURE FRAME,8.5,A,1169,10118.81,213,2010-12-01,2011-12-08,False,REAL
22170,PICTURE FRAME WOOD TRIPLE PORTRAIT,6.75,A,1049,6858.95,177,2010-12-02,2011-12-09,False,REAL
22171,3 HOOK PHOTO SHELF ANTIQUE WHITE,8.5,A,1685,12762.66,207,2010-12-01,2011-12-09,False,REAL
22173,METAL 4 HOOK HANGER FRENCH CHATEAU,2.95,A,2343,7488.37,225,2010-12-01,2011-12-09,False,REAL
22174,PHOTO CUBE,1.65,A,3218,5978.78,178,2010-12-01,2011-12-09,False,REAL
22175,PINK OWL SOFT TOY,2.95,B,876,2591.28,126,2010-12-03,2011-12-09,False,REAL
22176,BLUE OWL SOFT TOY,2.95,B,510,1530.98,93,2010-12-01,2011-10-31,False,REAL
22178,VICTORIAN GLASS HANGING T-LIGHT,1.25,A,23819,32608.31,290,2010-12-01,2011-12-09,True,REAL
22179,SET 10 NIGHT OWL LIGHTS,6.75,A,940,7062.7,174,2010-12-01,2011-12-09,False,REAL
22180,RETROSPOT LAMP,9.95,A,314,3366.69,120,2010-12-01,2011-11-07,False,REAL
22181,SNOWSTORM PHOTO FRAME FRIDGE MAGNET,0.85,C,564,477.96,50,2010-12-02,2011-11-29,False,REAL
22182,CAKE STAND VICTORIAN FILIGREE SMALL,4.13,B,369,1405.73,98,2010-12-01,2011-12-09,False,REAL
22183,CAKE STAND VICTORIAN FILIGREE MED,5.79,B,320,1907.06,81,2010-12-01,2011-11-13,False,REAL
22184,CAKE STAND VICTORIAN FILIGREE LARGE,8.47,C,56,471.86,24,2010-12-01,2011-01-27,False,REAL
22185,SLATE TILE NATURAL HANGING,1.65,B,1472,2235.94,113,2010-12-01,2011-12-09,False,REAL
22186,RED STAR CARD HOLDER,1.95,B,843,1987.73,76,2010-12-01,2011-12-09,False,REAL
22187,GREEN CHRISTMAS TREE CARD HOLDER,1.95,A,1263,3235.23,83,2010-12-01,2011-12-09,False,REAL
22188,BLACK HEART CARD HOLDER,3.95,A,4869,12479.27,134,2010-12-01,2011-12-08,False,REAL
22189,CREAM HEART CARD HOLDER,3.95,A,8277,23408.17,245,2010-12-01,2011-12-08,False,REAL
22190,LOCAL CAFE MUG,2.46,B,676,1057.71,87,2010-12-01,2011-12-09,False,REAL
22191,IVORY DINER WALL CLOCK,8.5,A,1108,9318.3,219,2010-12-01,2011-12-08,False,REAL
22192,BLUE DINER WALL CLOCK,8.5,A,935,8037.99,213,2010-12-01,2011-12-08,False,REAL
22193,RED DINER WALL CLOCK,8.5,A,1376,11664.12,235,2010-12-01,2011-12-09,False,REAL
22194,BLACK DINER WALL CLOCK,8.5,C,64,608.69,40,2010-12-01,2011-08-11,False,REAL
22195,LARGE HEART MEASURING SPOONS,1.65,A,1975,3719.01,196,2010-12-01,2011-12-09,False,REAL
22196,SMALL HEART MEASURING SPOONS,0.85,A,2813,2725.26,224,2010-12-01,2011-12-09,False,REAL
22197,POPCORN HOLDER,0.85,A,56429,50984.57,294,2010-12-01,2011-12-09,True,REAL
22198,LARGE POPCORN HOLDER,1.65,B,987,1810.61,33,2010-12-01,2011-02-21,False,REAL
22199,FRYING PAN RED RETROSPOT,4.25,B,459,1894.59,121,2010-12-05,2011-12-09,False,REAL
22200,FRYING PAN PINK POLKADOT,4.25,B,394,1792.48,103,2010-12-03,2011-12-09,False,REAL
22201,FRYING PAN BLUE POLKADOT,4.25,C,192,712.55,66,2010-12-09,2011-12-08,False,REAL
22202,MILK PAN PINK POLKADOT,7.46,C,63,315.6,27,2010-12-02,2011-05-05,False,REAL
22203,MILK PAN RED RETROSPOT,3.75,B,401,1475.63,109,2010-12-01,2011-12-08,False,REAL
22204,MILK PAN BLUE POLKADOT,3.36,C,192,650.79,60,2010-12-14,2011-12-08,False,REAL
22206,"MUG , DOTCOMGIFTSHOP.COM",0.83,C,5,4.17,5,2010-12-17,2011-11-21,False,REAL
22207,FRYING PAN UNION FLAG,4.25,A,1259,5555.09,130,2010-12-01,2011-12-09,False,REAL
22208,WOOD STAMP SET THANK YOU,0.83,B,1496,1559.88,151,2010-12-01,2011-12-08,False,REAL
22209,WOOD STAMP SET HAPPY BIRTHDAY,0.83,B,933,954.26,120,2010-12-02,2011-12-09,False,REAL
22210,WOOD STAMP SET BEST WISHES,0.83,B,1017,958.04,115,2010-12-02,2011-12-08,False,REAL
22211,WOOD STAMP SET FLOWERS,0.83,B,960,1052.79,127,2010-12-07,2011-12-08,False,REAL
22212,FOUR HOOK  WHITE LOVEBIRDS,2.1,A,1598,3677.84,221,2010-12-01,2011-12-09,False,REAL
22214,CANDLE PLATE LACE WHITE,2.55,C,193,416.6,42,2010-12-13,2011-12-06,False,REAL
22215,CAKE STAND WHITE TWO TIER LACE,8.5,B,342,2462.89,78,2010-12-02,2011-12-09,False,REAL
22216,T-LIGHT HOLDER WHITE LACE,0.85,C,588,512.93,53,2010-12-03,2011-12-09,False,REAL
22217,T-LIGHT HOLDER HANGING LACE,1.25,B,799,781.26,60,2010-12-01,2011-12-09,False,REAL
22218,CAKE STAND LACE WHITE,4.25,C,1,4.25,1,2010-12-15,2010-12-15,False,REAL
22219,LOVEBIRD HANGING DECORATION WHITE,0.85,A,4107,4011.63,258,2010-12-01,2011-12-09,False,REAL
22220,CAKE STAND LOVEBIRD 2 TIER WHITE,9.95,B,212,1677.6,67,2010-12-01,2011-12-09,False,REAL
22221,CAKE STAND LOVEBIRD 2 TIER PINK,9.95,B,130,1094.59,44,2010-12-06,2011-12-08,False,REAL
22222,CAKE PLATE LOVEBIRD WHITE,4.95,A,1057,3880.2,144,2010-12-01,2011-12-08,False,REAL
22223,CAKE PLATE LOVEBIRD PINK,4.95,B,441,1821.61,64,2010-12-06,2011-12-06,False,REAL
22224,WHITE LOVEBIRD LANTERN,2.95,A,830,2752.26,123,2010-12-01,2011-12-09,False,REAL
22227,HANGING HEART MIRROR DECORATION,0.65,B,2339,1706.77,186,2010-12-01,2011-12-09,False,REAL
22228,BUNNY WOODEN PAINTED WITH BIRD,0.85,C,998,776.08,102,2010-12-10,2011-12-08,False,REAL
22229,BUNNY WOODEN PAINTED WITH FLOWER,0.85,C,566,430.76,78,2010-12-10,2011-12-05,False,REAL
22230,JIGSAW TREE WITH WATERING CAN,0.83,C,1044,478.08,83,2010-12-12,2011-12-04,False,REAL
22231,JIGSAW TREE WITH BIRDHOUSE,1.25,B,929,931.97,106,2010-12-05,2011-12-08,False,REAL
22232,JIGSAW TOADSTOOLS 3 PIECE,0.59,C,626,549.74,63,2010-12-12,2011-12-07,False,REAL
22233,JIGSAW RABBIT AND BIRDHOUSE,1.25,C,587,593.35,82,2010-12-06,2011-12-07,False,REAL
22236,CAKE STAND 3 TIER MAGIC GARDEN,12.75,A,264,3128.4,69,2010-12-09,2011-11-23,False,REAL
22241,GARLAND WOODEN HAPPY EASTER,1.25,B,1948,2604.62,99,2010-12-01,2011-11-23,False,REAL
22242,5 HOOK HANGER MAGIC TOADSTOOL,1.65,B,611,946.53,24,2010-12-01,2011-02-16,False,REAL
22243,5 HOOK HANGER RED MAGIC TOADSTOOL,1.65,A,3087,4733.49,95,2010-12-01,2011-11-30,False,REAL
22244,3 HOOK HANGER MAGIC GARDEN,1.95,A,1694,3258.66,117,2010-12-01,2011-09-28,False,REAL
22245,"HOOK, 1 HANGER ,MAGIC GARDEN",0.85,B,1259,1067.45,70,2010-12-01,2011-09-01,False,REAL
22246,MAGIC GARDEN FELT GARLAND,1.95,B,419,939.37,69,2010-12-01,2011-11-24,False,REAL
22247,BUNNY DECORATION MAGIC GARDEN,0.85,C,668,591.44,78,2010-12-23,2011-11-25,False,REAL
22248,DECORATION  PINK CHICK MAGIC GARDEN,0.85,C,573,508.09,78,2010-12-03,2011-12-05,False,REAL
22249,DECORATION WHITE CHICK MAGIC GARDEN,0.85,B,924,809.46,83,2010-12-17,2011-12-08,False,REAL
22250,DECORATION  BUTTERFLY  MAGIC GARDEN,0.85,C,815,727.55,97,2010-12-03,2011-12-08,False,REAL
22251,BIRDHOUSE DECORATION MAGIC GARDEN,1.25,B,705,880.74,100,2010-12-03,2011-12-08,False,REAL
22252,BIRDCAGE DECORATION TEALIGHT HOLDER,1.25,C,637,754.07,60,2010-12-05,2011-12-09,False,REAL
22254,FELT TOADSTOOL LARGE,1.25,B,657,836.8,53,2010-12-09,2011-12-07,False,REAL
22255,FELT TOADSTOOL  SMALL,0.85,C,629,602.63,62,2010-12-03,2011-12-07,False,REAL
22256,FELT FARM ANIMAL CHICKEN,1.25,C,286,387.9,41,2010-12-05,2011-09-07,False,REAL
22257,FELT FARM ANIMAL SHEEP,0.85,C,373,280.42,34,2010-12-15,2011-10-30,False,REAL
22258,FELT FARM ANIMAL RABBIT,1.25,C,905,735.14,48,2010-12-15,2011-11-25,False,REAL
22259,FELT FARM ANIMAL HEN,0.85,C,481,332.84,30,2010-12-15,2011-04-26,False,REAL
22260,FELT EGG COSY BLUE RABBIT,1.63,C,547,573.19,68,2010-12-01,2011-12-09,False,REAL
22261,FELT EGG COSY WHITE RABBIT,0.85,C,578,543.86,77,2010-12-01,2011-12-09,False,REAL
22262,FELT EGG COSY CHICKEN,0.85,B,1017,945.36,95,2010-12-01,2011-12-06,False,REAL
22263,FELT EGG COSY LADYBIRD,0.85,C,277,154.32,42,2010-12-10,2011-12-08,False,REAL
22264,FELT FARM ANIMAL WHITE BUNNY,0.85,C,1561,736.98,61,2010-12-02,2011-12-09,False,REAL
22265,EASTER DECORATION NATURAL CHICK,0.65,C,536,363.55,48,2010-12-01,2011-11-29,False,REAL
22266,EASTER DECORATION HANGING BUNNY,0.65,C,1887,595.85,76,2011-01-07,2011-12-07,False,REAL
22267,EASTER DECORATION EGG BUNNY,1.25,C,836,673.17,65,2011-01-07,2011-12-05,False,REAL
22268,DECORATION SITTING BUNNY,0.63,B,1969,794.08,114,2011-01-05,2011-11-10,False,REAL
22269,EGG CUP NATURAL CHICKEN,0.83,C,932,621.49,100,2010-12-09,2011-12-07,False,REAL
22270,HAPPY EASTER HANGING DECORATION,3.75,B,236,916.31,43,2010-12-14,2011-11-22,False,REAL
22271,FELTCRAFT DOLL ROSIE,2.95,A,1693,4983.75,175,2010-12-01,2011-11-25,False,REAL
22272,FELTCRAFT DOLL MARIA,2.95,C,196,564.92,35,2010-12-02,2011-05-22,False,REAL
22273,FELTCRAFT DOLL MOLLY,2.95,A,3065,8497.79,191,2010-12-01,2011-12-09,False,REAL
22274,FELTCRAFT DOLL EMILY,2.95,A,1334,3935.78,157,2010-12-01,2011-12-08,False,REAL
22275,WEEKEND BAG VINTAGE ROSE PAISLEY,7.65,C,69,527.85,1,2010-12-02,2010-12-02,False,REAL
22276,WASH BAG VINTAGE ROSE PAISLEY,2.55,B,282,818.46,70,2010-12-01,2011-12-08,False,REAL
22277,COSMETIC BAG VINTAGE ROSE PAISLEY,2.1,B,417,897.74,83,2010-12-01,2011-12-09,False,REAL
22278,OVERNIGHT BAG VINTAGE ROSE PAISLEY,4.95,B,400,2679.6,121,2010-12-01,2011-12-09,False,REAL
22279,POCKET BAG BLUE PAISLEY RED SPOT,1.25,B,831,1003.4,93,2010-12-06,2011-12-09,False,REAL
22280,POCKET BAG PINK PAISELY BROWN SPOT,1.05,C,468,509.59,72,2010-12-06,2011-12-09,False,REAL
22281,EASTER TREE YELLOW BIRDS,5.95,B,131,929.44,50,2010-12-13,2011-12-07,False,REAL
22282,12 EGG HOUSE PAINTED WOOD,12.75,B,148,2365.77,79,2010-12-06,2011-12-08,False,REAL
22283,6 EGG HOUSE PAINTED WOOD,7.95,B,295,2694.63,123,2010-12-01,2011-12-08,False,REAL
22284,HEN HOUSE DECORATION,1.65,B,915,1577.27,86,2010-12-02,2011-12-05,False,REAL
22285,HANGING HEN ON NEST DECORATION,1.65,B,870,1493.25,82,2010-12-02,2011-12-05,False,REAL
22286,DECORATION WOBBLY RABBIT METAL,1.65,B,1123,1022.49,87,2010-12-10,2011-12-01,False,REAL
22287,DECORATION WOBBLY CHICKEN,1.65,C,782,712.18,66,2010-12-10,2011-12-01,False,REAL
22288,HANGING METAL RABBIT DECORATION,1.25,C,467,608.2,48,2010-12-03,2011-12-06,False,REAL
22289,HANGING METAL CHICKEN DECORATION,1.25,C,146,191.02,31,2010-12-13,2011-11-22,False,REAL
22291,HANGING CHICK CREAM DECORATION,1.45,B,1264,1869.77,77,2010-12-10,2011-11-25,False,REAL
22292,HANGING CHICK  YELLOW DECORATION,1.45,B,1136,1604.51,80,2010-12-02,2011-11-25,False,REAL
22293,HANGING CHICK GREEN DECORATION,1.45,B,903,1335.87,89,2010-12-07,2011-11-22,False,REAL
22294,HEART FILIGREE DOVE  SMALL,1.25,A,5423,6762.58,180,2010-12-01,2011-12-08,False,REAL
22295,HEART FILIGREE DOVE LARGE,1.65,A,2789,4613.97,155,2010-12-01,2011-12-08,False,REAL
22296,HEART IVORY TRELLIS LARGE,1.65,A,3139,5246.07,192,2010-12-01,2011-12-08,False,REAL
22297,HEART IVORY TRELLIS SMALL,1.25,A,4164,5459.91,199,2010-12-01,2011-12-08,False,REAL
22299,PIG KEYRING WITH LIGHT & SOUND,1.25,B,1331,1326.97,60,2010-12-01,2011-12-09,False,REAL
22300,COFFEE MUG DOG + BALL DESIGN,2.55,A,1515,3376.06,126,2010-12-01,2011-12-09,False,REAL
22301,COFFEE MUG CAT + BIRD DESIGN,2.55,A,2181,4921.43,152,2010-12-01,2011-12-09,False,REAL
22302,COFFEE MUG PEARS  DESIGN,2.55,A,2317,5103.69,149,2010-12-15,2011-12-09,False,REAL
22303,COFFEE MUG APPLES DESIGN,2.55,A,2760,6213.0,171,2010-12-14,2011-12-09,False,REAL
22304,COFFEE MUG BLUE PAISLEY DESIGN,2.55,B,761,1352.88,53,2010-12-01,2011-12-09,False,REAL
22305,COFFEE MUG PINK PAISLEY DESIGN,2.55,B,692,1602.03,49,2010-12-05,2011-12-07,False,REAL
22306,SILVER MUG BONE CHINA TREE OF LIFE,1.06,B,1145,1386.96,65,2010-12-03,2011-12-06,False,REAL
22307,GOLD MUG BONE CHINA TREE OF LIFE,1.06,B,731,923.74,51,2010-12-03,2011-12-09,False,REAL
22308,TEA COSY BLUE STRIPE,4.96,B,250,877.38,80,2010-12-01,2011-12-09,False,REAL
22309,TEA COSY RED  STRIPE,2.55,B,369,1091.05,90,2010-12-01,2011-12-09,False,REAL
22310,IVORY KNITTED MUG COSY,3.29,B,668,1296.23,83,2010-12-01,2011-12-08,False,REAL
22311,OFFICE MUG WARMER BLACK+SILVER,2.95,A,1125,3383.11,103,2010-12-01,2011-12-06,False,REAL
22312,OFFICE MUG WARMER POLKADOT,2.95,B,633,1915.09,95,2010-12-01,2011-12-08,False,REAL
22313,OFFICE MUG WARMER PINK,2.95,B,315,927.33,57,2010-12-01,2011-12-09,False,REAL
22314,OFFICE MUG WARMER CHOC+BLUE,2.95,B,552,1706.02,89,2010-12-01,2011-12-09,False,REAL
22315,200 RED + WHITE BENDY STRAWS,1.25,B,915,1217.68,120,2010-12-01,2011-12-08,False,REAL
22316,200 BENDY SKULL STRAWS,1.25,C,659,741.12,50,2010-12-02,2011-12-06,False,REAL
22317,FIVE CATS HANGING DECORATION,2.95,B,285,876.72,71,2010-12-01,2011-11-29,False,REAL
22318,FIVE HEART HANGING DECORATION,2.95,B,455,1520.97,107,2010-12-01,2011-12-05,False,REAL
22319,HAIRCLIPS FORTIES FABRIC ASSORTED,0.65,C,1310,564.46,49,2010-12-09,2011-12-09,False,REAL
22320,BIRDS MOBILE VINTAGE DESIGN,5.95,B,179,1087.77,60,2010-12-02,2011-12-08,False,REAL
22321,BIRD DECORATION RED RETROSPOT,1.63,B,892,860.08,100,2010-12-01,2011-12-08,False,REAL
22322,BIRD DECORATION GREEN POLKADOT,0.85,C,808,737.61,93,2010-12-06,2011-11-11,False,REAL
22323,PINK POLKADOT KIDS BAG,1.95,C,1,1.95,1,2011-01-12,2011-01-12,False,REAL
22324,BLUE POLKADOT KIDS BAG,4.13,C,286,688.3,62,2010-12-01,2011-12-09,False,REAL
22325,MOBILE VINTAGE HEARTS,4.95,B,242,1111.7,72,2010-12-01,2011-11-29,False,REAL
22326,ROUND SNACK BOXES SET OF4 WOODLAND,2.95,A,8489,24229.17,268,2010-12-01,2011-12-09,False,REAL
22327,ROUND SNACK BOXES SET OF 4 SKULLS,2.95,A,1156,4271.8,184,2010-12-01,2011-12-09,False,REAL
22328,ROUND SNACK BOXES SET OF 4 FRUITS,2.95,A,6181,17415.27,259,2010-12-01,2011-12-09,False,REAL
22329,ROUND CONTAINER SET OF 5 RETROSPOT,1.65,B,1590,2640.44,156,2010-12-06,2011-12-09,False,REAL
22331,WOODLAND PARTY BAG + STICKER SET,1.65,A,1840,2975.14,135,2010-12-01,2011-12-09,False,REAL
22332,SKULLS PARTY BAG + STICKER SET,1.65,B,1022,1661.5,117,2010-12-02,2011-12-05,False,REAL
22333,RETROSPOT PARTY BAG + STICKER SET,1.65,A,4433,6946.59,201,2010-12-01,2011-12-07,False,REAL
22334,DINOSAUR PARTY BAG + STICKER SET,1.65,B,707,1160.71,84,2010-12-02,2011-12-07,False,REAL
22335,HEART DECORATION PAINTED ZINC,0.65,B,2380,1668.89,149,2010-12-01,2011-12-08,False,REAL
22336,DOVE DECORATION PAINTED ZINC,0.65,C,2381,754.03,54,2010-12-01,2011-10-14,False,REAL
22337,ANGEL DECORATION PAINTED ZINC,0.63,C,912,574.54,48,2010-12-03,2011-12-02,False,REAL
22338,STAR DECORATION PAINTED ZINC,0.19,B,4658,1221.64,77,2010-12-01,2011-12-09,False,REAL
22339,CHRISTMAS TREE PAINTED ZINC,0.19,C,2461,681.98,46,2010-12-03,2011-11-20,False,REAL
22340,NOEL GARLAND PAINTED ZINC,0.83,C,1386,769.81,66,2010-12-06,2011-12-09,False,REAL
22341,LOVE GARLAND PAINTED ZINC,2.4699999999999998,B,453,827.63,64,2010-12-02,2011-12-08,False,REAL
22342,HOME GARLAND PAINTED ZINC,1.63,B,961,1071.38,99,2010-12-01,2011-12-09,False,REAL
22343,PARTY PIZZA DISH RED RETROSPOT,0.43,B,1956,858.03,66,2010-12-02,2011-12-08,False,REAL
22344,PARTY PIZZA DISH PINK POLKADOT,0.43,C,1225,459.81,58,2010-12-05,2011-12-08,False,REAL
22345,PARTY PIZZA DISH BLUE POLKADOT,0.43,C,1099,383.75,51,2010-12-01,2011-12-08,False,REAL
22346,PARTY PIZZA DISH GREEN POLKADOT,0.43,C,1034,381.09,48,2010-12-05,2011-12-08,False,REAL
22348,TEA BAG PLATE RED RETROSPOT,0.85,A,4072,3573.09,201,2010-12-01,2011-12-09,False,REAL
22349,DOG BOWL CHASING BALL DESIGN,3.75,A,1365,5377.77,94,2010-12-01,2011-12-05,False,REAL
22350,ILLUSTRATED CAT BOWL,2.55,A,1409,3819.57,95,2010-12-01,2011-12-08,False,REAL
22351,DOTCOMGIFTSHOP TEA TOWEL,2.4699999999999998,C,13,23.09,2,2011-02-18,2011-06-29,False,REAL
22352,LUNCH BOX WITH CUTLERY RETROSPOT,2.55,A,3076,7830.37,224,2010-12-01,2011-12-09,False,REAL
22353,LUNCH BOX WITH CUTLERY FAIRY CAKES,2.55,C,60,153.0,19,2011-02-06,2011-05-08,False,REAL
22354,RETROSPOT PADDED SEAT CUSHION,3.75,A,750,2860.98,70,2010-12-05,2011-12-06,False,REAL
22355,CHARLOTTE BAG SUKI DESIGN,0.85,A,17981,29146.51,285,2010-12-01,2011-12-09,True,REAL
22356,CHARLOTTE BAG PINK POLKADOT,0.85,A,9454,11217.92,269,2010-12-01,2011-12-09,False,REAL
22357,KINGS CHOICE BISCUIT TIN,4.25,B,451,2105.29,128,2010-12-01,2011-12-09,False,REAL
22358,KINGS CHOICE TEA CADDY,2.95,B,690,2527.62,166,2010-12-01,2011-12-09,False,REAL
22359,GLASS JAR KINGS CHOICE,2.95,C,182,602.82,71,2010-12-01,2011-12-06,False,REAL
22360,GLASS JAR ENGLISH CONFECTIONERY,2.95,A,910,2921.42,143,2010-12-01,2011-12-08,False,REAL
22361,GLASS JAR DAISY FRESH COTTON WOOL,5.79,B,715,2557.33,164,2010-12-01,2011-12-09,False,REAL
22362,GLASS JAR PEACOCK BATH SALTS,2.95,B,383,1255.69,104,2010-12-03,2011-12-09,False,REAL
22363,GLASS JAR MARMALADE,2.95,B,350,1045.3,73,2010-12-03,2011-12-08,False,REAL
22364,GLASS JAR DIGESTIVE BISCUITS,2.95,B,549,1818.87,121,2010-12-01,2011-12-08,False,REAL
22365,DOORMAT RESPECTABLE HOUSE,7.95,A,787,5738.13,125,2010-12-02,2011-12-08,False,REAL
22366,DOORMAT AIRMAIL,7.95,A,773,5841.13,153,2010-12-01,2011-12-08,False,REAL
22367,CHILDRENS APRON SPACEBOY DESIGN,1.95,A,3713,7438.38,246,2010-12-01,2011-12-09,False,REAL
22371,AIRLINE BAG VINTAGE TOKYO 78,4.25,A,1078,5039.32,204,2010-12-01,2011-12-09,False,REAL
22372,AIRLINE BAG VINTAGE WORLD CHAMPION,4.25,B,278,1285.24,115,2010-12-01,2011-12-09,False,REAL
22374,AIRLINE BAG VINTAGE JET SET RED,4.25,B,542,2410.52,151,2010-12-02,2011-12-09,False,REAL
22375,AIRLINE BAG VINTAGE JET SET BROWN,4.25,B,346,1626.54,127,2010-12-01,2011-12-08,False,REAL
22376,AIRLINE BAG VINTAGE JET SET WHITE,4.25,B,252,1133.2,103,2010-12-01,2011-12-08,False,REAL
22377,BOTTLE BAG RETROSPOT,2.1,B,1321,2153.88,132,2010-12-06,2011-12-08,False,REAL
22378,WALL TIDY RETROSPOT,2.1,A,2282,3637.72,162,2010-12-01,2011-12-09,False,REAL
22379,RECYCLING BAG RETROSPOT,2.1,A,6833,15487.04,262,2010-12-01,2011-12-09,False,REAL
22380,TOY TIDY SPACEBOY,2.1,A,1276,2739.86,183,2010-12-01,2011-12-09,False,REAL
22381,TOY TIDY PINK POLKADOT,2.1,A,3415,7383.59,234,2010-12-01,2011-12-09,False,REAL
22382,LUNCH BAG SPACEBOY DESIGN,1.65,A,10338,17884.46,284,2010-12-01,2011-12-08,False,REAL
22383,LUNCH BAG SUKI DESIGN,1.65,A,12382,22282.74,287,2010-12-01,2011-12-09,False,REAL
22384,LUNCH BAG PINK POLKADOT,1.65,A,10339,17159.59,292,2010-12-01,2011-12-09,False,REAL
22385,JUMBO BAG SPACEBOY DESIGN,2.08,A,8548,16856.45,241,2010-12-02,2011-12-08,False,REAL
22386,JUMBO BAG PINK POLKADOT,2.08,A,20994,41588.33,288,2010-12-01,2011-12-09,True,REAL
22389,PAPERWEIGHT SAVE THE PLANET,2.55,C,238,431.55,37,2010-12-06,2011-12-08,False,REAL
22390,PAPERWEIGHT CHILDHOOD MEMORIES,2.55,C,266,440.34,32,2010-12-05,2011-12-08,False,REAL
22391,PAPERWEIGHT HOME SWEET HOME,2.55,C,158,245.58,29,2010-12-10,2011-12-08,False,REAL
22393,PAPERWEIGHT VINTAGE COLLAGE,2.55,C,507,729.23,54,2010-12-01,2011-12-08,False,REAL
22394,PAPERWEIGHT KINGS CHOICE,2.55,C,168,230.68,20,2010-12-01,2011-12-09,False,REAL
22395,PAPERWEIGHT VINTAGE PAISLEY,4.96,C,152,220.04,26,2010-12-03,2011-12-08,False,REAL
22396,MAGNETS PACK OF 4 RETRO PHOTO,0.39,C,1219,622.48,100,2010-12-01,2011-12-09,False,REAL
22398,MAGNETS PACK OF 4 SWALLOWS,0.39,B,2497,1491.62,150,2010-12-03,2011-12-09,False,REAL
22399,MAGNETS PACK OF 4 CHILDHOOD MEMORY,1.25,B,1134,1324.58,84,2010-12-01,2011-12-02,False,REAL
22400,MAGNETS PACK OF 4 HOME SWEET HOME,0.39,C,1392,728.7,107,2010-12-01,2011-12-07,False,REAL
22402,MAGNETS PACK OF 4 VINTAGE COLLAGE,0.39,B,1713,1025.66,106,2010-12-01,2011-12-08,False,REAL
22403,MAGNETS PACK OF 4 VINTAGE LABELS,0.42,C,1316,681.78,92,2010-12-05,2011-12-07,False,REAL
22405,MONEY BOX POCKET MONEY DESIGN,1.25,C,372,415.36,59,2010-12-01,2011-12-08,False,REAL
22406,MONEY BOX KINGS CHOICE DESIGN,1.25,C,345,402.21,69,2010-12-02,2011-12-08,False,REAL
22407,MONEY BOX FIRST ADE DESIGN,1.25,C,94,99.28,24,2010-12-17,2011-12-07,False,REAL
22408,MONEY BOX CONFECTIONERY DESIGN,1.25,C,145,162.44,27,2010-12-02,2011-12-06,False,REAL
22409,MONEY BOX BISCUITS DESIGN,1.25,C,227,298.47,54,2010-12-01,2011-12-06,False,REAL
22410,MONEY BOX HOUSEKEEPING DESIGN,1.25,C,237,247.42,53,2010-12-16,2011-12-08,False,REAL
22411,JUMBO SHOPPER VINTAGE RED PAISLEY,2.08,A,12232,27977.9,286,2010-12-01,2011-12-09,False,REAL
22412,METAL SIGN NEIGHBOURHOOD WITCH,2.1,B,909,1927.65,114,2010-12-03,2011-11-10,False,REAL
22413,METAL SIGN TAKE IT OR LEAVE IT,2.95,A,3750,11025.14,231,2010-12-01,2011-12-08,False,REAL
22414,DOORMAT NEIGHBOURHOOD WITCH,7.95,B,277,2022.19,77,2010-12-03,2011-12-08,False,REAL
22415,WHITE TISSUE REAM,7.95,C,19,151.05,12,2010-12-05,2011-01-26,False,REAL
22416,SET OF 36 DOILIES SPACEBOY DESIGN,1.45,B,868,1210.82,69,2010-12-06,2011-12-04,False,REAL
22417,PACK OF 60 SPACEBOY CAKE CASES,0.55,A,8374,4537.94,246,2010-12-01,2011-12-08,False,REAL
22418,10 COLOUR SPACEBOY PEN,0.85,A,6410,5454.55,180,2010-12-01,2011-12-09,False,REAL
22419,LIPSTICK PEN RED,0.42,B,3332,1670.58,151,2010-12-01,2011-12-09,False,REAL
22420,LIPSTICK PEN BABY PINK,0.42,C,1333,611.3,92,2010-12-01,2011-12-09,False,REAL
22421,LIPSTICK PEN FUSCHIA,0.42,B,2595,1346.26,142,2010-12-01,2011-12-09,False,REAL
22422,TOOTHPASTE TUBE PEN,1.25,C,1273,776.1,125,2010-12-01,2011-12-09,False,REAL
22423,REGENCY CAKESTAND 3 TIER,12.75,A,13076,165353.49,300,2010-12-01,2011-12-09,False,REAL
22424,ENAMEL BREAD BIN CREAM,12.75,A,845,12015.73,229,2010-12-01,2011-12-09,False,REAL
22425,ENAMEL COLANDER CREAM,4.95,B,454,2316.42,118,2010-12-01,2011-12-08,False,REAL
22426,ENAMEL WASH BOWL CREAM,3.75,A,731,2816.36,142,2010-12-02,2011-12-08,False,REAL
22427,ENAMEL FLOWER JUG CREAM,5.95,A,2065,12411.81,208,2010-12-01,2011-10-20,False,REAL
22428,ENAMEL FIRE BUCKET CREAM,6.95,B,243,1833.91,93,2010-12-01,2011-12-08,False,REAL
22429,ENAMEL MEASURING JUG CREAM,4.25,A,1231,5375.43,210,2010-12-01,2011-12-09,False,REAL
22430,ENAMEL WATERING CAN CREAM,4.95,A,597,3142.34,132,2010-12-01,2011-12-08,False,REAL
22431,WATERING CAN BLUE ELEPHANT,1.95,A,2050,3983.11,187,2010-12-02,2011-12-08,False,REAL
22432,WATERING CAN PINK BUNNY,1.95,A,1702,3315.52,164,2010-12-01,2011-12-08,False,REAL
22433,WATERING CAN GREEN DINOSAUR,1.95,B,1391,2661.65,137,2010-12-02,2011-12-08,False,REAL
22434,BALLOON PUMP WITH 10 BALLOONS,1.95,B,769,1523.61,101,2010-12-02,2011-12-08,False,REAL
22435,SET OF 9 HEART SHAPED BALLOONS,1.25,A,2743,3428.0,176,2010-12-01,2011-12-07,False,REAL
22436,12 COLOURED PARTY BALLOONS,0.65,B,2114,1385.51,121,2010-12-02,2011-12-07,False,REAL
22437,SET OF 9 BLACK SKULL BALLOONS,0.85,B,2796,2390.04,163,2010-12-01,2011-12-09,False,REAL
22438,BALLOON ART MAKE YOUR OWN FLOWERS,1.95,B,1009,1034.9,71,2010-12-01,2011-12-08,False,REAL
22439,6 ROCKET BALLOONS,0.65,B,1790,1223.02,139,2010-12-02,2011-12-08,False,REAL
22440,BALLOON WATER BOMB PACK OF 35,0.42,B,6000,2370.84,114,2010-12-02,2011-12-06,False,REAL
22441,GROW YOUR OWN BASIL IN ENAMEL MUG,2.1,B,1044,2286.61,148,2010-12-01,2011-12-09,False,REAL
22442,GROW YOUR OWN FLOWERS SET OF 3,7.95,B,286,1161.8,53,2010-12-02,2011-12-09,False,REAL
22443,GROW YOUR OWN HERBS SET OF 3,7.95,B,162,1375.84,68,2010-12-02,2011-08-05,False,REAL
22444,GROW YOUR OWN PLANT IN A CAN,1.25,B,837,1105.37,38,2010-12-01,2011-05-19,False,REAL
22445,PENCIL CASE LIFE IS BEAUTIFUL,2.95,B,534,1615.91,92,2010-12-01,2011-12-08,False,REAL
22446,PIN CUSHION BABUSHKA PINK,2.46,B,433,1115.08,89,2010-12-01,2011-12-09,False,REAL
22447,PIN CUSHION BABUSHKA BLUE,2.51,C,131,390.71,34,2010-12-01,2011-12-09,False,REAL
22448,PIN CUSHION BABUSHKA RED,3.35,C,195,636.33,35,2010-12-01,2011-12-06,False,REAL
22449,SILK PURSE BABUSHKA PINK,3.35,B,478,1540.4,97,2010-12-01,2011-11-24,False,REAL
22450,SILK PURSE BABUSHKA BLUE,3.35,C,193,654.41,44,2010-12-02,2011-11-28,False,REAL
22451,SILK PURSE BABUSHKA RED,3.35,C,222,775.8,30,2010-12-01,2011-05-13,False,REAL
22452,MEASURING TAPE BABUSHKA PINK,1.66,B,709,1721.96,94,2010-12-02,2011-12-06,False,REAL
22453,MEASURING TAPE BABUSHKA BLUE,2.95,B,430,1150.39,55,2010-12-01,2011-12-08,False,REAL
22454,MEASURING TAPE BABUSHKA RED,2.95,C,266,757.02,32,2010-12-01,2011-11-16,False,REAL
22456,NATURAL SLATE CHALKBOARD LARGE,4.95,A,1659,9206.47,232,2010-12-03,2011-12-09,False,REAL
22457,NATURAL SLATE HEART CHALKBOARD,2.95,A,9077,27868.11,297,2010-12-01,2011-12-09,False,REAL
22458,CAST IRON HOOK GARDEN FORK,2.55,B,523,1421.83,21,2010-12-01,2011-04-20,False,REAL
22459,CAST IRON HOOK GARDEN TROWEL,2.55,B,386,1018.19,22,2010-12-01,2011-04-27,False,REAL
22460,EMBOSSED GLASS TEALIGHT HOLDER,1.25,A,2528,3251.0,151,2010-12-02,2011-12-09,False,REAL
22461,SAVOY ART DECO CLOCK,10.95,B,221,1343.88,41,2010-12-05,2011-08-12,False,REAL
22464,HANGING METAL HEART LANTERN,1.65,A,3283,5303.68,210,2010-12-01,2011-12-09,False,REAL
22465,HANGING METAL STAR LANTERN,1.65,A,2027,3101.04,120,2010-12-01,2011-12-09,False,REAL
22466,FAIRY TALE COTTAGE NIGHT LIGHT,1.95,A,3051,5575.79,135,2010-12-01,2011-12-09,False,REAL
22467,GUMBALL COAT RACK,2.55,A,7769,18450.07,258,2010-12-01,2011-12-09,False,REAL
22468,BABUSHKA LIGHTS STRING OF 10,6.75,A,515,3619.67,118,2010-12-01,2011-12-08,False,REAL
22469,HEART OF WICKER SMALL,1.65,A,17829,31893.7,258,2010-12-01,2011-12-09,True,REAL
22470,HEART OF WICKER LARGE,2.95,A,9854,29998.26,240,2010-12-01,2011-12-08,False,REAL
22471,TV DINNER TRAY AIR HOSTESS,4.95,B,418,1500.07,76,2010-12-01,2011-12-09,False,REAL
22472,TV DINNER TRAY DOLLY GIRL,4.95,B,318,1517.11,78,2010-12-01,2011-12-08,False,REAL
22473,TV DINNER TRAY VINTAGE PAISLEY,4.95,B,503,1623.04,79,2010-12-01,2011-12-08,False,REAL
22474,SPACEBOY TV DINNER TRAY,4.95,B,303,1636.27,93,2010-12-02,2011-12-09,False,REAL
22475,SKULL DESIGN TV DINNER TRAY,4.95,B,313,1590.82,104,2010-12-05,2011-12-08,False,REAL
22476,EMPIRE UNION JACK TV DINNER TRAY,4.95,A,872,2799.61,93,2010-12-01,2011-12-09,False,REAL
22477,WATERING CAN GARDEN MARKER,1.25,B,1364,1967.9,102,2010-12-01,2011-12-08,False,REAL
22478,BIRDHOUSE GARDEN MARKER,1.25,B,1537,2210.62,110,2010-12-01,2011-12-09,False,REAL
22479,DAISY GARDEN MARKER,1.25,B,1139,1658.57,83,2010-12-01,2011-12-08,False,REAL
22480,RED TEA TOWEL CLASSIC DESIGN,1.25,C,630,755.96,58,2010-12-01,2011-08-28,False,REAL
22481,BLACK TEA TOWEL CLASSIC DESIGN,1.25,C,825,747.3,95,2010-12-01,2011-12-09,False,REAL
22482,BLUE TEA TOWEL CLASSIC DESIGN,1.25,C,478,565.86,43,2010-12-01,2011-07-05,False,REAL
22483,RED GINGHAM TEDDY BEAR,2.95,B,769,2299.99,126,2010-12-03,2011-12-08,False,REAL
22485,SET OF 2 WOODEN MARKET CRATES,12.75,A,516,7062.85,145,2010-12-01,2011-12-09,False,REAL
22486,PLASMATRONIC LAMP,8.29,C,66,382.7,20,2010-12-06,2011-12-09,False,REAL
22487,WHITE WOOD GARDEN PLANT LADDER,9.95,A,759,7676.48,224,2010-12-01,2011-12-08,False,REAL
22488,NATURAL SLATE RECTANGLE CHALKBOARD,1.65,A,3161,5517.58,218,2010-12-01,2011-12-09,False,REAL
22489,PACK OF 12 TRADITIONAL CRAYONS,0.42,A,9717,4071.29,223,2010-12-01,2011-12-09,False,REAL
22491,PACK OF 12 COLOURED PENCILS,0.85,A,3935,3173.43,153,2010-12-02,2011-12-09,False,REAL
22492,MINI PAINT SET VINTAGE,0.65,A,26438,16811.07,208,2010-12-01,2011-12-08,True,REAL
22493,PAINT YOUR OWN CANVAS SET,1.65,A,2188,3590.19,151,2010-12-01,2011-12-08,False,REAL
22494,EMERGENCY FIRST AID TIN,2.46,B,1049,1523.52,166,2010-12-01,2011-12-08,False,REAL
22495,SET OF 2 ROUND TINS CAMEMBERT,2.95,C,276,731.12,73,2010-12-06,2011-12-09,False,REAL
22496,SET OF 2 ROUND TINS DUTCH CHEESE,2.95,C,249,523.31,63,2010-12-01,2011-12-09,False,REAL
22497,SET OF 2 TINS VINTAGE BATHROOM,4.25,B,223,1136.65,80,2010-12-01,2011-12-05,False,REAL
22498,WOODEN REGATTA BUNTING,5.95,B,333,2116.04,114,2010-12-07,2011-12-09,False,REAL
22499,WOODEN UNION JACK BUNTING,5.95,A,2086,12762.5,180,2010-12-01,2011-12-07,False,REAL
22500,SET OF 2 TINS JARDIN DE PROVENCE,4.95,B,248,967.05,75,2010-12-01,2011-12-09,False,REAL
22501,PICNIC BASKET WICKER LARGE,9.95,A,1505,18457.46,166,2010-12-01,2011-11-06,False,REAL
22502,PICNIC BASKET WICKER SMALL,5.95,A,1862,12350.52,162,2010-12-01,2011-09-25,False,REAL
22503,CABIN BAG VINTAGE PAISLEY,16.63,B,86,1697.97,31,2010-12-01,2011-11-27,False,REAL
22504,CABIN BAG VINTAGE RETROSPOT,16.63,A,243,4606.42,52,2010-12-03,2011-12-05,False,REAL
22505,MEMO BOARD COTTAGE DESIGN,4.95,A,1453,7064.62,190,2010-12-02,2011-12-09,False,REAL
22507,MEMO BOARD RETROSPOT  DESIGN,4.95,A,2953,14159.4,226,2010-12-02,2011-12-09,False,REAL
22508,DOORSTOP RETROSPOT HEART,3.75,A,1578,6465.88,186,2010-12-01,2011-12-08,False,REAL
22509,SEWING BOX RETROSPOT DESIGN,16.95,B,193,1885.34,55,2010-12-03,2011-12-08,False,REAL
22510,GINGHAM BABUSHKA DOORSTOP,2.81,C,210,402.74,33,2010-12-08,2011-12-08,False,REAL
22511,RETROSPOT BABUSHKA DOORSTOP,3.75,C,251,495.2,43,2010-12-01,2011-12-08,False,REAL
22512,DOORSTOP RACING CAR DESIGN,3.75,C,122,269.71,31,2010-12-07,2011-12-06,False,REAL
22513,DOORSTOP FOOTBALL DESIGN,3.75,C,152,539.9,55,2010-12-07,2011-12-09,False,REAL
22514,CHILDS GARDEN SPADE BLUE,2.1,C,302,704.45,81,2010-12-02,2011-12-08,False,REAL
22515,CHILDS GARDEN SPADE PINK,2.1,C,264,604.75,72,2010-12-01,2011-12-06,False,REAL
22516,CHILDS GARDEN RAKE BLUE,2.1,C,206,494.89,55,2010-12-07,2011-12-08,False,REAL
22517,CHILDS GARDEN RAKE PINK,2.1,C,199,447.63,62,2010-12-01,2011-12-06,False,REAL
22518,CHILDS GARDEN BRUSH BLUE,2.1,B,363,783.54,55,2010-12-03,2011-05-16,False,REAL
22519,CHILDS GARDEN BRUSH PINK,2.1,B,411,906.75,58,2010-12-01,2011-06-07,False,REAL
22520,CHILDS GARDEN TROWEL BLUE,0.85,C,719,622.1,74,2010-12-14,2011-05-17,False,REAL
22521,CHILDS GARDEN TROWEL PINK,0.85,C,609,525.51,63,2010-12-06,2011-05-05,False,REAL
22522,CHILDS GARDEN FORK BLUE,0.85,C,918,762.39,96,2010-12-14,2011-12-08,False,REAL
22523,CHILDS GARDEN FORK PINK,0.85,C,852,740.61,97,2010-12-06,2011-12-08,False,REAL
22524,CHILDRENS GARDEN GLOVES BLUE,1.25,B,642,883.2,64,2010-12-01,2011-05-24,False,REAL
22525,CHILDRENS GARDEN GLOVES PINK,1.25,C,489,648.97,52,2010-12-03,2011-04-18,False,REAL
22526,WHEELBARROW FOR CHILDREN,12.75,B,121,1669.26,67,2010-12-09,2011-12-09,False,REAL
22528,GARDENERS KNEELING PAD,3.36,C,1,3.36,1,2010-12-07,2010-12-07,False,REAL
22529,MAGIC DRAWING SLATE GO TO THE FAIR,0.42,C,825,338.11,57,2010-12-01,2011-12-08,False,REAL
22530,MAGIC DRAWING SLATE DOLLY GIRL,0.42,B,3602,1505.54,137,2010-12-01,2011-12-08,False,REAL
22531,MAGIC DRAWING SLATE CIRCUS PARADE,0.42,B,3356,1401.49,134,2010-12-01,2011-12-08,False,REAL
22532,MAGIC DRAWING SLATE LEAP FROG,0.42,C,1070,365.91,59,2010-12-05,2011-12-08,False,REAL
22533,MAGIC DRAWING SLATE BAKE A CAKE,0.42,C,1756,633.47,70,2010-12-01,2011-12-08,False,REAL
22534,MAGIC DRAWING SLATE SPACEBOY,0.42,B,4494,1870.28,161,2010-12-01,2011-12-08,False,REAL
22535,MAGIC DRAWING SLATE BUNNIES,0.42,C,1711,647.91,104,2010-12-06,2011-12-02,False,REAL
22536,MAGIC DRAWING SLATE PURDEY,0.42,B,4630,1756.31,112,2010-12-01,2011-12-08,False,REAL
22537,MAGIC DRAWING SLATE DINOSAUR,0.42,B,1879,823.0,123,2010-12-01,2011-12-05,False,REAL
22538,MINI JIGSAW GO TO THE FAIR,0.42,C,402,164.42,39,2010-12-08,2011-12-05,False,REAL
22539,MINI JIGSAW DOLLY GIRL,0.42,B,2916,1128.48,106,2010-12-01,2011-12-09,False,REAL
22540,MINI JIGSAW CIRCUS PARADE,0.42,B,2491,949.1,73,2010-12-01,2011-12-09,False,REAL
22541,MINI JIGSAW LEAP FROG,0.42,C,478,191.45,31,2010-12-08,2011-12-06,False,REAL
22543,MINI JIGSAW BAKE A CAKE,0.42,C,1451,529.96,47,2010-12-01,2011-12-08,False,REAL
22544,MINI JIGSAW SPACEBOY,0.42,B,4515,1713.66,120,2010-12-01,2011-12-09,False,REAL
22545,MINI JIGSAW BUNNIES,0.42,C,1141,435.25,65,2010-12-01,2011-12-09,False,REAL
22546,MINI JIGSAW PURDEY,0.42,B,2102,799.56,70,2010-12-03,2011-12-08,False,REAL
22547,MINI JIGSAW DINOSAUR,0.83,C,807,337.39,80,2010-12-01,2011-12-08,False,REAL
22548,HEADS AND TAILS SPORTING FUN,1.25,B,1969,2341.44,135,2010-12-01,2011-11-13,False,REAL
22549,PICTURE DOMINOES,1.45,A,3185,4794.03,183,2010-12-01,2011-12-09,False,REAL
22550,HOLIDAY FUN LUDO,3.75,A,1153,4161.14,139,2010-12-01,2011-12-08,False,REAL
22551,PLASTERS IN TIN SPACEBOY,1.65,A,8045,13554.26,253,2010-12-01,2011-12-09,False,REAL
22553,PLASTERS IN TIN SKULLS,1.65,A,4176,7023.22,236,2010-12-01,2011-12-09,False,REAL
22554,PLASTERS IN TIN WOODLAND ANIMALS,1.65,A,7764,13263.92,264,2010-12-01,2011-12-09,False,REAL
22555,PLASTERS IN TIN STRONGMAN,1.65,A,5960,9759.33,229,2010-12-01,2011-12-09,False,REAL
22556,PLASTERS IN TIN CIRCUS PARADE,1.65,A,6049,9956.26,245,2010-12-01,2011-12-09,False,REAL
22557,PLASTERS IN TIN VINTAGE PAISLEY,1.65,A,4685,7717.69,245,2010-12-01,2011-12-09,False,REAL
22558,CLOTHES PEGS RETROSPOT PACK 24,1.65,A,8636,13262.59,276,2010-12-01,2011-12-09,False,REAL
22559,SEASIDE FLYING DISC,1.25,C,493,611.53,70,2010-12-02,2011-12-05,False,REAL
22560,TRADITIONAL MODELLING CLAY,1.25,A,8119,9541.07,205,2010-12-01,2011-12-09,False,REAL
22561,WOODEN SCHOOL COLOURING SET,1.65,A,5607,9336.57,219,2010-12-01,2011-12-09,False,REAL
22562,MONSTERS STENCIL CRAFT,1.25,B,1413,1763.37,133,2010-12-02,2011-12-08,False,REAL
22563,HAPPY STENCIL CRAFT,1.25,A,2822,3346.93,163,2010-12-05,2011-12-08,False,REAL
22564,ALPHABET STENCIL CRAFT,1.25,B,2265,2599.35,123,2010-12-02,2011-12-08,False,REAL
22565,FELTCRAFT HAIRBANDS PINK AND WHITE,0.85,B,933,872.67,107,2010-12-01,2011-12-09,False,REAL
22566,FELTCRAFT HAIRBAND PINK AND PURPLE,0.85,B,873,789.78,110,2010-12-01,2011-12-09,False,REAL
22567,20 DOLLY PEGS RETROSPOT,1.45,A,2432,3231.97,153,2010-12-01,2011-12-09,False,REAL
22568,FELTCRAFT CUSHION OWL,3.75,A,3219,11888.23,216,2010-12-01,2011-12-07,False,REAL
22569,FELTCRAFT CUSHION BUTTERFLY,3.75,A,2566,9456.56,187,2010-12-01,2011-10-25,False,REAL
22570,FELTCRAFT CUSHION RABBIT,3.75,A,2840,10368.87,185,2010-12-01,2011-11-18,False,REAL
22571,ROCKING HORSE RED CHRISTMAS,0.85,B,2314,2095.96,106,2010-12-01,2011-12-09,False,REAL
22572,ROCKING HORSE GREEN CHRISTMAS,0.85,B,1356,1224.27,84,2010-12-01,2011-11-29,False,REAL
22573,STAR WOODEN CHRISTMAS DECORATION,0.85,B,2684,2423.0,94,2010-12-01,2011-12-09,False,REAL
22574,HEART WOODEN CHRISTMAS DECORATION,0.85,B,2333,2199.59,98,2010-12-01,2011-12-09,False,REAL
22575,METAL MERRY CHRISTMAS WREATH,1.95,B,636,1216.22,65,2010-12-01,2011-12-05,False,REAL
22576,SWALLOW WOODEN CHRISTMAS DECORATION,0.85,B,1532,1409.36,85,2010-12-01,2011-12-09,False,REAL
22577,WOODEN HEART CHRISTMAS SCANDINAVIAN,0.29,A,10603,4073.91,126,2010-12-01,2011-12-09,False,REAL
22578,WOODEN STAR CHRISTMAS SCANDINAVIAN,0.29,A,10459,3876.25,98,2010-12-01,2011-12-09,False,REAL
22579,WOODEN TREE CHRISTMAS SCANDINAVIAN,0.29,B,5167,1988.02,83,2010-12-01,2011-11-28,False,REAL
22580,ADVENT CALENDAR GINGHAM SACK,5.95,A,1310,6842.24,102,2010-12-01,2011-12-09,False,REAL
22581,WOOD STOCKING CHRISTMAS SCANDISPOT,0.85,B,1569,1137.28,79,2010-12-01,2011-12-09,False,REAL
22582,PACK OF 6 SWEETIE GIFT BOXES,2.55,B,1049,2618.75,81,2010-12-01,2011-12-08,False,REAL
22583,PACK OF 6 HANDBAG GIFT BOXES,2.55,B,571,1565.3,88,2010-12-01,2011-12-08,False,REAL
22584,PACK OF 6 PANNETONE GIFT BOXES,2.55,A,2303,5878.11,138,2010-12-01,2011-12-08,False,REAL
22585,PACK OF 6 BIRDY GIFT TAGS,1.25,A,6163,7475.39,184,2010-12-01,2011-12-09,False,REAL
22586,FELTCRAFT HAIRBAND PINK AND BLUE,0.85,C,854,772.85,111,2010-12-01,2011-12-09,False,REAL
22587,FELTCRAFT HAIRBAND RED AND BLUE,0.85,B,918,830.52,105,2010-12-01,2011-12-08,False,REAL
22588,CARD HOLDER GINGHAM HEART,2.89,B,681,2132.65,118,2010-12-01,2011-12-08,False,REAL
22589,CARDHOLDER GINGHAM STAR,2.89,B,379,1212.82,52,2010-12-01,2011-12-09,False,REAL
22591,CARDHOLDER GINGHAM CHRISTMAS TREE,3.25,B,406,1486.66,57,2010-12-08,2011-12-09,False,REAL
22592,CARDHOLDER HOLLY WREATH METAL,3.75,A,657,3017.37,77,2010-12-01,2011-12-09,False,REAL
22593,CHRISTMAS GINGHAM STAR,0.85,B,2263,2085.64,91,2010-12-01,2011-12-09,False,REAL
22594,CHRISTMAS GINGHAM TREE,0.85,B,2005,1904.92,92,2010-12-01,2011-12-09,False,REAL
22595,GINGHAM HEART DECORATION,0.85,A,6788,5720.21,200,2010-12-01,2011-12-08,False,REAL
22596,CHRISTMAS STAR WISH LIST CHALKBOARD,1.25,A,3452,4080.42,96,2011-06-13,2011-12-09,False,REAL
22597,MUSICAL ZINC HEART DECORATION,0.83,B,2787,1218.59,98,2010-12-01,2011-12-09,False,REAL
22598,CHRISTMAS MUSICAL ZINC TREE,0.83,C,984,441.1,58,2010-12-05,2011-12-09,False,REAL
22599,CHRISTMAS MUSICAL ZINC STAR,0.83,B,1929,947.36,64,2010-12-01,2011-12-09,False,REAL
22600,CHRISTMAS RETROSPOT STAR WOOD,0.85,B,1694,1539.83,98,2010-12-01,2011-12-09,False,REAL
22601,CHRISTMAS RETROSPOT ANGEL WOOD,0.85,B,2476,2217.28,103,2010-12-01,2011-12-09,False,REAL
22602,RETROSPOT WOODEN HEART DECORATION,0.85,B,2211,2020.47,155,2010-12-01,2011-12-09,False,REAL
22603,CHRISTMAS RETROSPOT TREE WOOD,0.85,B,1385,1233.68,87,2010-12-01,2011-12-08,False,REAL
22604,SET OF 4 NAPKIN CHARMS CUTLERY,2.55,A,1247,3029.46,98,2010-12-01,2011-12-08,False,REAL
22605,WOODEN CROQUET GARDEN SET,14.95,A,777,11208.06,176,2010-12-01,2011-12-08,False,REAL
22606,WOODEN SKITTLES GARDEN SET,15.95,A,304,4498.11,106,2010-12-06,2011-12-08,False,REAL
22607,WOODEN ROUNDERS GARDEN SET,9.95,A,1323,12494.67,198,2010-12-01,2011-12-08,False,REAL
22608,PENS ASSORTED FUNKY JEWELED,0.21,B,5204,1113.31,100,2010-12-07,2011-12-09,False,REAL
22609,PENS ASSORTED SPACEBALL,0.19,B,5838,1361.26,106,2010-12-03,2011-12-08,False,REAL
22610,PENS ASSORTED FUNNY FACE,0.19,B,9572,2571.4,139,2010-12-01,2011-12-07,False,REAL
22611,VINTAGE UNION JACK SHOPPING BAG,4.95,B,225,1077.03,36,2010-12-07,2011-11-25,False,REAL
22613,PACK OF 20 SPACEBOY NAPKINS,0.85,B,1528,1214.11,121,2010-12-06,2011-12-09,False,REAL
22614,PACK OF 12 SPACEBOY TISSUES,0.39,B,2997,1012.87,139,2010-12-01,2011-12-09,False,REAL
22615,PACK OF 12 CIRCUS PARADE TISSUES,0.39,C,2061,655.47,85,2010-12-01,2011-12-09,False,REAL
22616,PACK OF 12 LONDON TISSUES,0.29,A,26095,7967.82,239,2010-12-01,2011-12-09,True,REAL
22617,BAKING SET SPACEBOY DESIGN,4.95,A,2191,10655.95,218,2010-12-02,2011-12-09,False,REAL
22618,COOKING SET RETROSPOT,9.95,C,52,527.2,22,2010-12-01,2011-05-06,False,REAL
22619,SET OF 6 SOLDIER SKITTLES,3.75,A,2464,9835.04,202,2010-12-01,2011-12-09,False,REAL
22620,4 TRADITIONAL SPINNING TOPS,1.45,A,4858,6737.26,214,2010-12-01,2011-12-09,False,REAL
22621,TRADITIONAL KNITTING NANCY,1.65,A,6075,9952.8,238,2010-12-03,2011-12-09,False,REAL
22622,BOX OF VINTAGE ALPHABET BLOCKS,11.95,A,1329,13779.96,158,2010-12-01,2011-12-09,False,REAL
22623,BOX OF VINTAGE JIGSAW BLOCKS,5.95,A,922,5156.06,146,2010-12-01,2011-12-07,False,REAL
22624,IVORY KITCHEN SCALES,8.5,A,1874,16303.06,242,2010-12-01,2011-12-09,False,REAL
22625,RED KITCHEN SCALES,8.5,A,1600,13915.6,218,2010-12-01,2011-12-09,False,REAL
22626,BLACK KITCHEN SCALES,8.5,A,508,4325.36,139,2010-12-01,2011-12-08,False,REAL
22627,MINT KITCHEN SCALES,8.5,A,839,7412.24,173,2010-12-01,2011-12-09,False,REAL
22628,PICNIC BOXES SET OF 3 RETROSPOT,4.95,A,941,4502.11,130,2010-12-03,2011-12-09,False,REAL
22629,SPACEBOY LUNCH BOX,1.95,A,14195,25626.32,281,2010-12-01,2011-12-09,False,REAL
22630,DOLLY GIRL LUNCH BOX,1.95,A,11550,21218.29,279,2010-12-01,2011-12-09,False,REAL
22631,CIRCUS PARADE LUNCH BOX,1.95,A,3633,7113.77,214,2010-12-01,2011-12-09,False,REAL
22632,HAND WARMER RED RETROSPOT,2.1,A,4454,8954.93,103,2010-12-01,2011-12-09,False,REAL
22633,HAND WARMER UNION JACK,2.1,A,4830,9979.62,106,2010-12-01,2011-12-09,False,REAL
22634,CHILDS BREAKFAST SET SPACEBOY,9.95,A,727,6829.2,153,2010-12-01,2011-12-09,False,REAL
22635,CHILDS BREAKFAST SET DOLLY GIRL,9.95,A,598,5695.23,133,2010-12-01,2011-12-07,False,REAL
22636,CHILDS BREAKFAST SET CIRCUS PARADE,8.5,A,573,4832.76,145,2010-12-02,2011-12-08,False,REAL
22637,PIGGY BANK RETROSPOT,2.55,A,2714,6997.03,192,2010-12-01,2011-11-27,False,REAL
22638,SET OF 4 NAPKIN CHARMS CROWNS,2.55,C,299,479.33,42,2010-12-01,2011-12-08,False,REAL
22639,SET OF 4 NAPKIN CHARMS HEARTS,2.55,B,805,1935.16,112,2010-12-01,2011-12-08,False,REAL
22640,SET OF 4 NAPKIN CHARMS 3 KEYS,2.55,C,237,446.84,49,2010-12-01,2011-12-08,False,REAL
22641,SET OF 4 NAPKIN CHARMS INSTRUMENT,2.55,C,139,303.73,35,2010-12-01,2011-12-07,False,REAL
22642,SET OF 4 NAPKIN CHARMS STARS,2.55,C,269,596.36,40,2010-12-01,2011-12-08,False,REAL
22643,SET OF 4 NAPKIN CHARMS LEAVES,2.55,C,238,441.83,39,2010-12-01,2011-12-08,False,REAL
22644,CERAMIC CHERRY CAKE MONEY BANK,1.45,A,2207,2976.82,169,2010-12-01,2011-12-09,False,REAL
22645,CERAMIC HEART FAIRY CAKE MONEY BANK,1.45,A,2337,4685.29,188,2010-12-01,2011-12-09,False,REAL
22646,CERAMIC STRAWBERRY CAKE MONEY BANK,1.45,A,4129,5642.02,211,2010-12-01,2011-12-09,False,REAL
22647,CERAMIC LOVE HEART MONEY BANK,1.45,C,720,448.78,40,2010-12-08,2011-12-08,False,REAL
22649,STRAWBERRY FAIRY CAKE TEAPOT,4.95,A,761,3964.58,136,2010-12-01,2011-12-05,False,REAL
22650,CERAMIC PIRATE CHEST MONEY BANK,1.45,B,848,1316.35,101,2010-12-01,2011-12-09,False,REAL
22651,GENTLEMAN SHIRT REPAIR KIT,0.85,B,2166,1837.47,117,2010-12-01,2011-12-09,False,REAL
22652,TRAVEL SEWING KIT,1.65,A,5066,8570.82,216,2010-12-01,2011-11-15,False,REAL
22653,BUTTON BOX,1.65,A,1856,3339.5,151,2010-12-01,2011-12-09,False,REAL
22654,DELUXE SEWING KIT,5.95,A,1385,9741.3,180,2010-12-01,2011-12-09,False,REAL
22655,VINTAGE RED KITCHEN CABINET,125.0,A,51,6490.0,27,2010-12-02,2011-11-01,False,REAL
22656,VINTAGE BLUE KITCHEN CABINET,125.0,A,22,3185.0,16,2010-12-13,2011-10-12,False,REAL
22659,LUNCH BOX I LOVE LONDON,1.95,A,11253,20352.8,270,2010-12-01,2011-12-09,False,REAL
22660,DOORMAT I LOVE LONDON,7.95,B,364,2678.96,84,2010-12-01,2011-12-07,False,REAL
22661,CHARLOTTE BAG DOLLY GIRL DESIGN,0.85,A,5181,4204.16,216,2010-12-01,2011-12-08,False,REAL
22662,LUNCH BAG DOLLY GIRL DESIGN,1.65,A,6693,11039.63,264,2010-12-01,2011-12-09,False,REAL
22663,JUMBO BAG DOLLY GIRL DESIGN,2.08,A,3409,7031.7,219,2010-12-01,2011-12-09,False,REAL
22664,TOY TIDY DOLLY GIRL DESIGN,2.1,B,701,1447.65,117,2010-12-01,2011-12-09,False,REAL
22665,RECIPE BOX BLUE SKETCHBOOK DESIGN,2.95,A,1495,5132.53,190,2010-12-01,2011-11-25,False,REAL
22666,RECIPE BOX PANTRY YELLOW DESIGN,2.95,A,8121,25807.75,294,2010-12-01,2011-12-09,False,REAL
22667,RECIPE BOX RETROSPOT,2.95,A,2801,7819.75,207,2010-12-01,2011-12-09,False,REAL
22668,PINK BABY BUNTING,2.95,A,2119,6520.97,194,2010-12-01,2011-12-08,False,REAL
22669,RED BABY BUNTING,2.95,A,1078,3431.5,150,2010-12-01,2011-12-08,False,REAL
22670,FRENCH WC SIGN BLUE METAL,1.25,B,1877,2510.5,182,2010-12-01,2011-12-09,False,REAL
22671,FRENCH LAUNDRY SIGN BLUE METAL,1.65,B,962,1608.7,120,2010-12-03,2011-12-08,False,REAL
22672,FRENCH BATHROOM SIGN BLUE METAL,1.65,B,1462,2488.12,154,2010-12-02,2011-12-08,False,REAL
22673,FRENCH GARDEN SIGN BLUE METAL,1.25,B,779,1001.08,102,2010-12-01,2011-12-08,False,REAL
22674,FRENCH TOILET SIGN BLUE METAL,1.25,B,1333,1676.47,140,2010-12-05,2011-12-08,False,REAL
22675,FRENCH KITCHEN SIGN BLUE METAL,1.25,B,1213,1521.41,116,2010-12-01,2011-12-08,False,REAL
22676,FRENCH BLUE METAL DOOR SIGN 1,1.25,B,1144,1564.64,139,2010-12-02,2011-12-09,False,REAL
22677,FRENCH BLUE METAL DOOR SIGN 2,1.25,B,990,1375.32,129,2010-12-06,2011-12-02,False,REAL
22678,FRENCH BLUE METAL DOOR SIGN 3,1.25,B,832,1137.81,120,2010-12-01,2011-12-08,False,REAL
22679,FRENCH BLUE METAL DOOR SIGN 4,1.25,B,730,1010.53,116,2010-12-07,2011-12-08,False,REAL
22680,FRENCH BLUE METAL DOOR SIGN 5,1.25,B,812,1120.29,112,2010-12-06,2011-12-08,False,REAL
22681,FRENCH BLUE METAL DOOR SIGN 6,1.25,B,698,958.15,104,2010-12-06,2011-12-05,False,REAL
22682,FRENCH BLUE METAL DOOR SIGN 7,1.25,B,666,883.0,87,2010-12-06,2011-12-06,False,REAL
22683,FRENCH BLUE METAL DOOR SIGN 8,1.25,B,632,856.49,100,2010-12-06,2011-12-02,False,REAL
22684,FRENCH BLUE METAL DOOR SIGN 9,1.25,C,518,709.82,80,2010-12-05,2011-12-09,False,REAL
22685,FRENCH BLUE METAL DOOR SIGN 0,1.25,C,584,768.3,80,2010-12-06,2011-12-08,False,REAL
22686,FRENCH BLUE METAL DOOR SIGN No,2.46,B,981,1293.38,121,2010-12-01,2011-12-08,False,REAL
22687,DOORMAT CHRISTMAS VILLAGE,8.25,A,590,3354.22,32,2011-03-17,2011-12-08,False,REAL
22688,DOORMAT PEACE ON EARTH BLUE,8.25,A,705,3519.66,26,2010-12-01,2011-12-08,False,REAL
22689,DOORMAT MERRY CHRISTMAS RED,8.25,A,671,5159.75,79,2010-12-09,2011-11-28,False,REAL
22690,DOORMAT HOME SWEET HOME BLUE,7.95,A,1613,9895.4,184,2010-12-05,2011-12-08,False,REAL
22691,DOORMAT WELCOME SUNRISE,7.95,B,366,2639.02,95,2010-12-06,2011-12-08,False,REAL
22692,DOORMAT WELCOME TO OUR HOME,7.95,A,1519,11515.21,229,2010-12-01,2011-12-08,False,REAL
22693,GROW A FLYTRAP OR SUNFLOWER IN TIN,1.25,A,16172,17837.45,174,2010-12-06,2011-12-09,True,REAL
22694,WICKER STAR,2.1,A,1801,4165.62,177,2010-12-01,2011-12-09,False,REAL
22695,WICKER WREATH SMALL,1.45,B,741,1001.49,81,2010-12-01,2011-12-09,False,REAL
22696,WICKER WREATH LARGE,1.95,B,729,1452.55,97,2010-12-01,2011-12-07,False,REAL
22697,GREEN REGENCY TEACUP AND SAUCER,2.95,A,7148,22401.2,289,2010-12-01,2011-12-09,False,REAL
22698,PINK REGENCY TEACUP AND SAUCER,2.95,A,5657,17080.71,241,2010-12-09,2011-12-09,False,REAL
22699,ROSES REGENCY TEACUP AND SAUCER,2.95,A,9611,28386.97,283,2010-12-01,2011-12-09,False,REAL
22700,BLACK AND WHITE DOG BOWL,2.95,B,1173,2567.93,39,2010-12-06,2011-10-07,False,REAL
22701,PINK DOG BOWL,2.46,B,532,876.94,82,2010-12-03,2011-12-09,False,REAL
22702,BLACK AND WHITE CAT BOWL,2.1,B,1363,2684.65,46,2010-12-03,2011-12-02,False,REAL
22703,PINK CAT BOWL,1.63,C,359,581.23,85,2010-12-08,2011-12-09,False,REAL
22704,WRAP RED APPLES,0.42,B,5203,2137.26,125,2010-12-01,2011-12-09,False,REAL
22705,WRAP GREEN PEARS,0.42,B,1858,780.36,66,2010-12-02,2011-12-06,False,REAL
22706,WRAP COWBOYS,0.42,B,2032,837.44,61,2010-12-01,2011-12-07,False,REAL
22707,WRAP MONSTER FUN,0.42,C,1232,517.44,44,2010-12-19,2011-12-02,False,REAL
22708,WRAP DOLLY GIRL,0.42,B,2775,1149.5,78,2010-12-08,2011-12-08,False,REAL
22709,WRAP WEDDING DAY,0.42,C,1300,518.0,35,2011-01-05,2011-12-08,False,REAL
22710,WRAP I LOVE LONDON,0.42,B,4476,1763.92,87,2010-12-08,2011-12-06,False,REAL
22711,WRAP CIRCUS PARADE,0.42,B,2852,1181.84,85,2010-12-14,2011-12-09,False,REAL
22712,CARD DOLLY GIRL,0.42,B,4410,1811.7,171,2010-12-01,2011-12-09,False,REAL
22713,CARD I LOVE LONDON,0.42,B,3441,1437.36,152,2010-12-01,2011-12-09,False,REAL
22714,CARD BIRTHDAY COWBOY,0.42,B,3475,1410.69,152,2010-12-01,2011-12-09,False,REAL
22715,CARD WEDDING DAY,0.42,C,1543,645.64,100,2010-12-06,2011-11-27,False,REAL
22716,CARD CIRCUS PARADE,0.42,B,3201,1360.91,175,2010-12-01,2011-12-09,False,REAL
22717,CARD DOG AND BALL,0.42,C,1229,535.78,102,2010-12-02,2011-12-09,False,REAL
22718,CARD CAT AND TREE,0.42,C,1609,707.15,121,2010-12-02,2011-12-07,False,REAL
22719,GUMBALL MONOCHROME COAT RACK,2.46,B,610,884.55,60,2010-12-01,2011-05-10,False,REAL
22720,SET OF 3 CAKE TINS PANTRY DESIGN,4.95,A,7324,37353.34,262,2010-12-13,2011-12-09,False,REAL
22721,SET OF 3 CAKE TINS SKETCHBOOK,4.95,A,1017,4656.96,174,2010-12-14,2011-12-09,False,REAL
22722,SET OF 6 SPICE TINS PANTRY DESIGN,3.95,A,5932,24302.96,199,2010-12-13,2011-12-09,False,REAL
22723,SET OF 6 HERB TINS SKETCHBOOK,3.95,A,1162,4254.92,177,2010-12-13,2011-12-09,False,REAL
22725,ALARM CLOCK BAKELIKE CHOCOLATE,3.75,A,1948,8033.6,214,2010-12-01,2011-12-09,False,REAL
22726,ALARM CLOCK BAKELIKE GREEN,3.75,A,6391,27050.28,250,2010-12-01,2011-12-09,False,REAL
22727,ALARM CLOCK BAKELIKE RED,3.75,A,7740,30419.87,290,2010-12-01,2011-12-09,False,REAL
22728,ALARM CLOCK BAKELIKE PINK,3.75,A,5316,20522.15,277,2010-12-01,2011-12-09,False,REAL
22729,ALARM CLOCK BAKELIKE ORANGE,3.75,A,2296,8967.7,225,2010-12-01,2011-12-04,False,REAL
22730,ALARM CLOCK BAKELIKE IVORY,3.75,A,2845,11303.4,238,2010-12-01,2011-12-09,False,REAL
22731,3D CHRISTMAS STAMPS STICKERS,1.25,B,1158,1518.74,80,2010-12-01,2011-12-07,False,REAL
22732,3D VINTAGE CHRISTMAS STICKERS,1.25,B,1644,2161.5,97,2010-12-03,2011-12-07,False,REAL
22733,3D TRADITIONAL CHRISTMAS STICKERS,1.25,B,1581,2092.58,89,2010-12-02,2011-12-09,False,REAL
22734,SET OF 6 RIBBONS VINTAGE CHRISTMAS,2.89,A,3231,10523.34,119,2010-12-01,2011-12-09,False,REAL
22735,RIBBON REEL SOCKS AND MITTENS,1.65,B,741,1379.21,73,2010-12-01,2011-12-09,False,REAL
22736,RIBBON REEL MAKING SNOWMEN,1.65,B,1210,2277.3,106,2010-12-01,2011-12-09,False,REAL
22737,RIBBON REEL CHRISTMAS PRESENT,1.65,B,1348,2628.15,113,2010-12-01,2011-12-08,False,REAL
22738,RIBBON REEL SNOWY VILLAGE,1.65,A,2043,3639.17,109,2010-12-01,2011-12-09,False,REAL
22739,RIBBON REEL CHRISTMAS SOCK BAUBLE,1.65,A,1808,3540.47,125,2010-12-01,2011-12-08,False,REAL
22740,POLKADOT PEN,0.85,A,6842,5793.62,102,2010-12-01,2011-09-26,False,REAL
22741,FUNKY DIVA PEN,0.85,A,8496,7320.51,155,2010-12-01,2011-12-09,False,REAL
22742,MAKE YOUR OWN PLAYTIME CARD KIT,2.95,B,639,1323.57,83,2010-12-01,2011-12-08,False,REAL
22743,MAKE YOUR OWN FLOWERPOWER CARD KIT,2.95,B,930,2408.54,125,2010-12-01,2011-12-08,False,REAL
22744,MAKE YOUR OWN MONSOON CARD KIT,2.95,B,859,2061.25,117,2010-12-01,2011-12-08,False,REAL
22745,POPPY'S PLAYHOUSE BEDROOM,2.1,A,1995,4607.19,205,2010-12-01,2011-12-09,False,REAL
22746,POPPY'S PLAYHOUSE LIVINGROOM,2.1,A,1422,3184.04,191,2010-12-01,2011-12-08,False,REAL
22747,POPPY'S PLAYHOUSE BATHROOM,2.1,B,953,2078.75,150,2010-12-01,2011-12-09,False,REAL
22748,POPPY'S PLAYHOUSE KITCHEN,2.1,A,2091,4826.23,218,2010-12-01,2011-12-09,False,REAL
22749,FELTCRAFT PRINCESS CHARLOTTE DOLL,3.75,A,2362,9216.16,215,2010-12-01,2011-12-09,False,REAL
22750,FELTCRAFT PRINCESS LOLA DOLL,3.75,A,1994,7465.58,196,2010-12-01,2011-12-08,False,REAL
22751,FELTCRAFT PRINCESS OLIVIA DOLL,3.75,A,1561,5793.97,166,2010-12-01,2011-12-09,False,REAL
22752,SET 7 BABUSHKA NESTING BOXES,8.5,A,1660,13450.47,200,2010-12-01,2011-12-08,False,REAL
22753,SMALL YELLOW BABUSHKA NOTEBOOK,0.85,C,1010,758.13,135,2010-12-01,2011-12-09,False,REAL
22754,SMALL RED BABUSHKA NOTEBOOK,0.85,B,1939,1340.27,149,2010-12-01,2011-12-09,False,REAL
22755,SMALL PURPLE BABUSHKA NOTEBOOK,0.85,B,1687,1187.96,153,2010-12-01,2011-12-09,False,REAL
22756,LARGE YELLOW BABUSHKA NOTEBOOK,1.25,C,599,656.52,85,2010-12-01,2011-12-08,False,REAL
22757,LARGE RED BABUSHKA NOTEBOOK,1.25,B,1095,1166.49,103,2010-12-01,2011-12-09,False,REAL
22758,LARGE PURPLE BABUSHKA NOTEBOOK,1.25,B,1183,1095.25,119,2010-12-01,2011-12-09,False,REAL
22759,SET OF 3 NOTEBOOKS IN PARCEL,1.65,A,5403,8974.64,220,2010-12-01,2011-11-30,False,REAL
22760,"TRAY, BREAKFAST IN BED",12.75,A,269,3417.16,65,2010-12-01,2011-09-05,False,REAL
22761,CHEST 7 DRAWER MA CAMPAGNE,24.95,B,36,895.38,26,2010-12-02,2011-12-02,False,REAL
22762,CUPBOARD 3 DRAWER MA CAMPAGNE,14.95,B,156,2579.38,91,2010-12-03,2011-12-07,False,REAL
22763,KEY CABINET MA CAMPAGNE,9.95,B,201,2126.57,85,2010-12-02,2011-12-09,False,REAL
22764,"RUSTIC WOODEN CABINET, GLASS DOORS",37.455,C,4,149.82,2,2011-01-25,2011-03-25,False,REAL
22765,NEWSPAPER STAND,14.95,C,27,316.95,5,2010-12-01,2010-12-09,False,REAL
22766,PHOTO FRAME CORNICE,2.95,A,3230,9645.94,247,2010-12-01,2011-12-08,False,REAL
22767,TRIPLE PHOTO FRAME CORNICE,9.95,A,742,6855.15,147,2010-12-01,2011-12-08,False,REAL
22768,FAMILY PHOTO FRAME CORNICE,9.95,A,835,7943.09,172,2010-12-01,2011-12-09,False,REAL
22769,CHALKBOARD KITCHEN ORGANISER,37.985,C,9,322.83,7,2010-12-01,2011-01-04,False,REAL
22770,MIRROR CORNICE,14.95,B,90,1455.88,53,2010-12-05,2011-12-04,False,REAL
22771,CLEAR DRAWER KNOB ACRYLIC EDWARDIAN,1.25,A,6524,8911.69,235,2010-12-01,2011-12-08,False,REAL
22772,PINK DRAWER KNOB ACRYLIC EDWARDIAN,1.25,A,3792,5115.45,172,2010-12-01,2011-12-08,False,REAL
22773,GREEN DRAWER KNOB ACRYLIC EDWARDIAN,1.25,A,2075,2739.4,140,2010-12-01,2011-12-07,False,REAL
22774,RED DRAWER KNOB ACRYLIC EDWARDIAN,1.25,A,2252,2869.25,105,2010-12-01,2011-12-07,False,REAL
22775,PURPLE DRAWERKNOB ACRYLIC EDWARDIAN,1.25,A,3097,4459.37,171,2010-12-01,2011-12-08,False,REAL
22776,SWEETHEART CAKESTAND 3 TIER,9.95,A,1164,12352.38,238,2010-12-01,2011-12-09,False,REAL
22777,GLASS CLOCHE LARGE,8.5,A,347,2911.58,39,2010-12-02,2011-07-21,False,REAL
22778,GLASS CLOCHE SMALL,3.95,A,745,2927.65,114,2010-12-01,2011-11-24,False,REAL
22779,WOODEN OWLS LIGHT GARLAND,4.25,A,1522,5726.1,116,2010-12-01,2011-12-08,False,REAL
22780,LIGHT GARLAND BUTTERFILES PINK,4.25,A,1329,4972.09,106,2010-12-01,2011-12-08,False,REAL
22781,GUMBALL MAGAZINE RACK,7.65,A,595,5003.81,157,2010-12-01,2011-12-08,False,REAL
22782,SET 3 WICKER STORAGE BASKETS,24.95,A,241,3399.95,58,2010-12-13,2011-12-07,False,REAL
22783,SET 3 WICKER OVAL BASKETS W LIDS,16.95,A,463,5961.25,25,2010-12-01,2011-06-14,False,REAL
22784,LANTERN CREAM GAZEBO,4.95,A,1234,6177.09,180,2010-12-01,2011-12-08,False,REAL
22785,SQUARECUSHION COVER PINK UNION JACK,6.75,B,245,1087.57,62,2010-12-01,2011-12-09,False,REAL
22786,CUSHION COVER PINK UNION JACK,5.95,C,123,764.63,42,2010-12-01,2011-12-07,False,REAL
22788,BROCANTE COAT RACK,9.95,B,217,1996.11,46,2010-12-01,2011-06-15,False,REAL
22789,T-LIGHT HOLDER SWEETHEART HANGING,1.95,B,843,1655.07,103,2010-12-07,2011-12-08,False,REAL
22791,T-LIGHT GLASS FLUTED ANTIQUE,1.25,A,7778,9681.13,171,2010-12-01,2011-12-09,False,REAL
22792,FLUTED ANTIQUE CANDLE HOLDER,0.85,B,2773,2612.73,137,2010-12-01,2011-12-08,False,REAL
22794,SWEETHEART WIRE MAGAZINE RACK,7.95,A,321,2745.15,142,2010-12-01,2011-12-09,False,REAL
22795,SWEETHEART RECIPE BOOK STAND,6.75,A,1194,8457.3,176,2010-12-01,2011-12-09,False,REAL
22796,PHOTO FRAME 3 CLASSIC HANGING,9.95,A,530,5287.45,151,2010-12-02,2011-12-08,False,REAL
22797,CHEST OF DRAWERS GINGHAM HEART,16.95,B,151,2647.96,71,2010-12-01,2011-12-07,False,REAL
22798,ANTIQUE GLASS DRESSING TABLE POT,2.95,A,1756,5437.4,172,2010-12-01,2011-12-09,False,REAL
22799,SWEETHEART WIRE FRUIT BOWL,8.5,B,207,1623.08,70,2010-12-05,2011-12-06,False,REAL
22800,ANTIQUE TALL SWIRLGLASS TRINKET POT,3.75,A,864,3538.24,146,2010-12-01,2011-12-09,False,REAL
22801,ANTIQUE GLASS PEDESTAL BOWL,3.75,A,1010,4140.86,150,2010-12-01,2011-12-08,False,REAL
22802,FAUX FUR CHOCOLATE THROW,19.95,B,87,1474.74,39,2010-12-01,2011-12-07,False,REAL
22803,IVORY EMBROIDERED QUILT,39.95,B,54,2038.09,20,2010-12-01,2011-11-13,False,REAL
22804,CANDLEHOLDER PINK HANGING HEART,2.95,A,2956,7650.7,242,2010-12-01,2011-12-08,False,REAL
22805,BLUE DRAWER KNOB ACRYLIC EDWARDIAN,1.25,B,1877,2559.78,144,2010-12-01,2011-12-09,False,REAL
22806,SET OF 6 T-LIGHTS WEDDING CAKE,2.95,C,260,677.04,35,2010-12-02,2011-12-08,False,REAL
22807,SET OF 6 T-LIGHTS TOADSTOOLS,2.95,B,818,2417.73,133,2010-12-01,2011-12-09,False,REAL
22808,SET OF 6 T-LIGHTS EASTER CHICKS,2.95,B,327,985.77,55,2010-12-05,2011-12-09,False,REAL
22809,SET OF 6 T-LIGHTS SANTA,2.95,A,1228,3745.8,89,2010-12-01,2011-12-09,False,REAL
22810,SET OF 6 T-LIGHTS SNOWMEN,2.95,A,890,2881.98,83,2010-12-01,2011-12-05,False,REAL
22811,SET OF 6 T-LIGHTS CACTI,2.95,B,881,2419.29,78,2010-12-03,2011-12-09,False,REAL
22812,PACK 3 BOXES CHRISTMAS PANNETONE,1.95,A,1704,3568.25,84,2010-12-01,2011-12-05,False,REAL
22813,PACK 3 BOXES BIRD PANNETONE,1.95,A,2372,4640.78,147,2010-12-01,2011-12-09,False,REAL
22814,CARD PARTY GAMES,0.42,B,2129,888.47,155,2010-12-01,2011-12-09,False,REAL
22815,CARD PSYCHEDELIC APPLES,0.42,B,2616,1113.8,169,2010-12-01,2011-12-09,False,REAL
22816,CARD MOTORBIKE SANTA,0.42,B,3987,1691.76,103,2010-12-01,2011-12-09,False,REAL
22817,CARD SUKI BIRTHDAY,0.42,B,2639,1114.81,173,2010-12-05,2011-12-09,False,REAL
22818,CARD CHRISTMAS VILLAGE,0.42,B,3537,1510.08,104,2010-12-01,2011-12-09,False,REAL
22819,"BIRTHDAY CARD, RETRO SPOT",0.42,B,2608,1104.81,167,2010-12-01,2011-12-09,False,REAL
22820,GIFT BAG BIRTHDAY,0.65,C,940,575.42,61,2010-12-08,2011-12-02,False,REAL
22821,GIFT BAG PSYCHEDELIC APPLES,0.65,C,1159,714.87,104,2010-12-02,2011-12-09,False,REAL
22822,CREAM WALL PLANTER HEART SHAPED,5.95,B,432,2576.8,111,2010-12-01,2011-12-08,False,REAL
22823,CHEST NATURAL WOOD 20 DRAWERS,125.0,A,24,2745.0,13,2010-12-21,2011-11-15,False,REAL
22824,3 TIER SWEETHEART GARDEN SHELF,35.95,B,54,1902.3,38,2010-12-09,2011-11-23,False,REAL
22825,DECORATIVE PLANT POT WITH FRIEZE,7.95,C,71,568.47,26,2010-12-01,2011-11-27,False,REAL
22826,LOVE SEAT ANTIQUE WHITE METAL,85.0,A,54,5650.0,34,2010-12-10,2011-11-23,False,REAL
22827,RUSTIC  SEVENTEEN DRAWER SIDEBOARD,165.0,A,32,4920.0,21,2010-12-01,2011-11-06,False,REAL
22828,REGENCY MIRROR WITH SHUTTERS,165.0,B,10,1530.0,7,2010-12-08,2011-11-16,False,REAL
22829,SWEETHEART WIRE WALL TIDY,9.95,B,217,2207.53,84,2010-12-01,2011-11-11,False,REAL
22830,UTILTY CABINET WITH HOOKS,23.445,B,131,2610.29,5,2010-12-05,2011-01-16,False,REAL
22831,WHITE BROCANTE SOAP DISH,2.95,B,706,2070.9,94,2010-12-01,2011-12-01,False,REAL
22832,BROCANTE SHELF WITH HOOKS,10.75,B,156,1717.32,63,2010-12-02,2011-11-29,False,REAL
22833,HALL CABINET WITH 3 DRAWERS,49.95,B,76,2603.53,5,2010-12-05,2011-02-03,False,REAL
22834,HAND WARMER BABUSHKA DESIGN,2.1,A,4743,6858.78,125,2010-12-01,2011-12-09,False,REAL
22835,HOT WATER BOTTLE I AM SO POORLY,4.95,A,3097,16426.56,200,2010-12-01,2011-12-09,False,REAL
22837,HOT WATER BOTTLE BABUSHKA,4.65,A,1136,5500.28,53,2010-12-01,2011-09-25,False,REAL
22838,3 TIER CAKE TIN RED AND CREAM,14.95,A,564,8133.96,119,2010-12-01,2011-12-09,False,REAL
22839,3 TIER CAKE TIN GREEN AND CREAM,14.95,A,433,6802.27,149,2010-12-01,2011-12-08,False,REAL
22840,ROUND CAKE TIN VINTAGE RED,7.95,A,887,6697.09,165,2010-12-02,2011-12-08,False,REAL
22841,ROUND CAKE TIN VINTAGE GREEN,7.95,A,510,3950.72,146,2010-12-01,2011-12-08,False,REAL
22842,BISCUIT TIN VINTAGE RED,6.75,A,562,3640.96,108,2010-12-01,2011-12-05,False,REAL
22843,BISCUIT TIN VINTAGE GREEN,6.75,A,432,2783.02,98,2010-12-05,2011-12-05,False,REAL
22844,VINTAGE CREAM DOG FOOD CONTAINER,8.5,A,973,9419.07,219,2010-12-01,2011-12-09,False,REAL
22845,VINTAGE CREAM CAT FOOD CONTAINER,6.35,A,784,5283.43,190,2010-12-01,2011-12-09,False,REAL
22846,BREAD BIN DINER STYLE RED,16.95,A,639,10259.92,159,2010-12-01,2011-12-08,False,REAL
22847,BREAD BIN DINER STYLE IVORY,16.95,A,868,13802.19,173,2010-12-01,2011-12-08,False,REAL
22848,BREAD BIN DINER STYLE PINK,16.95,A,312,5034.0,95,2010-12-01,2011-10-30,False,REAL
22849,BREAD BIN DINER STYLE MINT,16.95,A,312,4859.28,87,2010-12-02,2011-10-20,False,REAL
22851,SET 20 NAPKINS FAIRY CAKES DESIGN,0.85,B,2728,2357.59,209,2010-12-01,2011-12-07,False,REAL
22852,DOG BOWL VINTAGE CREAM,4.25,B,385,1736.63,98,2010-12-10,2011-12-08,False,REAL
22853,CAT BOWL VINTAGE CREAM,3.25,B,460,1616.96,90,2010-12-05,2011-12-08,False,REAL
22854,CREAM SWEETHEART EGG HOLDER,4.95,A,765,3698.62,110,2010-12-01,2011-09-22,False,REAL
22855,FINE WICKER HEART,1.25,A,2630,3286.73,118,2010-12-01,2011-08-30,False,REAL
22856,ASSORTED EASTER DECORATIONS  BELLS,1.25,C,548,703.32,23,2010-12-10,2011-11-20,False,REAL
22857,ASSORTED EASTER GIFT TAGS,0.85,B,1145,965.86,45,2010-12-12,2011-10-24,False,REAL
22858,EASTER TIN KEEPSAKE,1.65,B,1116,1844.28,73,2010-12-12,2011-10-06,False,REAL
22859,EASTER TIN BUNNY BOUQUET,1.65,B,1177,1960.17,86,2010-12-05,2011-11-15,False,REAL
22860,EASTER TIN CHICKS PINK DAISY,1.65,B,580,1002.92,59,2010-12-05,2011-11-18,False,REAL
22861,EASTER TIN CHICKS IN GARDEN,1.65,C,305,522.93,39,2010-12-12,2011-04-21,False,REAL
22862,LOVE HEART NAPKIN BOX,4.25,B,171,826.95,32,2010-12-01,2011-01-25,False,REAL
22863,SOAP DISH BROCANTE,2.95,B,706,2032.38,94,2010-12-01,2011-12-06,False,REAL
22865,HAND WARMER OWL DESIGN,2.1,A,8320,17536.23,123,2010-12-01,2011-12-09,False,REAL
22866,HAND WARMER SCOTTY DOG DESIGN,2.1,A,6514,14186.82,107,2010-12-01,2011-12-09,False,REAL
22867,HAND WARMER BIRD DESIGN,2.1,A,6380,13950.59,113,2010-12-01,2011-12-09,False,REAL
22868,NUMBER TILE COTTAGE GARDEN 0,3.04,C,63,144.65,19,2010-12-15,2011-11-21,False,REAL
22869,NUMBER TILE COTTAGE GARDEN 1,4.13,C,96,246.14,42,2010-12-15,2011-11-29,False,REAL
22870,NUMBER TILE COTTAGE GARDEN 2,4.13,C,93,240.29,37,2010-12-01,2011-11-29,False,REAL
22871,NUMBER TILE COTTAGE GARDEN 3,4.13,C,67,163.35,24,2010-12-15,2011-11-16,False,REAL
22872,NUMBER TILE COTTAGE GARDEN 4,4.13,C,72,177.46,30,2010-12-15,2011-12-08,False,REAL
22873,NUMBER TILE COTTAGE GARDEN 5,3.04,C,60,145.5,26,2010-12-07,2011-11-25,False,REAL
22874,NUMBER TILE COTTAGE GARDEN 6,1.95,C,65,150.81,20,2010-12-15,2011-11-09,False,REAL
22875,NUMBER TILE COTTAGE GARDEN 7,1.95,C,63,149.09,24,2010-12-07,2011-12-08,False,REAL
22876,NUMBER TILE COTTAGE GARDEN 8,1.95,C,61,138.81,19,2010-12-01,2011-09-27,False,REAL
22877,NUMBER TILE COTTAGE GARDEN 9,1.95,C,63,138.11,18,2010-12-15,2011-10-04,False,REAL
22878,NUMBER TILE COTTAGE GARDEN No,4.13,C,75,204.19,31,2010-12-15,2011-11-16,False,REAL
22879,NUMBER TILE VINTAGE FONT 0,3.15,C,70,102.46,15,2010-12-14,2011-10-04,False,REAL
22880,NUMBER TILE VINTAGE FONT 1,4.13,C,97,196.69,30,2010-12-07,2011-11-15,False,REAL
22881,NUMBER TILE VINTAGE FONT 2,4.13,C,102,197.56,31,2010-12-14,2011-12-09,False,REAL
22882,NUMBER TILE VINTAGE FONT 3,4.13,C,107,211.75,36,2010-12-03,2011-12-05,False,REAL
22883,NUMBER TILE VINTAGE FONT 4,4.13,C,99,189.53,29,2010-12-07,2011-12-05,False,REAL
22884,NUMBER TILE VINTAGE FONT 5,4.13,C,99,194.05,34,2010-12-03,2011-11-30,False,REAL
22885,NUMBER TILE VINTAGE FONT 6,4.13,C,95,170.83,24,2010-12-09,2011-12-09,False,REAL
22886,NUMBER TILE VINTAGE FONT 7,2.17,C,87,146.43,24,2010-12-14,2011-12-01,False,REAL
22887,NUMBER TILE VINTAGE FONT 8,4.13,C,78,126.78,21,2010-12-13,2011-12-05,False,REAL
22888,NUMBER TILE VINTAGE FONT 9,4.13,C,76,124.98,19,2010-12-14,2011-12-09,False,REAL
22889,NUMBER TILE VINTAGE FONT No,4.13,C,169,263.8,29,2010-12-07,2011-12-05,False,REAL
22890,NOVELTY BISCUITS CAKE STAND 3 TIER,9.95,A,371,3802.02,124,2010-12-01,2011-12-09,False,REAL
22891,TEA FOR ONE POLKADOT,4.25,B,393,1993.43,111,2010-12-03,2011-12-09,False,REAL
22892,SET OF SALT AND PEPPER TOADSTOOLS,1.25,A,2395,2929.91,140,2010-12-03,2011-11-22,False,REAL
22893,MINI CAKE STAND T-LIGHT HOLDER,0.83,B,1851,922.2,106,2010-12-02,2011-12-08,False,REAL
22894,TABLECLOTH RED APPLES DESIGN,9.95,A,305,3027.38,93,2010-12-05,2011-12-09,False,REAL
22895,SET OF 2 TEA TOWELS APPLE AND PEARS,3.25,A,2052,6316.6,184,2010-12-01,2011-12-09,False,REAL
22896,PEG BAG APPLES DESIGN,2.55,A,1566,3997.46,193,2010-12-02,2011-12-09,False,REAL
22897,OVEN MITT APPLES DESIGN,1.45,B,1318,1966.7,144,2010-12-01,2011-12-08,False,REAL
22898,CHILDRENS APRON APPLES DESIGN,1.95,A,2414,5150.92,211,2010-12-01,2011-12-09,False,REAL
22899,CHILDREN'S APRON DOLLY GIRL,2.1,A,2060,4307.53,192,2010-12-01,2011-12-09,False,REAL
22900,SET 2 TEA TOWELS I LOVE LONDON,3.25,A,4702,14421.58,233,2010-12-01,2011-12-09,False,REAL
22902,TOTE BAG I LOVE LONDON,2.1,B,1263,2580.78,101,2010-12-01,2011-12-08,False,REAL
22903,CALENDAR FAMILY FAVOURITES,2.95,C,193,550.6,49,2010-12-07,2011-12-08,False,REAL
22904,CALENDAR PAPER CUT DESIGN,2.95,A,1825,5440.71,165,2010-12-01,2011-11-17,False,REAL
22905,CALENDAR IN SEASON DESIGN,2.95,B,581,1502.29,83,2010-12-01,2011-12-09,False,REAL
22906,12 MESSAGE CARDS WITH ENVELOPES,1.65,A,1730,2942.92,159,2010-12-01,2011-12-09,False,REAL
22907,PACK OF 20 NAPKINS PANTRY DESIGN,0.85,A,6533,5636.0,268,2010-12-01,2011-12-09,False,REAL
22908,PACK OF 20 NAPKINS RED APPLES,0.85,A,4377,3567.03,216,2010-12-03,2011-12-09,False,REAL
22909,SET OF 20 VINTAGE CHRISTMAS NAPKINS,0.85,A,8739,7864.69,140,2010-12-01,2011-12-09,False,REAL
22910,PAPER CHAIN KIT VINTAGE CHRISTMAS,2.95,A,10260,31962.54,148,2010-12-01,2011-12-09,False,REAL
22911,PAPER CHAIN KIT LONDON,2.95,B,454,1331.54,80,2010-12-01,2011-12-05,False,REAL
22912,YELLOW COAT RACK PARIS FASHION,4.95,B,281,1312.69,83,2010-12-01,2011-11-28,False,REAL
22913,RED COAT RACK PARIS FASHION,4.95,B,348,1653.35,92,2010-12-01,2011-12-05,False,REAL
22914,BLUE COAT RACK PARIS FASHION,4.95,B,462,2236.46,125,2010-12-01,2011-12-09,False,REAL
22915,ASSORTED BOTTLE TOP  MAGNETS,0.42,B,3098,1383.74,124,2010-12-01,2011-12-09,False,REAL
22916,HERB MARKER THYME,0.65,B,1893,1306.41,154,2010-12-01,2011-12-08,False,REAL
22917,HERB MARKER ROSEMARY,0.65,B,1925,1332.42,149,2010-12-01,2011-12-08,False,REAL
22918,HERB MARKER PARSLEY,0.65,B,1857,1267.55,148,2010-12-01,2011-12-08,False,REAL
22919,HERB MARKER MINT,0.65,B,1741,1214.06,146,2010-12-01,2011-12-08,False,REAL
22920,HERB MARKER BASIL,0.65,B,1896,1312.29,144,2010-12-01,2011-12-08,False,REAL
22921,HERB MARKER CHIVES,0.65,B,1704,1173.07,130,2010-12-01,2011-12-08,False,REAL
22922,FRIDGE MAGNETS US DINER ASSORTED,0.85,B,1425,1300.8,79,2010-12-01,2011-12-09,False,REAL
22923,FRIDGE MAGNETS LES ENFANTS ASSORTED,0.85,B,1197,1007.82,65,2010-12-01,2011-12-08,False,REAL
22924,FRIDGE MAGNETS LA VIE EN ROSE,0.85,B,1120,1021.45,72,2010-12-02,2011-12-09,False,REAL
22925,BLUE GIANT GARDEN THERMOMETER,5.95,A,441,2709.87,130,2010-12-01,2011-10-28,False,REAL
22926,IVORY GIANT GARDEN THERMOMETER,5.95,A,583,3591.4,94,2010-12-01,2011-05-10,False,REAL
22927,GREEN GIANT GARDEN THERMOMETER,5.95,B,420,2645.21,108,2010-12-01,2011-12-05,False,REAL
22928,YELLOW GIANT GARDEN THERMOMETER,5.95,B,282,1958.05,90,2010-12-01,2011-12-09,False,REAL
22929,SCHOOL DESK AND CHAIR,65.0,B,16,1004.75,11,2010-12-17,2011-10-26,False,REAL
22930,BAKING MOULD HEART MILK CHOCOLATE,2.55,B,1012,2645.2,124,2010-12-08,2011-12-08,False,REAL
22931,BAKING MOULD HEART WHITE CHOCOLATE,2.55,B,813,1963.3,91,2010-12-08,2011-12-08,False,REAL
22932,BAKING MOULD TOFFEE CUP CHOCOLATE,2.55,B,788,1799.28,59,2010-12-08,2011-12-08,False,REAL
22933,BAKING MOULD EASTER EGG MILK CHOC,2.95,B,784,2248.12,76,2010-12-09,2011-12-05,False,REAL
22934,BAKING MOULD EASTER EGG WHITE CHOC,2.95,B,586,1698.62,60,2010-12-10,2011-11-11,False,REAL
22935,BAKING MOULD ROSE MILK CHOCOLATE,3.25,B,618,1868.82,53,2010-12-08,2011-12-08,False,REAL
22936,BAKING MOULD ROSE WHITE CHOCOLATE,3.25,C,207,697.97,46,2010-12-08,2011-12-08,False,REAL
22937,BAKING MOULD CHOCOLATE CUPCAKES,2.55,B,959,2530.09,103,2010-12-08,2011-12-07,False,REAL
22938,CUPCAKE LACE PAPER SET 6,1.95,A,2307,4378.83,139,2010-12-01,2011-12-08,False,REAL
22939,APRON APPLE DELIGHT,4.95,B,457,2333.27,102,2010-12-05,2011-12-06,False,REAL
22940,FELTCRAFT CHRISTMAS FAIRY,4.25,A,1898,7818.0,122,2010-12-01,2011-12-09,False,REAL
22941,CHRISTMAS LIGHTS 10 REINDEER,8.5,A,1638,13525.62,101,2010-12-01,2011-12-09,False,REAL
22942,CHRISTMAS LIGHTS 10 SANTAS,8.5,A,588,4291.39,74,2010-12-01,2011-12-09,False,REAL
22943,CHRISTMAS LIGHTS 10 VINTAGE BAUBLES,4.95,A,1344,6701.02,96,2010-12-01,2011-12-09,False,REAL
22944,CHRISTMAS METAL POSTCARD WITH BELLS,0.97,B,3363,1838.96,64,2010-12-01,2011-12-08,False,REAL
22945,CHRISTMAS METAL TAGS ASSORTED,0.85,A,2811,2874.64,93,2010-12-01,2011-12-08,False,REAL
22946,WOODEN ADVENT CALENDAR CREAM,16.95,A,444,6902.87,88,2010-12-01,2011-12-08,False,REAL
22947,WOODEN ADVENT CALENDAR RED,7.95,A,741,8674.49,65,2010-12-01,2011-11-30,False,REAL
22948,METAL DECORATION NAUGHTY CHILDREN,0.85,B,1593,1598.19,101,2010-12-01,2011-12-09,False,REAL
22949,36 DOILIES DOLLY GIRL,1.45,B,944,1400.15,87,2010-12-01,2011-12-06,False,REAL
22950,36 DOILIES VINTAGE CHRISTMAS,1.45,A,4872,6700.5,73,2011-06-08,2011-11-07,False,REAL
22951,60 CAKE CASES DOLLY GIRL DESIGN,0.55,A,7359,3923.1,221,2010-12-01,2011-12-09,False,REAL
22952,60 CAKE CASES VINTAGE CHRISTMAS,0.55,A,15732,9365.07,151,2010-12-01,2011-12-09,True,REAL
22953,BIRTHDAY PARTY CORDON BARRIER TAPE,1.25,C,478,617.11,82,2010-12-01,2011-12-08,False,REAL
22954,HEN PARTY CORDON BARRIER TAPE,1.25,C,196,240.13,38,2010-12-13,2011-11-24,False,REAL
22955,36 FOIL STAR CAKE CASES,2.1,B,1040,2053.35,97,2010-12-01,2011-12-09,False,REAL
22956,36 FOIL HEART CAKE CASES,2.1,A,1900,3668.39,132,2010-12-01,2011-12-09,False,REAL
22957,SET 3 PAPER VINTAGE CHICK PAPER EGG,2.95,A,1749,4942.75,80,2011-01-14,2011-09-29,False,REAL
22959,WRAP CHRISTMAS VILLAGE,0.42,B,4601,1888.42,75,2010-12-03,2011-12-06,False,REAL
22960,JAM MAKING SET WITH JARS,4.25,A,8432,36018.38,294,2010-12-01,2011-12-09,False,REAL
22961,JAM MAKING SET PRINTED,1.45,A,16055,25197.53,286,2010-12-01,2011-12-09,True,REAL
22962,JAM JAR WITH PINK LID,0.85,A,3814,3218.8,192,2010-12-01,2011-12-09,False,REAL
22963,JAM JAR WITH GREEN LID,0.85,B,3175,2686.87,179,2010-12-01,2011-12-09,False,REAL
22964,3 PIECE SPACEBOY COOKIE CUTTER SET,2.1,A,2605,5432.79,201,2010-12-01,2011-12-09,False,REAL
22965,3 TRADITIONAl BISCUIT CUTTERS  SET,2.1,A,1346,2858.11,165,2010-12-01,2011-12-09,False,REAL
22966,GINGERBREAD MAN COOKIE CUTTER,1.25,A,7435,9195.9,228,2010-12-01,2011-12-09,False,REAL
22967,SET 3 SONG BIRD PAPER EGGS ASSORTED,2.95,A,1149,3206.51,69,2011-01-14,2011-12-07,False,REAL
22968,ROSE COTTAGE KEEPSAKE BOX,9.95,A,775,7675.98,115,2010-12-01,2011-12-08,False,REAL
22969,HOMEMADE JAM SCENTED CANDLES,1.45,A,12380,18585.35,262,2010-12-01,2011-12-09,False,REAL
22970,LONDON BUS COFFEE MUG,2.55,A,4318,10107.0,174,2010-12-15,2011-12-08,False,REAL
22971,QUEENS GUARD COFFEE MUG,2.55,A,2417,5816.74,169,2010-12-16,2011-12-08,False,REAL
22972,CHILDREN'S SPACEBOY MUG,1.65,A,1761,3011.54,148,2010-12-01,2011-12-08,False,REAL
22973,CHILDREN'S CIRCUS PARADE MUG,1.65,B,1233,2099.71,113,2010-12-01,2011-12-07,False,REAL
22974,CHILDRENS DOLLY GIRL MUG,1.65,B,1578,2696.69,144,2010-12-01,2011-12-08,False,REAL
22975,SPACEBOY CHILDRENS EGG CUP,1.25,B,1203,1623.38,131,2010-12-01,2011-12-09,False,REAL
22976,CIRCUS PARADE CHILDRENS EGG CUP,1.25,B,1053,1372.76,115,2010-12-01,2011-12-09,False,REAL
22977,DOLLY GIRL CHILDRENS EGG CUP,1.25,B,949,1251.36,105,2010-12-01,2011-12-09,False,REAL
22978,PANTRY ROLLING PIN,3.75,A,2389,9292.37,142,2011-02-17,2011-12-08,False,REAL
22979,PANTRY WASHING UP BRUSH,1.45,A,3999,6274.27,189,2011-03-02,2011-12-09,False,REAL
22980,PANTRY SCRUBBING BRUSH,1.65,A,2282,3785.96,157,2011-02-16,2011-12-09,False,REAL
22981,PANTRY APPLE CORER,1.45,C,465,695.43,81,2011-03-03,2011-12-07,False,REAL
22982,PANTRY PASTRY BRUSH,1.25,B,1130,1513.77,129,2011-03-02,2011-12-09,False,REAL
22983,CARD BILLBOARD FONT,0.42,B,5157,2207.24,229,2010-12-01,2011-12-09,False,REAL
22984,CARD GINGHAM ROSE,0.42,B,2693,1096.09,125,2010-12-05,2011-12-09,False,REAL
22985,WRAP BILLBOARD FONTS DESIGN,0.42,B,3757,1489.94,85,2010-12-02,2011-12-09,False,REAL
22986,WRAP GINGHAM ROSE,0.42,B,4055,1691.1,115,2010-12-02,2011-12-08,False,REAL
22987,WRAP SUMMER ROSE DESIGN,0.42,C,102,42.84,5,2011-05-03,2011-10-10,False,REAL
22988,SOLDIERS EGG CUP,1.25,A,8962,10726.59,179,2010-12-01,2011-12-09,False,REAL
22989,SET 2 PANTRY DESIGN TEA TOWELS,3.25,A,2781,8901.77,189,2011-02-03,2011-12-09,False,REAL
22990,COTTON APRON PANTRY DESIGN,4.95,B,513,2393.43,116,2011-02-06,2011-12-08,False,REAL
22991,GIRAFFE WOODEN RULER,1.95,A,3176,6424.84,157,2011-02-17,2011-12-09,False,REAL
22992,REVOLVER WOODEN RULER,1.95,A,4518,9182.54,161,2011-02-17,2011-12-09,False,REAL
22993,SET OF 4 PANTRY JELLY MOULDS,1.25,A,12569,16378.48,243,2011-02-17,2011-12-09,False,REAL
22994,TRAVEL CARD WALLET RETROSPOT,0.42,B,2164,944.34,135,2011-02-16,2011-12-09,False,REAL
22995,TRAVEL CARD WALLET SUKI,0.42,B,2332,1038.06,149,2011-02-17,2011-12-09,False,REAL
22996,TRAVEL CARD WALLET VINTAGE TICKET,0.42,B,4775,2084.01,191,2011-02-17,2011-12-09,False,REAL
22997,TRAVEL CARD WALLET UNION JACK,0.42,B,2467,1062.17,137,2011-02-17,2011-12-09,False,REAL
22998,TRAVEL CARD WALLET KEEP CALM,0.42,A,12213,5198.56,215,2011-02-16,2011-12-09,True,REAL
22999,TRAVEL CARD WALLET VINTAGE LEAF,0.42,B,2891,1251.33,146,2011-02-17,2011-12-09,False,REAL
23000,TRAVEL CARD WALLET TRANSPORT,0.42,B,3132,1352.74,165,2011-02-16,2011-12-09,False,REAL
23002,TRAVEL CARD WALLET SKULLS,0.42,B,1991,860.61,127,2011-02-16,2011-12-09,False,REAL
23003,TRAVEL CARD WALLET VINTAGE ROSE,0.42,C,542,226.2,43,2011-02-16,2011-06-12,False,REAL
23004,TRAVEL CARD WALLET PANTRY,0.42,B,1818,825.88,140,2011-02-16,2011-12-09,False,REAL
23005,TRAVEL CARD WALLET I LOVE LONDON,0.42,B,4732,2126.13,123,2011-02-17,2011-12-09,False,REAL
23006,TRAVEL CARD WALLET FLOWER MEADOW,0.42,C,1680,729.99,117,2011-02-16,2011-12-08,False,REAL
23007,SPACEBOY BABY GIFT SET,16.95,A,490,7606.15,124,2011-03-09,2011-12-09,False,REAL
23008,DOLLY GIRL BABY GIFT SET,16.95,A,425,6586.01,96,2011-03-09,2011-12-08,False,REAL
23009,I LOVE LONDON BABY GIFT SET,16.95,A,263,4082.52,79,2011-03-09,2011-12-09,False,REAL
23010,CIRCUS PARADE BABY GIFT SET,16.95,A,312,4828.75,84,2011-03-09,2011-12-04,False,REAL
23012,GLASS APOTHECARY BOTTLE PERFUME,3.95,A,1062,4162.56,122,2011-06-14,2011-12-09,False,REAL
23013,GLASS APOTHECARY BOTTLE TONIC,3.95,A,918,3650.46,118,2011-06-14,2011-12-09,False,REAL
23014,GLASS APOTHECARY BOTTLE ELIXIR,3.95,A,846,3380.08,113,2011-06-14,2011-12-09,False,REAL
23015,CORDIAL GLASS JUG,8.25,C,33,280.63,16,2011-06-17,2011-11-24,False,REAL
23016,GLASS TWIST BON BON JAR,7.85,C,71,555.3,23,2011-06-16,2011-12-06,False,REAL
23017,APOTHECARY MEASURING JAR,12.5,B,66,813.78,21,2011-06-26,2011-12-08,False,REAL
23018,LARGE APOTHECARY MEASURING JAR,12.5,C,51,612.16,16,2011-06-26,2011-11-16,False,REAL
23019,SMALL APOTHECARY MEASURING JAR,8.25,C,81,629.05,25,2011-06-21,2011-12-08,False,REAL
23020,GLASS  SONGBIRD STORAGE JAR,12.5,B,173,2105.69,56,2011-06-14,2011-12-06,False,REAL
23021,GLASS BONNE JAM JAR,4.15,C,120,500.82,24,2011-06-20,2011-12-06,False,REAL
23022,SMALL BONNE JAM JAR  T-LIGHT HOLDER,2.08,C,392,745.76,19,2011-06-15,2011-12-05,False,REAL
23023,RIDGED BONNE JAM JAR T-LIGHT HOLDER,1.65,C,272,434.52,24,2011-06-20,2011-12-05,False,REAL
23024,LARGE BONNE JAM JAR  T-LIGHT HOLDER,2.89,C,253,662.87,10,2011-06-22,2011-11-14,False,REAL
23025,DRAWER KNOB VINTAGE GLASS BALL,2.08,C,344,748.32,41,2011-06-27,2011-12-02,False,REAL
23026,DRAWER KNOB VINTAGE GLASS STAR,2.08,B,542,1169.84,51,2011-06-16,2011-12-07,False,REAL
23027,DRAWER KNOB VINTAGE GLASS HEXAGON,2.08,C,295,627.95,26,2011-06-22,2011-12-02,False,REAL
23028,DRAWER KNOB CRACKLE GLAZE BLUE,1.65,B,1362,2365.58,69,2011-06-14,2011-11-02,False,REAL
23029,DRAWER KNOB CRACKLE GLAZE GREEN,1.65,B,1324,2257.72,93,2011-06-14,2011-12-08,False,REAL
23031,DRAWER KNOB CRACKLE GLAZE PINK,1.65,B,1258,2119.3,97,2011-06-14,2011-12-07,False,REAL
23032,DRAWER KNOB CRACKLE GLAZE IVORY,1.65,A,2282,3777.78,104,2011-06-14,2011-11-27,False,REAL
23033,DRAWER KNOB CERAMIC RED,1.45,B,714,1058.9,63,2011-06-14,2011-12-09,False,REAL
23034,DRAWER KNOB CERAMIC BLACK,1.45,B,973,1439.97,68,2011-06-14,2011-12-09,False,REAL
23035,DRAWER KNOB CERAMIC IVORY,1.45,A,2182,3186.94,110,2011-06-14,2011-12-08,False,REAL
23036,T-LIGHT HOLDER SILVER PETIT FOUR,1.25,C,184,232.42,16,2011-06-22,2011-12-06,False,REAL
23037,CANDLE HOLDER SILVER MADELINE,1.65,C,196,325.16,19,2011-06-24,2011-12-09,False,REAL
23038,T-LIGHT HOLDER SILVER SAUCER,1.63,C,44,42.92,8,2011-07-11,2011-12-05,False,REAL
23039,T-LIGHT HOLDER SILVER HEART HANDLE,1.95,C,193,388.01,26,2011-06-19,2011-12-05,False,REAL
23040,PAPER LANTERN 9 POINT SNOW STAR,5.75,B,253,1394.03,38,2011-04-28,2011-12-09,False,REAL
23041,PAPER LANTERN 9 POINT SNOW STAR,4.15,B,248,1078.88,46,2011-04-28,2011-12-09,False,REAL
23042,PAPER LANTERN 7 POINT SNOW STAR,6.65,C,93,645.01,25,2011-04-28,2011-12-05,False,REAL
23043,PAPER LANTERN 9 POINT HOLLY STAR L,6.25,C,81,543.51,20,2011-05-05,2011-12-05,False,REAL
23044,PAPER LANTERN 9 POINT HOLLY STAR S,4.15,C,101,423.29,23,2011-05-08,2011-12-01,False,REAL
23045,PAPER LANTERN 5 POINT STAR MOON,4.15,C,94,398.38,22,2011-05-05,2011-12-07,False,REAL
23046,PAPER LANTERN 9 POINT DELUXE STAR,6.65,B,347,2098.19,29,2011-05-08,2011-12-05,False,REAL
23047,PAPER LANTERN 5 POINT SEQUIN STAR,5.75,C,58,333.5,23,2011-05-08,2011-11-24,False,REAL
23048,SET OF 10 LANTERNS FAIRY LIGHT STAR,4.15,B,545,2235.57,68,2011-04-28,2011-12-08,False,REAL
23049,RECYCLED ACAPULCO MAT RED,8.25,A,453,3872.09,113,2011-03-04,2011-12-01,False,REAL
23050,RECYCLED ACAPULCO MAT GREEN,8.25,A,496,4278.3,117,2011-03-04,2011-12-09,False,REAL
23051,RECYCLED ACAPULCO MAT BLUE,8.25,A,363,3206.99,103,2011-03-04,2011-12-09,False,REAL
23052,RECYCLED ACAPULCO MAT TURQUOISE,8.25,A,653,5941.09,136,2011-03-04,2011-12-09,False,REAL
23053,RECYCLED ACAPULCO MAT PINK,8.25,A,363,3246.07,98,2011-03-04,2011-12-09,False,REAL
23054,RECYCLED ACAPULCO MAT LAVENDER,8.25,B,294,2596.68,91,2011-03-04,2011-12-09,False,REAL
23055,IVORY CHANDELIER T-LIGHT HOLDER,6.25,B,320,794.21,30,2011-04-19,2011-11-18,False,REAL
23056,FLOWERS CHANDELIER T-LIGHT HOLDER,6.25,B,480,2068.65,32,2011-04-19,2011-11-23,False,REAL
23057,BEADED CHANDELIER T-LIGHT HOLDER,4.95,B,436,1228.52,36,2011-04-18,2011-11-18,False,REAL
23058,CHRISTMAS HANGING SNOWFLAKE,0.79,C,490,430.86,31,2011-09-14,2011-12-07,False,REAL
23060,HEART BEADED TRELLIS DECORATION,2.08,C,249,528.17,39,2011-04-18,2011-12-07,False,REAL
23061,VINTAGE EMBOSSED HEART,1.25,B,1012,1328.93,88,2011-04-19,2011-12-08,False,REAL
23064,CINDERELLA CHANDELIER,49.95,B,150,2203.51,14,2011-04-28,2011-11-03,False,REAL
23065,LARGE DECO JEWELLERY STAND,12.5,A,272,3414.94,68,2011-04-15,2011-10-20,False,REAL
23066,SMALL DECO JEWELLERY STAND,8.25,B,258,2129.56,63,2011-04-18,2011-10-13,False,REAL
23067,HANGING ENGRAVED METAL HEART,4.15,B,294,1236.66,64,2011-04-26,2011-12-07,False,REAL
23068,ALUMINIUM STAMPED HEART,2.49,B,805,1956.97,95,2011-04-18,2011-12-06,False,REAL
23069,EDWARDIAN PHOTO FRAME,6.25,C,88,556.21,30,2011-04-26,2011-12-04,False,REAL
23070,EDWARDIAN HEART PHOTO FRAME,4.15,C,160,709.54,43,2011-05-04,2011-12-06,False,REAL
23071,MARIE ANTOINETTE TRINKET BOX GOLD,12.5,C,239,771.1,16,2011-04-20,2011-10-26,False,REAL
23072,MARIE ANTOINETTE TRINKET BOX SILVER,12.5,B,262,889.76,26,2011-05-08,2011-10-26,False,REAL
23073,GEORGIAN TRINKET BOX,12.5,B,142,1694.0,51,2011-04-19,2011-12-01,False,REAL
23074,EMBOSSED HEART TRINKET BOX,2.08,C,240,534.79,39,2011-09-11,2011-12-09,False,REAL
23075,PARLOUR CERAMIC WALL HOOK,4.15,B,438,1819.2,65,2011-04-18,2011-12-08,False,REAL
23076,ICE CREAM SUNDAE LIP GLOSS,1.25,A,8000,9840.76,150,2011-03-24,2011-12-09,False,REAL
23077,DOUGHNUT LIP GLOSS,1.25,A,10335,13620.77,157,2011-03-24,2011-12-09,False,REAL
23078,ICE CREAM PEN LIP GLOSS,1.25,A,6759,8463.34,144,2011-03-24,2011-12-07,False,REAL
23079,TOADSTOOL BEDSIDE LIGHT,8.95,B,235,2082.25,75,2011-05-11,2011-12-05,False,REAL
23080,RED METAL BOX TOP SECRET,8.25,A,1061,9010.37,130,2011-05-11,2011-12-09,False,REAL
23081,GREEN METAL BOX ARMY SUPPLIES,8.25,A,476,3980.5,91,2011-05-11,2011-12-08,False,REAL
23082,SET 6 PAPER TABLE LANTERN HEARTS,3.75,A,2298,8448.1,134,2011-05-11,2011-12-09,False,REAL
23083,SET 6 PAPER TABLE LANTERN STARS,3.75,A,1879,7074.23,100,2011-05-15,2011-12-09,False,REAL
23084,RABBIT NIGHT LIGHT,2.08,A,30618,66637.78,136,2011-05-10,2011-12-09,True,REAL
23085,ANTIQUE SILVER BAUBLE LAMP,10.4,A,366,3485.68,58,2011-05-16,2011-12-08,False,REAL
23086,ZINC  STAR T-LIGHT HOLDER,1.25,B,1209,1431.43,37,2011-05-16,2011-12-08,False,REAL
23087,ZINC  HEART T-LIGHT HOLDER,1.25,B,853,1071.91,53,2011-05-13,2011-12-08,False,REAL
23088,ZINC HEART FLOWER T-LIGHT HOLDER,1.25,B,795,1033.28,58,2011-05-12,2011-12-09,False,REAL
23089,GLASS BON BON JAR,1.95,A,2339,4190.13,127,2011-05-12,2011-12-09,False,REAL
23090,VINTAGE GLASS T-LIGHT HOLDER,0.83,B,2216,1852.6,83,2011-05-16,2011-12-07,False,REAL
23091,ZINC HERB GARDEN CONTAINER,6.25,A,573,3612.57,105,2011-05-11,2011-11-10,False,REAL
23092,LARGE ANTIQUE WHITE PHOTO FRAME,7.9,A,513,3678.78,84,2011-05-16,2011-12-08,False,REAL
23093,SMALL PARISIENNE HEART PHOTO FRAME,2.49,B,936,2231.77,98,2011-05-11,2011-12-09,False,REAL
23094,LE GRAND TRAY CHIC SET,12.5,B,150,1899.92,67,2011-05-11,2011-11-28,False,REAL
23096,PETIT TRAY CHIC,1.65,B,1033,1736.69,92,2011-05-10,2011-12-08,False,REAL
23099,FRENCH CARRIAGE LANTERN,6.65,B,129,872.15,48,2011-05-16,2011-12-07,False,REAL
23100,SILVER BELLS TABLE DECORATION,1.25,A,2165,2738.13,107,2011-05-11,2011-12-08,False,REAL
23101,SILVER STARS TABLE DECORATION,0.83,B,2031,1739.63,98,2011-05-12,2011-12-08,False,REAL
23102,SILVER HEARTS TABLE DECORATION,0.83,B,1274,1075.03,91,2011-05-11,2011-12-04,False,REAL
23103,JINGLE BELL HEART DECORATION,1.65,A,4044,6799.96,133,2011-05-11,2011-12-09,False,REAL
23104,IVORY CAFE HANGING LAMP,12.5,B,118,1405.42,39,2011-05-11,2011-12-07,False,REAL
23106,ZINC HEARTS PLANT POT HOLDER,2.89,B,279,780.91,45,2011-05-13,2011-12-08,False,REAL
23107,WHITE HEARTS WIRE PLANT POT HOLDER,2.89,B,359,1009.51,54,2011-05-12,2011-12-08,False,REAL
23108,SET OF 10 LED DOLLY LIGHTS,6.25,A,2149,12935.42,146,2011-05-11,2011-12-08,False,REAL
23109,PACK OF SIX LED TEA LIGHTS,2.89,A,2290,6595.98,121,2011-05-11,2011-12-08,False,REAL
23110,PARISIENNE KEY CABINET,5.75,A,650,3859.68,123,2011-05-11,2011-12-09,False,REAL
23111,PARISIENNE SEWING BOX,12.5,A,286,3537.34,89,2011-05-11,2011-12-09,False,REAL
23112,PARISIENNE CURIO CABINET,7.5,A,513,4267.23,127,2011-05-11,2011-12-09,False,REAL
23113,PANTRY CHOPPING BOARD,4.95,B,208,1065.44,38,2011-09-16,2011-12-08,False,REAL
23114,VINTAGE LEAF CHOPPING BOARD,4.95,C,146,723.1,28,2011-09-30,2011-12-07,False,REAL
23115,RED APPLES CHOPPING BOARD,4.95,C,152,770.32,34,2011-09-30,2011-12-08,False,REAL
23116,VEGETABLE GARDEN CHOPPING BOARD,4.95,C,76,382.44,21,2011-09-30,2011-12-05,False,REAL
23117,POPPY FIELDS CHOPPING BOARD,4.95,C,92,496.28,32,2011-09-30,2011-12-06,False,REAL
23118,PARISIENNE JEWELLERY DRAWER,7.5,A,789,5922.18,122,2011-05-10,2011-12-09,False,REAL
23119,PACK OF 6 LARGE FRUIT STRAWS,0.62,B,2210,1357.06,88,2011-06-17,2011-12-08,False,REAL
23120,PACK OF 6 SMALL FRUIT STRAWS,0.42,C,1613,652.15,71,2011-06-17,2011-12-08,False,REAL
23121,PACK OF 6 COCKTAIL PARASOL STRAWS,0.42,B,2501,1000.44,75,2011-06-17,2011-12-06,False,REAL
23122,PARTY CHARMS 50 PIECES,0.83,B,2238,1715.3,84,2011-06-17,2011-12-09,False,REAL
23123,COCKTAIL SWORDS 50 PIECES,0.83,C,932,757.08,65,2011-06-17,2011-12-08,False,REAL
23124,18PC WOODEN CUTLERY SET DISPOSABLE,1.25,C,566,750.13,35,2011-06-17,2011-11-03,False,REAL
23125,6PC WOOD PLATE SET DISPOSABLE,2.46,C,459,574.88,28,2011-06-17,2011-11-29,False,REAL
23126,FELTCRAFT GIRL AMELIE KIT,4.95,A,1089,5433.04,149,2011-03-02,2011-12-09,False,REAL
23127,FELTCRAFT GIRL NICOLE KIT,4.95,A,718,3669.9,124,2011-03-02,2011-12-09,False,REAL
23128,FELTCRAFT BOY JEAN-PAUL KIT,4.95,B,440,2219.06,98,2011-03-03,2011-12-08,False,REAL
23129,HEART SHAPED HOLLY WREATH,4.15,A,949,3995.35,83,2011-05-18,2011-12-05,False,REAL
23130,MISTLETOE HEART WREATH GREEN,4.15,A,953,3951.63,95,2011-05-01,2011-12-04,False,REAL
23131,MISTLETOE HEART WREATH CREAM,4.15,A,936,3811.08,84,2011-04-26,2011-12-08,False,REAL
23132,SMALL IVORY HEART WALL ORGANISER,5.75,A,1016,5115.6,105,2011-04-19,2011-12-08,False,REAL
23133,LARGE IVORY HEART WALL ORGANISER,8.25,A,781,5517.15,107,2011-04-20,2011-12-08,False,REAL
23134,LARGE ZINC HEART WALL ORGANISER,8.25,A,1065,6431.11,35,2011-04-20,2011-09-18,False,REAL
23135,SMALL ZINC HEART WALL ORGANISER,5.75,A,1541,5416.18,38,2011-04-19,2011-12-08,False,REAL
23136,IVORY WIRE SWEETHEART LETTER TRAY,3.75,C,135,511.89,42,2011-04-21,2011-12-06,False,REAL
23137,ZINC WIRE SWEETHEART LETTER TRAY,3.75,C,83,275.62,21,2011-04-21,2011-12-07,False,REAL
23138,SINGLE WIRE HOOK IVORY HEART,1.45,B,867,1214.11,60,2011-04-21,2011-12-05,False,REAL
23139,SINGLE WIRE HOOK PINK HEART,1.45,C,402,511.3,25,2011-04-21,2011-12-07,False,REAL
23140,TRIPLE WIRE HOOK IVORY HEART,4.15,C,170,716.3,43,2011-04-19,2011-11-13,False,REAL
23141,TRIPLE WIRE HOOK PINK HEART,4.15,C,79,272.91,24,2011-04-19,2011-12-09,False,REAL
23142,IVORY WIRE KITCHEN ORGANISER,10.4,B,119,1201.27,30,2011-04-21,2011-11-27,False,REAL
23143,ZINC WIRE KITCHEN ORGANISER,10.4,C,30,239.97,14,2011-05-04,2011-12-09,False,REAL
23144,ZINC T-LIGHT HOLDER STARS SMALL,0.83,A,5045,4161.31,143,2011-04-21,2011-12-08,False,REAL
23145,ZINC T-LIGHT HOLDER STAR LARGE,0.95,B,2073,1969.03,112,2011-04-21,2011-12-09,False,REAL
23146,TRIPLE HOOK ANTIQUE IVORY ROSE,3.29,B,748,2480.76,121,2011-04-19,2011-12-05,False,REAL
23147,SINGLE ANTIQUE ROSE HOOK IVORY,1.45,A,1853,2730.45,139,2011-04-21,2011-12-08,False,REAL
23148,MINIATURE ANTIQUE ROSE HOOK IVORY,0.83,B,2126,1805.52,129,2011-04-21,2011-12-08,False,REAL
23149,ANTIQUE IVORY WIRE BOWL SMALL,2.49,C,93,236.51,18,2011-05-03,2011-11-29,False,REAL
23150,IVORY SWEETHEART SOAP DISH,2.49,C,147,388.26,43,2011-04-21,2011-12-05,False,REAL
23151,ZINC SWEETHEART SOAP DISH,2.49,C,61,114.33,19,2011-05-05,2011-12-09,False,REAL
23152,IVORY SWEETHEART WIRE LETTER RACK,3.75,B,547,2054.4,110,2011-04-20,2011-12-04,False,REAL
23153,ZINC SWEETHEART WIRE LETTER RACK,3.75,B,259,1005.69,70,2011-04-18,2011-12-08,False,REAL
23154,SET OF 4 JAM JAR MAGNETS,2.08,A,2640,5716.0,144,2011-03-25,2011-12-07,False,REAL
23155,KNICKERBOCKERGLORY MAGNET ASSORTED,0.83,B,2053,1775.89,90,2011-03-25,2011-12-08,False,REAL
23156,SET OF 5 MINI GROCERY MAGNETS,2.08,A,1641,3373.37,126,2011-03-25,2011-12-08,False,REAL
23157,SET OF 6 NATIVITY MAGNETS,2.08,A,2317,4699.06,83,2011-03-31,2011-12-05,False,REAL
23158,SET OF 5 LUCKY CAT MAGNETS,2.08,A,2572,5386.95,140,2011-03-25,2011-12-09,False,REAL
23159,SET OF 5 PANCAKE DAY MAGNETS,2.08,A,2256,4636.56,135,2011-03-25,2011-11-28,False,REAL
23160,REGENCY TEA SPOON,1.25,B,1444,1786.98,64,2011-05-03,2011-12-08,False,REAL
23161,REGENCY CAKE FORK,1.25,B,1703,2130.3,76,2011-05-03,2011-12-08,False,REAL
23162,REGENCY TEA STRAINER,3.75,A,1412,5143.69,107,2011-04-27,2011-12-08,False,REAL
23163,REGENCY SUGAR TONGS,2.49,A,1777,4400.82,132,2011-04-27,2011-12-08,False,REAL
23164,REGENCY CAKE SLICE,4.95,A,577,2713.7,72,2011-05-03,2011-12-08,False,REAL
23165,LARGE CERAMIC TOP STORAGE JAR,1.65,A,3012,4986.96,130,2011-05-12,2011-12-09,False,REAL
23166,MEDIUM CERAMIC TOP STORAGE JAR,1.25,A,3539,4221.28,123,2011-05-12,2011-12-09,False,REAL
23167,SMALL CERAMIC TOP STORAGE JAR,0.83,A,5322,4110.82,126,2011-05-11,2011-12-09,False,REAL
23168,CLASSIC CAFE SUGAR DISPENSER,1.25,A,3237,4492.85,146,2011-05-12,2011-12-09,False,REAL
23169,CLASSIC GLASS COOKIE JAR,4.15,A,1463,6284.49,146,2011-05-12,2011-12-06,False,REAL
23170,REGENCY TEA PLATE ROSES,1.65,A,6159,10079.95,157,2011-05-10,2011-12-09,False,REAL
23171,REGENCY TEA PLATE GREEN,1.65,A,6150,9910.54,154,2011-05-10,2011-12-09,False,REAL
23172,REGENCY TEA PLATE PINK,1.65,A,3759,6194.91,139,2011-05-10,2011-12-09,False,REAL
23173,REGENCY TEAPOT ROSES,9.95,A,2714,24439.13,162,2011-05-10,2011-12-09,False,REAL
23174,REGENCY SUGAR BOWL GREEN,4.15,A,2970,12016.88,142,2011-05-10,2011-12-08,False,REAL
23175,REGENCY MILK JUG PINK,3.25,A,3080,9361.65,135,2011-05-10,2011-12-09,False,REAL
23176,ABC TREASURE BOOK BOX,2.25,A,2120,4591.83,140,2011-03-02,2011-12-08,False,REAL
23177,TREASURE ISLAND BOOK BOX,2.25,A,2512,5476.29,154,2011-03-02,2011-12-09,False,REAL
23178,JAM CLOCK MAGNET,2.89,B,322,922.44,59,2011-03-03,2011-12-09,False,REAL
23179,CLOCK MAGNET MUM'S KITCHEN,2.89,B,324,930.48,45,2011-03-03,2011-12-08,False,REAL
23180,MUM'S KITCHEN CLOCK,4.95,C,121,616.14,44,2011-03-04,2011-12-08,False,REAL
23181,BULL DOG BOTTLE TOP WALL CLOCK,8.25,B,197,1700.57,67,2011-03-08,2011-12-09,False,REAL
23182,TOILET SIGN OCCUPIED OR VACANT,0.83,A,3727,3676.7,189,2011-03-01,2011-12-09,False,REAL
23183,MOTHER'S KITCHEN SPOON REST,3.75,B,218,937.17,66,2011-03-03,2011-12-09,False,REAL
23184,BULL DOG BOTTLE OPENER,4.95,A,861,4700.15,152,2011-03-06,2011-12-09,False,REAL
23185,FRENCH STYLE STORAGE JAR JAM,0.29,C,316,114.56,28,2011-03-04,2011-12-06,False,REAL
23186,FRENCH STYLE STORAGE JAR CAFE,0.29,B,1970,810.22,54,2011-03-09,2011-12-07,False,REAL
23187,FRENCH STYLE STORAGE JAR BONBONS,0.29,C,2301,678.57,54,2011-03-08,2011-11-03,False,REAL
23188,VINTAGE  2 METER FOLDING RULER,1.65,A,3456,6423.02,126,2011-06-14,2011-12-09,False,REAL
23189,SET OF 12 FORK CANDLES,2.89,A,1248,3504.62,79,2011-08-03,2011-12-08,False,REAL
23190,BUNDLE OF 3 SCHOOL EXERCISE BOOKS,1.65,A,1701,2760.25,120,2011-05-09,2011-12-09,False,REAL
23191,BUNDLE OF 3 RETRO NOTE BOOKS,1.65,A,2198,3623.94,142,2011-05-10,2011-12-09,False,REAL
23192,BUNDLE OF 3 ALPHABET EXERCISE BOOKS,1.65,A,3512,6107.64,151,2011-05-10,2011-12-08,False,REAL
23193,BUFFALO BILL TREASURE BOOK BOX,2.25,A,1903,4036.53,120,2011-03-02,2011-12-09,False,REAL
23194,GYMKHANA TREASURE BOOK BOX,2.25,A,1798,3994.12,130,2011-03-02,2011-12-09,False,REAL
23196,VINTAGE LEAF MAGNETIC NOTEPAD,1.45,A,1858,2821.94,118,2011-06-23,2011-12-09,False,REAL
23197,SKETCHBOOK MAGNETIC SHOPPING LIST,1.45,B,1453,2267.25,113,2011-06-23,2011-12-09,False,REAL
23198,PANTRY MAGNETIC  SHOPPING LIST,1.45,A,3278,4969.8,140,2011-06-22,2011-12-09,False,REAL
23199,JUMBO BAG APPLES,2.08,A,14185,29141.44,198,2011-04-11,2011-12-09,True,REAL
23200,JUMBO BAG PEARS,2.08,A,6933,13945.33,180,2011-05-06,2011-12-09,False,REAL
23201,JUMBO BAG ALPHABET,2.08,A,12772,26775.23,198,2011-04-11,2011-12-09,True,REAL
23202,JUMBO BAG VINTAGE LEAF,2.08,A,10698,21365.89,184,2011-05-06,2011-12-09,False,REAL
23203,JUMBO BAG VINTAGE DOILY,2.08,A,19895,40961.04,183,2011-05-06,2011-12-09,True,REAL
23204,CHARLOTTE BAG APPLES DESIGN,0.85,A,7790,7603.6,186,2011-04-11,2011-12-09,False,REAL
23205,CHARLOTTE BAG VINTAGE ALPHABET,0.85,A,5666,5586.13,176,2011-04-11,2011-12-09,False,REAL
23206,LUNCH BAG APPLE DESIGN,1.65,A,12089,20757.08,198,2011-04-11,2011-12-09,False,REAL
23207,LUNCH BAG ALPHABET DESIGN,1.65,A,7382,12665.95,196,2011-04-11,2011-12-09,False,REAL
23208,LUNCH BAG VINTAGE LEAF DESIGN,1.65,A,6234,10330.41,190,2011-04-12,2011-12-09,False,REAL
23209,LUNCH BAG VINTAGE DOILY,1.65,A,13130,21353.02,181,2011-05-08,2011-12-08,False,REAL
23210,WHITE ROCKING HORSE HAND PAINTED,1.25,A,2623,3299.27,83,2011-06-02,2011-12-09,False,REAL
23211,RED ROCKING HORSE HAND PAINTED,1.25,A,2280,2869.32,79,2011-06-02,2011-12-08,False,REAL
23212,HEART WREATH DECORATION WITH BELL,1.25,A,2224,2770.89,89,2011-06-02,2011-12-09,False,REAL
23213,STAR WREATH DECORATION WITH BELL,1.25,B,1658,2108.42,76,2011-06-02,2011-12-09,False,REAL
23214,JINGLE BELL HEART ANTIQUE GOLD,2.08,B,789,1695.04,66,2011-06-01,2011-12-08,False,REAL
23215,JINGLE BELL HEART ANTIQUE SILVER,2.08,A,3444,6823.6,93,2011-06-01,2011-12-09,False,REAL
23216,LAUREL HEART ANTIQUE GOLD,1.25,C,525,630.73,39,2011-06-02,2011-12-08,False,REAL
23217,LAUREL HEART ANTIQUE SILVER,1.25,B,1309,1613.82,66,2011-06-02,2011-12-06,False,REAL
23218,LAUREL STAR ANTIQUE GOLD,1.25,C,379,483.03,33,2011-07-18,2011-12-08,False,REAL
23219,LAUREL STAR ANTIQUE SILVER,1.25,C,430,568.6,44,2011-06-02,2011-12-08,False,REAL
23220,REINDEER HEART DECORATION GOLD,0.83,B,993,869.15,60,2011-06-09,2011-12-09,False,REAL
23221,REINDEER HEART DECORATION SILVER,0.83,B,1488,1323.2,76,2011-05-31,2011-12-08,False,REAL
23222,CHRISTMAS TREE HANGING GOLD,0.83,C,787,708.57,51,2011-06-23,2011-12-08,False,REAL
23223,CHRISTMAS TREE HANGING SILVER,0.83,C,801,750.19,57,2011-06-23,2011-12-08,False,REAL
23224,CHERUB HEART DECORATION GOLD,0.83,C,726,639.06,47,2011-06-02,2011-12-09,False,REAL
23225,CHERUB HEART DECORATION SILVER,0.83,B,1283,1116.41,61,2011-06-02,2011-12-08,False,REAL
23226,FILIGREE HEART DAISY WHITE,1.25,B,1199,1536.67,73,2011-05-31,2011-12-05,False,REAL
23227,FILIGREE HEART BUTTERFLY WHITE,1.25,B,1636,2062.56,88,2011-05-26,2011-12-08,False,REAL
23228,FILIGREE HEART BIRD WHITE,1.25,B,1348,1810.24,83,2011-05-26,2011-12-08,False,REAL
23229,VINTAGE DONKEY TAIL GAME,3.75,A,1860,6706.32,115,2011-06-14,2011-12-09,False,REAL
23230,WRAP ALPHABET DESIGN,0.42,A,7926,3196.92,150,2011-01-13,2011-12-08,False,REAL
23231,WRAP DOILEY DESIGN,0.42,A,7252,2997.84,166,2011-01-12,2011-12-08,False,REAL
23232,WRAP VINTAGE LEAF DESIGN,0.42,A,8450,3405.0,154,2011-01-17,2011-12-08,False,REAL
23233,WRAP POPPIES  DESIGN,0.42,B,5125,2084.5,110,2011-01-16,2011-12-08,False,REAL
23234,BISCUIT TIN VINTAGE CHRISTMAS,2.89,A,1682,4964.18,107,2011-06-14,2011-12-09,False,REAL
23235,STORAGE TIN VINTAGE LEAF,2.89,B,723,1913.09,71,2011-06-08,2011-12-09,False,REAL
23236,STORAGE TIN VINTAGE DOILY,2.89,A,2436,6895.24,125,2011-06-08,2011-12-08,False,REAL
23237,SET OF 4 KNICK KNACK TINS LEAF,4.15,A,1030,4180.14,103,2011-06-08,2011-12-09,False,REAL
23238,SET OF 4 KNICK KNACK TINS LONDON,4.15,A,1833,7706.01,131,2011-06-07,2011-12-09,False,REAL
23239,SET OF 4 KNICK KNACK TINS POPPIES,4.15,A,802,3188.24,97,2011-06-08,2011-12-09,False,REAL
23240,SET OF 4 KNICK KNACK TINS DOILY,4.15,A,4118,16756.12,154,2011-06-07,2011-12-09,False,REAL
23241,TREASURE TIN GYMKHANA DESIGN,2.08,A,2157,4652.91,142,2011-06-08,2011-12-09,False,REAL
23242,TREASURE TIN BUFFALO BILL,2.08,A,1442,2966.39,114,2011-06-08,2011-12-08,False,REAL
23243,SET OF TEA COFFEE SUGAR TINS PANTRY,4.95,A,4681,22933.97,150,2011-06-08,2011-12-09,False,REAL
23244,ROUND STORAGE TIN VINTAGE LEAF,1.95,B,927,1717.03,81,2011-06-08,2011-12-08,False,REAL
23245,SET OF 3 REGENCY CAKE TINS,4.95,A,6251,30686.05,156,2011-06-08,2011-12-09,False,REAL
23247,BISCUIT TIN 50'S CHRISTMAS,2.89,A,2148,6562.71,103,2011-06-08,2011-12-09,False,REAL
23249,VINTAGE RED ENAMEL TRIM PLATE,1.65,B,787,1338.75,55,2011-06-14,2011-12-06,False,REAL
23250,VINTAGE RED TRIM ENAMEL BOWL,1.25,B,1058,1389.23,73,2011-06-14,2011-12-08,False,REAL
23251,VINTAGE RED ENAMEL TRIM MUG,1.25,B,1654,2033.25,81,2011-06-14,2011-12-09,False,REAL
23252,VINTAGE RED ENAMEL TRIM JUG,3.75,B,570,2137.86,87,2011-06-12,2011-12-08,False,REAL
23253,16 PIECE CUTLERY SET PANTRY DESIGN,15.95,A,256,3816.96,56,2011-04-18,2011-12-08,False,REAL
23254,CHILDRENS CUTLERY DOLLY GIRL,4.15,A,1672,6774.46,147,2011-04-07,2011-12-09,False,REAL
23255,CHILDRENS CUTLERY CIRCUS PARADE,4.15,A,1001,4043.27,104,2011-04-10,2011-12-09,False,REAL
23256,CHILDRENS CUTLERY SPACEBOY,4.15,A,2016,8291.72,169,2011-04-07,2011-12-09,False,REAL
23263,SET OF 3 WOODEN HEART DECORATIONS,1.25,A,3816,5088.44,136,2011-06-02,2011-12-08,False,REAL
23264,SET OF 3 WOODEN SLEIGH DECORATIONS,1.25,B,1950,2674.56,103,2011-06-09,2011-12-09,False,REAL
23265,SET OF 3 WOODEN TREE DECORATIONS,1.25,B,1742,2371.04,102,2011-06-09,2011-12-09,False,REAL
23266,SET OF 3 WOODEN STOCKING DECORATION,1.25,A,2041,2728.82,108,2011-06-09,2011-12-09,False,REAL
23267,SET OF 4 SANTA PLACE SETTINGS,1.25,B,1154,1471.95,70,2011-06-23,2011-12-08,False,REAL
23268,SET OF 2 CERAMIC CHRISTMAS REINDEER,1.45,B,1422,1981.89,50,2011-06-12,2011-11-20,False,REAL
23269,SET OF 2 CERAMIC CHRISTMAS TREES,1.45,B,779,1152.98,59,2011-06-12,2011-12-08,False,REAL
23270,SET OF 2 CERAMIC PAINTED HEARTS,1.45,B,1156,1620.22,82,2011-06-02,2011-12-09,False,REAL
23271,CHRISTMAS TABLE SILVER CANDLE SPIKE,0.83,B,1731,1496.89,59,2011-06-13,2011-12-08,False,REAL
23272,TREE T-LIGHT HOLDER WILLIE WINKIE,1.65,C,364,562.22,33,2011-06-22,2011-12-09,False,REAL
23273,HEART T-LIGHT HOLDER WILLIE WINKIE,1.65,B,965,1642.45,74,2011-06-05,2011-12-08,False,REAL
23274,STAR T-LIGHT HOLDER WILLIE WINKIE,1.65,B,1177,2000.05,70,2011-06-05,2011-12-09,False,REAL
23275,SET OF 3 HANGING OWLS OLLIE BEAK,1.25,A,3643,4426.31,123,2011-06-06,2011-12-09,False,REAL
23280,FOLDING BUTTERFLY MIRROR HOT PINK,0.83,B,2023,1614.16,108,2011-05-09,2011-12-09,False,REAL
23281,FOLDING BUTTERFLY MIRROR RED,0.83,B,1280,1000.82,80,2011-05-10,2011-12-08,False,REAL
23282,FOLDING BUTTERFLY MIRROR IVORY,0.83,C,812,757.86,91,2011-05-09,2011-12-05,False,REAL
23283,DOORMAT VINTAGE LEAF,7.95,A,987,6947.13,109,2011-04-27,2011-12-08,False,REAL
23284,DOORMAT KEEP CALM AND COME IN,7.95,A,5261,36524.44,144,2011-04-27,2011-12-09,False,REAL
23285,PINK VINTAGE SPOT BEAKER,0.85,A,4805,4570.71,106,2011-06-12,2011-12-09,False,REAL
23286,BLUE VINTAGE SPOT BEAKER,0.85,A,5039,4739.97,117,2011-06-12,2011-12-08,False,REAL
23287,RED VINTAGE SPOT BEAKER,0.85,B,1871,1596.59,107,2011-06-13,2011-12-09,False,REAL
23288,GREEN VINTAGE SPOT BEAKER,0.85,A,4607,4429.06,109,2011-06-12,2011-12-08,False,REAL
23289,DOLLY GIRL CHILDRENS BOWL,1.25,B,1610,1998.7,107,2011-06-13,2011-12-08,False,REAL
23290,SPACEBOY CHILDRENS BOWL,1.25,A,2420,2877.85,118,2011-06-13,2011-12-09,False,REAL
23291,DOLLY GIRL CHILDRENS CUP,1.25,B,1624,2046.53,108,2011-06-13,2011-12-08,False,REAL
23292,SPACEBOY CHILDRENS CUP,1.25,B,2160,2677.08,118,2011-06-13,2011-12-09,False,REAL
23293,SET OF 12 FAIRY CAKE BAKING CASES,0.83,A,8439,6962.98,128,2011-07-12,2011-12-09,False,REAL
23294,SET OF 6 SNACK LOAF BAKING CASES,0.83,A,4379,3597.02,118,2011-07-12,2011-12-09,False,REAL
23295,SET OF 12 MINI LOAF BAKING CASES,0.83,A,6121,5062.66,127,2011-07-12,2011-12-09,False,REAL
23296,SET OF 6 TEA TIME BAKING CASES,1.25,A,4952,5951.8,121,2011-07-12,2011-12-08,False,REAL
23297,SET 40 HEART SHAPE PETIT FOUR CASES,1.65,A,4277,6749.33,57,2011-07-12,2011-11-22,False,REAL
23298,SPOTTY BUNTING,4.95,A,8356,42674.08,185,2011-05-04,2011-12-09,False,REAL
23299,FOOD COVER WITH BEADS SET 2,3.75,A,1004,3742.88,92,2011-05-04,2011-12-09,False,REAL
23300,GARDENERS KNEELING PAD CUP OF TEA,1.65,A,6657,11562.39,174,2011-05-15,2011-12-09,False,REAL
23301,GARDENERS KNEELING PAD KEEP CALM,1.65,A,8681,16138.65,174,2011-05-15,2011-12-09,False,REAL
23302,KNEELING MAT HOUSEWORK  DESIGN,1.65,B,1500,2122.02,119,2011-05-15,2011-12-09,False,REAL
23303,SET 4 PICNIC CUTLERY FONDANT,1.95,C,65,126.75,6,2011-10-26,2011-12-05,False,REAL
23304,SET 4 PICNIC CUTLERY CHERRY,1.95,C,71,138.45,6,2011-10-30,2011-12-06,False,REAL
23305,SET 4 PICNIC CUTLERY BLUEBERRY,1.95,C,82,159.9,8,2011-10-23,2011-12-06,False,REAL
23306,SET OF 36 DOILIES PANTRY DESIGN,1.45,A,2801,4113.23,123,2011-06-05,2011-12-05,False,REAL
23307,SET OF 60 PANTRY DESIGN CAKE CASES,0.55,A,11935,6309.19,157,2011-06-03,2011-12-09,False,REAL
23308,SET OF 60 VINTAGE LEAF CAKE CASES,0.55,A,6115,3259.41,150,2011-06-05,2011-12-09,False,REAL
23309,SET OF 60 I LOVE LONDON CAKE CASES,0.55,A,8184,4445.8,152,2011-06-02,2011-12-09,False,REAL
23310,BUBBLEGUM RING ASSORTED,0.42,A,12014,4982.16,122,2011-06-09,2011-12-09,False,REAL
23311,VINTAGE CHRISTMAS STOCKING,2.55,A,2381,6465.25,99,2011-07-14,2011-12-09,False,REAL
23312,VINTAGE CHRISTMAS GIFT SACK,4.15,A,1422,5960.0,92,2011-07-17,2011-12-09,False,REAL
23313,VINTAGE CHRISTMAS BUNTING,4.95,A,2971,15704.61,103,2011-07-12,2011-12-09,False,REAL
23314,VINTAGE CHRISTMAS TABLECLOTH,12.5,A,402,4950.46,72,2011-07-15,2011-12-09,False,REAL
23315,IVORY REFECTORY CLOCK,9.95,B,201,1996.44,64,2011-06-23,2011-12-08,False,REAL
23316,RED REFECTORY CLOCK,9.95,B,249,2491.69,80,2011-06-23,2011-12-08,False,REAL
23317,BLUE REFECTORY CLOCK,9.95,B,173,1777.46,59,2011-06-26,2011-12-09,False,REAL
23318,BOX OF 6 MINI VINTAGE CRACKERS,2.49,A,3623,8748.88,97,2011-07-04,2011-12-09,False,REAL
23319,BOX OF 6 MINI 50'S CRACKERS,2.49,A,3598,8962.9,104,2011-07-07,2011-12-09,False,REAL
23320,GIANT 50'S CHRISTMAS CRACKER,2.89,A,2648,7016.4,98,2011-07-05,2011-12-09,False,REAL
23321,SMALL WHITE HEART OF WICKER,1.65,A,4677,8374.19,152,2011-06-09,2011-12-08,False,REAL
23322,LARGE WHITE HEART OF WICKER,2.95,A,3006,8708.36,148,2011-06-12,2011-12-09,False,REAL
23323,WHITE WICKER STAR,2.1,A,1466,3140.48,115,2011-06-23,2011-12-09,False,REAL
23324,RUSTIC STRAWBERRY JAM POT LARGE,2.08,C,364,748.53,37,2011-08-05,2011-12-05,False,REAL
23325,RUSTIC STRAWBERRY JAM POT SMALL,1.65,C,444,712.44,30,2011-08-11,2011-11-27,False,REAL
23326,HANGING MINI COLOURED BOTTLES,0.63,B,3442,2237.08,50,2011-08-11,2011-12-09,False,REAL
23327,HANGING CLEAR MINI BOTTLE,0.63,B,1730,1048.94,29,2011-08-10,2011-12-05,False,REAL
23328,SET 6 SCHOOL MILK BOTTLES IN CRATE,3.75,A,2834,13243.96,105,2011-08-08,2011-12-09,False,REAL
23329,DECORATIVE WICKER HEART LARGE,1.65,A,1764,3033.24,93,2011-08-07,2011-12-08,False,REAL
23330,DECORATIVE WICKER HEART MEDIUM,1.25,B,1794,2286.97,91,2011-08-08,2011-12-08,False,REAL
23331,DECORATIVE WICKER HEART SMALL,0.63,B,1596,1062.28,66,2011-08-10,2011-12-08,False,REAL
23332,IVORY WICKER HEART LARGE,1.65,A,2057,3539.41,94,2011-08-07,2011-12-09,False,REAL
23333,IVORY WICKER HEART MEDIUM,1.25,B,2077,2680.45,90,2011-08-08,2011-12-07,False,REAL
23334,IVORY WICKER HEART SMALL,0.63,B,2271,1491.75,73,2011-08-08,2011-12-09,False,REAL
23335,EGG FRYING PAN IVORY,2.08,C,364,763.74,69,2011-06-13,2011-12-08,False,REAL
23336,EGG FRYING PAN PINK,2.08,C,224,517.17,61,2011-06-13,2011-12-09,False,REAL
23337,EGG FRYING PAN MINT,2.08,C,180,388.75,51,2011-06-13,2011-12-08,False,REAL
23338,EGG FRYING PAN RED,2.08,B,424,900.84,69,2011-06-12,2011-12-09,False,REAL
23339,EGG FRYING PAN BLUE,2.08,C,171,396.68,51,2011-06-13,2011-12-08,False,REAL
23340,VINTAGE CHRISTMAS CAKE FRILL,1.65,A,2500,4034.08,75,2011-07-31,2011-12-09,False,REAL
23341,PINK DINER WALL CLOCK,8.5,A,307,2741.35,79,2011-06-24,2011-12-08,False,REAL
23342,MINT DINER WALL CLOCK,8.5,A,372,3167.91,100,2011-06-24,2011-12-07,False,REAL
23343,JUMBO BAG VINTAGE CHRISTMAS,2.08,A,5806,13464.95,118,2011-06-13,2011-12-09,False,REAL
23344,JUMBO BAG 50'S CHRISTMAS,2.08,A,10023,23285.11,136,2011-06-15,2011-12-09,False,REAL
23345,DOLLY GIRL BEAKER,1.25,A,2445,2878.75,97,2011-07-24,2011-12-09,False,REAL
23346,SPACEBOY BEAKER,1.25,A,2622,3104.84,96,2011-07-24,2011-12-08,False,REAL
23347,I LOVE LONDON BEAKER,1.25,B,826,1034.8,77,2011-07-24,2011-12-09,False,REAL
23348,CHILDRENS TOY COOKING UTENSIL SET,2.08,B,724,1588.63,79,2011-04-18,2011-11-23,False,REAL
23349,ROLL WRAP VINTAGE CHRISTMAS,1.25,A,3209,4327.6,91,2011-08-04,2011-12-09,False,REAL
23350,ROLL WRAP VINTAGE SPOT,1.25,A,2700,3430.08,95,2011-08-04,2011-12-09,False,REAL
23351,ROLL WRAP 50'S CHRISTMAS,1.25,A,3451,4785.77,90,2011-08-04,2011-12-09,False,REAL
23352,ROLL WRAP 50'S RED CHRISTMAS,1.25,B,1800,2459.2,77,2011-08-04,2011-12-09,False,REAL
23353,6 GIFT TAGS VINTAGE CHRISTMAS,0.83,A,3995,3500.09,94,2011-08-02,2011-12-09,False,REAL
23354,6 GIFT TAGS 50'S CHRISTMAS,0.83,A,3692,3389.56,95,2011-08-02,2011-12-09,False,REAL
23355,HOT WATER BOTTLE KEEP CALM,4.95,A,5764,28480.6,94,2011-08-22,2011-12-09,False,REAL
23356,LOVE HOT WATER BOTTLE,5.95,A,2352,13292.67,92,2011-08-22,2011-12-09,False,REAL
23357,HOT WATER BOTTLE SEX BOMB,4.95,B,450,1982.05,60,2011-08-21,2011-12-09,False,REAL
23358,HOT STUFF HOT WATER BOTTLE,3.75,B,592,2000.88,56,2011-08-21,2011-12-09,False,REAL
23359,SET OF 12 T-LIGHTS VINTAGE DOILY,1.95,B,990,1866.46,60,2011-08-02,2011-12-08,False,REAL
23360,SET 8 CANDLES VINTAGE DOILY,1.95,B,1182,2286.4,71,2011-08-02,2011-12-08,False,REAL
23365,SET 12 COLOUR PENCILS LOVE LONDON,0.65,B,1857,1463.08,56,2011-09-22,2011-12-09,False,REAL
23366,SET 12 COLOURING PENCILS DOILY,0.65,B,2249,1667.95,64,2011-09-22,2011-12-09,False,REAL
23367,SET 12 COLOUR PENCILS SPACEBOY,0.65,B,3262,2480.8,68,2011-09-22,2011-12-09,False,REAL
23368,SET 12 COLOUR PENCILS DOLLY GIRL,0.65,B,2373,1675.65,66,2011-09-22,2011-12-09,False,REAL
23369,SET 36 COLOUR PENCILS LOVE LONDON,1.25,B,1089,1561.06,58,2011-09-22,2011-12-09,False,REAL
23370,SET 36 COLOURING PENCILS DOILY,1.25,B,1549,2150.35,62,2011-09-22,2011-12-09,False,REAL
23371,SET 36 COLOUR PENCILS SPACEBOY,1.25,B,1689,2284.78,65,2011-09-22,2011-12-09,False,REAL
23372,SET 36 COLOUR PENCILS DOLLY GIRL,1.25,B,1373,1730.29,61,2011-09-22,2011-12-09,False,REAL
23373,VINTAGE CHRISTMAS PAPER GIFT BAG,0.82,B,1608,1313.39,59,2011-08-02,2011-12-06,False,REAL
23374,RED SPOT PAPER GIFT BAG,0.82,B,2440,1949.71,69,2011-08-02,2011-12-08,False,REAL
23375,50'S CHRISTMAS PAPER GIFT BAG,0.82,B,1341,1099.87,65,2011-08-22,2011-12-09,False,REAL
23376,PACK OF 12 VINTAGE CHRISTMAS TISSUE,0.39,B,3015,1375.55,71,2011-09-01,2011-12-09,False,REAL
23377,PACK OF 12 DOLLY GIRL TISSUES,0.39,C,1343,589.33,65,2011-09-04,2011-12-09,False,REAL
23378,PACK OF 12 50'S CHRISTMAS TISSUES,0.39,B,3997,1840.08,74,2011-09-01,2011-12-09,False,REAL
23379,PACK OF 12 RED APPLE TISSUES,0.39,C,1220,465.36,53,2011-09-05,2011-12-09,False,REAL
23380,PACK OF 12 VINTAGE DOILY TISSUES,0.39,B,2308,969.46,59,2011-09-05,2011-12-09,False,REAL
23381,PACK OF 12 VINTAGE LEAF TISSUES,0.39,C,1496,562.88,51,2011-09-05,2011-12-09,False,REAL
23382,BOX OF 6 CHRISTMAS CAKE DECORATIONS,3.75,A,1858,7292.43,48,2011-10-13,2011-12-09,False,REAL
23388,WOODLAND MINI BACKPACK,4.15,A,821,3432.09,63,2011-09-11,2011-12-09,False,REAL
23389,SPACEBOY MINI BACKPACK,4.15,A,1113,4743.19,74,2011-09-11,2011-12-09,False,REAL
23390,DOLLY GIRL MINI BACKPACK,4.15,A,746,3021.44,69,2011-09-11,2011-12-09,False,REAL
23391,I LOVE LONDON MINI BACKPACK,4.15,B,389,1628.17,53,2011-09-11,2011-12-09,False,REAL
23392,SPACEBOY ROCKET LOLLY MAKERS,2.08,B,638,1425.11,59,2011-09-06,2011-12-09,False,REAL
23393,HOME SWEET HOME CUSHION COVER,3.75,A,780,3129.16,76,2011-09-04,2011-12-08,False,REAL
23394,POSTE FRANCE CUSHION COVER,3.75,B,435,1877.65,68,2011-09-04,2011-12-08,False,REAL
23395,BELLE JARDINIERE CUSHION COVER,3.75,A,742,3234.58,76,2011-09-04,2011-12-08,False,REAL
23396,LE JARDIN BOTANIQUE CUSHION COVER,3.75,A,650,2735.53,75,2011-09-04,2011-12-08,False,REAL
23397,FOOT STOOL HOME SWEET HOME,9.95,A,483,5037.95,73,2011-09-04,2011-12-08,False,REAL
23398,HANGING HEART BONHEUR,0.85,C,605,534.5,47,2011-09-04,2011-12-08,False,REAL
23399,HOME SWEET HOME HANGING HEART,0.85,B,1914,1745.55,81,2011-09-04,2011-12-09,False,REAL
23400,SHELF WITH 4 HOOKS HOME SWEET HOME,6.25,B,459,2396.84,55,2011-09-06,2011-12-08,False,REAL
23401,RUSTIC MIRROR WITH LACE HEART,6.25,B,456,2336.12,47,2011-09-07,2011-12-08,False,REAL
23402,HOME SWEET HOME 3 PEG HANGER,3.75,B,296,1147.28,47,2011-09-05,2011-12-08,False,REAL
23403,LETTER HOLDER HOME SWEET HOME,3.75,B,622,2192.86,69,2011-09-05,2011-12-08,False,REAL
23404,HOME SWEET HOME BLACKBOARD,4.95,A,983,4423.16,75,2011-09-05,2011-12-09,False,REAL
23405,HOME SWEET HOME 2 DRAWER CABINET,4.95,B,251,1306.53,47,2011-09-05,2011-12-09,False,REAL
23406,HOME SWEET HOME KEY HOLDER,6.25,B,453,2403.91,61,2011-09-05,2011-12-06,False,REAL
23407,SET OF 2 TRAYS HOME SWEET HOME,9.95,B,259,2649.73,65,2011-09-04,2011-12-08,False,REAL
23408,PHOTO FRAME LINEN AND LACE SMALL,2.08,C,296,615.68,44,2011-09-07,2011-12-07,False,REAL
23409,PHOTO FRAME LINEN AND LACE LARGE,3.75,C,208,775.43,27,2011-09-07,2011-12-05,False,REAL
23410,CURIO CABINET LINEN AND LACE,8.15,C,35,281.95,16,2011-09-08,2011-11-25,False,REAL
23411,TRELLIS COAT RACK,4.95,B,226,1113.66,41,2011-09-04,2011-12-02,False,REAL
23412,HEART MIRROR ANTIQUE WHITE,7.5,B,356,2339.8,28,2011-09-06,2011-10-10,False,REAL
23413,VINTAGE COFFEE GRINDER BOX,4.95,B,161,849.91,35,2011-09-07,2011-12-08,False,REAL
23414,ZINC BOX SIGN HOME,9.95,B,137,1338.95,41,2011-09-04,2011-11-30,False,REAL
23415,HOME SWEET HOME HOOK,1.65,C,323,403.93,33,2011-09-07,2011-12-08,False,REAL
23416,CHAMBRE HOOK,1.65,C,132,184.68,18,2011-09-12,2011-12-08,False,REAL
23417,BATHROOM HOOK,1.65,C,146,157.5,21,2011-09-07,2011-12-08,False,REAL
23418,LAVENDER TOILETTE BOTTLE,2.08,B,557,1166.0,48,2011-09-11,2011-12-09,False,REAL
23419,HOME SWEET HOME BOTTLE,2.08,B,472,1041.64,56,2011-09-11,2011-12-08,False,REAL
23420,PANTRY HOOK TEA STRAINER,2.08,C,164,351.37,25,2011-09-15,2011-12-04,False,REAL
23421,PANTRY HOOK SPATULA,2.08,C,160,349.2,27,2011-09-08,2011-12-04,False,REAL
23422,PANTRY HOOK BALLOON WHISK,2.08,C,213,477.89,34,2011-09-07,2011-12-08,False,REAL
23423,PANTRY 3 HOOK ROLLING PIN HANGER,3.75,B,214,858.15,43,2011-09-08,2011-12-08,False,REAL
23424,GINGHAM RECIPE BOOK BOX,4.95,B,461,2504.67,69,2011-09-04,2011-12-09,False,REAL
23425,STORAGE TIN HOME SWEET HOME,2.49,C,268,604.01,39,2011-09-04,2011-12-09,False,REAL
23426,METAL SIGN DROP YOUR PANTS,2.89,A,1269,3427.09,76,2011-09-05,2011-12-09,False,REAL
23427,STOOL HOME SWEET HOME,12.5,A,235,2837.68,52,2011-09-04,2011-12-08,False,REAL
23428,IVORY RETRO KITCHEN WALL CLOCK,8.15,C,75,659.61,17,2011-11-17,2011-12-09,False,REAL
23429,RED RETRO KITCHEN WALL CLOCK,8.15,C,47,400.01,12,2011-11-21,2011-12-09,False,REAL
23430,BLUE RETRO KITCHEN WALL CLOCK,8.15,C,36,301.88,14,2011-11-20,2011-12-09,False,REAL
23431,NATURAL HANGING QUILTED HEARTS,0.83,B,1433,1157.95,48,2011-08-26,2011-12-01,False,REAL
23432,PRETTY HANGING QUILTED HEARTS,0.83,B,1276,1088.36,45,2011-08-31,2011-12-06,False,REAL
23433,HANGING QUILTED PATCHWORK APPLES,0.83,B,1211,1069.57,57,2011-08-26,2011-12-04,False,REAL
23434,3 RAFFIA RIBBONS 50'S CHRISTMAS,0.79,B,2085,1876.27,71,2011-09-11,2011-12-09,False,REAL
23435,3 RAFFIA RIBBONS VINTAGE CHRISTMAS,0.83,C,824,732.42,52,2011-09-09,2011-12-09,False,REAL
23436,VINTAGE CHRISTMAS GIFT BAG LARGE,1.25,B,1964,2348.64,67,2011-08-02,2011-12-08,False,REAL
23437,50'S CHRISTMAS GIFT BAG LARGE,1.25,B,1937,2371.13,66,2011-08-22,2011-12-09,False,REAL
23438,RED SPOT GIFT BAG LARGE,1.25,B,1809,2209.92,65,2011-08-03,2011-12-09,False,REAL
23439,HAND WARMER RED LOVE HEART,2.1,A,3986,8855.51,86,2011-08-24,2011-12-09,False,REAL
23440,PAINT YOUR OWN EGGS IN CRATE,2.08,C,164,299.36,5,2011-11-24,2011-12-07,False,REAL
23441,HAND PAINTED HANGING EASTER EGG,0.42,C,22,9.24,3,2011-11-23,2011-12-07,False,REAL
23442,12 HANGING EGGS HAND PAINTED,2.08,C,40,83.2,6,2011-11-15,2011-12-07,False,REAL
23444,Next Day Carriage,15.0,B,78,1185.0,57,2011-05-26,2011-12-08,False,REAL
23445,ICE CREAM BUBBLES,0.83,B,2648,2144.64,63,2011-08-24,2011-12-09,False,REAL
23446,BLUE BUNNY EASTER EGG BASKET,1.65,C,157,230.25,3,2011-10-10,2011-12-07,False,REAL
23447,PINK BUNNY EASTER EGG BASKET,1.65,C,158,231.9,4,2011-10-10,2011-12-07,False,REAL
23448,CREAM BUNNY EASTER EGG BASKET,1.65,C,25,41.25,3,2011-10-10,2011-11-30,False,REAL
23449,SET OF 6 EASTER RAINBOW CHICKS,1.25,C,12,15.0,1,2011-11-15,2011-11-15,False,REAL
23451,SQUARE MINI PORTRAIT FRAME,1.95,C,277,556.17,38,2011-10-14,2011-12-09,False,REAL
23452,HEART MINI PORTRAIT FRAME,1.95,B,517,1019.81,40,2011-10-14,2011-12-08,False,REAL
23453,OVAL  MINI PORTRAIT FRAME,1.95,C,316,615.98,29,2011-10-14,2011-12-08,False,REAL
23454,THREE MINI HANGING FRAMES,4.15,C,172,724.9,33,2011-10-21,2011-12-08,False,REAL
23455,SMALL PARLOUR PICTURE FRAME,2.89,C,207,569.43,23,2011-10-16,2011-12-08,False,REAL
23456,MEDIUM PARLOUR PICTURE FRAME,4.15,C,156,625.8,23,2011-10-16,2011-12-04,False,REAL
23457,LARGE PARLOUR PICTURE FRAME,4.95,C,112,549.88,23,2011-10-16,2011-12-08,False,REAL
23458,DOLLY CABINET 3 DRAWERS,14.95,C,46,687.7,22,2011-10-17,2011-12-08,False,REAL
23459,DOLLY CABINET 2 DRAWERS,12.5,C,30,375.0,16,2011-10-16,2011-12-08,False,REAL
23460,SWEETHEART WALL TIDY,9.95,B,103,957.33,28,2011-10-20,2011-12-05,False,REAL
23461,SWEETHEART BIRD HOUSE,4.15,A,843,3024.61,48,2011-09-29,2011-12-07,False,REAL
23462,ROCOCO WALL MIRROR WHITE,19.95,B,62,1256.94,22,2011-10-20,2011-12-08,False,REAL
23463,VINTAGE ZINC WATERING CAN,9.95,C,13,139.4,8,2011-10-16,2011-12-09,False,REAL
23464,VINTAGE ZINC WATERING CAN SMALL,4.95,C,18,99.2,8,2011-10-16,2011-12-09,False,REAL
23465,TUSCAN VILLA BIRD FEEDER,8.25,C,29,247.63,15,2011-10-04,2011-12-08,False,REAL
23466,TUSCAN VILLA DOVECOTE BIRD FEEDER,8.25,C,54,489.78,23,2011-09-30,2011-12-08,False,REAL
23467,VINTAGE ZINC PLANTER,3.29,C,32,120.08,9,2011-10-17,2011-12-09,False,REAL
23468,TUSCAN VILLA BIRD TABLE,8.25,C,19,156.75,9,2011-10-06,2011-11-23,False,REAL
23469,CARD HOLDER LOVE BIRD SMALL,4.15,B,328,1338.64,41,2011-09-30,2011-12-09,False,REAL
23470,CARD HOLDER LOVE BIRD LARGE,6.25,B,220,1386.36,42,2011-10-02,2011-12-05,False,REAL
23471,SIX DRAWER OFFICE TIDY,9.95,C,65,616.79,22,2011-09-30,2011-12-02,False,REAL
23472,NINE DRAWER OFFICE TIDY,14.95,B,58,894.42,26,2011-10-02,2011-12-07,False,REAL
23473,WOODLAND SMALL RED FELT HEART,0.83,C,678,552.02,33,2011-10-20,2011-12-07,False,REAL
23474,WOODLAND SMALL BLUE FELT HEART,0.83,C,312,270.96,27,2011-10-24,2011-12-08,False,REAL
23475,WOODLAND SMALL PINK FELT HEART,0.83,C,286,242.18,21,2011-10-27,2011-12-07,False,REAL
23476,WOODLAND LARGE RED FELT HEART,1.25,C,205,264.72,15,2011-10-20,2011-11-30,False,REAL
23477,WOODLAND LARGE BLUE FELT HEART,1.25,C,92,123.47,12,2011-10-20,2011-11-30,False,REAL
23478,WOODLAND LARGE PINK FELT HEART,1.25,C,285,324.4,10,2011-10-20,2011-12-01,False,REAL
23479,WIRE EGG BASKET,7.85,B,113,872.38,30,2011-10-17,2011-12-08,False,REAL
23480,MINI LIGHTS WOODLAND MUSHROOMS,3.75,A,1778,6651.04,44,2011-10-19,2011-12-09,False,REAL
23481,PEARLISED IVORY HEART SMALL,1.25,C,228,281.17,20,2011-10-17,2011-12-06,False,REAL
23482,PEARLISED IVORY HEART LARGE,1.65,C,418,661.02,23,2011-10-14,2011-12-06,False,REAL
23483,HANGING  BUTTERFLY T-LIGHT HOLDER,1.25,B,1318,1625.12,42,2011-10-03,2011-12-08,False,REAL
23484,HEART TRELLIS TRIPLE T-LIGHT HOLDER,2.89,C,185,547.35,28,2011-09-30,2011-12-08,False,REAL
23485,BOTANICAL GARDENS WALL CLOCK,25.0,A,244,5435.92,33,2011-10-20,2011-12-08,False,REAL
23486,ANTIQUE HEART SHELF UNIT,16.65,A,262,3945.82,37,2011-10-20,2011-12-08,False,REAL
23487,SWEET HEART CAKE CARRIER,9.95,C,71,707.73,26,2011-10-14,2011-12-08,False,REAL
23489,VINTAGE BELLS GARLAND,2.89,A,913,2709.23,42,2011-10-20,2011-12-09,False,REAL
23490,T-LIGHT HOLDER HANGING LOVE BIRD,3.75,B,539,2021.52,44,2011-10-14,2011-12-08,False,REAL
23491,VINTAGE JINGLE BELLS HEART,8.25,B,227,1889.51,38,2011-10-20,2011-12-07,False,REAL
23492,VINTAGE JINGLE BELLS WREATH,8.25,C,76,635.38,19,2011-10-20,2011-12-05,False,REAL
23493,VINTAGE DOILY TRAVEL SEWING KIT,1.95,A,3958,8486.58,68,2011-09-22,2011-12-09,False,REAL
23494,VINTAGE DOILY DELUXE SEWING KIT,5.95,A,744,4967.26,58,2011-09-25,2011-12-09,False,REAL
23495,SET OF 3 PANTRY WOODEN SPOONS,1.25,C,225,306.66,27,2011-10-30,2011-12-09,False,REAL
23496,PANTRY KITCHEN THERMOMETER,1.25,C,112,154.52,18,2011-10-30,2011-12-08,False,REAL
23497,CLASSIC CHROME BICYCLE BELL,1.45,A,2546,3638.62,37,2011-10-28,2011-12-09,False,REAL
23498,CLASSIC BICYCLE CLIPS,1.45,B,1640,2372.68,13,2011-11-25,2011-12-09,False,REAL
23499,SET 12 VINTAGE DOILY CHALK,0.42,C,1312,586.23,40,2011-10-20,2011-12-08,False,REAL
23500,KEY RING BASEBALL BOOT ASSORTED,1.25,B,1626,2038.33,43,2011-10-04,2011-12-08,False,REAL
23501,KEY RING BASEBALL BOOT UNION JACK,1.25,B,1821,2217.87,46,2011-10-05,2011-12-09,False,REAL
23502,PLAYING CARDS VINTAGE DOILY,1.25,B,714,896.41,49,2011-09-22,2011-12-07,False,REAL
23503,PLAYING CARDS KEEP CALM & CARRY ON,1.25,A,3641,4858.05,68,2011-09-22,2011-12-09,False,REAL
23504,PLAYING CARDS JUBILEE UNION JACK,1.25,A,1927,2848.89,63,2011-09-22,2011-12-08,False,REAL
23505,PLAYING CARDS I LOVE LONDON,1.25,B,1200,1651.29,56,2011-09-22,2011-12-08,False,REAL
23506,MINI PLAYING CARDS SPACEBOY,0.42,B,2723,1129.12,58,2011-09-22,2011-12-09,False,REAL
23507,MINI PLAYING CARDS BUFFALO BILL,0.42,B,2862,1147.27,55,2011-09-22,2011-12-08,False,REAL
23508,MINI PLAYING CARDS DOLLY GIRL,0.42,B,2625,1162.61,60,2011-09-22,2011-12-09,False,REAL
23509,MINI PLAYING CARDS FUN FAIR,0.42,C,1062,451.46,45,2011-09-22,2011-12-08,False,REAL
23510,MINI PLAYING CARDS GYMKHANA,0.42,B,2521,1118.8,59,2011-09-22,2011-12-09,False,REAL
23511,EMBROIDERED RIBBON REEL EMILY,2.08,B,566,1241.61,52,2011-09-22,2011-12-08,False,REAL
23512,EMBROIDERED RIBBON REEL ROSIE,2.08,B,500,975.24,41,2011-09-22,2011-12-08,False,REAL
23513,EMBROIDERED RIBBON REEL SUSIE,2.08,B,560,1101.78,41,2011-09-22,2011-12-05,False,REAL
23514,EMBROIDERED RIBBON REEL SALLY,2.08,B,472,964.91,49,2011-09-22,2011-12-04,False,REAL
23515,EMBROIDERED RIBBON REEL DAISY,2.08,B,579,1164.98,46,2011-09-22,2011-12-09,False,REAL
23516,EMBROIDERED RIBBON REEL SOPHIE,3.75,B,296,1058.6,29,2011-09-25,2011-12-05,False,REAL
23517,EMBROIDERED RIBBON REEL REBECCA,2.89,B,334,996.38,40,2011-09-22,2011-12-06,False,REAL
23518,EMBROIDERED RIBBON REEL RACHEL,2.89,B,355,963.07,31,2011-09-22,2011-12-02,False,REAL
23519,EMBROIDERED RIBBON REEL CLAIRE,3.75,B,224,792.31,20,2011-09-25,2011-11-24,False,REAL
23520,EMBROIDERED RIBBON REEL RUBY,3.75,C,167,600.55,25,2011-09-22,2011-12-05,False,REAL
23521,WALL ART CAT AND BIRD,4.34,B,413,793.37,30,2011-10-03,2011-12-09,False,REAL
23522,WALL ART DOG AND BALL,2.89,C,354,727.44,27,2011-10-03,2011-12-08,False,REAL
23523,WALL ART TREASURE AHOY,3.75,B,354,1151.31,28,2011-10-03,2011-12-08,False,REAL
23524,WALL ART HORSE & PONY,3.75,B,475,1535.13,40,2011-10-02,2011-12-09,False,REAL
23525,WALL ART BUFFALO BILL,3.75,B,576,1841.32,35,2011-10-02,2011-12-09,False,REAL
23526,WALL ART DOG LICENCE,5.95,A,996,5933.4,53,2011-10-03,2011-12-09,False,REAL
23527,WALL ART ANIMALS AND NATURE,3.75,B,413,1402.31,30,2011-10-03,2011-12-09,False,REAL
23528,WALL ART SPACEBOY,3.75,B,479,1504.49,35,2011-10-03,2011-12-08,False,REAL
23529,WALL ART DOLLY GIRL,3.75,B,637,2011.99,28,2011-10-03,2011-12-08,False,REAL
23530,WALL ART ONLY ONE PERSON,4.95,A,1056,4436.27,45,2011-10-03,2011-12-09,False,REAL
23531,WALL ART BIG LOVE,6.95,A,976,5538.26,49,2011-10-03,2011-12-08,False,REAL
23532,WALL ART WORK REST AND PLAY,4.95,B,210,901.58,22,2011-10-02,2011-12-08,False,REAL
23533,WALL ART GARDEN HAVEN,5.95,B,215,998.64,28,2011-10-03,2011-12-09,False,REAL
23534,WALL ART STOP FOR TEA,5.95,A,1384,8591.05,58,2011-10-02,2011-12-09,False,REAL
23535,WALL ART BICYCLE SAFETY,5.95,A,1323,8434.29,57,2011-10-02,2011-12-09,False,REAL
23536,WALL ART VILLAGE SHOW,5.95,A,622,3418.33,42,2011-10-03,2011-12-09,False,REAL
23537,WALL ART I LOVE LONDON,4.95,C,111,581.13,26,2011-10-03,2011-12-09,False,REAL
23538,WALL ART VINTAGE HEART,4.95,B,331,1329.54,25,2011-10-03,2011-12-09,False,REAL
23539,WALL ART LOVES' SECRET,5.95,B,247,1227.95,27,2011-10-02,2011-12-05,False,REAL
23540,WALL ART THE MAGIC FOREST,6.95,B,150,947.06,12,2011-10-03,2011-12-06,False,REAL
23541,WALL ART CLASSIC PUDDINGS,8.25,A,870,6807.41,50,2011-10-02,2011-12-06,False,REAL
23542,WALL ART 70'S ALPHABET,8.25,A,500,3753.86,42,2011-10-03,2011-12-08,False,REAL
23543,WALL ART KEEP CALM,8.25,A,1236,7010.76,42,2011-10-03,2011-12-08,False,REAL
23544,WALL ART MID CENTURY MODERN,8.25,B,163,1007.53,16,2011-10-03,2011-12-06,False,REAL
23545,WRAP RED VINTAGE DOILY,0.42,B,2480,1025.6,62,2011-07-20,2011-12-08,False,REAL
23546,WRAP PAISLEY PARK,0.42,B,3225,1354.5,81,2011-07-19,2011-12-08,False,REAL
23547,WRAP FLOWER SHOP,0.42,C,1575,661.5,48,2011-07-20,2011-12-06,False,REAL
23548,WRAP MAGIC FOREST,0.42,C,1075,451.5,33,2011-07-20,2011-12-08,False,REAL
23549,WRAP BIRD GARDEN,0.42,C,1305,548.1,41,2011-07-19,2011-12-01,False,REAL
23550,WRAP ALPHABET POSTER,0.42,C,1855,763.1,48,2011-07-18,2011-12-09,False,REAL
23551,PACK OF 12 PAISLEY PARK TISSUES,0.39,B,1840,839.84,70,2011-09-01,2011-12-09,False,REAL
23552,BICYCLE PUNCTURE REPAIR KIT,2.08,A,1863,3881.91,13,2011-11-25,2011-12-09,False,REAL
23553,LANDMARK FRAME CAMDEN TOWN,12.5,A,568,6444.65,35,2011-10-20,2011-12-08,False,REAL
23554,LANDMARK FRAME OXFORD STREET,12.5,A,422,4805.53,34,2011-10-19,2011-12-08,False,REAL
23555,LANDMARK FRAME NOTTING HILL,12.5,A,421,4780.57,28,2011-10-19,2011-12-09,False,REAL
23556,LANDMARK FRAME COVENT GARDEN,12.5,A,435,4924.51,29,2011-10-19,2011-12-08,False,REAL
23557,LANDMARK FRAME BAKER STREET,12.5,A,350,3930.27,23,2011-10-19,2011-12-08,False,REAL
23558,LANDMARK FRAME LONDON BRIDGE,12.5,A,415,4703.87,31,2011-10-19,2011-12-08,False,REAL
23559,WOODLAND BUNNIES LOLLY MAKERS,2.08,B,649,1482.41,66,2011-09-08,2011-12-09,False,REAL
23560,SET OF 6 RIBBONS COUNTRY STYLE,2.89,C,172,499.18,9,2011-11-27,2011-12-08,False,REAL
23561,SET OF 6 RIBBONS PARTY,2.89,C,170,476.0,8,2011-11-27,2011-12-09,False,REAL
23562,SET OF 6 RIBBONS PERFECTLY PRETTY,2.89,C,251,724.59,12,2011-11-27,2011-12-09,False,REAL
23564,EGG CUP MILKMAID INGRID,1.25,B,644,841.31,36,2011-10-13,2011-12-09,False,REAL
23565,EGG CUP MILKMAID HELGA,1.25,C,405,580.06,34,2011-10-16,2011-12-09,False,REAL
23566,EGG CUP MILKMAID HEIDI,1.25,B,877,1151.93,39,2011-10-17,2011-12-08,False,REAL
23567,EGG CUP HENRIETTA HEN PINK,1.25,C,210,290.33,25,2011-10-14,2011-12-09,False,REAL
23568,EGG CUP HENRIETTA HEN CREAM,1.25,B,629,786.27,28,2011-10-16,2011-12-08,False,REAL
23569,TRADTIONAL ALPHABET STAMP SET,4.95,A,948,4687.96,41,2011-10-21,2011-12-09,False,REAL
23570,TRADITIONAL PICK UP STICKS GAME,1.25,A,2760,4916.87,43,2011-10-21,2011-12-09,False,REAL
23571,TRADITIONAL NAUGHTS & CROSSES,1.65,A,2829,6387.11,43,2011-10-21,2011-12-09,False,REAL
23574,PACKING CHARGE,7.5,C,12,90.0,11,2011-07-06,2011-12-07,False,REAL
23575,SNACK TRAY PAISLEY PARK,1.95,C,179,367.35,10,2011-11-27,2011-12-09,False,REAL
23576,SNACK TRAY RED VINTAGE DOILY,1.95,C,198,400.04,10,2011-11-27,2011-12-08,False,REAL
23578,SNACK TRAY RED GINGHAM,1.95,C,60,125.72,9,2011-11-27,2011-12-08,False,REAL
23579,SNACK TRAY I LOVE LONDON,1.95,C,169,358.75,16,2011-10-18,2011-12-09,False,REAL
23580,SNACK TRAY HAPPY FOREST,1.95,C,116,234.92,10,2011-11-27,2011-12-07,False,REAL
23581,JUMBO BAG PAISLEY PARK,2.08,A,4898,11357.07,40,2011-10-25,2011-12-09,False,REAL
23582,VINTAGE DOILY JUMBO BAG RED,2.08,A,4681,9983.73,39,2011-10-25,2011-12-08,False,REAL
23583,LUNCH BAG PAISLEY PARK,1.65,A,3375,5480.83,40,2011-10-25,2011-12-09,False,REAL
23597,PAPER BUNTING PAISLEY PARK,2.95,C,243,661.37,20,2011-11-10,2011-12-08,False,REAL
23598,PAPER BUNTING VINTAGE PARTY,2.95,B,427,1215.53,23,2011-11-10,2011-12-09,False,REAL
23601,SET 10 CARDS SNOWY SNOWDROPS  17100,2.49,C,8,19.92,4,2011-09-23,2011-11-28,False,REAL
23602,SET 10 CARDS 3 WISE MEN 17107,2.91,C,1,2.91,1,2011-11-11,2011-11-11,False,REAL
23603,SET 10 CARD KRAFT REINDEER 17084,2.49,C,20,49.8,12,2011-10-14,2011-12-08,False,REAL
23604,SET 10 MINI SANTA & SNOWMAN  17087,1.66,C,4,6.64,2,2011-10-03,2011-10-17,False,REAL
23605,SET 10 CARDS 12 DAYS OF XMAS 17059,2.91,C,4,11.64,1,2011-10-05,2011-10-05,False,REAL
23607,SET 10 CARDS HATS & STOCKINGS 17081,1.66,C,8,13.28,7,2011-09-13,2011-11-24,False,REAL
23608,SET 10 CARDS RUDOLPHS NOSE 17097,2.91,C,4,11.64,3,2011-11-03,2011-12-08,False,REAL
23609,SET 10 CARDS SNOWY ROBIN 17099,2.91,C,1,2.91,1,2011-11-28,2011-11-28,False,REAL
23610,SET 10 CARDS CHRISTMAS ROBIN 17095,2.08,C,3,6.24,3,2011-09-23,2011-11-11,False,REAL
23611,SET 10 CARDS RED RIDING HOOD 17214,2.49,C,40,99.6,16,2011-09-12,2011-12-09,False,REAL
23612,SET 10 MINICARDS CUTE SNOWMAN 17071,1.66,C,5,8.3,2,2011-10-06,2011-11-17,False,REAL
23613,SET 10 XMAS CARDS & BADGES 17070,2.49,C,11,27.39,5,2011-09-07,2011-11-28,False,REAL
23614,SET 10 CARDS 12 DAYS WRAP  17058,3.33,C,26,86.58,8,2011-09-07,2011-12-08,False,REAL
23615,SET 10 CARDS PRINTED GRAPHIC 17219,2.49,C,4,9.96,4,2011-10-27,2011-12-06,False,REAL
23616,SET 10 CARDS JINGLE BELLS 17217,2.49,C,8,19.92,7,2011-11-09,2011-12-09,False,REAL
23617,SET 10 CARDS SWIRLY XMAS TREE 17104,2.91,C,2,5.82,1,2011-11-29,2011-11-29,False,REAL
23619,SET 10 CARDS POINSETTIA 17093,2.49,C,4,9.96,2,2011-10-05,2011-11-08,False,REAL
23620,SET 10 CARDS PERFECT POST 17090,2.49,C,10,24.9,7,2011-09-02,2011-11-18,False,REAL
23621,SET 10 CARDS DAVID'S MADONNA 17074,2.49,C,6,14.94,4,2011-11-11,2011-12-09,False,REAL
23623,SET 10 CARD CHRISTMAS WELCOME 17112,2.91,C,8,23.28,6,2011-09-02,2011-11-29,False,REAL
23624,SET 10 CARD PERFECT NATIVITY 17089,2.49,C,4,9.96,4,2011-09-22,2011-11-11,False,REAL
23625,SET 6 CARDS SPARKLY REINDEER 17262,4.99,C,9,44.91,4,2011-09-15,2011-12-02,False,REAL
23626,SET 10 CARDS DINKY TREE 17076,2.49,C,43,107.07,15,2011-10-03,2011-12-08,False,REAL
23627,SET 10 CARDS XMAS GRAPHIC  17218,2.49,C,7,17.43,2,2011-11-11,2011-11-25,False,REAL
23628,SET 10 CARDS TRIANGLE ICONS  17220,2.91,C,1,2.91,1,2011-10-31,2011-10-31,False,REAL
23629,SET 10 CARDS DRESSING UP 17077,2.49,C,24,59.76,10,2011-09-21,2011-11-25,False,REAL
23630,SET 10 CARDS HANGING BAUBLES 17080,2.74,C,2,5.48,2,2011-09-22,2011-11-30,False,REAL
23632,SET 10 CARDS CHEERFUL ROBIN 17065,2.08,C,15,31.2,10,2011-09-23,2011-11-30,False,REAL
23633,SET 10 CARDS WORLD CHILDREN 17067,2.49,C,3,7.47,3,2011-10-31,2011-11-21,False,REAL
23634,SET 10 CARDS XMAS CHOIR 17068,2.91,C,5,14.55,5,2011-09-02,2011-12-06,False,REAL
23635,SET 10 CARDS CHRISTMAS HOLLY  17259,4.16,C,3,12.48,3,2011-10-05,2011-12-09,False,REAL
23636,SET 10 CARDS WISHING TREE 17116,2.91,C,9,26.19,6,2011-10-24,2011-12-08,False,REAL
23637,SET 10 CARDS OUT OF ORDER 17216,2.49,C,11,27.39,9,2011-09-07,2011-12-08,False,REAL
23638,SET 10 CARDS ROBIN WATERPUMP  17096,2.91,C,2,5.82,2,2011-09-27,2011-11-24,False,REAL
23639,SET 10 CARDS MAGICAL TREE 17086,3.33,C,4,13.32,4,2011-09-15,2011-11-17,False,REAL
23640,SET 10 CARDS SCOTTIE DOG 17211,2.49,C,9,22.41,8,2011-09-07,2011-12-08,False,REAL
23643,SET 10 CARDS CHRISTMAS BAUBLE 16954,3.33,C,1,3.33,1,2011-10-31,2011-10-31,False,REAL
23644,SET 10 CARDS CHRISTMAS TREE 16955,3.33,C,5,16.65,5,2011-09-30,2011-12-09,False,REAL
23645,SET 10 CHRISTMAS CARDS HOHOHO 16956,2.49,C,9,22.41,4,2011-10-27,2011-12-08,False,REAL
23646,SET 10 CARDS JINGLE BELLS 16957,2.49,C,8,19.92,5,2011-09-07,2011-11-17,False,REAL
23649,SET 10 CARDS DECK THE HALLS 16960,2.49,C,2,4.98,2,2011-11-15,2011-11-25,False,REAL
23650,SET 10 CARDS FILIGREE BAUBLE 16961,2.49,C,4,9.96,4,2011-09-27,2011-12-08,False,REAL
23652,SET 10 CARD CHRISTMAS STAMPS 16963,2.91,C,2,5.82,1,2011-11-17,2011-11-17,False,REAL
23654,SET 10 CARD SNOWMAN 16965,2.49,C,5,12.45,4,2011-10-27,2011-12-08,False,REAL
23660,HENRIETTA HEN MUG,1.65,C,290,508.26,22,2011-10-13,2011-12-09,False,REAL
23661,MILK MAIDS MUG,1.65,C,199,360.59,22,2011-10-13,2011-12-09,False,REAL
23664,FLOWER SHOP DESIGN MUG,1.65,C,1,1.65,1,2011-11-11,2011-11-11,False,REAL
23681,LUNCH BAG RED VINTAGE DOILY,1.65,B,1576,2525.04,30,2011-11-06,2011-12-09,False,REAL
23691,WRAP KEEP CALM BIRTHDAY,0.42,C,1175,481.5,21,2011-11-02,2011-12-07,False,REAL
23692,WRAP A PRETTY THANK YOU,0.42,C,50,21.0,2,2011-11-09,2011-11-30,False,REAL
23694,PAISLEY PARK CARD,0.42,C,376,165.08,20,2011-11-14,2011-12-08,False,REAL
23695,DOILY THANK YOU CARD,0.42,C,741,313.24,22,2011-11-09,2011-12-08,False,REAL
23697,A PRETTY THANK YOU CARD,0.42,C,456,194.58,20,2011-11-09,2011-12-08,False,REAL
23702,High Resolution Image,3.0,C,4,27.0,3,2011-10-19,2011-11-16,False,REAL
23843,"PAPER CRAFT , LITTLE BIRDIE",,C,0,0.0,0,,,False,REAL
35001G,HAND OPEN SHAPE GOLD,4.25,C,198,677.34,27,2010-12-02,2011-12-07,False,REAL
35001W,HAND OPEN SHAPE DECO.WHITE,3.49,C,91,266.53,5,2010-12-05,2010-12-16,False,REAL
35004B,SET OF 3 BLACK FLYING DUCKS,5.79,A,549,2804.61,89,2010-12-01,2011-12-09,False,REAL
35004C,SET OF 3 COLOURED  FLYING DUCKS,5.45,B,359,1722.15,28,2010-12-01,2011-03-07,False,REAL
35004G,SET OF 3 GOLD FLYING DUCKS,6.35,C,127,454.65,21,2010-12-01,2011-12-07,False,REAL
35004P,SET OF 3 PINK FLYING DUCKS,5.45,C,1,5.45,1,2010-12-10,2010-12-10,False,REAL
35095A,BLUE VICTORIAN FABRIC OVAL BOX,0.83,C,925,388.57,77,2010-12-01,2011-12-09,False,REAL
35095B,RED VICTORIAN FABRIC OVAL BOX,0.83,C,862,352.25,79,2010-12-01,2011-12-09,False,REAL
35241,ENAMEL BLUE RIM BISCUIT BIN,4.95,C,103,530.49,40,2010-12-05,2011-05-03,False,REAL
35265,COLOURFUL FLOWER FRUIT BOWL,1.95,C,17,52.2,12,2011-01-11,2011-10-02,False,REAL
35271S,GOLD PRINT PAPER BAG,0.19,C,19,3.61,2,2010-12-01,2010-12-02,False,REAL
35400,WOODEN BOX ADVENT CALENDAR,8.95,C,10,89.5,4,2010-12-17,2011-11-23,False,REAL
35443,RASTA IN BATH W SPLIFF ASHTRAY,0.85,C,8,6.8,6,2010-12-23,2011-11-24,False,REAL
35471D,SET OF 3 BIRD LIGHT PINK FEATHER,0.39,B,1847,977.86,131,2010-12-01,2011-12-09,False,REAL
35591T,TURQUOISE CHRISTMAS TREE,1.25,C,5,6.25,4,2010-12-01,2011-11-20,False,REAL
35597A,DUSTY PINK CHRISTMAS TREE 30CM,1.25,C,1,1.25,1,2010-12-06,2010-12-06,False,REAL
35597B,BLACKCHRISTMAS TREE 30CM,1.25,C,1,1.25,1,2010-12-06,2010-12-06,False,REAL
35597D,PINK/WHITE CHRISTMAS TREE 30CM,0.38,C,46,17.48,2,2011-08-16,2011-09-01,False,REAL
35598A,DUSTY PINK CHRISTMAS TREE 60CM,2.95,C,9,26.55,2,2011-11-16,2011-11-20,False,REAL
35598B,BLACK CHRISTMAS TREE 60CM,0.65,C,558,460.64,22,2010-12-01,2011-11-30,False,REAL
35598C,WHITE CHRISTMAS TREE 60CM,2.95,C,2,5.9,2,2011-11-13,2011-11-24,False,REAL
35598D,PINK/WHITE CHRISTMAS TREE 60CM,0.65,C,684,493.01,36,2010-12-01,2011-12-04,False,REAL
35599B,BLACK CHRISTMAS TREE 120CM,1.95,C,217,551.13,26,2010-12-03,2011-12-04,False,REAL
35599D,PINK AND WHITE CHRISTMAS TREE 120CM,2.95,C,201,553.07,25,2010-12-01,2011-12-04,False,REAL
35607A,PINK FLUFFY CHRISTMAS DECORATION,0.9099999999999999,C,26,7.82,2,2010-12-16,2011-01-18,False,REAL
35607B,BLACK FEATHER CHRISTMAS DECORATION,0.19,C,96,18.24,7,2011-03-06,2011-09-15,False,REAL
35609A,PINK FEATHER CHRISTMAS DECORATION,2.51,C,1,2.51,1,2010-12-10,2010-12-10,False,REAL
35610A,PINK CHRISTMAS FLOCK DROPLET,2.51,C,10,15.02,3,2010-12-01,2010-12-15,False,REAL
35610B,BLACK CHRISTMAS FLOCK DROPLET,1.25,C,24,30.0,1,2010-12-13,2010-12-13,False,REAL
35610C,WHITE CHRISTMAS FLOCK DROPLET,1.88,C,25,32.51,2,2010-12-10,2010-12-13,False,REAL
35637A,IVORY STRING CURTAIN WITH POLE,1.95,C,170,440.62,27,2010-12-01,2011-11-27,False,REAL
35637C,PINK STRING CURTAIN WITH POLE,1.95,C,30,100.86,9,2011-01-31,2011-11-27,False,REAL
35638A,PINK AND BLACK STRING CURTAIN,1.95,C,38,82.1,5,2011-02-20,2011-11-20,False,REAL
35638B,PINK/BLUE STRING CURTAIN,1.95,C,57,128.33,5,2011-07-13,2011-11-20,False,REAL
35645,VINTAGE BEAD PINK JEWEL BOX,4.25,C,4,17.0,3,2011-07-11,2011-10-20,False,REAL
35646,VINTAGE BEAD PINK EVENING BAG,2.46,B,618,936.0,72,2010-12-07,2011-12-09,False,REAL
35647,VINTAGE BEAD PINK SHADE,1.25,C,13,16.25,2,2011-01-23,2011-03-11,False,REAL
35648,VINTAGE BEAD PINK PURSE,1.63,B,954,1045.91,106,2010-12-06,2011-12-09,False,REAL
35649,VINTAGE BEAD COSMETIC BAG,2.46,C,57,156.85,30,2011-04-01,2011-12-08,False,REAL
35650,VINTAGE BEAD PINK JEWEL STAND,4.95,C,1,4.95,1,2011-08-01,2011-08-01,False,REAL
35651,VINTAGE BEAD PINK SCARF,1.65,B,439,966.04,42,2010-12-06,2011-11-10,False,REAL
35653,VINTAGE BEAD NOTEBOOK,2.95,C,150,433.19,39,2010-12-05,2011-08-11,False,REAL
35809A,ENAMEL PINK TEA CONTAINER,2.1,C,429,525.39,53,2010-12-07,2011-06-09,False,REAL
35809B,ENAMEL BLUE RIM TEA CONTAINER,2.1,C,8,9.18,3,2011-04-04,2011-04-11,False,REAL
35810A,ENAMEL PINK COFFEE CONTAINER,0.83,C,633,640.09,63,2010-12-16,2011-10-30,False,REAL
35810B,ENAMEL BLUE RIM COFFEE CONTAINER,0.83,C,139,162.03,22,2010-12-05,2011-11-30,False,REAL
35815P,"ACRYLIC JEWEL SNOWFLAKE, PINK",0.38,C,162,63.28,5,2011-02-07,2011-09-26,False,REAL
35816P,"ACRYLIC JEWEL ANGEL,PINK",0.38,C,78,29.64,2,2011-08-12,2011-08-16,False,REAL
35817P,"ACRYLIC JEWEL SNOWFLAKE,PINK",1.4649999999999999,C,18,19.86,2,2010-12-15,2011-08-12,False,REAL
35818B,"ACRYLIC JEWEL ICICLE, BLUE",0.38,C,31,11.78,3,2011-08-16,2011-11-01,False,REAL
35818P,"ACRYLIC JEWEL ICICLE, PINK",0.38,C,263,105.83,17,2010-12-01,2011-12-05,False,REAL
35819B,"ACRYLIC HANGING JEWEL,BLUE",0.38,C,268,106.05,19,2010-12-20,2011-11-30,False,REAL
35819P,"ACRYLIC HANGING JEWEL,PINK",0.38,C,95,66.55,7,2011-09-16,2011-11-13,False,REAL
35833G,4 GOLD FLOCK CHRISTMAS BALLS,3.36,C,2,6.72,1,2010-12-06,2010-12-06,False,REAL
35833P,4 PINK FLOCK CHRISTMAS BALLS,2.27,C,49,88.47,20,2010-12-07,2011-11-24,False,REAL
35909A,RABBIT EASTER DECORATION,2.95,C,8,23.6,3,2011-01-05,2011-04-26,False,REAL
35909B,PINK FLOWERS RABBIT EASTER,2.95,C,8,23.6,2,2011-02-14,2011-06-14,False,REAL
35910A,MULTICOLOUR EASTER RABBIT,1.95,C,20,39.0,4,2011-01-05,2011-03-28,False,REAL
35910B,PINK FLOWERS RABBIT EASTER,1.95,C,13,25.35,3,2011-03-18,2011-11-06,False,REAL
35911A,MULTICOLOUR RABBIT EGG WARMER,0.83,C,319,292.07,54,2010-12-16,2011-11-04,False,REAL
35911B,PINK/FLOWER RABBIT EGG WARMER,0.83,C,119,100.76,11,2011-01-05,2011-03-22,False,REAL
35912B,WHITE/PINK CHICK DECORATION,1.25,C,252,301.26,19,2011-01-13,2011-10-30,False,REAL
35913B,WHITE/PINK CHICK EASTER DECORATION,0.85,C,36,35.48,9,2011-01-25,2011-11-06,False,REAL
35914,PINK CHICK EGG WARMER + EGG CUP,0.83,C,195,218.81,27,2010-12-06,2011-10-19,False,REAL
35915B,BLUE KNITTED HEN,0.83,C,220,257.22,29,2010-12-10,2011-09-23,False,REAL
35915C,PEACH KNITTED HEN,0.83,C,315,316.46,36,2011-01-10,2011-04-18,False,REAL
35916A,YELLOW FELT HANGING HEART W FLOWER,0.63,C,87,67.39,24,2010-12-06,2011-10-18,False,REAL
35916B,BLUE FELT HANGING HEART WITH FLOWER,0.63,C,91,76.68,28,2010-12-01,2011-10-18,False,REAL
35916C,PINK FELT HANGING HEART W FLOWER,0.63,C,106,107.72,19,2010-12-01,2011-10-18,False,REAL
35920,FOUR RABBIT EASTER DECORATIONS,1.25,C,72,104.84,14,2011-01-19,2011-04-19,False,REAL
35921,EASTER BUNNY HANGING GARLAND,1.25,C,68,133.23,18,2011-01-16,2011-04-19,False,REAL
35922,EASTER BUNNY WREATH,4.95,C,28,138.6,9,2011-01-16,2011-04-08,False,REAL
35923,CANDY HEART HANGING DECORATION,0.39,C,1317,690.13,49,2011-01-10,2011-12-01,False,REAL
35924,HANGING FAIRY CAKE DECORATION,2.1,B,656,1207.14,58,2010-12-05,2011-12-08,False,REAL
35933,PINK STOCKING CHRISTMAS DECORATION,0.38,C,226,92.21,16,2010-12-17,2011-11-06,False,REAL
35953,FOLKART STAR CHRISTMAS DECORATIONS,0.39,B,3557,1603.67,63,2010-12-06,2011-12-09,False,REAL
35954,SMALL FOLKART STAR CHRISTMAS DEC,0.31,C,1245,350.48,36,2010-12-01,2011-11-09,False,REAL
35957,SMALLFOLKART BAUBLE CHRISTMAS DEC,1.66,C,592,343.57,22,2010-12-01,2011-01-13,False,REAL
35958,FOLKART ZINC STAR CHRISTMAS DEC,0.85,C,12,10.2,3,2010-12-05,2010-12-09,False,REAL
35961,FOLKART ZINC HEART CHRISTMAS DEC,0.85,B,2986,2629.81,166,2010-12-01,2011-12-08,False,REAL
35964,FOLKART CLIP ON STARS,0.83,C,783,404.08,63,2010-12-01,2011-12-09,False,REAL
35965,FOLKART HEART NAPKIN RINGS,3.29,C,342,532.17,58,2010-12-01,2011-11-15,False,REAL
35966,FOLKART CHRISTMAS TREE T-LIGHT HOLD,0.38,C,27,10.26,2,2011-06-09,2011-08-24,False,REAL
35967,FOLK ART METAL STAR T-LIGHT HOLDER,0.83,C,485,252.33,54,2010-12-01,2011-12-08,False,REAL
35968,FOLK ART METAL HEART T-LIGHT HOLDER,0.38,C,158,80.2,17,2010-12-08,2011-11-01,False,REAL
35970,ZINC FOLKART SLEIGH BELLS,1.69,A,4977,9391.56,135,2010-12-03,2011-12-09,False,REAL
35971,ROSE FOLKART HEART DECORATIONS,1.25,C,445,579.68,76,2010-12-01,2011-12-05,False,REAL
35972,DAISY FOLKART HEART DECORATION,1.25,C,96,120.0,15,2011-01-05,2011-11-06,False,REAL
37327,ASSTD MULTICOLOUR CIRCLES MUG,0.39,B,1574,838.52,65,2010-12-05,2011-11-10,False,REAL
37330,BIG POLKADOT MUG,0.39,C,6,2.34,1,2011-03-22,2011-03-22,False,REAL
37333,"RETRO ""TEA FOR ONE""",4.95,C,21,120.99,16,2010-12-09,2011-05-03,False,REAL
37340,MULTICOLOUR SPRING FLOWER MUG,0.69,B,2541,1694.69,96,2010-12-07,2011-12-08,False,REAL
37342,POLKADOT COFFEE CUP & SAUCER PINK,0.79,B,1514,1443.33,76,2010-12-16,2011-09-02,False,REAL
37343,POLKADOT MUG PINK,1.65,C,72,123.3,12,2010-12-01,2011-03-09,False,REAL
37351,ORANGE FLOWER MUG,0.8200000000000001,C,10,9.06,2,2011-01-25,2011-03-20,False,REAL
37370,RETRO COFFEE MUGS ASSORTED,1.25,A,2556,3826.21,89,2010-12-01,2011-11-22,False,REAL
37379A,PINK CHERRY BLOSSOM CUP & SAUCER,1.25,C,6,7.5,1,2011-01-19,2011-01-19,False,REAL
37413,ICON MUG REVOLUTIONARY,0.39,C,703,284.49,59,2011-02-07,2011-12-05,False,REAL
37423,WHITE WITH BLACK CATS PLATE,0.39,C,78,33.18,3,2011-03-04,2011-03-18,False,REAL
37444A,YELLOW BREAKFAST CUP AND SAUCER,0.39,C,53,66.35,18,2010-12-01,2011-07-13,False,REAL
37444B,BLUE BREAKFAST CUP AND SAUCER,2.95,C,4,11.8,3,2010-12-09,2011-03-28,False,REAL
37444C,PINK BREAKFAST CUP AND SAUCER,2.95,C,21,42.27,8,2010-12-01,2011-03-28,False,REAL
37446,MINI CAKE STAND WITH HANGING CAKES,1.45,B,1333,1947.24,138,2010-12-01,2011-12-06,False,REAL
37447,CERAMIC CAKE DESIGN SPOTTED PLATE,1.49,B,807,1294.39,90,2010-12-06,2011-12-08,False,REAL
37448,CERAMIC CAKE DESIGN SPOTTED MUG,1.49,B,1406,2139.58,131,2010-12-01,2011-12-08,False,REAL
37449,CERAMIC CAKE STAND + HANGING CAKES,9.95,A,526,4775.24,115,2010-12-01,2011-12-07,False,REAL
37450,CERAMIC CAKE BOWL + HANGING CAKES,2.95,B,699,2076.89,98,2010-12-01,2011-12-08,False,REAL
37461,FUNKY MONKEY MUG,1.25,C,1,1.25,1,2010-12-05,2010-12-05,False,REAL
37462E,"PET MUG, GOLDFISH",0.83,C,36,13.1,12,2010-12-06,2011-12-05,False,REAL
37464,ROBOT MUG IN DISPLAY BOX,1.25,C,3,3.75,2,2010-12-03,2010-12-17,False,REAL
37467,PIG MUG IN TWO COLOUR DESIGNS,0.85,C,159,130.27,15,2010-12-07,2011-10-10,False,REAL
37468,HARDMAN MUG 3 ASSORTED,0.39,C,64,32.03,12,2011-01-14,2011-10-19,False,REAL
37471,MULTICOLOUR POLKADOT PLATE,0.85,C,29,30.43,3,2011-04-28,2011-10-12,False,REAL
37474,SET/4 2 TONE EGG SHAPE MIXING BOWLS,9.95,C,1,9.95,1,2010-12-06,2010-12-06,False,REAL
37475,SET/4 COLOURFUL MIXING BOWLS,9.95,C,70,661.98,38,2010-12-10,2011-12-02,False,REAL
37476,CONDIMENT TRAY 4 BOWLS AND 4 SPOONS,9.95,C,37,399.02,26,2010-12-01,2011-10-20,False,REAL
37479B,CUBIC MUG FLOCK BLUE ON BROWN,0.39,C,131,78.09,19,2010-12-06,2011-06-15,False,REAL
37479P,CUBIC MUG FLOCK PINK ON BROWN,0.39,C,163,142.23,29,2010-12-07,2011-11-08,False,REAL
37482P,CUBIC MUG PINK POLKADOT,0.39,C,494,349.35,36,2010-12-06,2011-04-13,False,REAL
37487B,YELLOW/ORANGE FLOWER DESIGN PLATE,0.29,C,68,19.72,2,2011-04-11,2011-04-13,False,REAL
37488A,YELLOW PINK FLOWER DESIGN BIG BOWL,0.39,C,28,10.92,3,2011-03-20,2011-04-13,False,REAL
37489A,YELLOW/PINK FLOWER DESIGN BIG MUG,0.39,C,33,14.43,14,2010-12-03,2011-11-21,False,REAL
37489B,BLUE/YELLOW FLOWER DESIGN BIG MUG,0.39,C,31,16.77,12,2010-12-03,2011-11-21,False,REAL
37489C,GREEN/BLUE FLOWER DESIGN BIG MUG,0.39,C,23,13.65,8,2010-12-03,2011-09-14,False,REAL
37489D,PINK/GREEN FLOWER DESIGN BIG MUG,0.39,C,40,17.16,16,2010-12-03,2011-12-05,False,REAL
37491A,YELLOW/PINK CERAMIC CANDLE HOLDER,3.29,C,6,19.81,4,2010-12-01,2011-10-31,False,REAL
37491B,BLUE/YELLOW CERAMIC CANDLE HOLDER,1.65,C,4,6.6,1,2011-07-18,2011-07-18,False,REAL
37491C,GREEN/BLUE CERAMIC CANDLE HOLDER,1.65,C,8,13.2,1,2011-07-18,2011-07-18,False,REAL
37491D,PURPLE/BLUE CERAMIC CANDLE HOLDER,2.4699999999999998,C,4,9.88,2,2011-02-18,2011-07-18,False,REAL
37495,FAIRY CAKE BIRTHDAY CANDLE SET,3.75,B,391,1438.49,72,2010-12-01,2011-12-08,False,REAL
37500,TEA TIME TEAPOT IN GIFT BOX,8.29,B,378,2345.78,97,2010-12-07,2011-12-09,False,REAL
37501,TEA TIME TEA SET IN GIFT BOX,6.95,B,131,892.93,37,2010-12-07,2011-08-10,False,REAL
37509,NEW ENGLAND MUG W GIFT BOX,2.55,C,2,5.1,2,2010-12-05,2010-12-06,False,REAL
40001,WHITE BAMBOO RIBS LAMPSHADE,0.85,C,780,643.95,53,2010-12-01,2011-11-13,False,REAL
40003,WHITE BAMBOO RIBS LAMPSHADE,1.25,C,155,179.23,15,2010-12-09,2011-06-06,False,REAL
40005B,BLUE ORGANDY ROUND LAMPSHADE W BEA,0.85,C,12,10.2,4,2010-12-06,2011-11-22,False,REAL
40016,CHINESE DRAGON PAPER LANTERNS,0.42,B,5556,2136.34,78,2010-12-02,2011-09-21,False,REAL
40046A,RED DAISY PAPER LAMPSHADE,1.25,C,50,62.5,6,2011-01-21,2011-10-17,False,REAL
44089A,PINK GAUZE BUTTERFLY LAMPSHADE,0.42,C,15,6.3,4,2011-02-02,2011-11-27,False,REAL
44089C,LILAC GAUZE BUTTERFLY LAMPSHADE,0.42,C,24,10.08,5,2011-02-13,2011-09-23,False,REAL
44091A,BLUE CRUSOE CHECK LAMPSHADE,0.42,C,9,3.78,3,2011-01-10,2011-07-20,False,REAL
44092B,BLUE WHITE PLASTIC RINGS LAMPSHADE,0.85,C,14,11.9,5,2011-02-20,2011-09-05,False,REAL
44092C,PURPLE/COPPER HANGING LAMPSHADE,0.85,C,20,17.0,8,2011-02-18,2011-10-20,False,REAL
44228,CANNABIS LEAF BEAD CURTAIN,0.85,C,36,30.6,2,2010-12-20,2011-08-23,False,REAL
44234,ASSORTED CIRCULAR MOBILE,0.21,C,693,154.77,31,2010-12-03,2011-12-09,False,REAL
44235,ASSORTED COLOURED CIRCLE MOBILE,0.42,C,538,200.04,13,2010-12-09,2011-12-07,False,REAL
44236,PINK/PURPLE CIRCLE CURTAIN,0.79,C,52,56.52,6,2011-02-13,2011-08-21,False,REAL
44242A,LILAC FEATHERS CURTAIN,0.79,C,12,9.48,1,2011-07-10,2011-07-10,False,REAL
44242B,PINK FEATHERS CURTAIN,0.79,C,52,50.28,3,2011-04-14,2011-09-26,False,REAL
44265,M/COLOUR POM-POM CURTAIN,4.25,C,2,8.5,1,2011-02-10,2011-02-10,False,REAL
45013,FOLDING SHOE TIDY,2.95,C,3,8.85,2,2011-02-09,2011-10-23,False,REAL
46000M,POLYESTER FILLER PAD 45x45cm,1.55,B,1002,1553.1,103,2010-12-01,2011-12-07,False,REAL
46000P,POLYESTER FILLER PAD 65CMx65CM,4.25,C,18,76.5,5,2010-12-06,2011-09-04,False,REAL
46000R,POLYESTER FILLER PAD 45x30cm,1.45,C,103,149.35,36,2010-12-01,2011-12-07,False,REAL
46000S,POLYESTER FILLER PAD 40x40cm,1.45,B,1494,2166.3,121,2010-12-01,2011-12-08,False,REAL
46000U,POLYESTER FILLER PAD 30CMx30CM,1.25,C,107,133.75,24,2010-12-17,2011-12-04,False,REAL
46115B,GREEN POP ART MAO CUSHION COVER,0.19,C,12,2.28,2,2010-12-06,2011-03-04,False,REAL
46118,FUNKY MONKEY CUSHION COVER,3.36,C,232,317.17,39,2010-12-06,2011-12-09,False,REAL
46126A,ELVIS WALLHANGING / CURTAIN,1.25,C,52,69.84,7,2011-03-21,2011-05-18,False,REAL
46138B,BLUE CHENILLE SHAGGY CUSHION COVER,0.85,C,30,32.1,10,2010-12-23,2011-11-13,False,REAL
46775D,SUNSET COLOUR CHUNKY KNITTED THROW,8.29,C,60,720.93,36,2010-12-01,2011-12-05,False,REAL
46776A,WOVEN BUBBLE GUM CUSHION COVER,4.13,C,160,672.6,60,2010-12-06,2011-12-09,False,REAL
46776B,WOVEN BERRIES CUSHION COVER,4.13,C,162,683.8,70,2010-12-01,2011-12-09,False,REAL
46776C,WOVEN FROST CUSHION COVER,4.13,C,117,492.79,51,2010-12-06,2011-12-09,False,REAL
46776D,WOVEN SUNSET CUSHION COVER,4.13,C,89,378.29,34,2010-12-10,2011-12-09,False,REAL
46776E,WOVEN CANDY CUSHION COVER,4.13,C,68,292.56,36,2010-12-06,2011-12-09,False,REAL
46776F,WOVEN ROSE GARDEN CUSHION COVER,4.13,B,217,912.03,67,2010-12-10,2011-12-09,False,REAL
47013A,WINE BOTTLE DRESSING LT.BLUE,0.205,C,14,3.04,4,2011-03-17,2011-04-19,False,REAL
47013C,WINE BOTTLE DRESSING DARK BLUE,0.29,C,40,11.53,11,2011-03-24,2011-06-20,False,REAL
47016,LIGHT DECORATION BATTERY OPERATED,2.1,C,2,4.2,1,2011-11-01,2011-11-01,False,REAL
47021G,SET/6 BEAD COASTERS GAUZE BAG GOLD,1.25,C,534,290.58,22,2010-12-02,2011-06-23,False,REAL
47310M,SMALL POP BOX FUNKY MONKEY,1.63,C,410,570.45,90,2010-12-05,2011-12-09,False,REAL
47341A,FUSCHIA TABLE RUN FLOWER,1.25,C,27,38.75,5,2011-02-17,2011-06-08,False,REAL
47341B,BLUE TABLE RUN FLOWER,1.25,C,45,56.25,11,2011-04-27,2011-11-30,False,REAL
47343A,FUSCHIA FLOWER PURSE WITH BEADS,0.83,C,158,144.34,12,2010-12-03,2011-08-07,False,REAL
47344B,BLUE FLOWER DES PURSE,0.83,C,44,43.66,6,2011-03-20,2011-06-02,False,REAL
47348A,FUSCHIA VOILE POINTY SHOE DEC,0.39,C,96,49.92,14,2010-12-08,2011-09-01,False,REAL
47351B,BLUE  VOILE LAMPSHADE,2.95,C,38,112.1,8,2011-01-07,2011-11-06,False,REAL
47367B,PAIR PADDED HANGERS PINK CHECK,3.29,C,112,376.27,41,2010-12-05,2011-10-26,False,REAL
47369A,PINK GREEN EMBROIDERY COSMETIC BAG,2.95,C,27,75.49,17,2010-12-05,2011-12-01,False,REAL
47369B,BLUE GREEN EMBROIDERY COSMETIC BAG,1.63,C,35,97.13,20,2010-12-05,2011-12-01,False,REAL
47420,ASSORTED COLOUR SUCTION CUP HOOK,0.19,C,196,37.24,13,2010-12-08,2011-12-04,False,REAL
47421,ASSORTED COLOUR LIZARD SUCTION HOOK,0.42,C,994,393.0,49,2010-12-01,2011-12-08,False,REAL
47422,ASSORTED MONKEY SUCTION CUP HOOK,0.42,C,616,245.76,42,2010-12-03,2011-12-01,False,REAL
47469,ASSORTED SHAPES PHOTO CLIP SILVER,0.65,C,469,238.61,12,2011-01-17,2011-12-08,False,REAL
47471,RAINBOW PEGS PHOTO CLIP STRING,0.65,C,290,189.88,36,2010-12-02,2011-12-08,False,REAL
47480,HANGING PHOTO CLIP ROPE LADDER,1.65,B,746,1274.17,73,2010-12-06,2011-12-09,False,REAL
47481,50CM METAL STRING WITH  7 CLIPS,0.85,C,225,171.79,23,2010-12-06,2011-11-29,False,REAL
47503A,ASS FLORAL PRINT MULTI SCREWDRIVER,0.42,B,2698,1229.04,111,2010-12-14,2011-11-28,False,REAL
47503H,ASS FLORAL PRINT SPIRIT LEVEL,0.79,C,100,110.86,35,2010-12-03,2011-12-07,False,REAL
47503J,SET/3 FLORAL GARDEN TOOLS IN BAG,7.95,C,3,23.85,2,2010-12-03,2010-12-07,False,REAL
47504H,ENGLISH ROSE SPIRIT LEVEL,0.79,B,978,964.38,89,2010-12-01,2011-12-09,False,REAL
47504K,ENGLISH ROSE GARDEN SECATEURS,0.79,B,2006,2039.18,139,2010-12-03,2011-11-09,False,REAL
47518F,ICON PLACEMAT POP ART ELVIS,0.12,C,832,134.37,32,2010-12-21,2011-11-29,False,REAL
47556B,TEA TIME TEA TOWELS,2.325,A,2600,6045.0,2,2011-01-11,2011-04-18,False,REAL
47559B,TEA TIME OVEN GLOVE,1.25,A,2149,2888.8,192,2010-12-01,2011-12-09,False,REAL
47563A,RETRO LONGBOARD IRONING BOARD COVER,3.29,C,284,550.26,82,2010-12-01,2011-12-09,False,REAL
47566,PARTY BUNTING,4.95,A,18015,98280.53,294,2010-12-03,2011-12-09,True,REAL
47566B,TEA TIME PARTY BUNTING,4.95,A,2454,12412.22,205,2010-12-01,2011-12-04,False,REAL
47567B,TEA TIME KITCHEN APRON,5.95,A,595,3372.85,98,2010-12-01,2011-12-05,False,REAL
47570B,TEA TIME TABLE CLOTH,10.65,B,187,1769.25,28,2010-12-01,2011-03-29,False,REAL
47574A,ENGLISH ROSE SCENTED HANGING FLOWER,2.46,C,547,664.45,81,2010-12-07,2011-10-07,False,REAL
47574B,ENGLISH ROSE SCENTED HANGING HEART,4.25,C,4,17.0,2,2011-05-15,2011-05-18,False,REAL
47578A,ENGLISH ROSE SMALL SCENTED FLOWER,0.85,C,213,197.43,42,2010-12-09,2011-12-08,False,REAL
47579,TEA TIME BREAKFAST BASKET,2.1,C,1,2.1,1,2010-12-05,2010-12-05,False,REAL
47580,TEA TIME DES TEA COSY,2.55,B,376,1086.12,92,2010-12-01,2011-12-08,False,REAL
47585A,PINK FAIRY CAKE CUSHION COVER,4.13,B,264,1129.44,64,2010-12-17,2011-12-01,False,REAL
47586A,PINK FAIRY CAKE CUSHION COVER,2.55,C,21,53.55,8,2010-12-06,2011-11-23,False,REAL
47589,CONGRATULATIONS BUNTING,5.45,C,13,70.85,3,2011-01-06,2011-05-24,False,REAL
47590A,BLUE HAPPY BIRTHDAY BUNTING,5.45,A,1963,10360.6,209,2010-12-01,2011-12-06,False,REAL
47590B,PINK HAPPY BIRTHDAY BUNTING,5.45,A,2306,12039.15,209,2010-12-01,2011-12-09,False,REAL
47591B,SCOTTIES CHILDRENS APRON,1.66,C,210,348.92,34,2010-12-01,2011-12-08,False,REAL
47591D,PINK FAIRY CAKE CHILDRENS APRON,1.95,A,3341,6724.69,219,2010-12-01,2011-12-08,False,REAL
47593A,CAROUSEL PONIES BABY BIB,0.29,C,33,14.37,11,2010-12-12,2011-03-29,False,REAL
47593B,SCOTTIE DOGS BABY BIB,0.83,B,1993,951.11,164,2010-12-01,2011-12-08,False,REAL
47594A,CAROUSEL DESIGN WASHBAG,1.95,C,102,188.14,38,2010-12-01,2011-11-24,False,REAL
47594B,SCOTTIES DESIGN WASHBAG,1.95,C,166,306.75,40,2010-12-15,2011-11-08,False,REAL
47599A,PINK PARTY BAGS,2.1,A,2449,4634.8,126,2010-12-01,2011-12-02,False,REAL
47599B,BLUE PARTY BAGS,2.1,A,1477,2816.02,98,2010-12-01,2011-12-02,False,REAL
48111,DOORMAT 3 SMILEY CATS,7.95,A,1170,7692.58,157,2010-12-01,2011-12-09,False,REAL
48116,DOORMAT MULTICOLOUR STRIPE,7.95,A,1486,9040.63,133,2010-12-09,2011-12-08,False,REAL
48129,DOORMAT TOPIARY,7.95,A,891,5918.19,148,2010-12-01,2011-12-08,False,REAL
48138,DOORMAT UNION FLAG,7.95,A,3740,25445.5,247,2010-12-01,2011-12-09,False,REAL
48173C,DOORMAT BLACK FLOCK,7.95,A,1811,10228.86,134,2010-12-01,2011-12-08,False,REAL
48184,DOORMAT ENGLISH ROSE,7.95,A,2029,14252.45,224,2010-12-01,2011-12-08,False,REAL
48185,DOORMAT FAIRY CAKE,7.95,A,2941,19318.01,200,2010-12-01,2011-12-08,False,REAL
48187,DOORMAT NEW ENGLAND,7.95,A,3805,24092.49,254,2010-12-01,2011-12-09,False,REAL
48188,DOORMAT WELCOME PUPPIES,7.95,A,2061,12083.17,173,2010-12-01,2011-12-06,False,REAL
48189,DOORMAT FRIENDSHIP,16.63,C,27,451.11,17,2010-12-07,2011-04-26,False,REAL
48194,DOORMAT HEARTS,7.95,A,3413,22090.57,247,2010-12-01,2011-12-08,False,REAL
51008,AFGHAN SLIPPER SOCK PAIR,3.45,B,517,1683.65,20,2010-12-05,2011-11-27,False,REAL
51014A,"FEATHER PEN,HOT PINK",0.83,B,3770,1938.86,141,2010-12-01,2011-12-09,False,REAL
51014C,"FEATHER PEN,COAL BLACK",0.83,B,2578,1362.74,124,2010-12-01,2011-12-08,False,REAL
51014L,"FEATHER PEN,LIGHT PINK",0.83,B,1975,1003.26,111,2010-12-01,2011-12-09,False,REAL
51020A,SUMMER FUN DESIGN SHOWER CAP,0.29,C,323,115.75,16,2010-12-05,2011-04-27,False,REAL
51020B,STRIPY DESIGN SHOWER CAP,0.29,C,196,70.28,14,2010-12-05,2011-04-27,False,REAL
62018,SOMBRERO,1.95,A,4415,5716.85,53,2010-12-05,2011-12-06,False,REAL
62043B,BLUE CHECK BAG W HANDLE 34X20CM,0.83,C,16,13.28,5,2011-04-27,2011-05-19,False,REAL
62074B,ELEPHANT CLIP W SUCTION CUP,0.42,C,16,6.72,4,2011-01-31,2011-07-12,False,REAL
62086A,PINK RETRO BIG FLOWER BAG,1.95,C,88,171.6,13,2011-01-13,2011-06-23,False,REAL
62094B,TURQ ICE CREAM BUM BAG,4.96,C,19,63.21,8,2010-12-06,2011-02-04,False,REAL
62096A,PINK/YELLOW FLOWERS HANDBAG,1.25,C,106,132.5,7,2010-12-02,2011-02-24,False,REAL
62096B,PURPLE/TURQ FLOWERS HANDBAG,1.25,C,2,2.5,1,2011-03-07,2011-03-07,False,REAL
62097B,BLUE STRIPES SHOULDER BAG,0.83,C,9,7.47,3,2011-04-27,2011-05-23,False,REAL
70006,LOVE HEART POCKET WARMER,1.65,B,2702,1863.98,70,2010-12-01,2011-12-08,False,REAL
70007,HI TEC ALPINE HAND WARMER,1.65,B,829,936.56,70,2010-12-01,2011-12-08,False,REAL
71038,WHITE HANGING BEADS CANDLE HOLDER,5.45,B,233,1212.25,44,2010-12-08,2011-11-28,False,REAL
71050,SMALL SINGLE FLAME CANDLE HOLDER,0.35,C,33,11.55,6,2011-02-28,2011-12-02,False,REAL
71053,WHITE METAL LANTERN,3.75,A,1910,8298.3,182,2010-12-01,2011-12-09,False,REAL
71101E,STANDING FAIRY POLE SUPPORT,0.85,C,346,278.5,22,2011-01-23,2011-11-21,False,REAL
71143,SILVER BOOK MARK WITH BEADS,0.85,C,178,196.36,29,2010-12-03,2011-07-13,False,REAL
71215,METAL BASE FOR CANDLES,0.42,C,11,4.62,2,2010-12-08,2011-05-26,False,REAL
71270,PHOTO CLIP LINE,1.25,C,236,334.98,48,2010-12-01,2011-12-09,False,REAL
71279,PINK GLASS CANDLEHOLDER,2.95,C,172,549.52,37,2010-12-07,2011-11-09,False,REAL
71403,"PINK/WHITE ""KEEP CLEAN"" BULLET BIN",5.79,C,76,283.96,29,2010-12-06,2011-11-16,False,REAL
71406C,BLACK ORANGE SQUEEZER,0.42,C,138,57.96,21,2010-12-01,2011-11-29,False,REAL
71459,HANGING JAM JAR T-LIGHT HOLDER,0.85,A,13452,10741.97,216,2010-12-01,2011-12-09,True,REAL
71477,COLOUR GLASS. STAR T-LIGHT HOLDER,3.29,A,5890,18241.94,152,2010-12-01,2011-12-08,False,REAL
71495A,CD WALL TIDY BLUE OFFICE,0.83,C,103,40.38,8,2010-12-13,2011-11-24,False,REAL
71495B,CD WALL TIDY RED FLOWERS,0.42,C,163,61.05,8,2010-12-08,2011-11-24,False,REAL
71496A,A4 WALL TIDY BLUE OFFICE,1.46,C,127,80.96,12,2010-12-01,2011-11-02,False,REAL
71496B,A4 WALL TIDY RED FLOWERS,0.53,C,13,7.37,4,2011-01-31,2011-11-02,False,REAL
71510,SQUARE METAL CANDLEHOLDER BASE,0.85,C,52,36.52,8,2011-02-10,2011-11-24,False,REAL
72024U,LILAC VOTIVE CANDLE,0.21,C,72,15.12,3,2011-04-26,2011-06-27,False,REAL
72051S,BAG OF SILVER STONES,0.83,C,130,89.53,12,2010-12-05,2011-04-13,False,REAL
72122,COFFEE SCENT PILLAR CANDLE,0.95,C,324,335.79,51,2010-12-06,2011-12-08,False,REAL
72127,COLUMBIAN CANDLE ROUND,1.25,C,169,210.61,26,2010-12-02,2011-11-23,False,REAL
72128,COLUMBIAN CANDLE ROUND,0.85,C,193,152.05,31,2010-12-03,2011-12-08,False,REAL
72130,COLUMBIAN CANDLE ROUND,0.65,C,219,133.34,24,2010-12-03,2011-11-30,False,REAL
72131,COLUMBIAN CANDLE RECTANGLE,1.95,C,136,236.4,16,2010-12-06,2011-11-25,False,REAL
72132,COLUMBIAN CUBE CANDLE,1.95,C,28,54.6,11,2010-12-08,2011-11-27,False,REAL
72133,COLUMBIAN CANDLE RECTANGLE,1.25,C,45,63.51,16,2010-12-02,2011-12-08,False,REAL
72134,COLUMBIAN  CUBE CANDLE,0.85,C,105,58.62,11,2010-12-01,2011-12-08,False,REAL
72140E,BEST DAD CANDLE LETTERS,0.85,C,30,25.5,8,2011-02-27,2011-10-16,False,REAL
72225C,LAVENDER SCENT CAKE CANDLE,0.29,C,624,165.6,17,2010-12-17,2011-11-29,False,REAL
72232,FENG SHUI PILLAR CANDLE,0.19,C,3317,630.23,57,2010-12-02,2011-12-09,False,REAL
72349B,SET/6 PURPLE BUTTERFLY T-LIGHTS,4.13,B,888,2145.2,119,2010-12-03,2011-12-09,False,REAL
72351A,SET/6 TURQUOISE BUTTERFLY T-LIGHTS,2.1,B,1279,2561.02,128,2010-12-03,2011-12-08,False,REAL
72351B,SET/6 PINK  BUTTERFLY T-LIGHTS,2.1,A,2094,4003.65,126,2010-12-06,2011-12-07,False,REAL
72369A,PINK CLEAR GLASS CANDLE PLATE,1.25,C,30,39.92,5,2011-01-14,2011-11-28,False,REAL
72586,SET OF 6 HALLOWEEN GHOST T-LIGHTS,0.83,C,655,302.71,64,2010-12-01,2011-12-01,False,REAL
72598,SET/12 TAPER CANDLES,1.63,C,607,605.89,74,2010-12-01,2011-12-08,False,REAL
72709,IVORY SCULPTED RND CANDLE,0.85,C,44,37.4,6,2010-12-08,2011-11-13,False,REAL
72741,GRAND CHOCOLATECANDLE,1.45,A,5945,8177.15,190,2010-12-01,2011-12-09,False,REAL
72760B,VINTAGE CREAM 3 BASKET CAKE STAND,9.95,A,408,4135.44,119,2010-12-02,2011-12-09,False,REAL
72780,BLACK SILOUETTE CANDLE PLATE,0.85,C,137,116.45,18,2010-12-13,2011-12-08,False,REAL
72783,BLACK SIL'T SQU CANDLE PLATE,2.1,C,16,33.6,2,2011-11-06,2011-12-08,False,REAL
72798C,SET/4 GARDEN ROSE DINNER CANDLE,1.65,C,7,11.55,3,2010-12-01,2011-02-03,False,REAL
72799C,PINK PILLAR CANDLE SILVER FLOCK,2.95,C,81,129.47,13,2011-01-23,2011-12-07,False,REAL
72799E,IVORY PILLAR CANDLE SILVER FLOCK,2.95,B,451,916.99,60,2010-12-01,2011-12-08,False,REAL
72799F,IVORY PILLAR CANDLE GOLD FLOCK,2.95,C,144,421.13,30,2010-12-01,2011-11-25,False,REAL
72800B,4 PURPLE FLOCK DINNER CANDLES,2.55,C,142,285.7,34,2010-12-01,2011-12-08,False,REAL
72800C,4 PINK DINNER CANDLE SILVER FLOCK,2.55,C,130,259.72,33,2010-12-16,2011-12-08,False,REAL
72800D,4 BLUE DINNER CANDLES SILVER FLOCK,2.55,C,87,226.67,30,2010-12-05,2011-11-28,False,REAL
72800E,4 IVORY DINNER CANDLES SILVER FLOCK,2.55,B,538,1205.64,99,2010-12-01,2011-12-09,False,REAL
72801C,4 ROSE PINK DINNER CANDLES,2.46,C,184,276.59,38,2010-12-02,2011-12-08,False,REAL
72801D,4 SKY BLUE DINNER CANDLES,2.46,C,150,297.91,52,2010-12-02,2011-12-08,False,REAL
72801G,4 BURGUNDY WINE DINNER CANDLES,1.25,C,45,57.46,13,2010-12-06,2011-11-15,False,REAL
72802A,ROSE SCENT CANDLE IN JEWELLED BOX,4.25,B,326,1372.26,56,2010-12-03,2011-12-01,False,REAL
72802B,OCEAN SCENT CANDLE IN JEWELLED BOX,4.25,B,629,1541.23,69,2010-12-03,2011-11-02,False,REAL
72802C,VANILLA SCENT CANDLE JEWELLED BOX,4.25,B,892,2120.48,79,2010-12-01,2011-11-23,False,REAL
72803A,ROSE SCENT CANDLE JEWELLED DRAWER,4.25,C,527,713.97,39,2010-12-01,2011-11-06,False,REAL
72803B,OCEAN SCENT CANDLE JEWELLED DRAWER,8.47,C,1,8.47,1,2010-12-03,2010-12-03,False,REAL
72807A,SET/3 ROSE CANDLE IN JEWELLED BOX,4.25,B,392,1873.64,84,2010-12-01,2011-11-25,False,REAL
72807B,SET/3 OCEAN SCENT CANDLE JEWEL BOX,4.25,B,396,1842.62,93,2010-12-01,2011-11-24,False,REAL
72807C,SET/3 VANILLA SCENTED CANDLE IN BOX,4.25,B,581,2623.05,113,2010-12-01,2011-11-25,False,REAL
72811,SMALL ZINC/GLASS CANDLEHOLDER,1.49,C,53,78.93,8,2011-04-28,2011-12-08,False,REAL
72812,LARGE ZINC GLASS CANDLEHOLDER,4.13,C,34,116.06,11,2011-02-09,2011-12-08,False,REAL
72815,3 WICK CHRISTMAS BRIAR CANDLE,6.11,C,3,15.97,2,2010-12-09,2011-01-26,False,REAL
72816,SET/3 CHRISTMAS DECOUPAGE CANDLES,2.46,B,868,975.32,44,2010-12-01,2011-10-17,False,REAL
72817,SET OF 2 CHRISTMAS DECOUPAGE CANDLE,1.25,B,1188,1202.27,80,2010-12-01,2011-11-23,False,REAL
72818,CHRISTMAS DECOUPAGE CANDLE,0.39,B,1809,796.06,41,2010-12-01,2011-10-31,False,REAL
72819,CUPID DESIGN SCENTED CANDLES,2.55,C,225,509.07,36,2010-12-07,2011-12-08,False,REAL
72821,CUPID SCENTED CANDLE IN GLASS,1.65,C,11,18.15,4,2011-01-27,2011-02-10,False,REAL
75011,BLUE DAISY MOBILE,0.79,C,172,138.76,12,2010-12-14,2011-11-28,False,REAL
75013B,"STRING OF 8 BUTTERFLIES,PINK",1.65,C,25,41.25,6,2010-12-05,2011-01-16,False,REAL
75049L,LARGE CIRCULAR MIRROR MOBILE,1.25,A,6874,6607.98,139,2010-12-03,2011-12-07,False,REAL
75131,METAL TUBE CHIME ON BAMBOO,1.69,C,490,529.21,14,2010-12-03,2011-04-04,False,REAL
75172,PAINTED SEA SHELL METAL WINDCHIME,0.79,C,93,85.31,7,2011-02-09,2011-07-04,False,REAL
75178,ASSTD COL BUTTERFLY/CRYSTAL W/CHIME,1.25,C,459,218.87,13,2010-12-14,2011-12-06,False,REAL
77079,DOLPHIN WINDMILL,2.12,C,1,2.12,1,2011-06-12,2011-06-12,False,REAL
77101A,UNION FLAG WINDSOCK,1.25,C,387,426.94,20,2010-12-05,2011-03-21,False,REAL
78033,FLAG OF ST GEORGE CHAIR,5.95,C,35,169.15,7,2011-03-20,2011-09-14,False,REAL
78034B,BLUE NETTING STORAGE HANGER,1.95,C,8,15.6,6,2010-12-05,2011-10-02,False,REAL
78124,MAGAZINE RACK GEBRA ASSORTED,1.25,C,198,256.5,17,2010-12-08,2011-11-28,False,REAL
79000,MOROCCAN TEA GLASS,0.85,A,4153,3351.29,87,2010-12-03,2011-09-12,False,REAL
79026B,"S/4 ICON COASTER,ELVIS LIVES",0.39,C,25,10.61,9,2011-03-04,2011-05-18,False,REAL
79030D,TUMBLER BAROQUE,0.39,C,556,340.48,41,2010-12-01,2011-11-10,False,REAL
79030G,TUMBLER NEW ENGLAND,0.39,C,1403,733.49,43,2010-12-01,2011-06-03,False,REAL
79051A,SMOKEY GREY COLOUR D.O.F. GLASS,0.29,C,823,289.55,38,2010-12-06,2011-12-07,False,REAL
79062D,"RETRO TIN ASHTRAY,REVOLUTIONARY",0.29,C,52,19.4,4,2011-02-17,2011-08-16,False,REAL
79063C,"RETRO PILL BOX KEY CHAIN,THE KING",0.19,C,234,43.46,13,2011-03-09,2011-12-08,False,REAL
79063D,"RETRO PILL BOX , REVOLUTIONARY",0.19,C,189,35.14,10,2011-02-09,2011-11-27,False,REAL
79066K,RETRO MOD TRAY,0.85,C,798,715.41,118,2010-12-01,2011-12-09,False,REAL
79067,CORONA MEXICAN TRAY,5.6850000000000005,C,172,719.69,16,2010-12-01,2010-12-21,False,REAL
79071B,ENGLISH ROSE METAL WASTE BIN,2.95,C,20,59.0,11,2011-01-05,2011-06-13,False,REAL
79144B,PAINTED LIGHTBULB STAR+ MOON,0.83,C,180,103.23,47,2010-12-01,2011-12-08,False,REAL
79144C,PAINTED LIGHTBULB RAINBOW DESIGN,0.83,C,152,98.12,47,2010-12-07,2011-12-08,False,REAL
79149B,SILICON STAR BULB  BLUE,0.42,C,18,7.56,8,2010-12-05,2011-12-06,False,REAL
79151B,"SILICON CUBE 25W, BLUE",0.42,C,11,4.62,2,2010-12-05,2011-11-28,False,REAL
79157B,UBO-LIGHT TRIOBASE BLUE,0.85,C,4,3.4,2,2011-10-25,2011-12-06,False,REAL
79157V,UBO-LIGHT TRIOBASE PURPLE,0.85,C,5,4.25,3,2011-10-09,2011-11-03,False,REAL
79160,HEART SHAPE WIRELESS DOORBELL,2.1,B,436,779.03,43,2010-12-06,2011-12-08,False,REAL
79161A,ST GEORGE SET OF 10 PARTY LIGHTS,2.95,C,2,5.9,2,2011-11-08,2011-11-22,False,REAL
79163,BLACK CHAMPAGNE GLASS,0.39,C,1519,621.39,29,2010-12-02,2011-09-18,False,REAL
79164,BLACK WINE GLASS,0.39,C,1663,692.67,15,2010-12-02,2011-11-07,False,REAL
79190A,RETRO PLASTIC 70'S TRAY,0.42,C,381,178.1,56,2010-12-05,2011-12-09,False,REAL
79190B,RETRO PLASTIC POLKA TRAY,0.42,C,691,281.64,51,2010-12-09,2011-12-09,False,REAL
79190D,RETRO PLASTIC DAISY TRAY,0.42,C,265,126.98,43,2010-12-05,2011-12-02,False,REAL
79191B,RETRO PLASTIC POLKA TRAY,0.85,C,147,128.1,27,2010-12-03,2011-12-09,False,REAL
79191C,RETRO PLASTIC ELEPHANT TRAY,0.85,C,948,679.08,48,2010-12-02,2011-12-06,False,REAL
79191D,RETRO PLASTIC DAISY TRAY,1.63,C,23,27.41,15,2010-12-20,2011-12-09,False,REAL
79192A,RETRO PLASTIC 70'S TRAY,1.25,C,3,3.75,2,2011-01-20,2011-02-02,False,REAL
79302M,"ART LIGHTS,FUNK MONKEY",2.95,B,369,1034.59,52,2010-12-01,2011-12-08,False,REAL
79321,CHILLI LIGHTS,5.75,A,10222,53746.66,247,2010-12-01,2011-12-09,False,REAL
79323B,BLACK CHERRY LIGHTS,6.75,C,8,54.0,1,2011-02-11,2011-02-11,False,REAL
79323P,PINK CHERRY LIGHTS,,C,0,0.0,0,,,False,REAL
79329,PINK FLOCK GLASS CANDLEHOLDER,1.015,C,12,12.18,2,2010-12-15,2011-04-10,False,REAL
79331,PINK FLOCK GLASS CANDLEHOLDER,0.38,C,26,17.5,3,2011-02-20,2011-04-07,False,REAL
79336,LIGHT PINK FLOCK GLASS CANDLEHOLDER,0.38,C,36,13.68,3,2011-07-29,2011-09-02,False,REAL
79337,BLUE FLOCK GLASS CANDLEHOLDER,0.38,C,638,257.68,10,2010-12-03,2011-07-08,False,REAL
79403,FROSTED WHITE BASE,0.85,C,95,85.52,15,2010-12-08,2011-12-02,False,REAL
79406,FROSTED WHITE BASE,0.22,C,144,34.12,8,2011-02-16,2011-12-08,False,REAL
81950B,FLOWER BLUE CLOCK WITH SUCKER,0.29,C,116,33.64,7,2011-07-04,2011-08-17,False,REAL
81950V,FLOWER PURPLE CLOCK W/SUCKER,0.57,C,20,8.6,5,2010-12-10,2011-07-13,False,REAL
81952B,ROUND BLUE CLOCK WITH SUCKER,0.19,C,200,38.0,9,2011-07-04,2011-07-26,False,REAL
81952V,ROUND PURPLE CLOCK WITH SUCKER,0.19,C,365,69.35,24,2011-07-04,2011-11-27,False,REAL
81953B,ROUND BLUE CLOCK WITH SUCKER,0.19,C,11,2.09,3,2011-07-13,2011-07-18,False,REAL
81953P,ROUND ARTICULATED PINK CLOCK W/SUCK,0.19,C,28,5.32,3,2011-07-13,2011-07-21,False,REAL
82001S,VINYL RECORD FRAME SILVER,3.75,A,1697,6634.8,107,2010-12-03,2011-12-09,False,REAL
82011A,"BATHROOM SCALES, TROPICAL BEACH",3.75,C,18,67.5,12,2010-12-13,2011-11-13,False,REAL
82011B,BATHROOM SCALES RUBBER DUCKS,3.75,C,43,146.85,21,2010-12-05,2011-11-23,False,REAL
82011C,BATHROOM SCALES FOOTPRINTS IN SAND,3.75,C,51,172.05,20,2010-12-03,2011-11-23,False,REAL
82095,HEART BUTTONS JEWELLERY BOX,4.96,C,68,356.11,26,2011-02-14,2011-07-05,False,REAL
82482,WOODEN PICTURE FRAME WHITE FINISH,2.55,A,8752,22476.16,292,2010-12-01,2011-12-09,False,REAL
82483,WOOD 2 DRAWER CABINET WHITE FINISH,6.95,A,2188,13934.82,225,2010-12-01,2011-12-08,False,REAL
82484,WOOD BLACK BOARD ANT WHITE FINISH,7.95,A,5988,35808.52,260,2010-12-01,2011-12-09,False,REAL
82486,WOOD S/3 CABINET ANT WHITE FINISH,8.95,A,2070,17797.42,250,2010-12-01,2011-12-09,False,REAL
82494L,WOODEN FRAME ANTIQUE WHITE,2.95,A,6695,21025.49,256,2010-12-01,2011-12-08,False,REAL
82551,LAUNDRY 15C METAL SIGN,1.45,A,2917,4541.44,204,2010-12-01,2011-12-08,False,REAL
82552,WASHROOM METAL SIGN,1.45,A,3012,4674.83,211,2010-12-01,2011-12-09,False,REAL
82567,"AIRLINE LOUNGE,METAL SIGN",2.1,B,711,1408.07,193,2010-12-01,2011-12-09,False,REAL
82578,KITCHEN METAL SIGN,0.55,B,2046,1211.25,188,2010-12-01,2011-12-08,False,REAL
82580,BATHROOM METAL SIGN,0.55,A,5591,3346.21,264,2010-12-01,2011-12-09,False,REAL
82581,TOILET METAL SIGN,0.55,B,3863,2145.15,227,2010-12-01,2011-12-09,False,REAL
82582,AREA PATROLLED METAL SIGN,2.1,A,4337,8799.99,236,2010-12-01,2011-12-09,False,REAL
82583,HOT BATHS METAL SIGN,2.1,A,7219,16868.57,234,2010-12-01,2011-12-09,False,REAL
82599,FANNY'S REST STOPMETAL SIGN,2.1,B,508,1217.73,76,2010-12-01,2011-05-08,False,REAL
82600,NO SINGING METAL SIGN,2.1,A,5974,12757.78,218,2010-12-01,2011-12-09,False,REAL
82605,OLD DOC RUSSEL METAL SIGN,2.1,C,14,29.4,3,2010-12-12,2011-03-18,False,REAL
82613A,"METAL SIGN,CUPCAKE SINGLE HOOK",1.25,C,72,94.84,18,2010-12-20,2011-07-14,False,REAL
82613B,"METAL SIGN,CUPCAKE SINGLE HOOK",1.25,C,567,501.78,90,2010-12-01,2011-12-06,False,REAL
82613C,"METAL SIGN,CUPCAKE SINGLE HOOK",1.25,C,522,447.38,75,2010-12-01,2011-12-02,False,REAL
82613D,METAL SIGN CUPCAKE SINGLE HOOK,1.25,C,676,525.84,75,2010-12-01,2011-12-06,False,REAL
82615,PINK MARSHMALLOW SCARF KNITTING KIT,2.55,C,36,91.8,1,2010-12-01,2010-12-01,False,REAL
82616B,FRAPPUCINO SCARF KNITTING KIT,2.46,C,334,491.49,62,2010-12-03,2011-12-08,False,REAL
82616C,MIDNIGHT GLAMOUR SCARF KNITTING KIT,2.46,C,321,497.69,64,2010-12-01,2011-12-08,False,REAL
84006,MAGIC TREE -PAPER FLOWERS,0.85,B,917,847.85,73,2010-12-03,2011-12-08,False,REAL
84012,MAGIC SHEEP WOOL GROWING FROM PAPER,0.85,B,1143,1176.89,74,2010-12-09,2011-12-08,False,REAL
84016,FLAG OF ST GEORGE CAR FLAG,0.625,C,27,12.16,2,2011-04-27,2011-09-14,False,REAL
84029E,RED WOOLLY HOTTIE WHITE HEART.,4.25,A,4716,21953.73,140,2010-12-01,2011-12-09,False,REAL
84029G,KNITTED UNION FLAG HOT WATER BOTTLE,4.25,A,3306,16094.29,182,2010-12-01,2011-12-09,False,REAL
84030E,ENGLISH ROSE HOT WATER BOTTLE,4.25,A,1602,7279.7,168,2010-12-01,2011-12-08,False,REAL
84031A,CHARLIE+LOLA RED HOT WATER BOTTLE,4.13,B,431,1976.54,104,2010-12-01,2011-12-09,False,REAL
84031B,CHARLIE LOLA BLUE HOT WATER BOTTLE,4.13,B,304,1452.35,97,2010-12-01,2011-12-09,False,REAL
84032A,CHARLIE+LOLA PINK HOT WATER BOTTLE,3.29,A,979,3314.18,155,2010-12-01,2011-12-09,False,REAL
84032B,CHARLIE + LOLA RED HOT WATER BOTTLE,3.29,B,910,2344.89,129,2010-12-01,2011-12-09,False,REAL
84033,FLAG OF ST GEORGE,1.65,C,23,37.95,7,2011-01-18,2011-09-14,False,REAL
84050,PINK HEART SHAPE EGG FRYING PAN,1.65,A,3215,4730.43,145,2010-12-01,2011-11-01,False,REAL
84051,ASS COLOUR GLOWING TIARAS,0.85,C,281,215.21,25,2010-12-05,2011-12-06,False,REAL
84077,WORLD WAR 2 GLIDERS ASSTD DESIGNS,0.29,A,53655,13514.97,234,2010-12-02,2011-12-09,True,REAL
84078A,SET/4 WHITE RETRO STORAGE CUBES,39.95,A,380,15100.05,111,2010-12-06,2011-12-08,False,REAL
84086B,YELLOW/BLUE RETRO RADIO,2.95,C,15,44.25,7,2011-03-09,2011-12-06,False,REAL
84086C,PINK/PURPLE RETRO RADIO,2.95,C,218,622.27,41,2010-12-01,2011-11-30,False,REAL
84192,ASSORTED COLOUR METAL CAT,1.25,C,111,138.75,23,2010-12-09,2011-12-04,False,REAL
84199,GLOW IN DARK DOLPHINS,0.21,C,138,28.98,27,2010-12-20,2011-12-06,False,REAL
84201B,HAPPY BIRTHDAY CARD STRIPEY TEDDY,0.19,C,13,2.47,2,2011-08-22,2011-11-25,False,REAL
84201C,HAPPY BIRTHDAY CARD TEDDY/CAKE,0.19,C,5,0.95,1,2011-08-28,2011-08-28,False,REAL
84206A,3 BLACK CATS W HEARTS BLANK CARD,0.19,C,24,4.56,3,2011-08-22,2011-11-25,False,REAL
84206B,CAT WITH SUNGLASSES BLANK CARD,0.19,C,5,0.95,1,2011-11-20,2011-11-20,False,REAL
84206C,CHAMPAGNE TRAY BLANK CARD,0.19,C,8,1.52,2,2011-06-01,2011-11-25,False,REAL
84212,"ASSORTED FLOWER COLOUR ""LEIS""",0.65,A,10315,4934.87,92,2010-12-03,2011-12-06,False,REAL
84218,BOX/12 CHICK & EGG IN BASKET,1.95,C,123,223.11,29,2011-01-05,2011-03-31,False,REAL
84226,HEN HOUSE W FAMILY IN BARN & NEST,0.85,C,51,36.21,9,2011-01-19,2011-06-08,False,REAL
84227,HEN HOUSE W CHICK IN NEST,0.42,C,1,0.42,1,2011-03-14,2011-03-14,False,REAL
84228,HEN HOUSE W CHICK STANDING,0.42,C,296,123.67,25,2010-12-06,2011-11-29,False,REAL
84231,EASTER BUNNY WITH BASKET ON BACK,0.65,C,108,72.63,20,2011-01-16,2011-11-04,False,REAL
84247E,PACK OF 12 CHRISTMAS FUN CARDS,2.46,C,117,316.24,34,2010-12-07,2011-12-01,False,REAL
84247G,"DECOUPAGE,GREETING CARD,",0.42,C,357,158.63,30,2010-12-02,2011-07-14,False,REAL
84247K,"FOLK ART GREETING CARD,pack/12",2.95,C,11,32.45,9,2010-12-03,2011-10-16,False,REAL
84247L,FAWN AND MUSHROOM GREETING CARD,0.83,C,128,62.06,16,2010-12-09,2011-04-19,False,REAL
84247N,PACK/12 BLUE FOLKART CARDS,2.95,C,22,64.9,18,2010-12-03,2011-11-27,False,REAL
84249A,"GREETING CARD,SQUARE, DOUGHNUTS",0.83,C,174,80.46,27,2010-12-19,2011-12-09,False,REAL
84251B,"GREETING CARD, STICKY GORDON",0.42,C,233,68.5,41,2010-12-07,2011-09-25,False,REAL
84251C,"GREETING CARD, TWO SISTERS.",0.43,C,127,53.88,27,2010-12-23,2011-08-04,False,REAL
84251G,"GREETING CARD, OVERCROWDED POOL.",0.42,C,270,74.7,43,2010-12-08,2011-12-08,False,REAL
84270,ASSTD DESIGN BUBBLE GUM RING,0.21,C,17,3.57,2,2010-12-03,2010-12-06,False,REAL
84279B,CHERRY BLOSSOM DECORATIVE FLASK,3.75,C,185,748.45,51,2011-02-01,2011-06-17,False,REAL
84279P,CHERRY BLOSSOM  DECORATIVE FLASK,3.75,B,361,1506.43,101,2010-12-01,2011-12-01,False,REAL
84306,S/3 PINK SQUARE PLANTERS ROSES,8.29,C,10,88.22,8,2011-02-20,2011-03-22,False,REAL
84313B,BLUE TV TRAY TABLE,5.79,C,127,518.61,27,2010-12-06,2011-04-01,False,REAL
84313C,ORANGE TV TRAY TABLE,1.95,B,504,1165.91,35,2010-12-13,2011-06-02,False,REAL
84341B,SMALL PINK MAGIC CHRISTMAS TREE,0.38,C,645,282.38,33,2010-12-02,2011-11-15,False,REAL
84347,ROTATING SILVER ANGELS T-LIGHT HLDR,2.55,A,9459,26420.93,140,2010-12-01,2011-12-09,False,REAL
84352,SILVER CHRISTMAS TREE BAUBLE STAND,16.95,C,33,560.4,21,2010-12-01,2011-09-21,False,REAL
84356,POMPOM CURTAIN,5.91,B,424,2124.15,65,2010-12-09,2011-12-09,False,REAL
84358,FLOOR LAMP SHADE WOOD BASE,9.95,C,33,312.7,13,2010-12-05,2011-08-09,False,REAL
84360,TABLE LAMP WHITE SHADE WOOD BASE,5.95,C,78,434.12,20,2010-12-01,2011-12-05,False,REAL
84375,SET OF 20 KIDS COOKIE CUTTERS,2.1,A,4295,9349.55,238,2010-12-01,2011-12-09,False,REAL
84378,SET OF 3 HEART COOKIE CUTTERS,1.25,A,6275,8446.75,250,2010-12-01,2011-12-09,False,REAL
84380,SET OF 3 BUTTERFLY COOKIE CUTTERS,1.25,A,5748,8089.81,254,2010-12-01,2011-12-09,False,REAL
84387A,BIRD ON BRANCH CANVAS SCREEN,1.95,C,11,21.45,1,2011-07-21,2011-07-21,False,REAL
84388,WISE MAN STAR SHAPE EGG PAN,1.02,C,24,13.14,6,2010-12-07,2011-04-19,False,REAL
84402B,PURPLE DRESS JEWELLERY STAND,0.79,C,61,48.19,2,2011-07-19,2011-07-21,False,REAL
84406B,CREAM CUPID HEARTS COAT HANGER,4.15,A,1984,7526.32,165,2010-12-01,2011-12-05,False,REAL
84415A,PINK FLOCK SUEDE CUSHION COVER,1.25,C,12,15.0,2,2011-06-08,2011-06-24,False,REAL
84415B,BLUE FLOCK CUSHION COVER,3.75,C,8,20.0,3,2010-12-08,2011-06-08,False,REAL
84422,PINK/BLUE DISC/MIRROR STRING,0.85,C,518,225.45,14,2010-12-06,2011-09-16,False,REAL
84429A,MEDIUM PINK BUDDHA HEAD,2.95,C,54,182.5,20,2010-12-06,2011-12-08,False,REAL
84452,METAL RABBIT LADDER EASTER,0.85,C,70,59.5,15,2011-02-04,2011-10-20,False,REAL
84457,SET/3 RABBITS FLOWER SKIPPPING ROPE,0.85,C,126,112.56,24,2010-12-19,2011-11-09,False,REAL
84459A,PINK METAL CHICKEN HEART,1.49,B,678,1001.56,71,2010-12-06,2011-10-30,False,REAL
84459B,YELLOW METAL CHICKEN HEART,1.49,B,721,1079.67,57,2010-12-01,2011-04-07,False,REAL
84461,12 PINK HEN+CHICKS IN BASKET,2.55,C,35,89.25,13,2011-01-16,2011-04-20,False,REAL
84462,3 PINK HEN+CHICKS IN BASKET,1.25,C,12,15.0,6,2011-01-16,2011-04-14,False,REAL
84465,15 PINK FLUFFY CHICKS IN BOX,2.95,C,10,29.5,7,2011-01-30,2011-11-04,False,REAL
84466,TOP SECRET PEN SET,1.25,C,46,57.5,9,2011-02-23,2011-07-14,False,REAL
84497,BUTTONS AND STRIPES NOTEBOOK,3.75,C,13,48.75,7,2010-12-07,2011-11-15,False,REAL
84499,BLACK FLOWER CANDLE PLATE,0.85,C,7,5.95,2,2010-12-21,2011-01-04,False,REAL
84507B,STRIPES DESIGN MONKEY DOLL,2.55,C,39,118.73,21,2010-12-15,2011-09-07,False,REAL
84507C,BLUE CIRCLES DESIGN MONKEY DOLL,2.55,C,59,157.88,25,2010-12-03,2011-10-23,False,REAL
84508A,CAMOUFLAGE DESIGN TEDDY,2.55,A,1630,3445.5,34,2010-12-01,2011-09-21,False,REAL
84508B,STRIPES DESIGN TEDDY,2.55,C,56,142.8,26,2010-12-05,2011-11-27,False,REAL
84508C,BLUE CIRCLES DESIGN TEDDY,2.55,C,56,154.95,25,2010-12-05,2011-11-17,False,REAL
84509A,SET OF 4 ENGLISH ROSE PLACEMATS,3.75,A,991,4159.37,177,2010-12-01,2011-12-09,False,REAL
84509B,SET OF 4 FAIRY CAKE PLACEMATS,3.75,B,222,843.34,65,2010-12-01,2011-12-08,False,REAL
84509C,SET OF 4 POLKADOT PLACEMATS,3.75,B,173,821.16,64,2010-12-03,2011-12-05,False,REAL
84509E,SET OF 4 CAROUSEL PLACEMATS,3.36,C,91,183.45,22,2010-12-10,2011-12-07,False,REAL
84509G,SET OF 4 FAIRY CAKE PLACEMATS,3.36,B,519,965.41,49,2010-12-02,2011-12-08,False,REAL
84510A,SET OF 4 ENGLISH ROSE COASTERS,1.25,B,1248,1759.55,180,2010-12-01,2011-12-09,False,REAL
84510C,SET OF 4 POLKADOT COASTERS,2.46,C,172,310.03,65,2010-12-06,2011-12-05,False,REAL
84510E,SET OF 4 GREEN CAROUSEL COASTERS,1.25,C,35,50.75,17,2010-12-10,2011-12-06,False,REAL
84519A,TOMATO CHARLIE+LOLA COASTER SET,1.25,B,512,905.55,70,2010-12-01,2011-12-09,False,REAL
84519B,CARROT CHARLIE+LOLA COASTER SET,1.25,C,471,773.3,91,2010-12-02,2011-12-09,False,REAL
84520B,PACK 20 ENGLISH ROSE PAPER NAPKINS,0.85,C,554,508.37,46,2010-12-01,2011-03-03,False,REAL
84522,PINK PARTY SUNGLASSES,1.95,C,20,36.76,12,2010-12-06,2011-11-22,False,REAL
84527,FLAMES SUNGLASSES PINK LENSES,1.95,C,52,95.1,8,2011-01-21,2011-11-25,False,REAL
84531A,PINK KNITTED EGG COSY,0.39,C,147,76.69,18,2010-12-05,2011-04-18,False,REAL
84531B,BLUE KNITTED EGG COSY,0.39,C,155,85.61,20,2010-12-05,2011-04-18,False,REAL
84534B,FAIRY CAKE NOTEBOOK A5 SIZE,1.66,C,55,54.04,8,2010-12-01,2011-01-20,False,REAL
84535A,ENGLISH ROSE NOTEBOOK A6 SIZE,0.65,C,399,186.56,16,2011-03-10,2011-05-08,False,REAL
84535B,FAIRY CAKES NOTEBOOK A6 SIZE,0.65,B,1283,818.35,115,2010-12-01,2011-12-08,False,REAL
84536A,ENGLISH ROSE NOTEBOOK A7 SIZE,0.42,B,3120,1407.52,201,2010-12-01,2011-12-08,False,REAL
84536B,FAIRY CAKES NOTEBOOK A7 SIZE,0.42,B,2059,872.03,126,2010-12-01,2011-12-06,False,REAL
84539,KNITTED RABBIT DOLL,1.65,C,26,42.9,2,2010-12-03,2011-07-10,False,REAL
84548,CROCHET BEAR RED/BLUE  KEYRING,1.65,C,15,24.75,3,2011-03-24,2011-07-03,False,REAL
84549,CROCHET WHITE RABBIT KEYRING,3.29,C,37,67.73,6,2011-03-31,2011-11-08,False,REAL
84550,CROCHET LILAC/RED BEAR KEYRING,1.65,C,1,1.65,1,2011-11-25,2011-11-25,False,REAL
84551,CROCHET DOG KEYRING,1.65,C,13,21.45,2,2011-06-14,2011-10-06,False,REAL
84558A,3D DOG PICTURE PLAYING CARDS,2.95,B,338,1016.72,71,2010-12-01,2011-12-09,False,REAL
84559A,3D SHEET OF DOG STICKERS,1.63,C,424,422.29,92,2010-12-01,2011-12-09,False,REAL
84559B,3D SHEET OF CAT STICKERS,0.85,C,259,254.77,57,2010-12-01,2011-11-02,False,REAL
84562A,PINK/WHITE RIBBED MELAMINE JUG,7.95,C,3,23.85,3,2010-12-03,2011-02-20,False,REAL
84563A,PINK & WHITE BREAKFAST TRAY,4.13,C,96,369.84,29,2010-12-01,2011-05-17,False,REAL
84563B,BLUE & WHITE BREAKFAST TRAY,2.95,C,94,346.3,31,2010-12-05,2011-06-19,False,REAL
84568,GIRLS ALPHABET IRON ON PATCHES,0.42,B,12442,2678.33,106,2010-12-06,2011-12-09,True,REAL
84569A,PACK 3 IRON ON DOG PATCHES,1.25,C,294,355.84,52,2010-12-06,2011-12-05,False,REAL
84569B,PACK 3 FIRE ENGINE/CAR PATCHES,1.25,C,85,118.4,18,2010-12-01,2011-03-22,False,REAL
84569C,PACK 4 FLOWER/BUTTERFLY PATCHES,1.25,C,1,1.25,1,2011-03-25,2011-03-25,False,REAL
84569D,PACK 6 HEART/ICE-CREAM PATCHES,1.25,C,467,560.62,73,2010-12-05,2011-12-09,False,REAL
84575A,PINK DOG CANNISTER,3.95,C,13,33.35,4,2010-12-13,2011-04-19,False,REAL
84576,BLUE CAT BISCUIT BARREL PINK HEART,1.95,C,66,148.32,15,2011-04-04,2011-07-20,False,REAL
84580,MOUSE TOY WITH PINK T-SHIRT,3.75,B,389,1482.43,113,2010-12-01,2011-12-08,False,REAL
84581,DOG TOY WITH PINK CROCHET SKIRT,3.75,C,187,709.71,75,2010-12-01,2011-12-04,False,REAL
84584,PINK GINGHAM CAT WITH SCARF,2.55,C,144,314.51,26,2010-12-13,2011-07-10,False,REAL
84592,CROCHET ROSE PURSE WITH SUEDE BACK,2.95,C,76,241.24,22,2011-01-20,2011-11-30,False,REAL
84593,CROCHET ROSE DES CLOTHES HANGER,2.95,C,5,14.75,1,2011-03-07,2011-03-07,False,REAL
84595E,LARGE TORTILLA DESIGN RED BOWL,3.29,C,78,154.68,22,2010-12-10,2011-08-02,False,REAL
84596B,SMALL DOLLY MIX DESIGN ORANGE BOWL,0.42,B,5014,2558.27,233,2010-12-06,2011-12-09,False,REAL
84596E,SMALL LICORICE DES PINK BOWL,0.85,C,574,436.78,49,2010-12-01,2011-04-01,False,REAL
84596F,SMALL MARSHMALLOWS PINK BOWL,0.42,B,3732,1976.26,225,2010-12-05,2011-12-09,False,REAL
84596G,SMALL CHOCOLATES PINK BOWL,0.42,B,1858,956.46,165,2010-12-05,2011-12-08,False,REAL
84596J,MIXED NUTS LIGHT GREEN BOWL,0.83,C,568,296.45,55,2010-12-01,2011-05-23,False,REAL
84596L,BISCUITS SMALL BOWL LIGHT BLUE,0.83,C,1255,631.84,110,2010-12-05,2011-09-18,False,REAL
84597B,RETRO BROWN BALL ASHTRAY,1.25,C,41,51.25,5,2010-12-14,2011-06-19,False,REAL
84597C,RETRO PINK BALL ASHTRAY,1.25,C,46,57.5,13,2010-12-05,2011-06-02,False,REAL
84598,BOYS ALPHABET IRON ON PATCHES,0.42,C,1687,485.56,84,2010-12-01,2011-12-09,False,REAL
84600,NEW BAROQUE JEWELLERY BOX,7.95,C,53,446.89,24,2010-12-17,2011-12-08,False,REAL
84609,TALL ROCOCO CANDLE HOLDER,8.5,C,91,753.59,19,2010-12-01,2011-12-05,False,REAL
84613A,PINK NEW BAROQUE FLOCK CANDLESTICK,4.65,C,6,27.9,3,2010-12-16,2011-02-02,False,REAL
84613C,BLUE NEW BAROQUE FLOCK CANDLESTICK,4.65,C,1,4.65,1,2010-12-08,2010-12-08,False,REAL
84614A,PINK BAROQUE FLOCK CANDLE HOLDER,5.95,C,2,11.9,1,2010-12-03,2010-12-03,False,REAL
84616,SILVER ROCCOCO CHANDELIER,29.95,C,11,414.47,7,2010-12-14,2011-11-22,False,REAL
84617,NEW BAROQUE BLACK BOXES,12.75,C,3,38.25,3,2011-01-09,2011-11-14,False,REAL
84620,BLUE GINGHAM ROSE CUSHION COVER,5.95,C,2,11.9,1,2010-12-15,2010-12-15,False,REAL
84625A,PINK NEW BAROQUECANDLESTICK CANDLE,0.85,C,458,582.18,38,2010-12-01,2011-12-07,False,REAL
84625C,BLUE NEW BAROQUE CANDLESTICK CANDLE,0.85,C,424,515.16,30,2010-12-01,2011-10-03,False,REAL
84629,WHITE 3 FRAME BIRDS AND TREE,4.95,C,19,145.05,8,2011-05-01,2011-07-26,False,REAL
84631,FRUIT TREE AND BIRDS WALL PLAQUE,7.46,C,37,316.73,19,2010-12-10,2011-06-30,False,REAL
84632,DECORATIVE HANGING SHELVING UNIT,59.95,C,5,299.75,4,2011-01-25,2011-07-21,False,REAL
84637,KITCHEN FLOWER POTS WALL PLAQUE,4.96,C,116,619.59,67,2010-12-06,2011-09-23,False,REAL
84638,SMALL KITCHEN FLOWER POTS PLAQUE,5.83,C,50,331.5,30,2010-12-10,2011-10-20,False,REAL
84658,WHITE STITCHED CUSHION COVER,6.95,C,57,412.23,21,2010-12-01,2011-12-06,False,REAL
84659A,WHITE TRAVEL ALARM CLOCK,2.51,C,279,673.72,58,2010-12-01,2011-11-21,False,REAL
84660A,WHITE STITCHED WALL CLOCK,0.79,B,845,808.75,41,2010-12-14,2011-10-03,False,REAL
84660B,BLACK STITCHED WALL CLOCK,1.25,C,709,748.36,38,2010-12-09,2011-09-07,False,REAL
84660C,PINK STITCHED WALL CLOCK,3.29,B,679,828.24,51,2010-12-03,2011-09-08,False,REAL
84661A,WHITE SQUARE TABLE CLOCK,2.55,C,105,172.75,17,2011-01-06,2011-12-08,False,REAL
84661B,BLACK SQUARE TABLE CLOCK,2.55,C,116,305.2,25,2010-12-03,2011-12-08,False,REAL
84661C,PINK SQUARE TABLE CLOCK,2.53,C,71,104.84,12,2011-01-10,2011-12-06,False,REAL
84663A,GRASS HOPPER WOODEN WALL CLOCK,0.79,C,267,365.01,32,2010-12-01,2011-11-20,False,REAL
84665,SQUARE CHERRY BLOSSOM CABINET,5.95,C,85,505.75,15,2010-12-07,2011-11-06,False,REAL
84666,SQUARE CHERRY BLOSSOM CABINET,3.95,C,24,94.8,4,2010-12-14,2011-04-19,False,REAL
84673A,PINK FLY SWAT,0.65,C,92,63.72,35,2010-12-14,2011-11-24,False,REAL
84673B,BLUE FLY SWAT,0.72,C,179,156.63,59,2010-12-03,2011-12-05,False,REAL
84674,FLYING PIG WATERING CAN,2.95,C,189,455.15,43,2010-12-02,2011-12-05,False,REAL
84675,FROG KING WATERING CAN,2.95,C,9,26.55,2,2011-01-16,2011-01-17,False,REAL
84678,CLASSICAL ROSE SMALL VASE,2.55,C,140,244.54,13,2010-12-01,2011-03-23,False,REAL
84679,CLASSICAL ROSE TABLE LAMP,11.95,C,6,55.7,2,2011-06-21,2011-12-06,False,REAL
84683,CLASSICAL ROSE CANDLESTAND,1.25,C,194,162.2,10,2010-12-02,2011-05-03,False,REAL
84685,BEACH HUT KEY CABINET,7.46,C,33,173.58,19,2010-12-03,2011-05-22,False,REAL
84686,BEACH HUT MIRROR,4.25,C,49,66.39,8,2011-04-04,2011-07-10,False,REAL
84687,BEACH HUT SHELF W 3 DRAWERS,5.95,C,77,481.63,25,2011-02-23,2011-11-13,False,REAL
84688,BEACH HUT DESIGN BLACKBOARD,8.29,C,34,173.32,12,2010-12-10,2011-05-12,False,REAL
84689,S/2 BEACH HUT TREASURE CHESTS,3.975,C,3,9.95,2,2011-04-12,2011-05-04,False,REAL
84691,PACK 20 DOLLY PEGS,0.72,C,242,174.5,4,2011-02-21,2011-05-31,False,REAL
84692,BOX OF 24 COCKTAIL PARASOLS,0.42,A,7897,4324.86,259,2010-12-01,2011-12-09,False,REAL
84705C,PINK FLOCK PHOTO FRAME,1.25,C,12,15.0,1,2011-05-03,2011-05-03,False,REAL
84706D,CHERRY BLOSSOM TABLE CLOCK,1.95,C,8,29.6,4,2010-12-08,2011-05-22,False,REAL
84706F,RED PEONY TABLE CLOCK,2.95,C,16,47.2,10,2011-07-10,2011-11-27,False,REAL
84707A,SILVER JEWELLED MIRROR TRINKET TRAY,9.95,C,95,695.23,38,2010-12-06,2011-12-08,False,REAL
84707B,PINK JEWELLED MIRROR TRINKET TRAY,9.95,C,34,210.55,17,2010-12-05,2011-12-08,False,REAL
84708B,PINK JEWELLED PHOTO FRAME,4.95,C,62,326.35,19,2011-02-02,2011-12-07,False,REAL
84709B,PINK OVAL JEWELLED MIRROR,5.95,C,20,119.0,11,2010-12-01,2011-06-26,False,REAL
84711A,SILVER OVAL SHAPE TRINKET BOX,9.95,C,25,221.8,16,2010-12-06,2011-12-04,False,REAL
84711B,PINK OVAL SHAPE TRINKET BOX,9.95,C,20,186.64,13,2010-12-13,2011-12-07,False,REAL
84712B,PINK JEWELLED PHOTO FRAME,7.95,C,30,231.56,20,2010-12-06,2011-11-30,False,REAL
84715,SET OF 6 ICE CREAM SKITTLES,2.95,C,16,47.2,3,2011-01-30,2011-04-13,False,REAL
84723,CHERRY BLOSSOM CANVAS ART PICTURE,1.95,C,41,97.95,6,2011-02-02,2011-08-08,False,REAL
84725,FREESTYLE CANVAS ART PICTURE,0.75,C,41,39.65,17,2010-12-07,2011-09-22,False,REAL
84731,3 BIRDS CANVAS SCREEN,1.02,C,2,2.04,2,2011-04-15,2011-07-31,False,REAL
84732B,CUTE BIRD CEATURE SCREEN,0.39,C,22,8.58,2,2011-07-20,2011-08-18,False,REAL
84732D,CUTE RABBIT CEATURE SCREEN,0.39,C,11,4.29,2,2011-07-20,2011-08-18,False,REAL
84741C,CITRUS GARLAND FELT FLOWERS,1.95,C,60,117.0,13,2011-01-07,2011-04-27,False,REAL
84743C,ORANGE FELT VASE + FLOWERS,1.25,C,1,1.25,1,2011-03-31,2011-03-31,False,REAL
84744,S/6 SEW ON CROCHET FLOWERS,1.25,C,110,140.02,18,2010-12-01,2011-11-15,False,REAL
84745A,PINK HANGING GINGHAM EASTER HEN,0.42,C,32,13.44,5,2011-01-13,2011-04-27,False,REAL
84745B,BLUE HANGING GINGHAM EASTER HEN,0.42,C,32,13.44,5,2011-01-13,2011-04-27,False,REAL
84746,PINK EASTER HENS+FLOWER,2.46,C,14,38.31,9,2011-06-29,2011-07-20,False,REAL
84748,FOLK FELT HANGING MULTICOL GARLAND,2.46,C,204,570.86,41,2010-12-10,2011-11-29,False,REAL
84750A,PINK SMALL GLASS CAKE STAND,,C,0,0.0,0,,,False,REAL
84750B,BLACK SMALL GLASS CAKE STAND,1.17,C,60,54.6,12,2010-12-16,2011-04-19,False,REAL
84751B,BLACK MEDIUM GLASS CAKE STAND,0.79,C,16,36.32,7,2010-12-15,2011-04-08,False,REAL
84754,S/15 SILVER GLASS BAUBLES IN BAG,1.25,C,414,572.88,42,2010-12-01,2011-09-23,False,REAL
84755,COLOUR GLASS T-LIGHT HOLDER HANGING,0.65,A,16337,10445.45,248,2010-12-01,2011-12-09,True,REAL
84760S,SMALL HANGING GLASS+ZINC LANTERN,1.45,C,43,62.35,8,2010-12-01,2011-05-12,False,REAL
84763,ZINC FINISH 15CM PLANTER POTS,1.25,C,601,748.34,48,2010-12-02,2011-05-27,False,REAL
84766,SILVER ROCOCO CANDLE STICK,1.95,C,131,303.45,10,2010-12-13,2011-11-03,False,REAL
84773,RED ROSE AND LACE C/COVER,2.95,C,3,8.85,1,2010-12-05,2010-12-05,False,REAL
84789,ENCHANTED BIRD PLANT CAGE,3.75,C,186,640.72,40,2010-12-06,2011-07-21,False,REAL
84792,ENCHANTED BIRD COATHANGER 5 HOOK,4.65,A,828,3951.07,165,2010-12-02,2011-12-08,False,REAL
84795B,SUNSET CHECK HAMMOCK,7.95,B,192,1657.42,54,2010-12-05,2011-11-30,False,REAL
84795C,OCEAN STRIPE HAMMOCK,7.95,C,2,15.9,1,2011-01-31,2011-01-31,False,REAL
84796A,PINK HAWAIIAN PICNIC HAMPER FOR 2,8.29,C,78,709.24,45,2010-12-14,2011-12-02,False,REAL
84796B,BLUE SAVANNAH PICNIC HAMPER FOR 2,8.29,B,256,2393.59,84,2011-01-17,2011-11-08,False,REAL
84798A,PINK FOXGLOVE ARTIIFCIAL FLOWER,2.55,C,23,58.65,4,2011-03-01,2011-09-28,False,REAL
84798B,PURPLE FOXGLOVE ARTIIFCIAL FLOWER,2.55,C,11,28.05,3,2011-02-14,2011-03-22,False,REAL
84799,SPRIG LAVENDER ARTIFICIAL FLOWER,1.25,C,164,125.32,9,2010-12-14,2011-04-14,False,REAL
84800L,LARGE WHITE/PINK ROSE ART FLOWER,2.12,C,336,598.8,21,2010-12-19,2011-06-03,False,REAL
84800M,MEDIUM WHITE/PINK ROSE ART FLOWER,1.69,C,127,174.31,11,2010-12-19,2011-08-28,False,REAL
84800S,SMALL WHITE/PINK ROSE ART FLOWER,1.25,C,105,117.57,9,2011-01-20,2011-09-11,False,REAL
84801A,PINK HYDRANGEA ART FLOWER,2.1,C,46,96.6,5,2011-01-20,2011-11-23,False,REAL
84801B,WHITE HYDRANGEA ART FLOWER,2.1,C,22,46.2,3,2011-02-01,2011-04-06,False,REAL
84802A,WHITE ANEMONE ARTIFICIAL FLOWER,1.69,C,2,3.38,1,2010-12-19,2010-12-19,False,REAL
84802B,PURPLE ANEMONE ARTIFICIAL FLOWER,1.69,C,4,6.76,1,2011-03-01,2011-03-01,False,REAL
84803A,PINK ALLIUM  ARTIFICIAL FLOWER,1.69,C,3,5.07,1,2011-02-14,2011-02-14,False,REAL
84803B,WHITE ALLIUM  ARTIFICIAL FLOWER,1.69,C,17,28.73,3,2011-03-01,2011-08-10,False,REAL
84804A,CREAM DELPHINIUM ARTIFICIAL FLOWER,2.95,C,70,180.58,8,2010-12-19,2011-12-06,False,REAL
84804B,BLUE DELPHINIUM ARTIFICIAL FLOWER,2.95,C,99,188.37,6,2011-05-19,2011-12-07,False,REAL
84805A,CREAM CLIMBING HYDRANGA ART FLOWER,2.5,C,32,60.0,4,2011-02-01,2011-12-06,False,REAL
84805B,BLUE CLIMBING HYDRANGA ART FLOWER,1.25,C,38,52.5,3,2011-09-16,2011-12-07,False,REAL
84806A,PINK CANDYSTUFT ARTIFICIAL FLOWER,1.45,C,137,96.89,9,2010-12-19,2011-12-07,False,REAL
84806B,WHITE CANDYSTUFT ARTIFICIAL FLOWER,1.45,C,308,411.56,20,2011-01-17,2011-12-06,False,REAL
84809A,WHITE CHRYSANTHEMUMS ART FLOWER,2.1,C,55,115.5,7,2010-12-05,2011-06-01,False,REAL
84809B,PINK CHRYSANTHEMUMS ART FLOWER,2.1,C,18,37.8,1,2011-02-25,2011-02-25,False,REAL
84813,SET OF 4 DIAMOND NAPKIN RINGS,8.47,B,164,1377.09,28,2010-12-06,2011-12-06,False,REAL
84816,DANISH ROSE BEDSIDE CABINET,39.95,C,7,279.65,6,2010-12-13,2011-08-19,False,REAL
84817,DANISH ROSE DECORATIVE PLATE,2.1,C,915,635.04,43,2010-12-14,2011-12-08,False,REAL
84818,DANISH ROSE PHOTO FRAME,0.79,B,1328,1359.36,76,2010-12-09,2011-10-30,False,REAL
84819,DANISH ROSE ROUND SEWING BOX,0.85,B,808,939.04,40,2010-12-05,2011-12-09,False,REAL
84820,DANISH ROSE TRINKET TRAYS,5.95,C,255,459.25,26,2010-12-10,2011-12-08,False,REAL
84821,DANISH ROSE DELUXE COASTER,0.85,C,922,396.1,33,2010-12-10,2011-12-08,False,REAL
84823,DANISH ROSE FOLDING CHAIR,7.95,B,112,890.4,12,2010-12-13,2011-02-07,False,REAL
84824,DANISH ROSE UMBRELLA STAND,15.95,C,2,31.9,2,2011-06-09,2011-11-20,False,REAL
84826,ASSTD DESIGN 3D PAPER STICKERS,0.85,C,1162,389.38,24,2010-12-02,2011-12-07,False,REAL
84827,ASS DES PHONE SPONGE CRAFT STICKER,0.65,C,509,153.09,11,2010-12-05,2011-12-05,False,REAL
84828,JUNGLE POPSICLES ICE LOLLY MOULDS,1.25,B,1075,1506.36,123,2010-12-01,2011-12-09,False,REAL
84832,ZINC WILLIE WINKIE  CANDLE STICK,0.85,A,2921,2702.5,163,2010-12-01,2011-12-09,False,REAL
84836,ZINC METAL HEART DECORATION,1.25,A,5900,7371.82,250,2010-12-01,2011-12-08,False,REAL
84840,SWEETHEART CARRY-ALL BASKET,12.74,C,6,76.44,6,2010-12-06,2011-03-25,False,REAL
84842,HELLO SAILOR BATHROOM SET,3.75,C,14,52.5,9,2011-03-14,2011-11-27,False,REAL
84843,WHITE SOAP RACK WITH 2 BOTTLES,5.95,B,171,963.85,45,2010-12-09,2011-12-07,False,REAL
84846A,SCENTED CANDLE IN DIGITALIS TIN,2.1,C,56,126.04,13,2010-12-02,2011-10-10,False,REAL
84847,FLORAL BATHROOM SET,3.75,C,20,75.0,11,2011-01-27,2011-08-01,False,REAL
84849A,HELLO SAILOR BLUE SOAP HOLDER,1.69,C,180,344.34,48,2010-12-03,2011-11-24,False,REAL
84849B,FAIRY SOAP SOAP HOLDER,1.69,C,266,478.83,55,2010-12-01,2011-07-20,False,REAL
84849D,HOT BATHS SOAP HOLDER,1.69,B,494,859.0,93,2010-12-03,2011-12-01,False,REAL
84854,GIRLY PINK TOOL SET,4.95,C,5,24.75,1,2010-12-01,2010-12-01,False,REAL
84856L,LARGE TAHITI BEACH BAG,8.91,C,2,17.82,2,2010-12-01,2011-03-18,False,REAL
84856S,SMALL TAHITI BEACH BAG,4.65,C,4,18.6,1,2011-03-30,2011-03-30,False,REAL
84857B,BLUE MONTE CARLO HANDBAG,1.95,C,24,46.8,1,2011-07-21,2011-07-21,False,REAL
84857C,PINK MONTE CARLO HANDBAG,1.95,C,97,230.38,10,2010-12-17,2011-07-04,False,REAL
84858C,PINK RIVIERA HANDBAG,5.95,C,186,261.68,6,2011-02-22,2011-04-13,False,REAL
84859A,SILVER DISCO HANDBAG,1.95,C,129,272.99,34,2010-12-16,2011-12-08,False,REAL
84859B,BLUE DISCO HANDBAG,1.95,C,31,64.81,11,2011-05-06,2011-12-08,False,REAL
84859C,PINK DISCO HANDBAG,1.95,C,84,180.52,21,2011-02-15,2011-12-05,False,REAL
84865,NEW BAROQUE BLACK PHOTO ALBUM,8.5,C,27,146.21,14,2010-12-03,2011-07-01,False,REAL
84870B,BLUE GEISHA GIRL,3.75,C,44,146.08,23,2010-12-01,2011-11-24,False,REAL
84870C,GREEN GEISHA GIRL,2.51,C,46,146.05,23,2010-12-01,2011-10-30,False,REAL
84872A,TEATIME FUNKY FLOWER BACKPACK FOR 2,10.79,C,66,732.23,31,2010-12-03,2011-07-26,False,REAL
84873A,FUNKY FLOWER PICNIC BAG FOR 4,16.95,C,2,33.9,2,2011-05-17,2011-06-01,False,REAL
84874B,BLUE TRAVEL FIRST AID KIT,1.64,C,41,67.51,13,2010-12-05,2011-08-02,False,REAL
84875B,GREEN SQUARE COMPACT MIRROR,1.25,C,131,203.51,20,2010-12-09,2011-12-06,False,REAL
84875D,BLUE SQUARE COMPACT MIRROR,1.25,C,51,63.75,8,2011-04-06,2011-09-23,False,REAL
84876B,GREEN HEART COMPACT MIRROR,1.25,C,218,315.81,30,2010-12-13,2011-11-30,False,REAL
84876D,BLUE HEART COMPACT MIRROR,3.75,C,128,217.5,15,2010-12-09,2011-09-11,False,REAL
84877A,PINK ROUND COMPACT MIRROR,3.29,C,16,28.16,3,2011-04-06,2011-06-13,False,REAL
84877B,GREEN ROUND COMPACT MIRROR,2.46,C,144,210.56,18,2010-12-16,2011-11-30,False,REAL
84877D,BLUE ROUND COMPACT MIRROR,2.27,C,96,150.93,16,2010-12-03,2011-09-25,False,REAL
84879,ASSORTED COLOUR BIRD ORNAMENT,1.69,A,36294,58814.38,300,2010-12-01,2011-12-09,True,REAL
84880,WHITE WIRE EGG HOLDER,7.5,B,303,1957.64,70,2010-12-01,2011-12-07,False,REAL
84881,BLUE WIRE SPIRAL CANDLE HOLDER,6.35,C,11,76.22,6,2010-12-05,2011-07-17,False,REAL
84882,GREEN WIRE STANDING CANDLE HOLDER,3.75,C,38,157.34,16,2010-12-12,2011-11-30,False,REAL
84884A,ANT WHITE WIRE HEART SPIRAL,3.95,B,338,1515.68,87,2010-12-01,2011-12-07,False,REAL
84898F,YELLOW FLOWERS FELT HANDBAG KIT,2.1,C,46,98.63,13,2010-12-05,2011-03-24,False,REAL
84905,PINK BUTTERFLY CUSHION COVER,4.96,C,35,173.48,18,2011-01-17,2011-06-29,False,REAL
84906,PINK B'FLY C/COVER W BOBBLES,5.95,C,34,121.07,12,2010-12-01,2011-05-23,False,REAL
84907,PINK YELLOW PATCH CUSHION COVER,5.79,C,29,180.93,20,2011-01-30,2011-09-21,False,REAL
84910A,PINK PAISLEY CUSHION COVER,8.29,C,26,192.14,17,2010-12-08,2011-07-20,False,REAL
84912A,PINK ROSE WASHBAG,3.75,C,156,560.62,58,2010-12-06,2011-09-22,False,REAL
84912B,GREEN ROSE WASHBAG,3.29,B,322,1129.1,121,2010-12-01,2011-12-05,False,REAL
84913A,SOFT PINK ROSE TOWEL,3.29,B,273,952.83,88,2010-12-01,2011-11-07,False,REAL
84913B,MINT GREEN ROSE TOWEL,3.29,C,188,716.87,62,2010-12-01,2011-12-02,False,REAL
84915,HAND TOWEL PINK FLOWER AND DAISY,4.13,C,217,372.33,20,2010-12-01,2011-12-06,False,REAL
84916,HAND TOWEL PALE BLUE W FLOWERS,4.21,C,223,453.39,23,2010-12-06,2011-05-04,False,REAL
84917,WHITE HAND TOWEL WITH BUTTERFLY,4.13,C,184,466.3,21,2010-12-06,2011-05-26,False,REAL
84919,BLUE CUSHION COVER WITH FLOWER,5.79,C,58,381.78,26,2011-01-30,2011-09-21,False,REAL
84920,PINK FLOWER FABRIC PONY,3.75,C,115,446.23,41,2010-12-01,2011-12-08,False,REAL
84921,CREAM AND PINK FLOWERS PONY,3.75,C,11,41.25,5,2010-12-05,2011-10-19,False,REAL
84922,PINK BUTTERFLY WASHBAG,4.25,C,9,42.29,6,2010-12-12,2011-12-02,False,REAL
84923,PINK BUTTERFLY HANDBAG W BOBBLES,4.13,C,162,671.62,71,2010-12-01,2011-12-09,False,REAL
84924A,WAKE UP COCKEREL CALENDAR SIGN,3.75,C,81,348.59,31,2010-12-05,2011-12-02,False,REAL
84924F,PSYCHEDELIC METAL SIGN CALENDAR,0.79,C,10,7.9,3,2011-07-13,2011-07-29,False,REAL
84925D,LA PALMIERA WALL THERMOMETER,2.55,C,15,38.25,10,2010-12-03,2011-06-23,False,REAL
84925F,PSYCHEDELIC WALL THERMOMETER,2.55,C,79,109.93,14,2010-12-06,2011-07-31,False,REAL
84926A,WAKE UP COCKEREL TILE COASTER,0.29,C,604,210.52,33,2010-12-01,2011-12-01,False,REAL
84926D,LA PALMIERA TILE COASTER,0.29,C,709,276.53,32,2010-12-06,2011-12-07,False,REAL
84926E,FLOWERS TILE COASTER,0.29,C,968,327.8,33,2011-01-04,2011-12-06,False,REAL
84926F,PSYCHEDELIC TILE COASTER,0.355,C,430,195.22,26,2010-12-16,2011-12-06,False,REAL
84927A,WAKE UP COCKEREL TILE HOOK,2.1,C,49,70.06,18,2010-12-03,2011-08-09,False,REAL
84927D,LA PALMIERA TILE HOOK,0.39,C,45,47.66,13,2010-12-07,2011-07-25,False,REAL
84927E,FLOWERS TILE HOOK,2.1,C,57,75.96,13,2010-12-13,2011-07-18,False,REAL
84927F,PSYCHEDELIC TILE HOOK,0.39,C,294,181.0,43,2010-12-03,2011-12-07,False,REAL
84929,ASSTD FRUIT+FLOWERS FRIDGE MAGNETS,0.19,C,2394,627.66,54,2010-12-15,2011-11-24,False,REAL
84931A,PINK SCOTTIE DOG W FLOWER PATTERN,2.55,C,133,317.44,44,2010-12-10,2011-11-30,False,REAL
84931B,BLUE SCOTTIE DOG W FLOWER PATTERN,2.55,C,174,416.43,41,2010-12-23,2011-12-05,False,REAL
84944,SET OF 6 KASHMIR FOLKART BAUBLES,1.65,B,652,1024.56,54,2010-12-01,2011-11-04,False,REAL
84945,MULTI COLOUR SILVER T-LIGHT HOLDER,0.85,A,10451,8664.53,182,2010-12-01,2011-12-09,False,REAL
84946,ANTIQUE SILVER T-LIGHT GLASS,1.25,A,18880,25477.92,275,2010-12-01,2011-12-09,True,REAL
84947,ANTIQUE SILVER TEA GLASS ENGRAVED,1.25,A,8621,10193.87,198,2010-12-01,2011-12-09,False,REAL
84949,SILVER HANGING T-LIGHT HOLDER,1.65,A,4537,7229.24,177,2010-12-01,2011-12-08,False,REAL
84950,ASSORTED COLOUR T-LIGHT HOLDER,0.65,B,3610,2291.58,98,2010-12-01,2011-12-08,False,REAL
84951A,SET OF 4 PISTACHIO LOVEBIRD COASTER,1.66,C,451,534.05,70,2010-12-10,2011-12-05,False,REAL
84951B,SET OF 4 BLACK LOVEBIRD COASTERS,1.66,C,451,554.78,63,2010-12-10,2011-12-08,False,REAL
84952A,CLEAR LOVE BIRD T-LIGHT HOLDER,1.66,C,92,264.47,22,2010-12-08,2011-11-14,False,REAL
84952B,BLACK LOVE BIRD T-LIGHT HOLDER,1.66,C,183,320.89,21,2010-12-02,2011-12-06,False,REAL
84952C,MIRROR LOVE BIRD T-LIGHT HOLDER,3.75,C,144,255.0,11,2010-12-02,2011-10-11,False,REAL
84963A,PINK PAINTED KASHMIRI CHAIR,42.95,C,4,171.8,1,2010-12-05,2010-12-05,False,REAL
84963B,BLUE PAINTED KASHMIRI CHAIR,49.95,C,3,149.85,1,2011-08-04,2011-08-04,False,REAL
84968A,SET OF 16 VINTAGE ROSE CUTLERY,12.75,A,264,3162.63,78,2010-12-05,2011-12-04,False,REAL
84968B,SET OF 16 VINTAGE IVORY CUTLERY,12.75,C,2,25.5,2,2011-03-18,2011-04-06,False,REAL
84968C,SET OF 16 VINTAGE PISTACHIO CUTLERY,12.75,A,314,3547.74,77,2010-12-01,2011-11-23,False,REAL
84968D,SET OF 16 VINTAGE RED CUTLERY,12.75,B,159,1723.6,45,2010-12-07,2011-12-08,False,REAL
84968E,SET OF 16 VINTAGE BLACK CUTLERY,12.75,B,140,1722.74,41,2010-12-09,2011-12-09,False,REAL
84968F,SET OF 16 VINTAGE SKY BLUE CUTLERY,12.75,B,178,1931.17,49,2010-12-06,2011-11-13,False,REAL
84969,BOX OF 6 ASSORTED COLOUR TEASPOONS,4.25,B,556,2381.02,137,2010-12-01,2011-12-06,False,REAL
84970L,SINGLE HEART ZINC T-LIGHT HOLDER,0.95,A,6253,6819.1,239,2010-12-01,2011-12-09,False,REAL
84970S,HANGING HEART ZINC T-LIGHT HOLDER,0.85,A,9092,8126.6,254,2010-12-01,2011-12-09,False,REAL
84971L,LARGE HEART FLOWERS HOOK,2.46,C,2,4.92,1,2011-11-25,2011-11-25,False,REAL
84971S,SMALL HEART FLOWERS HOOK,0.85,B,1760,1539.6,134,2010-12-01,2011-12-09,False,REAL
84974,S/2 ZINC HEART DESIGN PLANTERS,9.95,C,39,388.05,25,2011-01-26,2011-11-01,False,REAL
84975,HEART SHAPED MIRROR,1.69,C,5,8.45,2,2010-12-06,2010-12-08,False,REAL
84976,RECTANGULAR SHAPED MIRROR,0.79,C,498,435.09,33,2010-12-01,2011-12-08,False,REAL
84977,WIRE FLOWER T-LIGHT HOLDER,1.25,C,1,1.25,1,2011-03-18,2011-03-18,False,REAL
84978,HANGING HEART JAR T-LIGHT HOLDER,1.25,A,12318,16250.04,262,2010-12-05,2011-12-09,False,REAL
84984A,GREEN PEONY CUSHION COVER,4.65,C,19,88.35,6,2011-05-19,2011-11-08,False,REAL
84984B,RED PEONY CUSHION COVER,4.65,C,17,79.05,5,2011-05-19,2011-11-08,False,REAL
84984D,ORIENTAL RED CUSHION COVER,4.65,C,13,60.45,4,2011-07-27,2011-11-08,False,REAL
84985A,SET OF 72 GREEN PAPER DOILIES,1.45,C,36,52.2,17,2010-12-01,2011-03-01,False,REAL
84987,SET OF 36 TEATIME PAPER DOILIES,1.45,A,3039,4453.77,194,2010-12-03,2011-12-05,False,REAL
84988,SET OF 72 PINK HEART PAPER DOILIES,1.45,A,4298,6652.4,240,2010-12-01,2011-12-08,False,REAL
84989A,75 GREEN FAIRY CAKE CASES,2.08,C,69,102.36,42,2010-12-07,2011-12-05,False,REAL
84990,60 GOLD AND SILVER FAIRY CAKE CASES,0.55,C,2,1.1,2,2011-04-20,2011-05-08,False,REAL
84991,60 TEATIME FAIRY CAKE CASES,0.55,A,18021,9077.57,267,2010-12-01,2011-12-09,True,REAL
84992,72 SWEETHEART FAIRY CAKE CASES,0.55,A,13141,6434.88,247,2010-12-01,2011-12-08,False,REAL
84993A,75 GREEN PETIT FOUR CASES,0.83,C,375,186.25,67,2010-12-03,2011-12-09,False,REAL
84993B,75 BLACK PETIT FOUR CASES,0.42,C,58,24.36,17,2010-12-05,2011-08-08,False,REAL
84997A,CHILDRENS CUTLERY POLKADOT GREEN,4.15,A,2666,10762.67,189,2010-12-01,2011-12-09,False,REAL
84997B,CHILDRENS CUTLERY RETROSPOT RED,4.15,A,4544,18971.39,223,2010-12-01,2011-12-09,False,REAL
84997C,CHILDRENS CUTLERY POLKADOT BLUE,4.15,A,4059,16840.27,215,2010-12-01,2011-12-09,False,REAL
84997D,CHILDRENS CUTLERY POLKADOT PINK,4.15,A,5390,22264.39,259,2010-12-01,2011-12-09,False,REAL
85006,SET 4 NURSERY DES ROUND BOXES,0.85,C,55,57.25,9,2010-12-10,2011-04-27,False,REAL
85008,SET OF 3 CONEY ISLAND OVAL BOXES,4.95,C,13,66.12,8,2010-12-01,2011-04-10,False,REAL
85014A,BLACK/BLUE POLKADOT UMBRELLA,5.95,A,1181,6904.04,180,2010-12-01,2011-12-06,False,REAL
85014B,RED RETROSPOT UMBRELLA,5.95,A,1934,11259.31,198,2010-12-01,2011-12-09,False,REAL
85015,SET OF 12  VINTAGE POSTCARD SET,0.65,B,2180,1718.54,112,2010-12-01,2011-12-08,False,REAL
85016,SET OF 6 VINTAGE NOTELETS KIT,2.46,C,563,560.11,37,2010-12-01,2011-05-31,False,REAL
85017A,ENVELOPE 50 ROMANTIC IMAGES,0.85,C,16,13.58,7,2010-12-01,2011-04-03,False,REAL
85017B,ENVELOPE 50 BLOSSOM IMAGES,0.83,C,1065,590.09,115,2010-12-01,2011-11-08,False,REAL
85017C,ENVELOPE 50 CURIOUS IMAGES,0.42,C,49,26.17,10,2010-12-05,2011-05-12,False,REAL
85018D,YULETIDE IMAGES S/6 PAPER BOXES,2.55,C,12,30.6,5,2010-12-03,2011-01-14,False,REAL
85019A,ROMANTIC IMAGES NOTEBOOK SET,1.25,C,414,564.35,32,2010-12-01,2011-12-08,False,REAL
85019B,BLOSSOM  IMAGES NOTEBOOK SET,1.25,C,510,680.47,33,2011-01-11,2011-12-08,False,REAL
85019C,CURIOUS  IMAGES NOTEBOOK SET,1.25,C,182,270.72,11,2010-12-01,2011-06-09,False,REAL
85020,ROUND PINK HEART MIRROR,2.1,C,85,188.81,21,2010-12-06,2011-12-05,False,REAL
85023B,EAU DE NILE JEWELLED PHOTOFRAME,2.55,C,33,84.15,12,2010-12-19,2011-12-05,False,REAL
85024B,EAU DE NILE JEWELLED PHOTOFRAME,1.65,C,193,289.65,12,2011-01-30,2011-12-05,False,REAL
85024C,PINK SMALL JEWELLED PHOTOFRAME,1.65,C,12,19.8,9,2010-12-08,2011-11-22,False,REAL
85025B,EAU DE NILE HEART SHAPE PHOTO FRAME,1.65,C,329,555.12,36,2010-12-03,2011-12-08,False,REAL
85025C,PINK HEART SHAPE PHOTO FRAME,1.65,C,321,520.91,37,2010-12-02,2011-08-24,False,REAL
85026B,EAU DE NILE JEWELLED T-LIGHT HOLDER,0.85,C,79,70.27,11,2010-12-07,2011-12-08,False,REAL
85027L,FRENCH CHATEAU LARGE PLATTER,1.95,C,65,150.75,16,2010-12-05,2011-04-19,False,REAL
85028L,FRENCH CHATEAU LARGE FRUIT BOWL,1.95,C,10,19.5,4,2011-03-27,2011-04-08,False,REAL
85028S,FRENCH CHATEAU SMALL FRUITBOWL,1.95,C,24,51.6,6,2011-03-27,2011-04-08,False,REAL
85030,FRENCH CHATEAU OVAL PLATTER,1.95,C,15,29.25,5,2011-03-20,2011-04-08,False,REAL
85031A,ROMANTIC IMAGES SCRAP BOOK SET,4.95,C,16,45.9,7,2010-12-12,2011-04-13,False,REAL
85031B,BLOSSOM IMAGES SCRAP BOOK SET,4.95,C,1,4.95,1,2010-12-16,2010-12-16,False,REAL
85031C,CURIOUS IMAGES SCRAP BOOK SET,4.95,C,3,14.85,1,2010-12-16,2010-12-16,False,REAL
85032A,ROMANTIC IMAGES GIFT WRAP SET,0.65,C,789,776.49,94,2010-12-09,2011-12-08,False,REAL
85032B,BLOSSOM IMAGES GIFT WRAP SET,0.65,C,786,739.99,97,2010-12-12,2011-12-08,False,REAL
85032C,CURIOUS IMAGES GIFT WRAP SET,0.65,C,671,710.74,96,2010-12-09,2011-12-09,False,REAL
85032D,YULETIDE IMAGES GIFT WRAP SET,0.65,C,687,561.34,68,2010-12-01,2011-10-06,False,REAL
85034A,3 GARDENIA MORRIS BOXED CANDLES,1.25,B,494,915.52,53,2010-12-01,2011-11-23,False,REAL
85034B,3 WHITE CHOC MORRIS BOXED CANDLES,1.25,B,946,1637.07,69,2010-12-05,2011-12-08,False,REAL
85034C,3 ROSE MORRIS BOXED CANDLES,1.25,B,1109,1727.0,75,2010-12-03,2011-12-07,False,REAL
85035A,GARDENIA 3 WICK MORRIS BOXED CANDLE,4.25,B,273,777.99,60,2010-12-02,2011-10-26,False,REAL
85035B,CHOCOLATE 3 WICK MORRIS BOX CANDLE,3.36,B,620,1062.57,52,2010-12-01,2011-10-27,False,REAL
85035C,ROSE 3 WICK MORRIS BOX CANDLE,1.25,B,1130,1735.13,74,2010-12-01,2011-11-27,False,REAL
85036A,GARDENIA 1 WICK MORRIS BOXED CANDLE,4.25,C,212,726.68,50,2010-12-06,2011-10-31,False,REAL
85036B,CHOCOLATE 1 WICK MORRIS BOX CANDLE,1.25,C,344,531.4,35,2010-12-03,2011-11-17,False,REAL
85036C,ROSE 1 WICK MORRIS BOXED CANDLE,1.25,B,555,857.11,59,2010-12-05,2011-11-23,False,REAL
85038,6 CHOCOLATE LOVE HEART T-LIGHTS,2.1,B,1061,2171.26,103,2010-12-01,2011-12-09,False,REAL
85039A,SET/4 RED MINI ROSE CANDLE IN BOWL,1.63,B,744,1142.43,132,2010-12-01,2011-12-09,False,REAL
85039B,S/4 IVORY MINI ROSE CANDLE IN BOWL,1.63,B,806,1174.63,115,2010-12-06,2011-12-09,False,REAL
85039C,S/4 BLACK MINI ROSE CANDLE IN BOWL,1.63,C,305,265.77,58,2010-12-06,2011-12-08,False,REAL
85040A,S/4 PINK FLOWER CANDLES IN BOWL,1.65,B,912,1699.4,135,2010-12-07,2011-12-09,False,REAL
85040B,SET/4 BLUE FLOWER CANDLES IN BOWL,1.65,C,134,224.52,32,2010-12-01,2011-04-10,False,REAL
85045,GREEN CHRISTMAS TREE STRING 20LIGHT,4.95,C,42,191.1,10,2010-12-01,2011-11-02,False,REAL
85047,WHITE BEADED GARLAND STRING 20LIGHT,6.35,C,3,19.05,2,2011-01-25,2011-01-27,False,REAL
85048,15CM CHRISTMAS GLASS BALL 20 LIGHTS,7.95,A,1330,10690.06,103,2010-12-01,2011-12-09,False,REAL
85049A,TRADITIONAL CHRISTMAS RIBBONS,1.25,A,3244,4653.95,138,2010-12-01,2011-12-09,False,REAL
85049B,LUSH GREENS RIBBONS,1.25,C,56,72.42,14,2010-12-03,2011-09-20,False,REAL
85049C,ROMANTIC PINKS RIBBONS,1.25,B,1216,1518.15,157,2010-12-01,2011-12-09,False,REAL
85049D,BRIGHT BLUES RIBBONS,1.25,C,549,699.91,83,2010-12-01,2011-09-28,False,REAL
85049E,SCANDINAVIAN REDS RIBBONS,1.25,A,2954,4125.57,200,2010-12-01,2011-12-09,False,REAL
85049F,BABY BOOM RIBBONS,1.25,C,378,477.34,72,2010-12-02,2011-09-26,False,REAL
85049G,CHOCOLATE BOX RIBBONS,1.25,B,1719,2273.11,183,2010-12-01,2011-12-09,False,REAL
85049H,URBAN BLACK RIBBONS,0.83,B,848,869.1,124,2010-12-01,2011-12-09,False,REAL
85053,FRENCH ENAMEL CANDLEHOLDER,2.1,A,1668,3599.45,190,2010-12-01,2011-12-09,False,REAL
85054,FRENCH ENAMEL POT W LID,2.95,B,584,1425.18,93,2010-12-03,2011-11-28,False,REAL
85055,FRENCH ENAMEL UTENSIL HOLDER,3.75,C,45,183.71,13,2010-12-03,2011-01-18,False,REAL
85059,FRENCH ENAMEL WATER BASIN,3.75,B,403,1263.11,95,2010-12-07,2011-12-09,False,REAL
85061W,WHITE JEWELLED HEART DECORATION,0.85,B,2139,1876.2,127,2010-12-02,2011-12-08,False,REAL
85062,PEARL CRYSTAL PUMPKIN T-LIGHT HLDR,1.65,B,1458,2422.9,124,2010-12-05,2011-12-07,False,REAL
85064,CREAM SWEETHEART LETTER RACK,5.45,B,215,976.25,18,2010-12-01,2011-01-27,False,REAL
85066,CREAM SWEETHEART MINI CHEST,12.75,A,1749,22160.55,238,2010-12-02,2011-12-09,False,REAL
85067,CREAM SWEETHEART WALL CABINET,18.95,C,7,126.65,3,2010-12-01,2011-01-13,False,REAL
85071A,BLUE CHARLIE+LOLA PERSONAL DOORSIGN,0.39,C,1039,577.33,77,2010-12-01,2011-12-06,False,REAL
85071B,RED CHARLIE+LOLA PERSONAL DOORSIGN,0.39,C,1288,678.72,89,2010-12-01,2011-12-08,False,REAL
85071C,"CHARLIE+LOLA""EXTREMELY BUSY"" SIGN",0.39,C,683,428.0,81,2010-12-01,2011-12-09,False,REAL
85071D,CHARLIE+LOLA MY ROOM DOOR SIGN,0.39,C,403,249.49,64,2010-12-02,2011-12-06,False,REAL
85078,SCANDINAVIAN 3 HEARTS NAPKIN RING,1.14,C,1932,696.8,88,2010-12-03,2011-11-02,False,REAL
85084,HOLLY TOP CHRISTMAS STOCKING,0.85,C,20,17.0,4,2010-12-10,2010-12-21,False,REAL
85086A,CANDY SPOT HEART DECORATION,0.83,C,146,122.08,35,2010-12-10,2011-08-12,False,REAL
85087,CANDY SPOT CUSHION COVER,3.29,B,338,1127.04,88,2010-12-06,2011-10-07,False,REAL
85088,CANDY SPOT HAND BAG,2.1,C,257,530.63,44,2010-12-17,2011-11-30,False,REAL
85089,CANDY SPOT BUNNY,2.95,C,13,38.35,5,2011-01-05,2011-11-17,False,REAL
85092,CANDY SPOT TEA COSY,2.3,C,27,40.05,2,2011-02-07,2011-02-20,False,REAL
85093,CANDY SPOT EGG WARMER HARE,0.83,C,708,475.18,63,2010-12-06,2011-11-03,False,REAL
85094,CANDY SPOT EGG WARMER RABBIT,0.83,C,640,242.13,66,2010-12-06,2011-12-09,False,REAL
85095,THREE CANVAS LUGGAGE TAGS,1.28,C,150,243.49,39,2010-12-01,2011-12-05,False,REAL
85096,HILDA CANDY SPOT RABBIT,3.75,C,25,109.23,16,2010-12-06,2011-12-05,False,REAL
85099B,JUMBO BAG RED RETROSPOT,2.08,A,47350,92338.17,300,2010-12-01,2011-12-09,True,REAL
85099C,JUMBO  BAG BAROQUE BLACK WHITE,2.08,A,13620,27538.37,285,2010-12-01,2011-12-09,True,REAL
85099F,JUMBO BAG STRAWBERRY,2.08,A,17045,32302.98,265,2010-12-01,2011-12-08,True,REAL
85103,SILVER T-LIGHT SETTING,5.91,C,106,704.14,22,2010-12-16,2011-07-19,False,REAL
85104,SILVER GLASS T-LIGHT SET,2.95,C,198,516.9,15,2010-12-01,2011-12-06,False,REAL
85106,CUT GLASS HEXAGON T-LIGHT HOLDER,2.12,B,649,1142.31,17,2010-12-02,2011-11-28,False,REAL
85107,CUT GLASS T-LIGHT HOLDER OCTAGON,2.55,C,249,541.39,26,2010-12-09,2011-12-06,False,REAL
85109,PINK BOUDOIR T-LIGHT HOLDER,0.85,C,12,10.2,1,2010-12-19,2010-12-19,False,REAL
85111,SILVER GLITTER FLOWER VOTIVE HOLDER,0.29,C,1409,437.59,48,2010-12-03,2011-12-08,False,REAL
85114A,BLACK ENCHANTED FOREST PLACEMAT,1.65,B,698,1266.91,65,2010-12-01,2011-12-01,False,REAL
85114B,IVORY ENCHANTED FOREST PLACEMAT,1.65,B,511,1018.05,79,2010-12-01,2011-12-08,False,REAL
85114C,RED ENCHANTED FOREST PLACEMAT,1.65,B,678,1454.88,85,2010-12-01,2011-12-09,False,REAL
85115B,S/4 BLACK DISCO PARTITION PANEL,8.29,C,3,24.87,1,2011-10-11,2011-10-11,False,REAL
85116,BLACK CANDELABRA T-LIGHT HOLDER,1.63,B,911,1043.88,69,2010-12-01,2011-10-14,False,REAL
85118,HEART T-LIGHT HOLDER,1.25,C,133,128.27,7,2010-12-08,2011-01-17,False,REAL
85119,WATERING CAN SINGLE HOOK PISTACHIO,3.36,C,1,3.36,1,2010-12-07,2010-12-07,False,REAL
85123A,WHITE HANGING HEART T-LIGHT HOLDER,2.95,A,35360,99804.08,305,2010-12-01,2011-12-09,True,REAL
85124B,BLUE JUICY FRUIT PHOTO FRAME,2.55,C,87,248.76,35,2010-12-02,2011-11-24,False,REAL
85124C,GREEN JUICY FRUIT PHOTO FRAME,2.55,C,94,261.89,32,2010-12-02,2011-10-23,False,REAL
85125,SMALL ROUND CUT GLASS CANDLESTICK,4.95,C,158,745.54,27,2010-12-06,2011-11-27,False,REAL
85126,LARGE ROUND CUTGLASS CANDLESTICK,13.57,C,2,27.14,1,2010-12-21,2010-12-21,False,REAL
85127,SMALL SQUARE CUT GLASS CANDLESTICK,4.95,B,182,1081.79,42,2010-12-01,2011-12-05,False,REAL
85129B,BEADED CRYSTAL HEART GREEN SMALL,2.46,C,119,168.59,28,2010-12-05,2011-12-05,False,REAL
85129C,BEADED CRYSTAL HEART BLUE SMALL,1.25,C,80,107.31,15,2010-12-03,2011-12-08,False,REAL
85129D,BEADED CRYSTAL HEART PINK SMALL,2.46,C,207,342.74,55,2010-12-01,2011-12-05,False,REAL
85130A,BEADED PEARL HEART WHITE LARGE,1.65,C,77,127.05,8,2010-12-03,2011-05-23,False,REAL
85130B,BEADED CRYSTAL HEART GREEN LARGE,0.79,C,834,760.43,54,2010-12-07,2011-12-07,False,REAL
85130C,BEADED CRYSTAL HEART BLUE  LARGE,0.79,C,482,437.22,41,2011-01-20,2011-12-07,False,REAL
85130D,BEADED CRYSTAL HEART PINK LARGE,0.79,C,565,569.29,55,2010-12-05,2011-12-07,False,REAL
85131A,BEADED PEARL HEART WHITE ON STICK,0.83,B,990,893.98,92,2010-12-03,2011-10-30,False,REAL
85131B,BEADED CRYSTAL HEART GREEN ON STICK,0.83,C,623,521.11,125,2010-12-01,2011-12-09,False,REAL
85131C,BEADED CRYSTAL HEART BLUE ON STICK,0.83,C,193,178.85,43,2010-12-06,2011-11-14,False,REAL
85131D,BEADED CRYSTAL HEART PINK ON STICK,0.83,C,850,725.26,132,2010-12-01,2011-12-09,False,REAL
85132A,CHARLIE + LOLA BISCUITS TINS,5.79,B,551,1650.07,64,2010-12-01,2011-05-24,False,REAL
85132B,CHARLIE AND LOLA TABLE TINS,1.95,B,538,1230.78,48,2010-12-02,2011-06-21,False,REAL
85132C,CHARLIE AND LOLA FIGURES TINS,1.95,A,1506,3554.04,110,2010-12-02,2011-09-02,False,REAL
85135A,YELLOW DRAGONFLY HELICOPTER,7.95,C,19,151.05,7,2010-12-21,2011-11-29,False,REAL
85135B,BLUE DRAGONFLY HELICOPTER,7.95,C,64,516.6,31,2010-12-01,2011-11-17,False,REAL
85135C,RED DRAGONFLY HELICOPTER,7.95,B,105,848.43,47,2010-12-01,2011-12-08,False,REAL
85136A,YELLOW SHARK HELICOPTER,7.95,C,71,572.41,43,2010-12-01,2011-12-06,False,REAL
85136B,BLUE SHARK HELICOPTER,7.95,C,2,15.9,2,2010-12-12,2010-12-14,False,REAL
85136C,RED SHARK HELICOPTER,7.95,C,52,421.18,28,2010-12-01,2011-12-08,False,REAL
85141,JARDIN ETCHED GLASS FRUITBOWL,3.95,C,115,595.19,27,2010-12-15,2011-06-16,False,REAL
85144,JARDIN ETCHED GLASS CHEESE DISH,1.95,C,220,582.7,32,2010-12-02,2011-05-03,False,REAL
85145,JARDIN ETCHED GLASS LARGE BELL JAR,3.95,C,37,163.75,11,2011-03-25,2011-04-28,False,REAL
85146,JARDIN ETCHED GLASS SMALL BELL JAR,3.45,C,45,171.11,8,2010-12-15,2011-04-07,False,REAL
85150,LADIES & GENTLEMEN METAL SIGN,2.55,A,4033,9373.23,190,2010-12-01,2011-12-09,False,REAL
85152,HAND OVER THE CHOCOLATE   SIGN,2.1,A,8196,15844.23,245,2010-12-01,2011-12-09,False,REAL
85159A,"BLACK TEA,COFFEE,SUGAR JARS",1.95,C,413,700.95,40,2010-12-02,2011-12-04,False,REAL
85159B,"WHITE TEA,COFFEE,SUGAR JARS",1.95,B,584,1042.8,54,2010-12-14,2011-11-30,False,REAL
85160A,WHITE BIRD GARDEN DESIGN MUG,8.69,C,7,23.63,2,2010-12-21,2011-01-25,False,REAL
85160B,BLACK BIRD GARDEN DESIGN MUG,0.39,C,104,61.46,16,2011-01-12,2011-11-13,False,REAL
85161,ACRYLIC GEOMETRIC LAMP,18.95,C,35,568.65,18,2010-12-23,2011-11-27,False,REAL
85163A,WHITE BAROQUE WALL CLOCK,11.85,C,66,559.0,29,2010-12-17,2011-11-23,False,REAL
85163B,BLACK BAROQUE WALL CLOCK,10.95,B,84,783.68,27,2010-12-17,2011-12-05,False,REAL
85167B,BLACK GRAND BAROQUE PHOTO FRAME,4.25,C,50,109.94,8,2010-12-03,2011-04-08,False,REAL
85168B,BLACK BAROQUE CARRIAGE CLOCK,8.29,C,51,432.79,29,2011-01-04,2011-12-09,False,REAL
85169A,IVORY LOVE BIRD CANDLE,1.25,B,812,813.02,67,2010-12-03,2011-12-08,False,REAL
85169B,BLACK LOVE BIRD CANDLE,1.25,C,329,356.06,49,2010-12-01,2011-12-08,False,REAL
85169C,EAU DE NIL LOVE BIRD CANDLE,1.25,C,429,452.86,37,2010-12-03,2011-12-09,False,REAL
85169D,PINK LOVE BIRD CANDLE,1.25,C,351,356.08,42,2010-12-03,2011-11-29,False,REAL
85170A,SET/6 IVORY BIRD T-LIGHT CANDLES,2.1,C,1,2.1,1,2010-12-07,2010-12-07,False,REAL
85170B,SET/6 BLACK BIRD T-LIGHT CANDLES,2.1,C,215,316.75,36,2010-12-07,2011-11-29,False,REAL
85170C,SET/6 EAU DE NIL BIRD T-LIGHTS,2.46,C,335,608.53,62,2010-12-07,2011-12-09,False,REAL
85170D,SET/6 PINK BIRD T-LIGHT CANDLES,2.46,B,446,788.99,84,2010-12-01,2011-12-08,False,REAL
85172,HYACINTH BULB T-LIGHT CANDLES,0.42,C,1218,529.36,39,2010-12-01,2011-12-06,False,REAL
85173,SET/6 FROG PRINCE T-LIGHT CANDLES,2.55,B,479,795.02,67,2010-12-07,2011-12-09,False,REAL
85174,S/4 CACTI CANDLES,4.95,A,612,2922.83,106,2010-12-01,2011-12-09,False,REAL
85175,CACTI T-LIGHT CANDLES,0.42,B,5209,2231.86,106,2010-12-02,2011-11-28,False,REAL
85176,SEWING SUSAN 21 NEEDLE SET,0.85,B,917,879.62,119,2010-12-01,2011-12-08,False,REAL
85177,BASKET OF FLOWERS SEWING KIT,0.85,C,811,643.36,59,2010-12-01,2011-12-09,False,REAL
85178,VICTORIAN SEWING KIT,1.25,B,2229,2480.53,97,2010-12-01,2011-12-09,False,REAL
85179A,GREEN BITTY LIGHT CHAIN,2.46,C,193,378.6,41,2010-12-05,2011-12-09,False,REAL
85179C,PINK BITTY LIGHT CHAIN,2.46,C,105,196.66,29,2010-12-13,2011-12-08,False,REAL
85180A,RED HEARTS LIGHT CHAIN,2.485,B,495,1005.46,36,2010-12-14,2011-12-05,False,REAL
85180B,PINK HEARTS LIGHT CHAIN,2.51,C,270,582.55,32,2010-12-09,2011-12-06,False,REAL
85183A,CHARLIE & LOLA WASTEPAPER BIN BLUE,1.25,B,666,850.79,66,2010-12-13,2011-12-05,False,REAL
85183B,CHARLIE & LOLA WASTEPAPER BIN FLORA,1.25,B,996,1323.37,91,2010-12-01,2011-12-04,False,REAL
85184C,S/4 VALENTINE DECOUPAGE HEART BOX,2.95,A,1654,2997.42,114,2010-12-01,2011-12-08,False,REAL
85185B,PINK HORSE SOCK PUPPET,2.95,B,296,897.44,60,2010-12-02,2011-11-30,False,REAL
85185D,FROG SOCK PUPPET,2.95,C,15,44.25,8,2010-12-02,2011-05-25,False,REAL
85186A,EASTER BUNNY GARLAND OF FLOWERS,0.83,C,567,273.64,50,2010-12-01,2011-04-14,False,REAL
85186C,BUNNY EGG GARLAND,0.83,C,508,260.77,49,2011-01-04,2011-10-20,False,REAL
85187,S/12 MINI RABBIT EASTER,1.65,C,337,556.53,50,2010-12-05,2011-11-27,False,REAL
85188A,GREEN METAL SWINGING BUNNY,0.85,C,316,275.62,33,2011-01-21,2011-04-21,False,REAL
85188B,PINK METAL SWINGING BUNNY,0.85,C,78,68.7,10,2010-12-13,2011-03-27,False,REAL
85189,HANGING BUTTERFLY  EGG,0.85,C,9,7.65,3,2011-01-13,2011-03-16,False,REAL
85194L,HANGING SPRING FLOWER EGG LARGE,0.85,B,923,802.49,48,2010-12-14,2011-11-22,False,REAL
85194S,HANGING SPRING FLOWER EGG SMALL,0.65,C,1168,470.78,57,2011-01-05,2011-12-04,False,REAL
85195,HANGING HEART BASKET,2.1,C,11,23.1,3,2010-12-14,2011-03-16,False,REAL
85197,SET OF 12 MINI BUNNIES IN A BUCKET,2.1,C,34,71.4,16,2011-01-11,2011-07-29,False,REAL
85198,ASSORTED FARMYARD ANIMALS IN BUCKET,0.85,C,90,74.58,8,2011-01-17,2011-05-18,False,REAL
85199L,LARGE HANGING IVORY & RED WOOD BIRD,0.65,C,964,654.98,82,2010-12-01,2011-12-08,False,REAL
85199S,SMALL HANGING IVORY/RED WOOD BIRD,0.42,B,2636,1292.23,147,2010-12-01,2011-12-09,False,REAL
85200,BUNNY EGG BOX,1.25,C,183,228.75,23,2011-01-16,2011-04-18,False,REAL
85202,HANGING WOOD AND FELT HEART,0.42,C,672,313.13,81,2010-12-06,2011-11-29,False,REAL
85203,HANGING WOOD AND FELT BUTTERFLY,0.42,C,895,408.99,90,2010-12-03,2011-12-05,False,REAL
85204,HANGING WOOD AND FELT FLOWER,0.42,C,2049,325.24,86,2010-12-06,2011-12-07,False,REAL
85205B,PINK FELT EASTER RABBIT GARLAND,2.55,C,122,323.15,24,2010-12-17,2011-04-21,False,REAL
85206A,CREAM FELT EASTER EGG BASKET,1.65,B,974,1568.93,49,2010-12-05,2011-03-17,False,REAL
85206B,PINK FELT EASTER EGG BASKET,1.65,C,14,23.1,4,2011-01-13,2011-01-20,False,REAL
85208,SET/12 FUNKY FELT FLOWER PEG IN BAG,2.1,C,223,416.91,40,2010-12-05,2011-11-29,False,REAL
85211,S/4 GROOVY CAT MAGNETS,1.65,C,147,173.58,24,2010-12-10,2011-10-13,False,REAL
85212,MINI PAINTED GARDEN DECORATION,0.29,C,2439,736.67,67,2010-12-01,2011-12-07,False,REAL
85213,MINI  ZINC GARDEN DECORATIONS,0.85,C,816,326.22,27,2010-12-07,2011-07-31,False,REAL
85214,TUB 24 PINK FLOWER PEGS,1.65,C,164,271.04,47,2010-12-02,2011-08-10,False,REAL
85215,ASSORTED CHEESE FRIDGE MAGNETS,1.24,C,223,180.71,18,2010-12-05,2011-08-10,False,REAL
85216,ASSORTED CAKES FRIDGE MAGNETS,0.65,C,55,35.75,8,2010-12-02,2011-11-18,False,REAL
85224,ASSORTED COLOUR SILK GLASSES CASE,2.1,C,3,6.3,1,2011-03-23,2011-03-23,False,REAL
85225,BLING KEY RING STAND,1.0,C,6,6.25,3,2011-04-28,2011-12-07,False,REAL
85227,SET OF 6 3D KIT CARDS FOR KIDS,0.85,B,1467,1350.9,131,2010-12-01,2011-12-09,False,REAL
85230A,OPIUM SCENTED VOTIVE CANDLE,0.29,C,840,203.28,18,2010-12-20,2011-12-02,False,REAL
85230B,CINNAMON SCENTED VOTIVE CANDLE,0.29,C,1288,333.2,35,2010-12-03,2011-12-06,False,REAL
85230E,STRAWBRY SCENTED VOTIVE CANDLE,0.29,C,1101,267.45,24,2010-12-10,2011-09-11,False,REAL
85230F,JASMINE VOTIVE CANDLE,0.29,C,338,90.34,12,2010-12-03,2011-11-10,False,REAL
85230G,ORANGE VOTIVE CANDLE,0.29,C,984,243.12,24,2010-12-08,2011-12-02,False,REAL
85231B,CINAMMON SET OF 9 T-LIGHTS,0.85,C,860,773.15,109,2010-12-01,2011-12-08,False,REAL
85231G,ORANGE SCENTED SET/9 T-LIGHTS,0.85,C,590,502.55,70,2010-12-01,2011-10-12,False,REAL
85232A,SET/3 POLKADOT STACKING TINS,4.95,C,75,374.7,23,2010-12-17,2011-06-06,False,REAL
85232B,SET OF 3 BABUSHKA STACKING TINS,4.95,B,271,1341.45,8,2010-12-01,2011-02-11,False,REAL
85232D,SET/3 DECOUPAGE STACKING TINS,4.95,B,190,977.67,59,2010-12-01,2011-12-08,False,REAL
90000A,RASPBERRY ANT COPPER FLOWER NECKLAC,5.95,C,13,77.91,8,2011-02-20,2011-11-16,False,REAL
90000B,MIDNIGHT BLUE COPPER FLOWER NECKLAC,6.23,C,11,67.83,7,2010-12-07,2011-07-25,False,REAL
90000D,COPPER/OLIVE GREEN FLOWER NECKLACE,6.23,C,21,129.85,14,2010-12-03,2011-11-25,False,REAL
90001A,ANTIQUE RASPBERRY FLOWER EARRINGS,4.15,C,5,20.95,4,2011-02-28,2011-10-31,False,REAL
90001B,ANTIQUE MID BLUE FLOWER EARRINGS,4.25,C,5,21.15,3,2011-06-13,2011-11-08,False,REAL
90001C,ANTIQUE OPAL WHITE FLOWER EARRINGS,4.24,C,5,21.13,5,2010-12-07,2011-10-20,False,REAL
90001D,ANTIQUE OLIVE GREEN FLOWER EARRINGS,4.25,C,7,29.73,5,2010-12-06,2011-10-09,False,REAL
90002D,FLOWER BURST SILVER RING CRYSTAL,3.75,C,13,48.71,9,2010-12-02,2011-05-08,False,REAL
90003B,ROSE COLOUR PAIR HEART HAIR SLIDES,3.75,C,11,41.31,8,2010-12-07,2011-11-29,False,REAL
90003C,MIDNIGHT BLUE PAIR HEART HAIR SLIDE,3.73,C,28,104.84,22,2010-12-01,2011-12-09,False,REAL
90003D,CRYSTAL PAIR HEART HAIR SLIDES,3.73,C,26,97.26,15,2010-12-12,2011-11-29,False,REAL
90003E,GREEN PAIR HEART HAIR SLIDES,3.73,C,19,71.11,12,2010-12-03,2011-12-09,False,REAL
90005A,JADE GREEN ENAMEL HAIR COMB,2.01,C,14,28.02,8,2010-12-07,2011-04-27,False,REAL
90010A,MIDNIGHT BLUE GLASS/SILVER BRACELET,9.57,C,18,167.3,15,2010-12-03,2011-12-09,False,REAL
90010B,BLACK/WHITE GLASS/SILVER BRACELET,8.95,C,11,100.09,7,2010-12-03,2011-04-10,False,REAL
90010E,AMBER GLASS/SILVER BRACELET,9.15,C,25,227.89,16,2010-12-06,2011-12-02,False,REAL
90011A,MIDNIGHT BLUE CRYSTAL DROP EARRINGS,2.9,C,6,17.51,6,2010-12-23,2011-11-24,False,REAL
90011B,BLACK CRYSTAL DROP EARRINGS,2.95,C,12,35.27,7,2010-12-20,2011-11-30,False,REAL
90011C,GREEN CRYSTAL DROP EARRINGS,2.9,C,2,5.8,2,2011-07-06,2011-11-24,False,REAL
90011D,PURPLE CRYSTAL DROP EARRINGS,2.9,C,3,8.76,3,2010-12-17,2011-11-22,False,REAL
90011E,AMBER CRYSTAL DROP EARRINGS,2.9,C,3,8.76,3,2011-01-12,2011-09-15,False,REAL
90012A,MIDNIGHT BLUE DROP CRYSTAL NECKLACE,9.98,C,11,53.76,5,2010-12-17,2011-10-11,False,REAL
90012B,BLACK DROP CRYSTAL NECKLACE,2.95,C,13,45.35,3,2010-12-16,2011-11-13,False,REAL
90013A,MIDNIGHT BLUE VINTAGE EARRINGS,3.73,C,44,165.32,28,2010-12-06,2011-12-09,False,REAL
90013B,BLACK VINTAGE EARRINGS,4.15,C,36,149.41,29,2010-12-01,2011-11-30,False,REAL
90013C,GREEN VINTAGE EARRINGS,4.15,C,39,158.08,26,2010-12-06,2011-12-09,False,REAL
90013D,PURPLE VINTAGE EARRINGS,4.15,C,6,25.17,3,2010-12-23,2011-06-29,False,REAL
90014A,SILVER/MOP ORBIT NECKLACE,9.95,C,27,217.59,21,2010-12-17,2011-12-09,False,REAL
90014B,GOLD M PEARL  ORBIT NECKLACE,9.95,C,17,158.74,15,2010-12-06,2011-10-26,False,REAL
90014C,SILVER AND BLACK ORBIT NECKLACE,9.95,C,5,43.2,4,2011-03-31,2011-11-27,False,REAL
90016A,SILVER/M.O.P PENDANT ORBIT NECKLACE,8.32,C,17,105.71,7,2011-01-27,2011-10-26,False,REAL
90016B,GOLD/M.O.P PENDANT ORBIT NECKLACE,8.32,C,22,184.66,18,2011-01-27,2011-12-09,False,REAL
90016C,SILVER/BLACK PENDANT ORBIT NECKLACE,8.32,C,3,24.96,3,2011-03-03,2011-12-08,False,REAL
90018A,SILVER M.O.P ORBIT DROP EARRINGS,4.15,C,45,189.08,34,2010-12-01,2011-12-08,False,REAL
90018B,GOLD M.O.P ORBIT DROP EARRINGS,4.15,C,22,92.28,17,2010-12-01,2011-12-09,False,REAL
90018C,SILVER BLACK ORBIT DROP EARRINGS,4.15,C,11,46.15,9,2011-05-24,2011-11-25,False,REAL
90019A,SILVER M.O.P ORBIT BRACELET,5.4,C,38,197.09,25,2010-12-07,2011-12-05,False,REAL
90019B,GOLD M.O.P ORBIT BRACELET,5.4,C,18,96.52,18,2010-12-01,2011-12-09,False,REAL
90019C,SILVER BLACK ORBIT BRACELET,5.4,C,13,68.73,10,2010-12-07,2011-12-08,False,REAL
90020,FILIGREE DIAMANTE CHAIN,12.48,C,1,12.48,1,2011-08-30,2011-08-30,False,REAL
90021,LASER CUT MULTI STRAND NECKLACE,11.95,C,1,11.95,1,2011-04-27,2011-04-27,False,REAL
90022,EDWARDIAN DROP EARRINGS JET BLACK,3.75,C,20,75.2,18,2010-12-01,2011-12-08,False,REAL
90023,FILIGREE DIAMANTE EARRINGS,4.24,C,13,55.02,9,2010-12-07,2011-11-27,False,REAL
90024B,NEW BAROQUE B'FLY NECKLACE RED,8.32,C,6,50.28,5,2011-02-14,2011-12-05,False,REAL
90024C,NEW BAROQUE B'FLY NECKLACE GREEN,8.49,C,4,33.81,3,2010-12-01,2011-07-25,False,REAL
90024D,NEW BAROQUE B'FLY NECKLACE PINK,8.41,C,2,16.82,2,2011-04-10,2011-09-29,False,REAL
90024E,NEW BAROQUE B'FLY NECKLACE MONTANA,8.405000000000001,C,2,16.81,2,2010-12-23,2011-03-29,False,REAL
90024F,NEW BAROQUE B'FLY NECKLACE CRYSTAL,8.405000000000001,C,5,42.13,4,2010-12-23,2011-11-30,False,REAL
90025A,BAROQUE BUTTERFLY EARRINGS BLACK,3.75,C,2,7.5,2,2011-04-10,2011-10-09,False,REAL
90025B,BAROQUE BUTTERFLY EARRINGS RED,3.73,C,1,3.73,1,2011-04-21,2011-04-21,False,REAL
90025D,BAROQUE BUTTERFLY EARRINGS PINK,3.73,C,3,11.19,3,2011-03-03,2011-09-29,False,REAL
90025E,BAROQUE BUTTERFLY EARRINGS MONTANA,3.73,C,1,3.73,1,2011-06-06,2011-06-06,False,REAL
90025F,BAROQUE BUTTERFLY EARRINGS CRYSTAL,3.74,C,4,14.96,4,2011-07-04,2011-10-20,False,REAL
90026A,GLASS BEAD HOOP NECKLACE BLACK,8.5,C,2,17.0,1,2011-06-13,2011-06-13,False,REAL
90026B,GLASS BEAD HOOP NECKLACE MONTANA,8.5,C,3,25.32,3,2011-02-20,2011-03-31,False,REAL
90026C,GLASS BEAD HOOP NECKLACE GREEN,8.5,C,4,33.82,3,2011-02-20,2011-11-09,False,REAL
90026D,GLASS BEAD HOOP NECKLACE AMETHYST,8.5,C,3,25.5,3,2011-02-20,2011-11-18,False,REAL
90027A,GLASS BEAD HOOP EARRINGS BLACK,2.95,C,6,17.66,3,2010-12-07,2011-08-30,False,REAL
90027B,GLASS BEAD HOOP EARRINGS MONTANA,2.9,C,3,8.76,3,2010-12-17,2011-11-25,False,REAL
90027C,GLASS BEAD HOOP EARRINGS GREEN,2.9,C,5,14.5,5,2011-01-20,2011-11-25,False,REAL
90027D,GLASS BEAD HOOP EARRINGS AMETHYST,3.32,C,9,28.4,6,2010-12-20,2011-12-09,False,REAL
90028,NEW BAROQUE LARGE NECKLACE BLK/WHIT,8.32,C,16,134.16,14,2010-12-03,2011-11-02,False,REAL
90029,NEW BAROQUE SMALL NECKLACE BLACK,8.41,C,5,42.14,4,2011-02-11,2011-08-30,False,REAL
90030A,SPOTTED WHITE NATURAL SEED NECKLACE,1.0,C,72,72.0,6,2011-07-18,2011-11-28,False,REAL
90030B,RED KUKUI COCONUT SEED NECKLACE,1.0,C,122,190.73,23,2010-12-09,2011-12-09,False,REAL
90030C,BROWN KUKUI COCONUT SEED NECKLACE,1.0,C,77,91.7,10,2010-12-09,2011-11-25,False,REAL
90031,BILI NUT AND WOOD NECKLACE,1.0,C,50,59.89,7,2010-12-10,2011-11-25,False,REAL
90032,IVORY SHELL HEART NECKLACE,6.25,C,21,103.13,8,2010-12-13,2011-10-26,False,REAL
90033,IVORY SHELL HEART EARRINGS,2.48,C,10,25.07,9,2010-12-09,2011-11-29,False,REAL
90034,WHITE SILVER NECKLACE SHELL GLASS,10.085,C,2,20.17,2,2010-12-08,2011-04-18,False,REAL
90035A,"PEARL & SHELL 42""NECKL. GREEN",10.75,C,5,53.62,3,2010-12-15,2011-04-13,False,REAL
90035C,"PEARL & SHELL 42""NECKL. IVORY",10.75,C,2,21.5,1,2011-05-13,2011-05-13,False,REAL
90036A,FLOWER GARLAND NECKLACE RED,7.95,C,6,47.7,4,2011-05-08,2011-08-05,False,REAL
90036B,"FLOWER GLASS GARLAND NECKL.36""GREEN",7.95,C,4,31.8,2,2011-06-13,2011-08-01,False,REAL
90036C,"FLOWER GLASS GARLAND NECKL.36""BLUE",7.9,C,9,71.4,5,2011-04-18,2011-12-02,False,REAL
90036D,"FLOWER GLASS GARLAND NECKL.36""BLACK",7.95,C,12,95.35,5,2010-12-09,2011-06-13,False,REAL
90036E,"FLOWER GLASS GARLD NECKL36""AMETHYST",7.9,C,14,110.95,11,2010-12-12,2011-10-20,False,REAL
90036F,"FLOWER GLASS GARLD NECKL36""TURQUOIS",8.07,C,8,64.08,5,2010-12-01,2011-03-23,False,REAL
90037A,TINY CRYSTAL BRACELET RED,2.48,C,1,2.48,1,2011-01-25,2011-01-25,False,REAL
90037B,TINY CRYSTAL BRACELET GREEN,2.48,C,10,25.28,5,2011-01-05,2011-12-06,False,REAL
90037C,TINY CRYSTAL BRACELET BLUE,2.48,C,5,12.52,5,2011-01-10,2011-12-06,False,REAL
90038A,GLASS AND PAINTED BEADS BRACELET TO,3.73,C,15,56.15,10,2011-01-12,2011-11-24,False,REAL
90038B,GLASS AND PAINTED BEADS BRACELET OL,3.73,C,13,48.77,8,2011-01-10,2011-12-08,False,REAL
90038C,GLASS AND BEADS BRACELET IVORY,3.73,C,9,33.69,4,2011-03-07,2011-09-02,False,REAL
90039A,FIRE POLISHED GLASS BRACELET RED,3.73,C,8,29.96,3,2011-01-13,2011-12-05,False,REAL
90039B,FIRE POLISHED GLASS BRACELET MONTAN,3.74,C,11,41.31,6,2010-12-09,2011-07-27,False,REAL
90039C,FIRE POLISHED GLASS BRACELET BLACK,3.73,C,6,22.48,6,2010-12-06,2011-12-08,False,REAL
90039D,FIRE POLISHED GLASS BRACELET GREEN,3.73,C,21,78.69,9,2010-12-09,2011-12-06,False,REAL
90040A,MURANO STYLE GLASS BRACELET RED,4.15,C,14,54.29,5,2010-12-10,2011-03-07,False,REAL
90040B,MURANO STYLE GLASS BRACELET BLACK,3.81,C,18,66.7,10,2010-12-01,2011-05-06,False,REAL
90040C,MURANO STYLE GLASS BRACELET GOLD,3.73,C,15,54.42,10,2010-12-08,2011-12-04,False,REAL
90041,PEARL AND CHERRY QUARTZ BRACLET,3.73,C,5,18.27,4,2011-01-05,2011-12-02,False,REAL
90042A,FRESHWATER PEARL BRACELET GOLD,2.55,C,3,7.65,2,2010-12-15,2011-04-13,False,REAL
90042C,FRESHWATER PEARL BRACELET IVORY,2.54,C,5,12.7,5,2010-12-17,2011-01-11,False,REAL
90043,COPPER AND BRASS BAG CHARM,7.455,C,4,24.81,2,2011-07-07,2011-10-17,False,REAL
90046,WHITE WITH METAL BAG CHARM,4.95,C,3,14.85,1,2011-07-07,2011-07-07,False,REAL
90048,GREEN WITH METAL BAG CHARM,4.95,C,3,14.85,1,2011-07-07,2011-07-07,False,REAL
90049,IVORY GOLD METAL BAG CHARM,9.96,C,5,34.77,3,2011-07-07,2011-11-23,False,REAL
90050,CRACKED GLAZE NECKLACE IVORY,6.95,C,6,41.82,4,2010-12-03,2011-11-09,False,REAL
90051,CRACKED GLAZE NECKLACE RED,6.95,C,10,70.16,7,2010-12-01,2011-10-09,False,REAL
90052,CRACKED GLAZE NECKLACE BROWN,7.07,C,2,14.14,2,2011-08-12,2011-11-15,False,REAL
90053,CRACKED GLAZE EARRINGS IVORY,2.48,C,4,9.99,4,2010-12-03,2011-10-07,False,REAL
90054,CRACKED GLAZE EARRINGS RED,2.48,C,9,22.58,9,2010-12-01,2011-12-08,False,REAL
90055,CRACKED GLAZE EARRINGS BROWN,2.48,C,5,12.53,5,2010-12-20,2011-12-09,False,REAL
90056,CHUNKY CRACKED GLAZE NECKLACE IVORY,10.82,C,4,43.51,4,2010-12-06,2011-12-06,False,REAL
90057,DIAMANTE RING ASSORTED IN BOX.,1.25,B,1008,1311.36,18,2010-12-13,2011-12-08,False,REAL
90058A,CRYSTAL STUD EARRINGS CLEAR DISPLAY,0.38,C,288,109.44,7,2011-05-05,2011-11-14,False,REAL
90058B,CRYSTAL STUD EARRINGS ASSORTED COL,0.38,C,576,218.88,15,2010-12-14,2011-12-01,False,REAL
90059A,DIAMANTE HAIR GRIP PACK/2 CRYSTAL,1.65,C,39,64.63,25,2010-12-06,2011-12-09,False,REAL
90059B,DIAMANTE HAIR GRIP PACK/2 BLACK DIA,1.65,C,10,16.62,8,2010-12-01,2011-12-05,False,REAL
90059C,DIAMANTE HAIR GRIP PACK/2 MONTANA,1.65,C,9,14.89,9,2010-12-01,2011-12-08,False,REAL
90059D,DIAMANTE HAIR GRIP PACK/2 PERIDOT,1.65,C,19,31.55,18,2010-12-08,2011-12-09,False,REAL
90059E,DIAMANTE HAIR GRIP PACK/2 RUBY,1.65,C,19,31.47,13,2010-12-01,2011-12-09,False,REAL
90059F,DIAMANTE HAIR GRIP PACK/2 LT ROSE,1.65,C,15,24.79,13,2011-01-10,2011-12-09,False,REAL
90060B,FIRE POLISHED GLASS NECKL GOLD,5.95,C,1,5.95,1,2010-12-15,2010-12-15,False,REAL
90060D,FIRE POLISHED GLASS NECKL BRONZE,5.95,C,3,17.85,3,2010-12-06,2010-12-15,False,REAL
90060F,FIRE POLISHED GLASS NECKL GREEN,5.82,C,6,35.16,6,2010-12-03,2011-11-25,False,REAL
90062,CARNIVAL BRACELET,12.75,C,44,558.03,20,2010-12-05,2011-04-28,False,REAL
90063A,WHITE VINT ART DECO CRYSTAL NECKLAC,8.5,C,12,102.0,8,2011-02-11,2011-11-03,False,REAL
90063B,BLACK VINT ART DEC CRYSTAL NECKLACE,8.5,C,9,76.32,6,2011-02-11,2011-11-03,False,REAL
90064A,WHITE VINTAGE CRYSTAL EARRINGS,3.95,C,10,38.7,6,2011-02-11,2011-11-17,False,REAL
90064B,BLACK VINTAGE  CRYSTAL EARRINGS,3.75,C,11,41.25,6,2011-02-11,2011-10-12,False,REAL
90065A,WHITE VINTAGE CRYSTAL BRACELET,6.75,C,7,47.25,4,2011-02-20,2011-06-26,False,REAL
90065B,BLACK VINT ART DEC CRYSTAL BRACELET,6.75,C,2,13.5,2,2011-10-12,2011-11-09,False,REAL
90067A,PINK VINTAGE VICTORIAN EARRINGS,2.95,C,14,41.15,7,2010-12-12,2011-11-15,False,REAL
90067B,BROWN VINTAGE VICTORIAN EARRINGS,2.9,C,2,5.8,2,2011-07-12,2011-07-27,False,REAL
90068,"RUBY GLASS NECKLACE 42""",7.5,C,1,7.5,1,2011-03-18,2011-03-18,False,REAL
90069,RUBY GLASS CLUSTER NECKLACE,7.5,C,2,15.0,1,2011-11-03,2011-11-03,False,REAL
90070,RUBY GLASS CLUSTER BRACELET,6.23,C,17,104.79,12,2010-12-10,2011-11-24,False,REAL
90071,RUBY GLASS CLUSTER EARRINGS,1.23,C,44,54.62,32,2010-12-01,2011-12-05,False,REAL
90072,RUBY DROP CHANDELIER EARRINGS,4.15,C,21,83.42,14,2010-12-17,2011-12-09,False,REAL
90073,VINTAGE ENAMEL & CRYSTAL EARRINGS,4.98,C,27,134.7,18,2010-12-06,2011-12-07,False,REAL
90074,BLACK DIAMOND CLUSTER NECKLACE,9.57,C,4,37.24,3,2010-12-06,2011-11-28,False,REAL
90075,MONTANA DIAMOND CLUSTER NECKLACE,9.57,C,4,37.66,3,2011-03-18,2011-11-24,False,REAL
90076,MONTANA DIAMOND CLUSTER EARRINGS,2.9299999999999997,C,8,21.57,4,2010-12-13,2011-11-24,False,REAL
90077,BLACK DIAMOND CLUSTER EARRINGS,2.96,C,3,8.82,3,2010-12-01,2011-09-07,False,REAL
90078,PINK/WHITE GLASS DEMI CHOKER,7.5,C,2,15.0,1,2010-12-13,2010-12-13,False,REAL
90079,VINTAGE ENAMEL & CRYSTAL NECKLACE,4.965,C,10,49.76,4,2011-01-12,2011-10-09,False,REAL
90081A,LILY BROOCH AMETHYST COLOUR,4.95,C,15,74.25,8,2010-12-02,2011-12-07,False,REAL
90081B,LILY BROOCH WHITE/SILVER COLOUR,4.95,C,1,4.95,1,2011-05-18,2011-05-18,False,REAL
90081C,LILY BROOCH OLIVE COLOUR,4.98,C,20,99.6,15,2010-12-06,2011-12-07,False,REAL
90082A,DIAMANTE BOW BROOCH GREEN COLOUR,6.35,C,30,193.2,17,2010-12-02,2011-12-08,False,REAL
90082B,DIAMANTE BOW BROOCH RED COLOUR,6.35,C,25,158.75,10,2010-12-02,2011-12-07,False,REAL
90082D,DIAMANTE BOW BROOCH BLACK COLOUR,6.35,C,9,58.03,5,2010-12-02,2011-11-27,False,REAL
90083,CRYSTAL CZECH CROSS PHONE CHARM,1.63,C,25,23.47,9,2011-05-09,2011-12-08,False,REAL
90084,PINK CRYSTAL GUITAR PHONE CHARM,0.85,C,1,0.85,1,2011-03-06,2011-03-06,False,REAL
90085,CRYSTAL STILETTO PHONE CHARM,1.63,C,34,36.76,10,2010-12-06,2011-12-02,False,REAL
90086,CRYSTAL FROG PHONE CHARM,1.63,C,102,77.79,27,2010-12-05,2011-12-09,False,REAL
90087,CRYSTAL SEA HORSE PHONE CHARM,1.63,C,107,61.46,24,2010-12-07,2011-12-08,False,REAL
90089,PINK CRYSTAL SKULL PHONE CHARM,1.63,C,20,13.94,9,2010-12-08,2011-12-08,False,REAL
90092,BLUE CRYSTAL BOOT PHONE CHARM,1.66,C,1,1.66,1,2011-01-12,2011-01-12,False,REAL
90093,CLEAR CRYSTAL STAR PHONE CHARM,1.63,C,52,28.57,9,2010-12-09,2011-12-06,False,REAL
90094,NECKLACE+BRACELET SET FRUIT SALAD,2.55,C,14,35.7,13,2010-12-03,2011-12-05,False,REAL
90096,NECKLACE+BRACELET SET BLUE BLOSSOM,2.46,C,45,112.21,26,2010-12-03,2011-11-13,False,REAL
90098,NECKLACE+BRACELET PINK BUTTERFLY,2.55,C,23,58.65,9,2011-06-24,2011-11-25,False,REAL
90099,NECKLACE+BRACELET SET BLUE HIBISCUS,2.55,C,27,76.38,15,2010-12-01,2011-12-06,False,REAL
90100,NECKLACE+BRACELET SET PINK DAISY,2.55,C,1,2.55,1,2011-02-24,2011-02-24,False,REAL
90101,WHITE FRANGIPANI NECKLACE,2.48,C,33,82.77,16,2010-12-06,2011-12-08,False,REAL
90102,WHITE FRANGIPANI HAIR CLIP,0.85,C,10,8.5,1,2011-06-07,2011-06-07,False,REAL
90103,PURPLE FRANGIPANI NECKLACE,2.48,C,29,72.66,15,2010-12-23,2011-12-05,False,REAL
90104,PURPLE FRANGIPANI HAIRCLIP,0.83,C,28,23.16,12,2010-12-06,2011-04-18,False,REAL
90108,BLUE BLOSSOM HAIR CLIP,1.755,C,60,71.46,12,2010-12-19,2011-12-01,False,REAL
90112,PINK DOLLY HAIR CLIPS,1.05,C,2,2.1,1,2010-12-23,2010-12-23,False,REAL
90114,SUMMER DAISIES BAG CHARM,2.46,C,167,417.96,68,2010-12-03,2011-12-08,False,REAL
90115,SUMMER BUTTERFLIES BAG CHARM,2.46,C,54,134.53,28,2010-12-03,2011-06-02,False,REAL
90116,FRUIT SALAD BAG CHARM,2.46,C,64,145.52,39,2010-12-01,2011-12-08,False,REAL
90118,PINK DAISY BAG CHARM,2.46,C,24,59.34,17,2011-01-06,2011-12-05,False,REAL
90119,METALIC LEAVES BAG CHARMS,2.46,C,83,205.06,33,2011-01-07,2011-12-08,False,REAL
90120A,PINK MURANO TWIST BRACELET,4.24,C,7,29.73,3,2010-12-08,2011-01-25,False,REAL
90120B,BLUE MURANO TWIST BRACELET,4.24,C,39,164.12,15,2010-12-03,2011-12-09,False,REAL
90120C,GREEN MURANO TWIST BRACELET,4.24,C,51,215.2,21,2010-12-01,2011-12-09,False,REAL
90120D,WHITE MURANO TWIST BRACELET,4.24,C,10,41.79,5,2010-12-13,2011-02-09,False,REAL
90122A,PINK CRYSTAL+GLASS BRACELET,4.98,C,21,104.53,14,2010-12-17,2011-11-15,False,REAL
90122B,JADE CRYSTAL+GLASS BRACELET,4.98,C,6,29.93,6,2011-01-10,2011-09-02,False,REAL
90122C,TURQUOISE CRYSTAL+GLASS BRACELET,4.98,C,24,119.23,11,2011-01-09,2011-12-02,False,REAL
90123A,PINK HEART OF GLASS BRACELET,5.95,C,15,89.12,8,2011-01-27,2011-10-10,False,REAL
90123B,TURQUOISE HEART OF GLASS BRACELET,5.95,C,9,53.42,5,2011-01-09,2011-08-01,False,REAL
90123C,GREEN HEART OF GLASS BRACELET,5.95,C,14,83.29,6,2011-01-09,2011-08-01,False,REAL
90123D,WHITE HEART OF GLASS BRACELET,5.82,C,6,35.31,5,2011-01-27,2011-11-28,False,REAL
90124A,PINK MURANO TWIST NECKLACE,9.95,C,8,79.66,6,2011-02-28,2011-10-30,False,REAL
90124B,BLUE MURANO TWIST NECKLACE,9.96,C,12,119.89,10,2010-12-01,2011-11-11,False,REAL
90124C,GREEN MURANO TWIST NECKLACE,9.95,C,11,109.54,8,2011-03-22,2011-11-03,False,REAL
90125A,PINK BERTIE GLASS BEAD BAG CHARM,1.24,C,115,106.24,10,2010-12-14,2011-07-13,False,REAL
90125B,AQUA BERTIE GLASS BEAD BAG CHARM,1.66,C,30,48.06,12,2010-12-10,2011-12-02,False,REAL
90125C,TURQUOISE BERTIE GLASS BEAD CHARM,1.63,C,77,69.85,6,2011-01-05,2011-05-26,False,REAL
90125D,PURPLE BERTIE GLASS BEAD BAG CHARM,1.66,C,95,110.03,16,2010-12-10,2011-07-13,False,REAL
90125E,AMBER BERTIE GLASS BEAD BAG CHARM,1.66,C,11,21.05,10,2011-01-04,2011-05-26,False,REAL
90126A,PINK BERTIE MOBILE PHONE CHARM,3.36,C,1,3.36,1,2010-12-13,2010-12-13,False,REAL
90126C,AMBER BERTIE MOBILE PHONE CHARM,3.29,C,2,6.58,1,2011-07-15,2011-07-15,False,REAL
90127A,PINK BEADS+HAND PHONE CHARM,2.46,C,2,4.92,1,2011-07-15,2011-07-15,False,REAL
90128A,PINK LEAVES AND BEADS PHONE CHARM,2.485,C,3,7.43,2,2010-12-09,2011-07-26,False,REAL
90128B,BLUE LEAVES AND BEADS PHONE CHARM,1.88,C,2,3.76,2,2010-12-03,2010-12-09,False,REAL
90128C,GREEN LEAVES AND BEADS PHONE CHARM,2.485,C,2,4.97,2,2010-12-09,2011-09-28,False,REAL
90128D,PURPLE LEAVES AND BEADS PHONE CHAR,2.485,C,2,4.97,2,2010-12-09,2011-02-15,False,REAL
90129A,PINK GLASS TASSLE BAG CHARM,1.63,C,45,82.98,18,2010-12-01,2011-10-03,False,REAL
90129B,TURQUOISE GLASS TASSLE BAG CHARM,1.66,C,57,121.38,19,2010-12-01,2011-12-07,False,REAL
90129C,GREEN GLASS TASSLE BAG CHARM,1.66,C,35,79.76,16,2010-12-06,2011-12-07,False,REAL
90129D,AMBER GLASS TASSLE BAG CHARM,1.66,C,14,33.44,7,2010-12-06,2011-10-19,False,REAL
90129E,PURPLE GLASS TASSLE BAG CHARM,1.63,C,42,77.04,14,2010-12-06,2011-11-24,False,REAL
90129F,RED GLASS TASSLE BAG CHARM,1.66,C,40,88.03,16,2010-12-01,2011-12-07,False,REAL
90130A,WHITE STONE/CRYSTAL EARRINGS,2.9,C,6,17.5,5,2011-07-20,2011-11-25,False,REAL
90130B,TURQ STONE/CRYSTAL EARRINGS,2.9,C,39,113.97,31,2010-12-06,2011-12-09,False,REAL
90130C,GREEN STONE/CRYSTAL EARRINGS,2.9,C,14,40.95,13,2010-12-06,2011-12-09,False,REAL
90130D,RED STONE/CRYSTAL EARRINGS,2.9,C,3,8.7,3,2011-01-13,2011-11-28,False,REAL
90131,PINK/AMETHYST/GOLD NECKLACE,7.01,C,5,34.87,2,2011-03-23,2011-06-01,False,REAL
90132,LIGHT TOPAZ TEAL/AQUA COL NECKLACE,5.09,C,3,15.16,3,2010-12-06,2011-08-30,False,REAL
90133,TEAL/FUSCHIA COL BEAD NECKLACE,4.98,C,19,94.43,13,2010-12-15,2011-12-02,False,REAL
90134,OLD ROSE COMBO BEAD NECKLACE,2.9,C,54,157.5,38,2010-12-01,2011-12-09,False,REAL
90135,ORANGE/WHT/FUSCHIA STONES NECKLACE,4.965,C,8,39.66,2,2011-02-28,2011-04-26,False,REAL
90135A,ORANGE/FUSCHIA STONES NECKLACE,4.98,C,1,4.98,1,2011-04-19,2011-04-19,False,REAL
90136,PALE PINK/AMETHYST STONE NECKLACE,9.95,C,3,29.85,2,2010-12-15,2011-04-26,False,REAL
90137,PINK COMBO MINI CRYSTALS NECKLACE,5.4,C,3,16.31,3,2011-01-10,2011-07-20,False,REAL
90138,WHITE/PINK MINI CRYSTALS NECKLACE,5.4,C,10,52.42,7,2010-12-01,2011-12-09,False,REAL
90140,PINK SWEETIE NECKLACE,7.5600000000000005,C,2,15.12,2,2010-12-06,2011-08-30,False,REAL
90141A,GREEN PENDANT TRIPLE SHELL NECKLACE,5.4,C,12,63.11,10,2010-12-03,2011-11-30,False,REAL
90141B,IVORY PENDANT TRIPLE SHELL NECKLACE,4.98,C,9,44.86,5,2010-12-06,2011-12-09,False,REAL
90141C,TURQ PENDANT TRIPLE SHELL NECKLACE,5.4,C,10,52.31,7,2010-12-17,2011-11-22,False,REAL
90141D,ROSE PENDANT TRIPLE SHELL NECKLACE,5.23,C,4,20.36,2,2011-01-12,2011-07-18,False,REAL
90141E,ORANGE PENDANT TRIPLE SHELL NECKLAC,4.95,C,5,24.75,2,2011-07-18,2011-10-12,False,REAL
90142A,GREEN PENDANT SHELL NECKLACE,5.09,C,1,5.09,1,2010-12-17,2010-12-17,False,REAL
90142D,MOP PENDANT SHELL NECKLACE,4.95,C,10,49.64,4,2010-12-20,2011-10-23,False,REAL
90143,SILVER BRACELET W PASTEL FLOWER,7.5,C,31,237.18,18,2010-12-03,2011-12-01,False,REAL
90144,SILVER DROP EARRINGS WITH FLOWER,3.73,C,18,67.36,14,2010-12-17,2011-11-28,False,REAL
90145,SILVER HOOP EARRINGS WITH FLOWER,5.95,C,28,168.0,18,2010-12-03,2011-12-09,False,REAL
90146,FINE SILVER NECKLACE W PASTEL FLOWE,7.9,C,17,95.35,7,2010-12-15,2011-12-08,False,REAL
90147,CHUNKY SILVER NECKLACE PASTEL FLOWE,10.175,C,30,304.11,22,2010-12-10,2011-11-27,False,REAL
90148,LONG SILVER NECKLACE PASTEL FLOWER,12.75,C,7,88.98,5,2011-01-27,2011-08-21,False,REAL
90149,SILVER FLOWR PINK SHELL NECKLACE,7.49,C,53,342.76,3,2011-05-22,2011-12-02,False,REAL
90151,SILVER/NATURAL SHELL NECKLACE,8.5,C,8,68.0,4,2010-12-03,2011-11-27,False,REAL
90152A,SILVER/NAT SHELL NECKLACE W PENDANT,5.95,C,5,28.76,5,2010-12-23,2011-11-30,False,REAL
90152B,BLUE/GREEN SHELL NECKLACE W PENDANT,5.73,C,2,11.46,2,2010-12-03,2010-12-13,False,REAL
90152C,BLUE/NAT SHELL NECKLACE W PENDANT,5.95,C,1,5.95,1,2011-02-14,2011-02-14,False,REAL
90154,LAZER CUT NECKLACE W PASTEL BEADS,8.95,C,57,421.75,5,2010-12-17,2011-11-18,False,REAL
90155,RESIN NECKLACE W PASTEL BEADS,7.5,C,9,67.62,7,2011-01-05,2011-12-09,False,REAL
90156,RESIN BRACELET W PASTEL BEADS,4.95,C,4,19.8,3,2011-01-09,2011-09-04,False,REAL
90157,RIVIERA NECKLACE,4.98,C,10,49.59,5,2011-02-28,2011-11-28,False,REAL
90158,ST TROPEZ NECKLACE,4.98,C,45,224.12,32,2010-12-06,2011-12-08,False,REAL
90159,COTE D'AZURE NECKLACE,4.98,C,6,29.79,5,2011-04-19,2011-11-09,False,REAL
90160A,PURPLE BOUDICCA LARGE BRACELET,6.95,C,31,216.29,15,2010-12-12,2011-12-06,False,REAL
90160B,RED BOUDICCA LARGE BRACELET,6.95,C,30,209.73,12,2010-12-12,2011-11-09,False,REAL
90160C,TURQ+RED BOUDICCA LARGE BRACELET,6.95,C,54,377.04,26,2010-12-06,2011-12-08,False,REAL
90160D,PINK BOUDICCA LARGE BRACELET,6.95,C,38,264.7,12,2010-12-12,2011-11-17,False,REAL
90161A,ANT COPPER RED BOUDICCA BRACELET,4.98,C,24,119.91,20,2010-12-01,2011-12-08,False,REAL
90161B,ANT COPPER TURQ BOUDICCA BRACELET,4.98,C,76,377.88,35,2010-12-01,2011-12-08,False,REAL
90161C,ANT COPPER LIME BOUDICCA BRACELET,4.98,C,83,412.74,47,2010-12-09,2011-12-08,False,REAL
90161D,ANT COPPER PINK BOUDICCA BRACELET,4.98,C,64,318.89,31,2010-12-06,2011-12-09,False,REAL
90162A,ANT SILVER TURQUOISE BOUDICCA RING,2.95,C,6,17.7,1,2011-11-07,2011-11-07,False,REAL
90162B,ANT SILVER LIME GREEN BOUDICCA RING,2.95,C,26,76.7,9,2010-12-05,2011-11-09,False,REAL
90162C,ANT SILVER FUSCHIA BOUDICCA RING,2.95,C,14,41.3,7,2010-12-13,2011-10-30,False,REAL
90162D,ANT SILVER PURPLE BOUDICCA RING,2.95,C,10,29.5,5,2010-12-05,2011-10-30,False,REAL
90163A,PINK ROSEBUD & PEARL NECKLACE,7.5,C,12,90.32,9,2011-01-05,2011-12-09,False,REAL
90163B,WHITE ROSEBUD & PEARL NECKLACE,7.48,C,7,52.72,5,2011-01-05,2011-12-05,False,REAL
90164A,PINK ROSEBUD PEARL BRACELET,7.48,C,27,130.67,14,2010-12-13,2011-12-02,False,REAL
90164B,WHITE  ROSEBUD PEARL BRACELET,7.48,C,38,140.98,15,2010-12-13,2011-12-05,False,REAL
90165A,PINK ROSEBUD PEARL EARRINGS,2.48,C,16,39.98,14,2010-12-17,2011-11-16,False,REAL
90165B,WHITE ROSEBUD  PEARL EARRINGS,2.48,C,19,47.43,18,2010-12-17,2011-12-09,False,REAL
90166,PINK & WHITE ROSEBUD RING,4.15,C,21,88.04,15,2010-12-01,2011-12-08,False,REAL
90167,BEADED LOVE HEART JEWELLERY SET,0.85,C,10,8.5,1,2010-12-05,2010-12-05,False,REAL
90168,2 DAISIES HAIR COMB,2.9,C,12,34.86,11,2010-12-07,2011-12-09,False,REAL
90169,DAISY HAIR COMB,2.48,C,13,32.54,9,2010-12-07,2011-12-09,False,REAL
90170,DAISY HAIR BAND,1.65,C,73,120.53,30,2010-12-07,2011-12-09,False,REAL
90173,PAIR BUTTERFLY HAIR CLIPS,3.75,C,32,120.34,15,2010-12-01,2011-10-12,False,REAL
90174,BUTTERFLY HAIR BAND,2.48,C,26,64.82,19,2010-12-09,2011-12-09,False,REAL
90175A,WHITE GLASS CHUNKY CHARM BRACELET,9.15,C,27,245.63,21,2010-12-05,2011-12-09,False,REAL
90175B,PINK GLASS CHUNKY CHARM BRACELET,9.15,C,10,91.68,9,2010-12-06,2011-11-09,False,REAL
90175C,BLUE GLASS CHUNKY CHARM BRACELET,8.95,C,9,80.55,6,2010-12-02,2011-11-17,False,REAL
90175D,TIGRIS EYE CHUNKY CHARM BRACELET,9.15,C,23,210.04,20,2010-12-07,2011-12-09,False,REAL
90176A,CLASSIC DIAMANTE NECKLACE JET,7.49,C,2,14.98,2,2011-02-28,2011-11-03,False,REAL
90176B,DIAMANTE NECKLACE BLACK,7.5,C,4,30.12,3,2010-12-20,2011-11-16,False,REAL
90176C,DIAMANTE NECKLACE,7.91,C,3,23.32,2,2011-02-28,2011-08-22,False,REAL
90176D,DIAMANTE NECKLACE PURPLE,7.5,C,6,45.0,4,2011-06-26,2011-11-03,False,REAL
90176E,DIAMANTE NECKLACE GREEN,7.5,C,4,29.98,3,2011-08-22,2011-12-02,False,REAL
90177A,CLASSIC DIAMANTE EARRINGS JET,2.9,C,8,23.2,8,2011-02-28,2011-12-09,False,REAL
90177B,DROP DIAMANTE EARRINGS BLACK DIAMON,2.9,C,14,41.01,6,2010-12-17,2011-12-08,False,REAL
90177C,DROP DIAMANTE EARRINGS CRYSTAL,2.9,C,20,58.53,13,2010-12-01,2011-12-09,False,REAL
90177D,DROP DIAMANTE EARRINGS PURPLE,2.95,C,19,55.83,13,2010-12-06,2011-12-02,False,REAL
90177E,DROP DIAMANTE EARRINGS GREEN,2.9,C,8,23.38,8,2010-12-01,2011-11-21,False,REAL
90178A,AMBER CHUNKY GLASS+BEAD NECKLACE,11.95,C,8,95.25,8,2010-12-02,2011-10-20,False,REAL
90178B,PURPLE CHUNKY GLASS+BEAD NECKLACE,11.95,C,1,11.95,1,2010-12-17,2010-12-17,False,REAL
90179A,AMBER FINE BEAD NECKLACE W TASSEL,5.82,C,6,35.31,5,2010-12-15,2011-12-08,False,REAL
90179B,PURPLE FINE BEAD NECKLACE W TASSEL,5.82,C,3,17.59,3,2011-11-22,2011-12-05,False,REAL
90179C,BLACK FINE BEAD NECKLACE W TASSEL,5.95,C,6,35.44,6,2010-12-06,2011-12-01,False,REAL
90180A,BLACK+WHITE NECKLACE W TASSEL,9.95,C,17,127.24,9,2010-12-02,2011-11-29,False,REAL
90180B,PURPLE AMETHYST NECKLACE W TASSEL,9.95,C,5,49.81,5,2011-02-14,2011-12-06,False,REAL
90181A,AMBER GLASS/SHELL/PEARL NECKLACE,9.15,C,7,64.04,7,2011-01-10,2011-11-30,False,REAL
90181B,AMETHYST GLASS/SHELL/PEARL NECKLACE,9.15,C,15,137.63,14,2010-12-01,2011-12-09,False,REAL
90181C,BLACK GLASS/SHELL/PEARL NECKLACE,9.15,C,1,9.15,1,2011-04-18,2011-04-18,False,REAL
90182A,AMBER 3 BEAD DROP EARRINGS,2.9,C,8,23.2,7,2011-07-18,2011-12-06,False,REAL
90182B,AMETHYST 3 BEAD DROP EARRINGS,2.9,C,5,14.5,5,2011-03-22,2011-12-08,False,REAL
90182C,BLACK 3 BEAD DROP EARRINGS,2.9,C,8,23.26,8,2011-01-06,2011-12-09,False,REAL
90183A,AMBER DROP EARRINGS W LONG BEADS,2.9,C,34,99.54,22,2010-12-06,2011-12-09,False,REAL
90183B,AMETHYST DROP EARRINGS W LONG BEADS,2.9,C,21,61.08,17,2010-12-06,2011-12-05,False,REAL
90183C,BLACK DROP EARRINGS W LONG BEADS,2.9,C,10,29.05,10,2011-01-28,2011-12-09,False,REAL
90184A,AMBER CHUNKY BEAD BRACELET W STRAP,9.15,C,13,117.73,8,2010-12-08,2011-11-10,False,REAL
90184B,AMETHYST CHUNKY BEAD BRACELET W STR,8.95,C,33,297.94,20,2010-12-08,2011-12-05,False,REAL
90184C,BLACK CHUNKY BEAD BRACELET W STRAP,9.15,C,22,199.67,18,2010-12-06,2011-12-09,False,REAL
90185A,AMBER DIAMANTE EXPANDABLE RING,4.195,C,25,105.53,12,2010-12-06,2011-11-16,False,REAL
90185B,AMETHYST DIAMANTE EXPANDABLE RING,4.15,C,17,71.52,10,2010-12-02,2011-12-09,False,REAL
90185C,BLACK DIAMANTE EXPANDABLE RING,4.24,C,20,84.59,9,2010-12-01,2011-10-31,False,REAL
90185D,CRYSTAL DIAMANTE EXPANDABLE RING,4.25,C,35,148.63,9,2010-12-05,2011-06-02,False,REAL
90186A,AMETHYST HOOP EARRING FLORAL LEAF,2.9,C,11,32.16,9,2010-12-02,2011-11-29,False,REAL
90186B,CRYSTAL HOOP EARRING FLORAL LEAF,2.95,C,22,64.58,14,2010-12-07,2011-11-29,False,REAL
90187A,BLUE DROP EARRINGS W BEAD CLUSTER,3.32,C,1,3.32,1,2011-02-28,2011-02-28,False,REAL
90187B,GREEN DROP EARRINGS W BEAD CLUSTER,3.32,C,12,40.03,8,2010-12-07,2011-12-08,False,REAL
90188,DROP EARRINGS W FLOWER & LEAF,2.54,C,9,22.58,7,2010-12-09,2011-12-09,False,REAL
90189A,SILVER 2 STRAND NECKLACE-LEAF CHARM,7.5,C,2,15.0,2,2011-10-09,2011-11-18,False,REAL
90190A,SILVER/CRYSTAL DROP EARRINGS W LEAF,2.9,C,16,46.76,9,2011-01-12,2011-11-24,False,REAL
90190B,GOLD/AMBER DROP EARRINGS W LEAF,2.9,C,13,38.18,7,2010-12-13,2011-11-22,False,REAL
90190C,SILVER/AMETHYST DROP EARRINGS LEAF,2.9,C,20,58.43,19,2010-12-01,2011-11-29,False,REAL
90191,SILVER LARIAT 40CM,12.48,C,26,163.82,10,2011-01-17,2011-12-09,False,REAL
90192,JADE DROP EARRINGS W FILIGREE,4.98,C,40,199.2,24,2010-12-01,2011-12-09,False,REAL
90194,SILVER LARIAT BLACK STONE EARRINGS,4.25,C,16,67.87,9,2010-12-01,2011-10-19,False,REAL
90195A,PURPLE GEMSTONE BRACELET,8.95,C,19,122.84,9,2010-12-02,2011-12-06,False,REAL
90195B,BLACK GEMSTONE BRACELET,8.95,C,4,29.98,4,2010-12-02,2011-11-09,False,REAL
90196A,PURPLE GEMSTONE NECKLACE 45CM,12.75,C,8,102.0,5,2010-12-02,2011-11-29,False,REAL
90196B,BLACK GEMSTONE NECKLACE 45CM,12.75,C,5,63.48,5,2010-12-03,2011-11-09,False,REAL
90197B,BLACK GLASS BRACELET W HEART CHARMS,4.98,C,35,174.73,25,2010-12-17,2011-12-06,False,REAL
90198A,VINTAGE ROSE BEAD BRACELET RASPBERR,4.15,C,75,315.73,39,2010-12-07,2011-12-09,False,REAL
90198B,VINTAGE ROSE BEAD BRACELET BLACK,4.25,C,36,152.4,17,2010-12-03,2011-12-04,False,REAL
90199A,5 STRAND GLASS NECKLACE BLACK,6.35,C,11,69.63,6,2010-12-02,2011-11-03,False,REAL
90199B,5 STRAND GLASS NECKLACE AMETHYST,6.23,C,9,56.59,8,2010-12-03,2011-12-02,False,REAL
90199C,5 STRAND GLASS NECKLACE CRYSTAL,6.35,C,18,113.94,8,2010-12-01,2011-11-29,False,REAL
90199D,5 STRAND GLASS NECKLACE AMBER,6.23,C,6,37.62,6,2010-12-17,2011-11-29,False,REAL
90200A,PURPLE SWEETHEART BRACELET,4.15,C,78,328.44,44,2010-12-01,2011-12-09,False,REAL
90200B,BLACK SWEETHEART BRACELET,4.245,C,92,388.58,45,2010-12-01,2011-12-08,False,REAL
90200C,BLUE SWEETHEART BRACELET,4.24,C,50,211.43,21,2010-12-01,2011-03-22,False,REAL
90200D,PINK SWEETHEART BRACELET,4.15,C,175,725.32,63,2010-12-01,2011-12-08,False,REAL
90200E,GREEN SWEETHEART BRACELET,4.15,C,103,423.41,41,2010-12-05,2011-12-08,False,REAL
90201A,PURPLE ENAMEL FLOWER RING,2.9,C,65,190.71,27,2010-12-17,2011-12-09,False,REAL
90201B,BLACK ENAMEL FLOWER RING,2.95,C,79,232.25,21,2010-12-06,2011-12-09,False,REAL
90201C,RED ENAMEL FLOWER RING,2.95,C,57,167.72,19,2010-12-10,2011-12-09,False,REAL
90201D,GREEN ENAMEL FLOWER RING,2.9,C,77,225.84,30,2010-12-08,2011-12-09,False,REAL
90202A,PURPLE ENAMEL FLOWER HAIR TIE,2.9,C,16,46.58,12,2010-12-17,2011-12-08,False,REAL
90202B,WHITE ENAMEL FLOWER HAIR TIE,2.9,C,11,31.95,9,2011-01-20,2011-12-08,False,REAL
90202C,GREEN ENAMEL FLOWER HAIR TIE,2.95,C,14,41.01,12,2010-12-07,2011-12-09,False,REAL
90202D,PINK ENAMEL FLOWER HAIR TIE,2.9,C,16,46.76,10,2010-12-17,2011-12-09,False,REAL
90204,PAIR OF ENAMEL BUTTERFLY HAIRCLIP,3.32,C,25,83.46,16,2010-12-02,2011-12-01,False,REAL
90205A,LARGE MINT DIAMANTE HAIRSLIDE,1.65,C,31,51.51,16,2010-12-03,2011-11-24,False,REAL
90205C,LARGE CRYSTAL DIAMANTE HAIRSLIDE,1.65,C,29,48.21,15,2010-12-23,2011-11-28,False,REAL
90206A,GOLD DIAMANTE STAR BROOCH,4.98,C,12,59.8,8,2010-12-17,2011-12-08,False,REAL
90206C,CRYSTAL DIAMANTE STAR BROOCH,4.98,C,45,224.73,29,2010-12-01,2011-12-09,False,REAL
90208,PAIR OF PINK FLOWER CLUSTER SLIDE,2.48,C,47,117.4,34,2010-12-06,2011-12-09,False,REAL
90209A,PURPLE ENAMEL+GLASS HAIR COMB,2.1,C,78,151.2,3,2011-08-05,2011-11-04,False,REAL
90209B,GREEN ENAMEL+GLASS HAIR COMB,2.07,C,184,355.64,46,2010-12-01,2011-10-02,False,REAL
90209C,PINK ENAMEL+GLASS HAIR COMB,2.1,C,260,474.2,29,2010-12-01,2011-10-31,False,REAL
90210A,GREY ACRYLIC FACETED BANGLE,2.9,C,34,57.55,9,2010-12-13,2011-12-09,False,REAL
90210B,CLEAR ACRYLIC FACETED BANGLE,2.95,C,41,61.56,7,2010-12-01,2011-12-08,False,REAL
90210C,RED   ACRYLIC FACETED BANGLE,2.9,C,99,130.51,9,2010-12-07,2011-12-08,False,REAL
90210D,PURPLE ACRYLIC FACETED BANGLE,1.25,C,107,132.05,7,2010-12-13,2011-11-10,False,REAL
90211A,DIAMOND LAS VEGAS NECKLACE 45CM,5.94,C,12,70.97,8,2010-12-01,2011-12-05,False,REAL
90211B,JET BLACK LAS VEGAS NECKLACE 45CM,5.94,C,7,41.36,5,2010-12-07,2011-11-03,False,REAL
90212B,JET BLACK LAS VEGAS BRACELET ROUND,3.75,C,10,37.62,8,2010-12-06,2011-05-06,False,REAL
90212C,PURPLE LAS VEGAS BRACELET ROUND,3.75,C,7,26.25,3,2010-12-08,2011-09-06,False,REAL
90214A,"LETTER ""A"" BLING KEY RING",0.83,C,130,111.66,49,2010-12-01,2011-12-08,False,REAL
90214B,"LETTER ""B"" BLING KEY RING",0.83,C,37,24.77,21,2010-12-03,2011-12-05,False,REAL
90214C,"LETTER ""C"" BLING KEY RING",0.83,C,91,72.77,28,2010-12-03,2011-12-08,False,REAL
90214D,"LETTER ""D"" BLING KEY RING",0.83,C,68,49.9,31,2010-12-01,2011-12-08,False,REAL
90214E,"LETTER ""E"" BLING KEY RING",0.83,C,72,53.2,27,2010-12-01,2011-12-08,False,REAL
90214F,"LETTER ""F"" BLING KEY RING",0.83,C,27,15.43,15,2010-12-03,2011-12-07,False,REAL
90214G,"LETTER ""G"" BLING KEY RING",0.83,C,60,40.2,26,2010-12-01,2011-12-07,False,REAL
90214H,"LETTER ""H"" BLING KEY RING",0.83,C,48,36.76,25,2010-12-01,2011-12-07,False,REAL
90214I,"LETTER ""I"" BLING KEY RING",0.83,C,38,29.62,13,2010-12-03,2011-12-08,False,REAL
90214J,"LETTER ""J"" BLING KEY RING",0.83,C,71,57.21,35,2010-12-01,2011-12-06,False,REAL
90214K,"LETTER ""K"" BLING KEY RING",0.83,C,78,60.7,34,2010-12-07,2011-12-08,False,REAL
90214L,"LETTER ""L"" BLING KEY RING",0.83,C,94,65.04,36,2010-12-03,2011-12-08,False,REAL
90214M,"LETTER ""M"" BLING KEY RING",0.83,C,60,49.82,26,2010-12-01,2011-12-05,False,REAL
90214N,"LETTER ""N"" BLING KEY RING",0.83,C,41,29.23,23,2010-12-03,2011-12-08,False,REAL
90214O,"LETTER ""O"" BLING KEY RING",0.83,C,16,6.82,5,2010-12-09,2011-12-06,False,REAL
90214P,"LETTER ""P"" BLING KEY RING",0.83,C,39,20.23,15,2010-12-07,2011-12-08,False,REAL
90214R,"LETTER ""R"" BLING KEY RING",0.83,C,41,28.01,24,2010-12-01,2011-12-08,False,REAL
90214S,"LETTER ""S"" BLING KEY RING",0.83,C,94,71.0,37,2010-12-01,2011-12-08,False,REAL
90214T,"LETTER ""T"" BLING KEY RING",0.83,C,24,13.46,11,2010-12-17,2011-12-05,False,REAL
90214U,"LETTER ""U"" BLING KEY RING",0.29,C,12,3.48,1,2011-12-05,2011-12-05,False,REAL
90214V,"LETTER ""V"" BLING KEY RING",0.83,C,26,15.98,14,2010-12-01,2011-12-05,False,REAL
90214W,"LETTER ""W"" BLING KEY RING",0.83,C,16,6.82,5,2011-01-10,2011-12-05,False,REAL
90214Y,"LETTER ""Y"" BLING KEY RING",0.83,C,66,22.84,8,2010-12-03,2011-12-06,False,REAL
90214Z,"LETTER ""Z"" BLING KEY RING",0.83,C,22,11.84,10,2010-12-07,2011-12-05,False,REAL
DCGS0003,BOXED GLASS ASHTRAY,2.485,C,4,9.94,4,2010-12-10,2011-05-05,False,REAL
DCGS0004,HAYNES CAMPER SHOULDER BAG,16.63,C,1,16.63,1,2011-04-27,2011-04-27,False,REAL
DCGS0069,OOH LA LA DOGS COLLAR,15.79,C,1,15.79,1,2011-01-28,2011-01-28,False,REAL
DCGS0070,CAMOUFLAGE DOG COLLAR,12.72,C,1,12.72,1,2010-12-21,2010-12-21,False,REAL
DCGS0076,SUNJAR LED NIGHT NIGHT LIGHT,16.13,C,3,48.39,2,2010-12-09,2010-12-20,False,REAL
DCGSSBOY,BOYS PARTY BAG,3.29,C,47,150.55,11,2011-02-07,2011-12-01,False,REAL
DCGSSGIRL,GIRLS PARTY BAG,3.29,C,47,144.43,12,2011-02-07,2011-11-16,False,REAL
