date,cpi_us,cpi_goods,cpi_services,indpro,oil_price,gscpi,cpi_yoy,cpi_goods_yoy,cpi_services_yoy,indpro_yoy,oil_yoy,dwell_composite,dwell_la_raw,la_unique_vessels,dwell_la_detrended,source,provenance
2001-01-01,175.6,150.6,200.6,91.902,25.79,-0.903896800704328,3.7212049616065945,2.6584867075664764,4.479166666666656,0.3976490637767949,0.6111833550066281,,,,,Column names match NY Fed GSCPI / BLS CPI-U / Federal Reserve G.17 INDPRO / an oil price series / Port of LA vessel dwell time; not independently re-verified against each publisher in this workspace,REAL
2001-02-01,176.0,150.8,201.2,91.3034,27.8965,-0.7642382350974467,3.529411764705892,2.168021680216814,4.519480519480523,-0.5668458865284554,-0.4779661592824502,,,,,Column names match NY Fed GSCPI / BLS CPI-U / Federal Reserve G.17 INDPRO / an oil price series / Port of LA vessel dwell time; not independently re-verified against each publisher in this workspace,REAL
2001-03-01,176.1,150.5,201.6,91.1162,25.0345454545454,-0.5667790356887374,2.9824561403508643,0.9389671361502484,4.401864319005688,-1.122295725249156,-8.94657471819611,,,,,Column names match NY Fed GSCPI / BLS CPI-U / Federal Reserve G.17 INDPRO / an oil price series / Port of LA vessel dwell time; not independently re-verified against each publisher in this workspace,REAL
2001-04-01,176.4,150.9,202.0,90.7891,26.0180952380952,-0.9773824770087436,3.2182562902282053,1.6161616161616266,4.392764857881137,-2.0602186217959284,12.37219097801714,,,,,Column names match NY Fed GSCPI / BLS CPI-U / Federal Reserve G.17 INDPRO / an oil price series / Port of LA vessel dwell time; not independently re-verified against each publisher in this workspace,REAL
2001-05-01,177.3,151.9,202.7,90.3555,28.4382608695652,-1.0970363781762775,3.56308411214954,2.289562289562297,4.484536082474211,-2.791181055600911,2.276707530647748,,,,,Column names match NY Fed GSCPI / BLS CPI-U / Federal Reserve G.17 INDPRO / an oil price series / Port of LA vessel dwell time; not independently re-verified against each publisher in this workspace,REAL
2001-06-01,177.7,151.9,203.5,89.8784,28.0038095238095,-0.6773502568150417,3.193960511033689,1.5374331550802145,4.412519240636215,-3.342216371891737,-8.133574471197324,,,,,Column names match NY Fed GSCPI / BLS CPI-U / Federal Reserve G.17 INDPRO / an oil price series / Port of LA vessel dwell time; not independently re-verified against each publisher in this workspace,REAL
2001-07-01,177.4,150.9,203.8,89.3028,24.9913636363636,-0.8055078302109189,2.7214823393167498,0.7343124165553938,4.138988247317332,-3.773511714911293,-13.507591488902747,,,,,Column names match NY Fed GSCPI / BLS CPI-U / Federal Reserve G.17 INDPRO / an oil price series / Port of LA vessel dwell time; not independently re-verified against each publisher in this workspace,REAL
2001-08-01,177.4,150.4,204.4,89.2003,25.7360869565217,-0.7611324685926918,2.7214823393167498,0.8042895442359255,4.126337238920019,-3.6215277665228585,-18.631696152418755,,,,,Column names match NY Fed GSCPI / BLS CPI-U / Federal Reserve G.17 INDPRO / an oil price series / Port of LA vessel dwell time; not independently re-verified against each publisher in this workspace,REAL
2001-09-01,178.1,151.6,204.5,88.7485,25.837,-0.6556018370878395,2.5921658986175045,0.7978723404255206,3.859827323514464,-4.55015745457048,-22.552064747277235,,,,,Column names match NY Fed GSCPI / BLS CPI-U / Federal Reserve G.17 INDPRO / an oil price series / Port of LA vessel dwell time; not independently re-verified against each publisher in this workspace,REAL
2001-10-01,177.6,150.3,204.8,88.5052,21.0326086956522,-1.1900747951004411,2.127659574468077,0.1332445036642315,3.591299949418314,-4.440502321905382,-32.80902167915255,,,,,Column names match NY Fed GSCPI / BLS CPI-U / Federal Reserve G.17 INDPRO / an oil price series / Port of LA vessel dwell time; not independently re-verified against each publisher in this workspace,REAL
2001-11-01,177.5,149.2,205.6,87.97,19.1054545454545,-1.4114483151805437,1.894374282433997,-0.7318695941450626,3.785966683493181,-5.044913960783126,-41.89499294976377,,,,,Column names match NY Fed GSCPI / BLS CPI-U / Federal Reserve G.17 INDPRO / an oil price series / Port of LA vessel dwell time; not independently re-verified against each publisher in this workspace,REAL
2001-12-01,177.4,148.3,206.1,87.9324,18.6814285714286,-1.1362130511021291,1.603665521191311,-1.396276595744672,3.6720321931589472,-4.774776238202749,-26.669657376773326,,,,,Column names match NY Fed GSCPI / BLS CPI-U / Federal Reserve G.17 INDPRO / an oil price series / Port of LA vessel dwell time; not independently re-verified against each publisher in this workspace,REAL
2002-01-01,177.7,148.3,206.8,88.5176,20.0330434782609,-0.8856571557479804,1.1958997722095743,-1.527224435590957,3.090727816550354,-3.682618441383212,-22.32243707537456,,,,,Column names match NY Fed GSCPI / BLS CPI-U / Federal Reserve G.17 INDPRO / an oil price series / Port of LA vessel dwell time; not independently re-verified against each publisher in this workspace,REAL
2002-02-01,178.0,148.3,207.5,88.5278,20.545,-0.4508264458433552,1.1363636363636465,-1.657824933687002,3.131212723658061,-3.0399744149724905,-26.352768268420768,,,,,Column names match NY Fed GSCPI / BLS CPI-U / Federal Reserve G.17 INDPRO / an oil price series / Port of LA vessel dwell time; not independently re-verified against each publisher in this workspace,REAL
2002-03-01,178.5,149.0,207.9,89.1686,24.0009523809524,-0.4145949631041604,1.362862010221466,-0.9966777408637828,3.125,-2.137490369440353,-4.12866722693116,,,,,Column names match NY Fed GSCPI / BLS CPI-U / Federal Reserve G.17 INDPRO / an oil price series / Port of LA vessel dwell time; not independently re-verified against each publisher in this workspace,REAL
2002-04-01,179.3,150.0,208.5,89.604,25.9454545454545,-0.565669058216663,1.643990929705219,-0.5964214711729698,3.2178217821782207,-1.3053329089064758,-0.2791929692621764,,,,,Column names match NY Fed GSCPI / BLS CPI-U / Federal Reserve G.17 INDPRO / an oil price series / Port of LA vessel dwell time; not independently re-verified against each publisher in this workspace,REAL
2002-05-01,179.5,149.7,209.0,89.964,25.5495652173913,-0.2936882240698684,1.2408347433727984,-1.448321263989483,3.1080414405525447,-0.4332885103839889,-10.157778864970613,,,,,Column names match NY Fed GSCPI / BLS CPI-U / Federal Reserve G.17 INDPRO / an oil price series / Port of LA vessel dwell time; not independently re-verified against each publisher in this workspace,REAL
2002-06-01,179.6,149.7,209.3,90.7061,24.368,-0.6092190201298531,1.0692177827799745,-1.448321263989483,2.8501228501228493,0.920910919642548,-12.983267582641757,,,,,Column names match NY Fed GSCPI / BLS CPI-U / Federal Reserve G.17 INDPRO / an oil price series / Port of LA vessel dwell time; not independently re-verified against each publisher in this workspace,REAL
2002-07-01,180.0,149.9,209.9,90.6769,25.8578260869565,-0.937349741812099,1.465614430665152,-0.6626905235255109,2.99313052011776,1.5386975548359103,3.467047509693133,,,,,Column names match NY Fed GSCPI / BLS CPI-U / Federal Reserve G.17 INDPRO / an oil price series / Port of LA vessel dwell time; not independently re-verified against each publisher in this workspace,REAL
2002-08-01,180.5,150.2,210.6,90.5762,26.62,-1.0669488096329849,1.747463359639223,-0.1329787234042645,3.033268101761255,1.5424836015125454,3.4345277313197364,,,,,Column names match NY Fed GSCPI / BLS CPI-U / Federal Reserve G.17 INDPRO / an oil price series / Port of LA vessel dwell time; not independently re-verified against each publisher in this workspace,REAL
2002-09-01,180.8,150.2,211.1,90.6531,28.3709523809524,-1.1234024470275752,1.516002245929271,-0.9234828496042292,3.2273838630806795,2.146064440525741,9.807455900268614,,,,,Column names match NY Fed GSCPI / BLS CPI-U / Federal Reserve G.17 INDPRO / an oil price series / Port of LA vessel dwell time; not independently re-verified against each publisher in this workspace,REAL
2002-10-01,181.2,150.5,211.7,90.4643,27.5226086956522,-1.2180235799821122,2.027027027027017,0.1330671989354659,3.369140624999978,2.2135422551443185,30.8568475452196,,,,,Column names match NY Fed GSCPI / BLS CPI-U / Federal Reserve G.17 INDPRO / an oil price series / Port of LA vessel dwell time; not independently re-verified against each publisher in this workspace,REAL
2002-11-01,181.5,150.5,212.4,90.9711,24.2504761904762,-0.7398759939709402,2.2535211267605604,0.8713136729222581,3.30739299610896,3.411503921791525,26.92959559156778,,,,,Column names match NY Fed GSCPI / BLS CPI-U / Federal Reserve G.17 INDPRO / an oil price series / Port of LA vessel dwell time; not independently re-verified against each publisher in this workspace,REAL
2002-12-01,181.8,150.3,213.0,90.4652,28.3172727272727,-0.6738891857672794,2.480270574971821,1.3486176668914274,3.347889374090252,2.880394484854265,51.579803541262216,,,,,Column names match NY Fed GSCPI / BLS CPI-U / Federal Reserve G.17 INDPRO / an oil price series / Port of LA vessel dwell time; not independently re-verified against each publisher in this workspace,REAL
2003-01-01,182.6,151.3,213.7,91.2361,30.8086956521739,-0.6171754904767034,2.757456387169399,2.022926500337152,3.336557059961298,3.071140654513904,53.78939144022888,,,,,Column names match NY Fed GSCPI / BLS CPI-U / Federal Reserve G.17 INDPRO / an oil price series / Port of LA vessel dwell time; not independently re-verified against each publisher in this workspace,REAL
2003-02-01,183.6,152.7,214.2,91.3445,32.6625,-0.2963732414300382,3.146067415730336,2.96695886716114,3.2289156626506,3.181712411242565,58.980287174495,,,,,Column names match NY Fed GSCPI / BLS CPI-U / Federal Reserve G.17 INDPRO / an oil price series / Port of LA vessel dwell time; not independently re-verified against each publisher in this workspace,REAL
2003-03-01,183.9,152.6,215.0,91.1044,30.1680952380952,-0.3128011190588196,3.025210084033625,2.4161073825503365,3.4151034151034043,2.1709435832793167,25.695408912344497,,,,,Column names match NY Fed GSCPI / BLS CPI-U / Federal Reserve G.17 INDPRO / an oil price series / Port of LA vessel dwell time; not independently re-verified against each publisher in this workspace,REAL
2003-04-01,183.2,151.1,215.1,90.5617,25.035,-0.5442848519738519,2.175125488008911,0.7333333333333192,3.1654676258992875,1.068813892236964,-3.509110021022954,,,,,Column names match NY Fed GSCPI / BLS CPI-U / Federal Reserve G.17 INDPRO / an oil price series / Port of LA vessel dwell time; not independently re-verified against each publisher in this workspace,REAL
2003-05-01,182.9,149.4,216.0,90.537,25.7145454545455,-0.1944982037968746,1.8941504178273003,-0.2004008016031955,3.349282296650724,0.636921435240767,0.6457262021895449,,,,,Column names match NY Fed GSCPI / BLS CPI-U / Federal Reserve G.17 INDPRO / an oil price series / Port of LA vessel dwell time; not independently re-verified against each publisher in this workspace,REAL
2003-06-01,183.1,149.7,216.2,90.6527,27.5666666666667,-0.1011957083934425,1.948775055679297,0.0,3.296703296703285,-0.0588714540698087,13.126504705624995,,,,,Column names match NY Fed GSCPI / BLS CPI-U / Federal Reserve G.17 INDPRO / an oil price series / Port of LA vessel dwell time; not independently re-verified against each publisher in this workspace,REAL
2003-07-01,183.7,150.3,216.8,91.1185,28.5039130434783,0.0124905215086748,2.055555555555544,0.2668445630420235,3.287279656979525,0.4870038565500056,10.233215072386038,,,,,Column names match NY Fed GSCPI / BLS CPI-U / Federal Reserve G.17 INDPRO / an oil price series / Port of LA vessel dwell time; not independently re-verified against each publisher in this workspace,REAL
2003-08-01,184.5,151.4,217.2,90.9197,29.7180952380952,-0.0530170149082225,2.216066481994461,0.7989347536617952,3.1339031339031376,0.3792386962579552,11.6382240349181,,,,,Column names match NY Fed GSCPI / BLS CPI-U / Federal Reserve G.17 INDPRO / an oil price series / Port of LA vessel dwell time; not independently re-verified against each publisher in this workspace,REAL
2003-09-01,185.1,152.1,217.8,91.5059,27.0440909090909,0.0711961149602467,2.378318584070782,1.2649800266311573,3.1738512553292297,0.9407289987876988,-4.676830915102881,,,,,Column names match NY Fed GSCPI / BLS CPI-U / Federal Reserve G.17 INDPRO / an oil price series / Port of LA vessel dwell time; not independently re-verified against each publisher in this workspace,REAL
2003-10-01,184.9,151.1,218.4,91.6186,29.435652173913,-0.2586580213463663,2.041942604856528,0.3986710963455042,3.164855928200283,1.2759729528664998,6.950807241477097,,,,,Column names match NY Fed GSCPI / BLS CPI-U / Federal Reserve G.17 INDPRO / an oil price series / Port of LA vessel dwell time; not independently re-verified against each publisher in this workspace,REAL
2003-11-01,185.0,151.1,218.6,92.2329,28.9485,-0.401718263288497,1.9283746556473915,0.3986710963455042,2.9190207156308823,1.387033904173962,19.372913639398305,,,,,Column names match NY Fed GSCPI / BLS CPI-U / Federal Reserve G.17 INDPRO / an oil price series / Port of LA vessel dwell time; not independently re-verified against each publisher in this workspace,REAL
2003-12-01,185.5,151.6,219.0,92.2602,29.7434782608696,-0.3553559981389304,2.0352035203520247,0.8649367930804841,2.8169014084507005,1.9841883950955763,5.036521515800163,,,,,Column names match NY Fed GSCPI / BLS CPI-U / Federal Reserve G.17 INDPRO / an oil price series / Port of LA vessel dwell time; not independently re-verified against each publisher in this workspace,REAL
2004-01-01,186.3,152.5,219.7,92.4006,30.9818181818182,-0.4913628680359072,2.026286966046009,0.7931262392597338,2.8076743097800616,1.2763588097255418,0.5619274882612046,,,,,Column names match NY Fed GSCPI / BLS CPI-U / Federal Reserve G.17 INDPRO / an oil price series / Port of LA vessel dwell time; not independently re-verified against each publisher in this workspace,REAL
2004-02-01,186.7,153.1,220.1,92.958,30.795,-0.3696397473605353,1.688453159041381,0.2619515389652882,2.7544351073762963,1.7663898756903773,-5.717566016073484,,,,,Column names match NY Fed GSCPI / BLS CPI-U / Federal Reserve G.17 INDPRO / an oil price series / Port of LA vessel dwell time; not independently re-verified against each publisher in this workspace,REAL
2004-03-01,187.1,153.3,220.8,92.5861,33.424347826087,0.0054682704775007,1.7400761283306032,0.4587155963302836,2.6976744186046675,1.626375894029275,10.793696328165648,,,,,Column names match NY Fed GSCPI / BLS CPI-U / Federal Reserve G.17 INDPRO / an oil price series / Port of LA vessel dwell time; not independently re-verified against each publisher in this workspace,REAL
2004-04-01,187.4,153.0,221.4,92.93,33.3577272727273,0.4195191848710248,2.2925764192139875,1.2574454003970947,2.9288702928870425,2.615123170170186,33.24436697714121,,,,,Column names match NY Fed GSCPI / BLS CPI-U / Federal Reserve G.17 INDPRO / an oil price series / Port of LA vessel dwell time; not independently re-verified against each publisher in this workspace,REAL
2004-05-01,188.2,154.2,221.9,93.6013,37.5890476190476,0.3738630140835034,2.8977583378895444,3.212851405622485,2.731481481481479,3.38458309862264,46.17815308262845,,,,,Column names match NY Fed GSCPI / BLS CPI-U / Federal Reserve G.17 INDPRO / an oil price series / Port of LA vessel dwell time; not independently re-verified against each publisher in this workspace,REAL
2004-06-01,188.9,154.9,222.7,92.871,35.4377272727273,0.4259783458024833,3.16766794101584,3.473613894455596,3.0064754856614195,2.447031362551799,28.55281961086067,,,,,Column names match NY Fed GSCPI / BLS CPI-U / Federal Reserve G.17 INDPRO / an oil price series / Port of LA vessel dwell time; not independently re-verified against each publisher in this workspace,REAL
2004-07-01,189.1,154.6,223.2,93.5649,38.2268181818182,-0.4397001804907234,2.939575394665228,2.860944777112429,2.952029520295185,2.6848554355043186,34.11077322439595,,,,,Column names match NY Fed GSCPI / BLS CPI-U / Federal Reserve G.17 INDPRO / an oil price series / Port of LA vessel dwell time; not independently re-verified against each publisher in this workspace,REAL
2004-08-01,189.2,154.4,223.7,93.6277,42.2240909090909,0.080051812655821,2.5474254742547275,1.9815059445178247,2.992633517495391,2.9784524146032165,42.08209029145462,,,,,Column names match NY Fed GSCPI / BLS CPI-U / Federal Reserve G.17 INDPRO / an oil price series / Port of LA vessel dwell time; not independently re-verified against each publisher in this workspace,REAL
2004-09-01,189.8,154.9,224.2,93.7467,43.3159090909091,-0.0063245581383245,2.539168017287952,1.8408941485864585,2.9384756657483857,2.448803847620762,60.16773954989336,,,,,Column names match NY Fed GSCPI / BLS CPI-U / Federal Reserve G.17 INDPRO / an oil price series / Port of LA vessel dwell time; not independently re-verified against each publisher in this workspace,REAL
2004-10-01,190.8,156.7,224.6,94.5465,49.7361904761905,-0.6034350551210184,3.1909140075716547,3.7061548643282594,2.8388278388278287,3.1957484615569243,68.96581798948085,,,,,Column names match NY Fed GSCPI / BLS CPI-U / Federal Reserve G.17 INDPRO / an oil price series / Port of LA vessel dwell time; not independently re-verified against each publisher in this workspace,REAL
2004-11-01,191.7,157.8,225.4,94.7813,43.7486363636364,-0.0542869075071733,3.621621621621607,4.434149569821333,3.1107044830741115,2.763005391785356,51.125745249793255,,,,,Column names match NY Fed GSCPI / BLS CPI-U / Federal Reserve G.17 INDPRO / an oil price series / Port of LA vessel dwell time; not independently re-verified against each publisher in this workspace,REAL
2004-12-01,191.7,157.4,225.8,95.5365,39.965652173913,0.1087752226283053,3.3423180592991875,3.825857519788922,3.1050228310502304,3.551152067738861,34.367782487940055,,,,,Column names match NY Fed GSCPI / BLS CPI-U / Federal Reserve G.17 INDPRO / an oil price series / Port of LA vessel dwell time; not independently re-verified against each publisher in this workspace,REAL
2005-01-01,191.6,156.8,226.2,95.8801,44.1747619047619,-0.1114587860150245,2.8448738593666034,2.8196721311475548,2.9585798816567976,3.7656681883018175,42.582858260675074,,,,,Column names match NY Fed GSCPI / BLS CPI-U / Federal Reserve G.17 INDPRO / an oil price series / Port of LA vessel dwell time; not independently re-verified against each publisher in this workspace,REAL
2005-02-01,192.4,157.5,226.9,96.5761,45.721,-0.1167653343573617,3.0530262453133394,2.8739386022207825,3.0895047705588485,3.892187869790664,48.46890729014448,,,,,Column names match NY Fed GSCPI / BLS CPI-U / Federal Reserve G.17 INDPRO / an oil price series / Port of LA vessel dwell time; not independently re-verified against each publisher in this workspace,REAL
2005-03-01,193.1,157.9,228.0,96.4456,53.2291304347826,-0.2672021085146623,3.2068412613575736,3.0006523157207976,3.260869565217384,4.168552298887196,59.252562568291545,,,,,Column names match NY Fed GSCPI / BLS CPI-U / Federal Reserve G.17 INDPRO / an oil price series / Port of LA vessel dwell time; not independently re-verified against each publisher in this workspace,REAL
2005-04-01,193.7,158.6,228.5,96.6532,52.6042857142857,-1.3112278300616742,3.3617929562433257,3.6601307189542354,3.2068654019873577,4.006456472613795,57.6974512807833,,,,,Column names match NY Fed GSCPI / BLS CPI-U / Federal Reserve G.17 INDPRO / an oil price series / Port of LA vessel dwell time; not independently re-verified against each publisher in this workspace,REAL
2005-05-01,193.6,158.1,228.9,96.7402,49.2854545454545,-0.9790738830669368,2.869287991498415,2.529182879377445,3.154574132492116,3.3534790649275337,31.116529061725817,,,,,Column names match NY Fed GSCPI / BLS CPI-U / Federal Reserve G.17 INDPRO / an oil price series / Port of LA vessel dwell time; not independently re-verified against each publisher in this workspace,REAL
2005-06-01,193.7,158.0,229.1,97.1753,54.8390909090909,-0.9307022258236498,2.541026998411855,2.0012911555842505,2.8738212842388977,4.634708358906448,54.74776496543217,,,,,Column names match NY Fed GSCPI / BLS CPI-U / Federal Reserve G.17 INDPRO / an oil price series / Port of LA vessel dwell time; not independently re-verified against each publisher in this workspace,REAL
2005-07-01,194.9,159.6,229.9,96.8676,57.6257142857143,-0.8753971871513563,3.067160232681121,3.2341526520051733,3.0017921146953563,3.529849334526092,50.74682389632624,,,,,Column names match NY Fed GSCPI / BLS CPI-U / Federal Reserve G.17 INDPRO / an oil price series / Port of LA vessel dwell time; not independently re-verified against each publisher in this workspace,REAL
2005-08-01,196.1,161.5,230.4,97.1833,63.9504347826087,-0.4918427989948923,3.646934460887952,4.598445595854916,2.995082700044716,3.797594088074363,51.45485291866898,,,,,Column names match NY Fed GSCPI / BLS CPI-U / Federal Reserve G.17 INDPRO / an oil price series / Port of LA vessel dwell time; not independently re-verified against each publisher in this workspace,REAL
2005-09-01,198.8,166.0,231.4,95.3005,63.2613636363636,0.0850266152236804,4.741833508956805,7.165913492575848,3.211418376449604,1.6574450087309731,46.0464872238836,,,,,Column names match NY Fed GSCPI / BLS CPI-U / Federal Reserve G.17 INDPRO / an oil price series / Port of LA vessel dwell time; not independently re-verified against each publisher in this workspace,REAL
2005-10-01,199.1,164.8,233.1,96.4572,58.9085714285714,-0.0679862282570671,4.350104821802936,5.1691129546905135,3.7845057880676825,2.0209103457029087,18.44206575646734,,,,,Column names match NY Fed GSCPI / BLS CPI-U / Federal Reserve G.17 INDPRO / an oil price series / Port of LA vessel dwell time; not independently re-verified against each publisher in this workspace,REAL
2005-11-01,198.1,161.8,234.2,97.5414,55.4495454545455,-0.6278106875519718,3.338549817423053,2.5348542458808687,3.904170363797688,2.9120723180627417,26.74576869928413,,,,,Column names match NY Fed GSCPI / BLS CPI-U / Federal Reserve G.17 INDPRO / an oil price series / Port of LA vessel dwell time; not independently re-verified against each publisher in this workspace,REAL
2005-12-01,198.1,161.5,234.4,98.0452,57.1568181818182,-0.6910030017169366,3.338549817423053,2.6048284625158846,3.80868024800709,2.62590737571502,43.01485168588464,,,,,Column names match NY Fed GSCPI / BLS CPI-U / Federal Reserve G.17 INDPRO / an oil price series / Port of LA vessel dwell time; not independently re-verified against each publisher in this workspace,REAL
2006-01-01,199.3,162.9,235.5,98.1999,63.3118181818182,-0.3571367043149757,4.018789144050117,3.890306122448983,4.111405835543769,2.4194801632455576,43.32124374165191,,,,,Column names match NY Fed GSCPI / BLS CPI-U / Federal Reserve G.17 INDPRO / an oil price series / Port of LA vessel dwell time; not independently re-verified against each publisher in this workspace,REAL
2006-02-01,199.4,162.5,235.9,98.2413,60.8055,-0.7211993110784223,3.63825363825363,3.174603174603185,3.9665050683120207,1.7242361205308532,32.99249797685966,,,,,Column names match NY Fed GSCPI / BLS CPI-U / Federal Reserve G.17 INDPRO / an oil price series / Port of LA vessel dwell time; not independently re-verified against each publisher in this workspace,REAL
2006-03-01,199.7,162.6,236.5,98.4628,62.7469565217391,-0.3812804891331319,3.4179181771103018,2.9765674477517434,3.728070175438592,2.091541760329152,17.880859614300725,,,,,Column names match NY Fed GSCPI / BLS CPI-U / Federal Reserve G.17 INDPRO / an oil price series / Port of LA vessel dwell time; not independently re-verified against each publisher in this workspace,REAL
2006-04-01,200.7,164.1,237.1,98.7618,70.34,0.1132375969939505,3.613835828600931,3.467843631778056,3.763676148796491,2.181614266263288,33.71534095538118,,,,,Column names match NY Fed GSCPI / BLS CPI-U / Federal Reserve G.17 INDPRO / an oil price series / Port of LA vessel dwell time; not independently re-verified against each publisher in this workspace,REAL
2006-05-01,201.3,164.6,237.8,98.7869,70.51,0.1066182907133176,3.977272727272729,4.111321948134084,3.888160768894711,2.1156664964513183,43.06452207916789,,,,,Column names match NY Fed GSCPI / BLS CPI-U / Federal Reserve G.17 INDPRO / an oil price series / Port of LA vessel dwell time; not independently re-verified against each publisher in this workspace,REAL
2006-06-01,201.8,164.8,238.5,99.0997,69.2327272727273,0.1715597661852377,4.1817243159525175,4.303797468354431,4.103011785246613,1.980338625144462,26.247036785305845,,,,,Column names match NY Fed GSCPI / BLS CPI-U / Federal Reserve G.17 INDPRO / an oil price series / Port of LA vessel dwell time; not independently re-verified against each publisher in this workspace,REAL
2006-07-01,202.9,166.4,239.2,99.0489,74.0409523809524,-0.0928574963961135,4.104669061056954,4.260651629072698,4.0452370595911225,2.251836527383766,28.48596030211381,,,,,Column names match NY Fed GSCPI / BLS CPI-U / Federal Reserve G.17 INDPRO / an oil price series / Port of LA vessel dwell time; not independently re-verified against each publisher in this workspace,REAL
2006-08-01,203.8,167.2,239.9,99.4836,73.5004347826087,0.0698389744861111,3.926568077511483,3.52941176470587,4.123263888888884,2.3669704568583194,14.933440300232515,,,,,Column names match NY Fed GSCPI / BLS CPI-U / Federal Reserve G.17 INDPRO / an oil price series / Port of LA vessel dwell time; not independently re-verified against each publisher in this workspace,REAL
2006-09-01,202.8,164.6,240.7,99.3183,62.5271428571429,-0.633439791702475,2.012072434607637,-0.8433734939759074,4.019014693171985,4.215927513496776,-1.160614847699326,,,,,Column names match NY Fed GSCPI / BLS CPI-U / Federal Reserve G.17 INDPRO / an oil price series / Port of LA vessel dwell time; not independently re-verified against each publisher in this workspace,REAL
2006-10-01,201.9,162.5,241.0,99.2044,58.7581818181818,-0.509367681729203,1.4063284781516971,-1.3956310679611672,3.389103389103388,2.8481025781383007,-0.2552932565542787,,,,,Column names match NY Fed GSCPI / BLS CPI-U / Federal Reserve G.17 INDPRO / an oil price series / Port of LA vessel dwell time; not independently re-verified against each publisher in this workspace,REAL
2006-11-01,202.0,162.0,241.7,99.1627,59.2227272727273,-0.2234453691814633,1.9687026754164672,0.1236093943139504,3.202391118701975,1.6621660136106442,6.8047119002532686,,,,,Column names match NY Fed GSCPI / BLS CPI-U / Federal Reserve G.17 INDPRO / an oil price series / Port of LA vessel dwell time; not independently re-verified against each publisher in this workspace,REAL
2006-12-01,203.1,163.4,242.4,100.1735,62.2604761904762,-0.4536893893729348,2.5239777889954462,1.17647058823529,3.412969283276457,2.1707334984272686,8.929219944369615,,,,,Column names match NY Fed GSCPI / BLS CPI-U / Federal Reserve G.17 INDPRO / an oil price series / Port of LA vessel dwell time; not independently re-verified against each publisher in this workspace,REAL
2007-01-01,203.437,163.335,243.214,99.8346,54.5030434782609,-0.8654550554609568,2.075765178123423,0.2670349907919034,3.275583864118903,1.6646656462990128,-13.913318171119894,,,,,Column names match NY Fed GSCPI / BLS CPI-U / Federal Reserve G.17 INDPRO / an oil price series / Port of LA vessel dwell time; not independently re-verified against each publisher in this workspace,REAL
2007-02-01,204.226,164.066,244.091,100.7753,57.9695,-0.710467755375753,2.420260782347028,0.9636923076923098,3.472233997456553,2.5793632616832207,-4.664051771632504,,,,,Column names match NY Fed GSCPI / BLS CPI-U / Federal Reserve G.17 INDPRO / an oil price series / Port of LA vessel dwell time; not independently re-verified against each publisher in this workspace,REAL
2007-03-01,205.288,165.554,244.743,100.9547,62.3572727272727,-0.5858176735663944,2.798197295943927,1.816728167281667,3.48541226215644,2.530803511580016,-0.6210401524915254,,,,,Column names match NY Fed GSCPI / BLS CPI-U / Federal Reserve G.17 INDPRO / an oil price series / Port of LA vessel dwell time; not independently re-verified against each publisher in this workspace,REAL
2007-04-01,205.904,166.198,245.315,101.6334,67.6904761904762,-0.8195485335157885,2.5929247633283525,1.278488726386362,3.464782792070853,2.9076019270608766,-3.766738426960192,,,,,Column names match NY Fed GSCPI / BLS CPI-U / Federal Reserve G.17 INDPRO / an oil price series / Port of LA vessel dwell time; not independently re-verified against each publisher in this workspace,REAL
2007-05-01,206.755,167.309,245.896,101.7306,67.7178260869565,-0.4127010490099433,2.709885742672613,1.6458080194410751,3.404541631623204,2.9798485426711263,-3.959968675426884,,,,,Column names match NY Fed GSCPI / BLS CPI-U / Federal Reserve G.17 INDPRO / an oil price series / Port of LA vessel dwell time; not independently re-verified against each publisher in this workspace,REAL
2007-06-01,207.234,167.519,246.645,101.7893,70.6190476190476,-0.3673970602994654,2.692765113974227,1.649878640776703,3.4150943396226374,2.7140344521729087,2.0024060887551043,,,,,Column names match NY Fed GSCPI / BLS CPI-U / Federal Reserve G.17 INDPRO / an oil price series / Port of LA vessel dwell time; not independently re-verified against each publisher in this workspace,REAL
2007-07-01,207.603,167.808,247.065,101.6672,76.1331818181818,-0.4245952002140862,2.317890586495808,0.8461538461538298,3.2880434782608825,2.6434417747193573,2.825773264590836,,,,,Column names match NY Fed GSCPI / BLS CPI-U / Federal Reserve G.17 INDPRO / an oil price series / Port of LA vessel dwell time; not independently re-verified against each publisher in this workspace,REAL
2007-08-01,207.667,167.468,247.505,101.863,71.3130434782609,-0.0943826199034888,1.897448478900876,0.160287081339705,3.17007086285952,2.391751002175236,-2.9760249865425026,,,,,Column names match NY Fed GSCPI / BLS CPI-U / Federal Reserve G.17 INDPRO / an oil price series / Port of LA vessel dwell time; not independently re-verified against each publisher in this workspace,REAL
2007-09-01,208.547,168.479,248.248,102.0894,76.772,-0.0311165712746769,2.8338264299802685,2.3566221142163,3.1358537598670466,2.7901202497425004,22.78187758459176,,,,,Column names match NY Fed GSCPI / BLS CPI-U / Federal Reserve G.17 INDPRO / an oil price series / Port of LA vessel dwell time; not independently re-verified against each publisher in this workspace,REAL
2007-10-01,209.19,168.985,249.054,101.8015,82.5073913043478,-0.6022435908434384,3.610698365527476,3.990769230769242,3.3419087136929537,2.6179282370540014,40.41855746941643,,,,,Column names match NY Fed GSCPI / BLS CPI-U / Federal Reserve G.17 INDPRO / an oil price series / Port of LA vessel dwell time; not independently re-verified against each publisher in this workspace,REAL
2007-11-01,210.834,171.484,249.818,102.3446,92.7313636363636,-0.4776841955075157,4.373267326732666,5.854320987654327,3.3587091435664185,3.2087670061424323,56.58070458208597,,,,,Column names match NY Fed GSCPI / BLS CPI-U / Federal Reserve G.17 INDPRO / an oil price series / Port of LA vessel dwell time; not independently re-verified against each publisher in this workspace,REAL
2007-12-01,211.445,171.973,250.546,102.3803,91.5195238095238,-0.1415974265955326,4.108813392417532,5.246634026927799,3.3605610561056043,2.2029778334589523,46.99457731343737,,,,,Column names match NY Fed GSCPI / BLS CPI-U / Federal Reserve G.17 INDPRO / an oil price series / Port of LA vessel dwell time; not independently re-verified against each publisher in this workspace,REAL
2008-01-01,212.174,172.74,251.254,102.2448,92.0917391304348,-0.3656673778452936,4.294695655165981,5.758104509137652,3.305730755630832,2.4141930753466267,68.96623244015088,,,,,Column names match NY Fed GSCPI / BLS CPI-U / Federal Reserve G.17 INDPRO / an oil price series / Port of LA vessel dwell time; not independently re-verified against each publisher in this workspace,REAL
2008-02-01,212.687,173.2,251.827,101.8438,94.722380952381,0.4659828323953454,4.142959270611968,5.567271707727373,3.169309806588516,1.0602796518591306,63.40037597767965,,,,,Column names match NY Fed GSCPI / BLS CPI-U / Federal Reserve G.17 INDPRO / an oil price series / Port of LA vessel dwell time; not independently re-verified against each publisher in this workspace,REAL
2008-03-01,213.448,173.692,252.919,101.5336,103.161904761905,0.1573022310133748,3.9749035501344334,4.915616656800803,3.3406471278034644,0.5734255066876637,65.43684521466557,,,,,Column names match NY Fed GSCPI / BLS CPI-U / Federal Reserve G.17 INDPRO / an oil price series / Port of LA vessel dwell time; not independently re-verified against each publisher in this workspace,REAL
2008-04-01,213.942,173.978,253.59,100.8785,110.033181818182,0.1382144049096171,3.903760975988813,4.681163431569568,3.3732140309398195,-0.7427676334748168,62.55341668531984,,,,,Column names match NY Fed GSCPI / BLS CPI-U / Federal Reserve G.17 INDPRO / an oil price series / Port of LA vessel dwell time; not independently re-verified against each publisher in this workspace,REAL
2008-05-01,215.208,175.384,254.677,100.2674,123.862272727273,-0.1108318336710159,4.088413823123993,4.826399058030351,3.5710218954354778,-1.4383086308347726,82.90940493013075,,,,,Column names match NY Fed GSCPI / BLS CPI-U / Federal Reserve G.17 INDPRO / an oil price series / Port of LA vessel dwell time; not independently re-verified against each publisher in this workspace,REAL
2008-06-01,217.463,178.686,255.839,100.0335,132.760476190476,0.2782815874016737,4.935966105947864,6.666109515935514,3.7276247237933102,-1.724935725071297,87.99527983816564,,,,,Column names match NY Fed GSCPI / BLS CPI-U / Federal Reserve G.17 INDPRO / an oil price series / Port of LA vessel dwell time; not independently re-verified against each publisher in this workspace,REAL
2008-07-01,219.016,180.525,257.074,99.676,133.585217391304,1.0058243636761832,5.497512078341837,7.578303775743711,4.051160625746264,-1.958547102703712,75.46254366503014,,,,,Column names match NY Fed GSCPI / BLS CPI-U / Federal Reserve G.17 INDPRO / an oil price series / Port of LA vessel dwell time; not independently re-verified against each publisher in this workspace,REAL
2008-08-01,218.69,179.394,257.56,98.1111,113.800476190476,0.283406014356013,5.308017162091239,7.121360498722162,4.062544191026452,-3.6832804845724265,59.578767978353085,,,,,Column names match NY Fed GSCPI / BLS CPI-U / Federal Reserve G.17 INDPRO / an oil price series / Port of LA vessel dwell time; not independently re-verified against each publisher in this workspace,REAL
2008-09-01,218.877,179.74,257.582,93.7895,98.7554545454546,-0.5326326696309509,4.953319875136075,6.683919064096999,3.759949727691669,-8.130031129578574,28.634729517864056,,,,,Column names match NY Fed GSCPI / BLS CPI-U / Federal Reserve G.17 INDPRO / an oil price series / Port of LA vessel dwell time; not independently re-verified against each publisher in this workspace,REAL
2008-10-01,216.995,175.931,257.712,94.7219,71.9634782608696,-0.9728624388737104,3.7310578899565128,4.110424002130375,3.476354525524572,-6.954317961916079,-12.779355736244902,,,,,Column names match NY Fed GSCPI / BLS CPI-U / Federal Reserve G.17 INDPRO / an oil price series / Port of LA vessel dwell time; not independently re-verified against each publisher in this workspace,REAL
2008-11-01,213.153,168.25,257.821,93.4715,52.7135,-1.5251693133778017,1.0999174706166848,-1.8858902288260149,3.2035321714207976,-8.669827230747885,-43.15461572773748,,,,,Column names match NY Fed GSCPI / BLS CPI-U / Federal Reserve G.17 INDPRO / an oil price series / Port of LA vessel dwell time; not independently re-verified against each publisher in this workspace,REAL
2008-12-01,211.398,164.636,257.988,90.8357,40.5117391304348,-0.6994099762646433,-0.022228002553859,-4.266367394881765,2.9703128367645,-11.276192783181926,-55.73432045521742,,,,,Column names match NY Fed GSCPI / BLS CPI-U / Federal Reserve G.17 INDPRO / an oil price series / Port of LA vessel dwell time; not independently re-verified against each publisher in this workspace,REAL
2009-01-01,211.933,165.247,258.453,88.57,43.1745454545455,-0.3977617987115554,-0.1135860190221271,-4.337733009146694,2.8652280162703825,-13.374567704176645,-53.11789541362128,0.5631097350286622,4.484876962560387,368.0,0.1823496772802827,Column names match NY Fed GSCPI / BLS CPI-U / Federal Reserve G.17 INDPRO / an oil price series / Port of LA vessel dwell time; not independently re-verified against each publisher in this workspace,REAL
2009-02-01,212.705,166.58,258.656,88.031,42.9105,-0.4193695723560661,0.0084631406715107,-3.822170900692823,2.7117822949882298,-13.56273037730328,-54.69866828878378,0.623402068792921,4.50657482078853,310.0,0.4196230546735409,Column names match NY Fed GSCPI / BLS CPI-U / Federal Reserve G.17 INDPRO / an oil price series / Port of LA vessel dwell time; not independently re-verified against each publisher in this workspace,REAL
2009-03-01,212.495,166.142,258.744,86.6528,46.5827272727273,0.204074194498654,-0.4464787676623838,-4.34677475070816,2.303108900478024,-14.656035046526473,-54.84502987780322,0.5775147330567728,4.723315924916742,367.0,0.6558581685890614,Column names match NY Fed GSCPI / BLS CPI-U / Federal Reserve G.17 INDPRO / an oil price series / Port of LA vessel dwell time; not independently re-verified against each publisher in this workspace,REAL
2009-04-01,212.709,166.58,258.698,85.9344,50.5190909090909,0.8610518741448063,-0.5763244243767063,-4.252261780225086,2.014275010844257,-14.81395936696125,-54.08740338658183,1.1343492485441116,4.700840745942572,356.0,0.5994157514635069,Column names match NY Fed GSCPI / BLS CPI-U / Federal Reserve G.17 INDPRO / an oil price series / Port of LA vessel dwell time; not independently re-verified against each publisher in this workspace,REAL
2009-05-01,213.022,167.281,258.584,85.0665,57.5014285714286,0.3524003261584149,-1.015761495855172,-4.6201477899922345,1.5341000561495566,-15.160361194166793,-53.57631722288956,0.1890047408499058,4.866052114060964,339.0,0.6198213382692479,Column names match NY Fed GSCPI / BLS CPI-U / Federal Reserve G.17 INDPRO / an oil price series / Port of LA vessel dwell time; not independently re-verified against each publisher in this workspace,REAL
2009-06-01,214.79,170.658,258.686,84.7459,68.58,-0.489386768350117,-1.2291746182109151,-4.492797421174588,1.1128092276783352,-15.282480369076357,-48.34305964554848,-6.51089341110348,1.7138708513708516,77.0,-2.961731796139434,Column names match NY Fed GSCPI / BLS CPI-U / Federal Reserve G.17 INDPRO / an oil price series / Port of LA vessel dwell time; not independently re-verified against each publisher in this workspace,REAL
2009-07-01,214.726,170.456,258.747,85.7027,64.9043478260869,-0.729898152848537,-1.958761003762277,-5.577620828140151,0.650785376973162,-14.018720654921957,-51.41352531847436,1.876184252000891,5.076322445130316,324.0,1.029989830198026,Column names match NY Fed GSCPI / BLS CPI-U / Federal Reserve G.17 INDPRO / an oil price series / Port of LA vessel dwell time; not independently re-verified against each publisher in this workspace,REAL
2009-08-01,215.445,171.332,259.285,86.6426,72.5919047619048,-1.116665606682849,-1.4838355663267633,-4.4940187520207004,0.6697468551017272,-11.689299172061052,-36.21124691921101,1.4309781150690914,4.625197784810126,316.0,0.5301495765188903,Column names match NY Fed GSCPI / BLS CPI-U / Federal Reserve G.17 INDPRO / an oil price series / Port of LA vessel dwell time; not independently re-verified against each publisher in this workspace,REAL
2009-09-01,215.861,171.922,259.523,87.4063,67.5131818181818,-0.4842888461835811,-1.377942862886472,-4.349616112162014,0.7535464434626826,-6.805879122929537,-31.63599709106981,0.9618724912594666,4.719461127794461,333.0,0.7360071508817043,Column names match NY Fed GSCPI / BLS CPI-U / Federal Reserve G.17 INDPRO / an oil price series / Port of LA vessel dwell time; not independently re-verified against each publisher in this workspace,REAL
2009-10-01,216.509,172.746,260.011,87.6419,72.9686363636364,-0.4519589440684789,-0.2239682942003384,-1.810368837782994,0.8920810827590664,-7.474512230012276,1.3967614226803704,2.41011817630708,5.172613120195668,318.0,1.096501655809185,Column names match NY Fed GSCPI / BLS CPI-U / Federal Reserve G.17 INDPRO / an oil price series / Port of LA vessel dwell time; not independently re-verified against each publisher in this workspace,REAL
2009-11-01,217.234,173.95,260.213,88.0221,76.9366666666667,-0.7894433226452982,1.9145871744709275,3.387815750371459,0.927775472129877,-5.83001235670767,45.95249161347035,1.236608882482784,4.16136343336906,311.0,-0.1071660209644919,Column names match NY Fed GSCPI / BLS CPI-U / Federal Reserve G.17 INDPRO / an oil price series / Port of LA vessel dwell time; not independently re-verified against each publisher in this workspace,REAL
2009-12-01,217.347,174.106,260.285,88.3793,74.7895652173913,-0.6089928752903141,2.8141231232083674,5.752083383950057,0.8903514892165676,-2.704223119324234,84.61208238084498,0.4995142724138417,4.794298245614035,323.0,0.3678947741278944,Column names match NY Fed GSCPI / BLS CPI-U / Federal Reserve G.17 INDPRO / an oil price series / Port of LA vessel dwell time; not independently re-verified against each publisher in this workspace,REAL
2010-01-01,217.488,174.876,259.833,89.3426,76.6023809523809,-0.3181248439061808,2.621111388976716,5.827034681416299,0.5339462107230464,0.87230439200634,77.42486955196432,1.19246642646957,4.628242924528302,318.0,0.2600522495902623,Column names match NY Fed GSCPI / BLS CPI-U / Federal Reserve G.17 INDPRO / an oil price series / Port of LA vessel dwell time; not independently re-verified against each publisher in this workspace,REAL
2010-02-01,217.281,174.321,259.97,89.6779,73.903,-0.1522645815216326,2.151336357866529,4.647016448553232,0.5080106396140094,1.8708182344855608,72.22591207280271,1.0176442308215958,4.037850682908823,301.0,-0.3059138616915682,Column names match NY Fed GSCPI / BLS CPI-U / Federal Reserve G.17 INDPRO / an oil price series / Port of LA vessel dwell time; not independently re-verified against each publisher in this workspace,REAL
2010-03-01,217.353,174.137,260.342,90.2928,79.5191304347826,0.3669250941752589,2.2861714393279886,4.812148643931091,0.6175988621958117,4.200672107537207,70.70518428262682,1.3595765258477428,4.115938298212005,348.0,-0.2516322828757998,Column names match NY Fed GSCPI / BLS CPI-U / Federal Reserve G.17 INDPRO / an oil price series / Port of LA vessel dwell time; not independently re-verified against each publisher in this workspace,REAL
2010-04-01,217.403,173.874,260.672,90.5991,85.1563636363636,0.2918291594628908,2.2067707525304403,4.378676911994228,0.7630518983525292,5.428210355806296,68.56273955840271,1.374853837650578,4.589184709634106,331.0,0.3424556008387174,Column names match NY Fed GSCPI / BLS CPI-U / Federal Reserve G.17 INDPRO / an oil price series / Port of LA vessel dwell time; not independently re-verified against each publisher in this workspace,REAL
2010-05-01,217.29,173.367,260.932,91.823,76.1323809523809,0.4396291125450067,2.003548929218568,3.6381896330127006,0.9080221514092156,7.942609605426321,32.400851324604616,1.0662074915416182,4.386382256554307,356.0,-0.1200795324197786,Column names match NY Fed GSCPI / BLS CPI-U / Federal Reserve G.17 INDPRO / an oil price series / Port of LA vessel dwell time; not independently re-verified against each publisher in this workspace,REAL
2010-06-01,217.199,172.929,261.188,91.9928,75.2463636363636,-0.0295605136453812,1.1215605940686268,1.3307316387160428,0.9671957508330608,8.551328146848402,9.72056523237621,0.8814450708819646,4.260765786278081,366.0,0.2700969149859887,Column names match NY Fed GSCPI / BLS CPI-U / Federal Reserve G.17 INDPRO / an oil price series / Port of LA vessel dwell time; not independently re-verified against each publisher in this workspace,REAL
2010-07-01,217.605,173.391,261.525,92.3421,75.195,-0.0455899525599625,1.3407784804821077,1.721851973529831,1.0736356363551858,7.747013804699288,15.855104501607808,0.989545499070768,4.485112119801365,358.0,0.143715560621379,Column names match NY Fed GSCPI / BLS CPI-U / Federal Reserve G.17 INDPRO / an oil price series / Port of LA vessel dwell time; not independently re-verified against each publisher in this workspace,REAL
2010-08-01,217.923,173.829,261.722,92.6805,76.8918181818182,0.3048505177786044,1.1501775395112546,1.4574043377769463,0.939892396397779,6.968742858593813,5.9234062448378255,0.8785173260302522,4.053638674112257,388.0,-0.3303366079440719,Column names match NY Fed GSCPI / BLS CPI-U / Federal Reserve G.17 INDPRO / an oil price series / Port of LA vessel dwell time; not independently re-verified against each publisher in this workspace,REAL
2010-09-01,218.275,174.383,261.884,92.9537,77.9381818181818,0.3731539621165624,1.1183122472331777,1.431463105361752,0.9097459570057254,6.346682104150392,15.441428946535684,0.566462027093533,4.126933333333333,375.0,-0.1519960197706805,Column names match NY Fed GSCPI / BLS CPI-U / Federal Reserve G.17 INDPRO / an oil price series / Port of LA vessel dwell time; not independently re-verified against each publisher in this workspace,REAL
2010-10-01,219.035,175.737,262.075,92.6903,83.3385714285714,0.6801427089661296,1.1666951489314623,1.7314438539821395,0.7938125694681997,5.760258506490601,14.211496310903794,0.2042819990602278,4.240532468484315,379.0,-0.2370932071508109,Column names match NY Fed GSCPI / BLS CPI-U / Federal Reserve G.17 INDPRO / an oil price series / Port of LA vessel dwell time; not independently re-verified against each publisher in this workspace,REAL
2010-11-01,219.59,176.497,262.41,92.7709,85.8009090909091,0.4597632432366643,1.084544776600338,1.4642138545559291,0.844308316648279,5.39500875348351,11.5214796901032,0.5439801332504841,4.357222611266729,357.0,0.0394228540855966,Column names match NY Fed GSCPI / BLS CPI-U / Federal Reserve G.17 INDPRO / an oil price series / Port of LA vessel dwell time; not independently re-verified against each publisher in this workspace,REAL
2010-12-01,220.472,177.948,262.733,93.6787,91.96,0.7087355874168988,1.437793022217937,2.206701664503252,0.9405075206024184,5.996200467756596,22.95832945772487,-0.0253375739348782,3.461780827563469,337.0,-1.4911891034740463,Column names match NY Fed GSCPI / BLS CPI-U / Federal Reserve G.17 INDPRO / an oil price series / Port of LA vessel dwell time; not independently re-verified against each publisher in this workspace,REAL
2011-01-01,221.187,178.945,263.159,93.4814,96.952380952381,0.7796986174306135,1.7007834915029774,2.326791555159069,1.2800529570916597,4.632504538708293,26.56575389301605,-0.0992517301849784,3.3134232264334305,343.0,-1.5758070936964428,Column names match NY Fed GSCPI / BLS CPI-U / Federal Reserve G.17 INDPRO / an oil price series / Port of LA vessel dwell time; not independently re-verified against each publisher in this workspace,REAL
2011-02-01,221.898,179.827,263.701,93.1102,104.2385,0.3695365617232578,2.124898173333145,3.158540852794567,1.435165596030319,3.827364378514675,41.04772472024138,-0.2739860503007164,3.75465732826844,351.0,-0.7879806557662798,Column names match NY Fed GSCPI / BLS CPI-U / Federal Reserve G.17 INDPRO / an oil price series / Port of LA vessel dwell time; not independently re-verified against each publisher in this workspace,REAL
2011-03-01,223.046,181.764,264.114,94.0788,114.917391304348,0.7405386171106064,2.619241510354109,4.379884803344503,1.4488634181192506,4.193025357503588,44.51540236421121,0.5914972292712457,4.026939915458937,368.0,-0.478859029773025,Column names match NY Fed GSCPI / BLS CPI-U / Federal Reserve G.17 INDPRO / an oil price series / Port of LA vessel dwell time; not independently re-verified against each publisher in this workspace,REAL
2011-04-01,224.093,183.488,264.465,93.7749,123.325714285714,1.6217734491819285,3.0772344447868694,5.529291325902674,1.4550853179474466,3.505332834432129,44.82266388492342,0.9768920491454895,4.398025058788948,378.0,-0.018836318432832,Column names match NY Fed GSCPI / BLS CPI-U / Federal Reserve G.17 INDPRO / an oil price series / Port of LA vessel dwell time; not independently re-verified against each publisher in this workspace,REAL
2011-05-01,224.806,184.504,264.86,93.888,114.929545454545,0.9408867062674932,3.4589718808965,6.4239445799950445,1.5053730473839844,2.248891889831528,50.960135512418645,0.2562615154668932,4.350373931623932,377.0,-0.2777679761146485,Column names match NY Fed GSCPI / BLS CPI-U / Federal Reserve G.17 INDPRO / an oil price series / Port of LA vessel dwell time; not independently re-verified against each publisher in this workspace,REAL
2011-06-01,224.806,184.09,265.284,94.172,114.370454545455,0.2014126147141074,3.502318150636041,6.454093876677702,1.568219060600029,2.3688810428642126,51.99465996544752,0.4435526862810675,4.083765552662038,384.0,-0.0726137479347664,Column names match NY Fed GSCPI / BLS CPI-U / Federal Reserve G.17 INDPRO / an oil price series / Port of LA vessel dwell time; not independently re-verified against each publisher in this workspace,REAL
2011-07-01,225.395,184.566,265.962,94.636,117.483333333333,0.288197447772428,3.5798809769996165,6.444971192276428,1.696587324347587,2.484132372991299,56.23822505928986,-0.1775789841186913,4.230498903508772,380.0,-0.3008458143680425,Column names match NY Fed GSCPI / BLS CPI-U / Federal Reserve G.17 INDPRO / an oil price series / Port of LA vessel dwell time; not independently re-verified against each publisher in this workspace,REAL
2011-08-01,226.106,185.262,266.69,95.2749,110.354782608696,-0.097290136743341,3.75499603070808,6.5771534093850725,1.8981973238780148,2.7992943499441703,43.519538512864095,-0.3360661627707916,3.972970085470086,377.0,-0.5466322524364841,Column names match NY Fed GSCPI / BLS CPI-U / Federal Reserve G.17 INDPRO / an oil price series / Port of LA vessel dwell time; not independently re-verified against each publisher in this workspace,REAL
2011-09-01,226.597,185.808,267.123,95.1961,111.962727272727,-0.5482791430221956,3.812621692818685,6.5516707477219605,2.0005040399566187,2.412383799676609,43.65581113236565,0.1775722203616717,4.271177685950414,363.0,-0.0731407445235542,Column names match NY Fed GSCPI / BLS CPI-U / Federal Reserve G.17 INDPRO / an oil price series / Port of LA vessel dwell time; not independently re-verified against each publisher in this workspace,REAL
2011-10-01,226.75,185.725,267.52,95.8568,110.429523809524,-0.3723012035290643,3.5222681306640524,5.683492946846713,2.077649527806913,3.4162150732061747,32.507099553742606,0.5928268443192322,4.427605158730159,350.0,-0.1020347487019055,Column names match NY Fed GSCPI / BLS CPI-U / Federal Reserve G.17 INDPRO / an oil price series / Port of LA vessel dwell time; not independently re-verified against each publisher in this workspace,REAL
2011-11-01,227.169,186.239,267.829,95.8485,111.158636363636,0.1445815646127202,3.451432214581729,5.5196405604627685,2.0650889828893737,3.317419578768788,29.554147550883748,0.1847493422766346,4.5717853610286845,337.0,0.2105562324766263,Column names match NY Fed GSCPI / BLS CPI-U / Federal Reserve G.17 INDPRO / an oil price series / Port of LA vessel dwell time; not independently re-verified against each publisher in this workspace,REAL
2011-12-01,227.223,185.713,268.463,96.3571,108.347727272727,-0.0350585360924899,3.062066838419386,4.363634320138465,2.1809213155560947,2.859134467066693,17.820495076910614,-0.2406949800853711,4.245439886480908,323.0,-0.5732365419484902,Column names match NY Fed GSCPI / BLS CPI-U / Federal Reserve G.17 INDPRO / an oil price series / Port of LA vessel dwell time; not independently re-verified against each publisher in this workspace,REAL
2012-01-01,227.842,186.508,268.94,96.9318,111.415,0.3883079740825822,3.0087663379855023,4.226438291095036,2.19677077356275,3.691001632410296,14.9172396856581,-1.041086175340367,3.991734795875421,308.0,-0.7961009498151667,Column names match NY Fed GSCPI / BLS CPI-U / Federal Reserve G.17 INDPRO / an oil price series / Port of LA vessel dwell time; not independently re-verified against each publisher in this workspace,REAL
2012-02-01,228.329,187.426,269.034,97.2435,119.165714285714,0.0208788627429148,2.898178442347388,4.22572806085848,2.022366240552742,4.439148449901298,14.320250469561625,0.1923778084102906,4.118668173133451,315.0,-0.4207280924318425,Column names match NY Fed GSCPI / BLS CPI-U / Federal Reserve G.17 INDPRO / an oil price series / Port of LA vessel dwell time; not independently re-verified against each publisher in this workspace,REAL
2012-03-01,228.807,187.863,269.562,96.74,124.703181818182,-0.3554659148630242,2.5828752813320977,3.3554499240773694,2.062745632567764,2.8286925428470555,8.51550004987256,1.0571267089320933,3.9854820913728095,334.0,-0.643698794681049,Column names match NY Fed GSCPI / BLS CPI-U / Federal Reserve G.17 INDPRO / an oil price series / Port of LA vessel dwell time; not independently re-verified against each publisher in this workspace,REAL
2012-04-01,229.187,188.067,270.105,97.4359,120.47,-0.3186583784070199,2.2731633741348567,2.4955310429019884,2.1326073393454825,3.9040297563633697,-2.3155870632932563,0.3318462514815035,3.961205141902257,338.0,-0.7025056565388149,Column names match NY Fed GSCPI / BLS CPI-U / Federal Reserve G.17 INDPRO / an oil price series / Port of LA vessel dwell time; not independently re-verified against each publisher in this workspace,REAL
2012-05-01,228.713,186.81,270.363,97.6609,110.822173913043,-0.6666671003105886,1.7379429374660749,1.2498374018991454,2.077701427169054,4.0185114178595605,-3.5738169199724945,0.2611430001904428,4.268025783690317,332.0,-0.4962676888427592,Column names match NY Fed GSCPI / BLS CPI-U / Federal Reserve G.17 INDPRO / an oil price series / Port of LA vessel dwell time; not independently re-verified against each publisher in this workspace,REAL
2012-06-01,228.524,185.837,270.956,97.6663,95.8890476190476,-0.7005390154396676,1.653870448297634,0.9489923407029144,2.138085975784443,3.7105509068513065,-16.159249344473146,1.0781454609460883,4.125097318102125,338.0,-0.1288095933034733,Column names match NY Fed GSCPI / BLS CPI-U / Federal Reserve G.17 INDPRO / an oil price series / Port of LA vessel dwell time; not independently re-verified against each publisher in this workspace,REAL
2012-07-01,228.59,185.502,271.392,97.8713,102.979545454545,-0.6857617744590278,1.4175114798464783,0.5071356587887266,2.0416450470367886,3.418677881567289,-12.34540037916416,0.0169606861678859,4.218709507418081,347.0,-0.4267520089752543,Column names match NY Fed GSCPI / BLS CPI-U / Federal Reserve G.17 INDPRO / an oil price series / Port of LA vessel dwell time; not independently re-verified against each publisher in this workspace,REAL
2012-08-01,229.918,187.526,272.071,97.4525,113.780434782609,-0.1308205465089261,1.6859349154821237,1.2220530923772843,2.017698451385508,2.285596731143258,3.10421722822829,-0.1555686380542604,4.143423057423417,347.0,-0.4333836779025846,Column names match NY Fed GSCPI / BLS CPI-U / Federal Reserve G.17 INDPRO / an oil price series / Port of LA vessel dwell time; not independently re-verified against each publisher in this workspace,REAL
2012-09-01,231.015,189.115,272.691,97.381,113.6415,-0.2574802776898937,1.9497168982819613,1.7797941961594788,2.084433014004783,2.2951570495009843,1.4994032104842514,0.3217560518440379,3.949651943610277,333.0,-0.6055107333457552,Column names match NY Fed GSCPI / BLS CPI-U / Federal Reserve G.17 INDPRO / an oil price series / Port of LA vessel dwell time; not independently re-verified against each publisher in this workspace,REAL
2012-10-01,231.638,189.812,273.242,97.7193,111.792608695652,0.0025915348634355,2.1556780595369363,2.2005653519989288,2.138905502392352,1.9430024786973863,1.2343482423044172,-0.3185133082010952,4.323426851851852,350.0,-0.3491819525637474,Column names match NY Fed GSCPI / BLS CPI-U / Federal Reserve G.17 INDPRO / an oil price series / Port of LA vessel dwell time; not independently re-verified against each publisher in this workspace,REAL
2012-11-01,231.249,188.453,273.783,98.0777,109.911818181818,-0.350159392010079,1.7960197033926262,1.188795042928703,2.2230602361954954,2.3257536633332743,-1.1216566005175288,0.2027173886455494,4.10591368747902,331.0,-0.5112374245374554,Column names match NY Fed GSCPI / BLS CPI-U / Federal Reserve G.17 INDPRO / an oil price series / Port of LA vessel dwell time; not independently re-verified against each publisher in this workspace,REAL
2012-12-01,231.221,187.716,274.437,98.3101,109.569047619048,-0.1456113650980108,1.7595049796895523,1.0785459283948915,2.2252600917072263,2.0268355938483085,1.1272228565041953,-0.0538582884807158,5.030025662849479,359.0,0.3459321412751262,Column names match NY Fed GSCPI / BLS CPI-U / Federal Reserve G.17 INDPRO / an oil price series / Port of LA vessel dwell time; not independently re-verified against each publisher in this workspace,REAL
2013-01-01,231.679,187.971,275.121,98.3342,112.527826086957,-0.0418244248949456,1.684061762098299,0.7844167542411018,2.29828214471628,1.446790423782485,0.9988117281847232,-0.7569116563845554,4.379125951950471,338.0,-0.3981666466092773,Column names match NY Fed GSCPI / BLS CPI-U / Federal Reserve G.17 INDPRO / an oil price series / Port of LA vessel dwell time; not independently re-verified against each publisher in this workspace,REAL
2013-02-01,232.937,189.884,275.756,98.7941,116.488,-0.3671442272137137,2.0181404902574807,1.311450919296142,2.498568954109892,1.594553877637073,-2.247050925481686,-0.4658532909661592,4.073557086320191,310.0,-0.5903619961205271,Column names match NY Fed GSCPI / BLS CPI-U / Federal Reserve G.17 INDPRO / an oil price series / Port of LA vessel dwell time; not independently re-verified against each publisher in this workspace,REAL
2013-03-01,232.282,188.07,276.207,99.1921,109.585714285714,-0.5348664523976528,1.5187472411246183,0.1101866785902405,2.465110067442744,2.534732272069462,-12.122760070797034,0.2141949533194219,4.116586306553559,334.0,-0.5820871854858746,Column names match NY Fed GSCPI / BLS CPI-U / Federal Reserve G.17 INDPRO / an oil price series / Port of LA vessel dwell time; not independently re-verified against each publisher in this workspace,REAL
2013-04-01,231.797,186.794,276.473,99.1065,102.96,-0.7249172300496199,1.138808047576867,-0.6768864287727272,2.357601673423293,1.7145631127746477,-14.53473893915498,-0.440556495409671,4.121143497911858,337.0,-0.6030553034372823,Column names match NY Fed GSCPI / BLS CPI-U / Federal Reserve G.17 INDPRO / an oil price series / Port of LA vessel dwell time; not independently re-verified against each publisher in this workspace,REAL
2013-05-01,231.893,186.495,276.955,99.1839,102.980434782609,-0.858381008744958,1.3903888279197083,-0.1686205235265747,2.438203452395471,1.5594777439077443,-7.075965804990481,-0.8417414500516559,4.261471044744166,346.0,-0.6153044971795237,Column names match NY Fed GSCPI / BLS CPI-U / Federal Reserve G.17 INDPRO / an oil price series / Port of LA vessel dwell time; not independently re-verified against each publisher in this workspace,REAL
2013-06-01,232.445,187.137,277.441,99.3897,103.3585,-0.6625472087664066,1.7157935271568725,0.6995377669678282,2.3933775225497778,1.7645800035426706,7.789682519975982,-0.1958854856858938,4.211086380183603,351.0,-0.1264021315303535,Column names match NY Fed GSCPI / BLS CPI-U / Federal Reserve G.17 INDPRO / an oil price series / Port of LA vessel dwell time; not independently re-verified against each publisher in this workspace,REAL
2013-07-01,232.9,187.328,278.142,99.0814,107.779565217391,-0.6509261262751552,1.885471805415806,0.9843559638170962,2.487177219667492,1.2364196654177428,4.6611390074203785,-0.6210870249987235,4.104473568337359,368.0,-0.6870977392461365,Column names match NY Fed GSCPI / BLS CPI-U / Federal Reserve G.17 INDPRO / an oil price series / Port of LA vessel dwell time; not independently re-verified against each publisher in this workspace,REAL
2013-08-01,233.456,187.847,278.743,99.6543,111.058181818182,-0.5632061751913067,1.538809488600279,0.1711762635581148,2.452301053769035,2.2593571227008,-2.392549272313982,-0.5498635368714286,4.313096284973833,368.0,-0.3211583538601597,Column names match NY Fed GSCPI / BLS CPI-U / Federal Reserve G.17 INDPRO / an oil price series / Port of LA vessel dwell time; not independently re-verified against each publisher in this workspace,REAL
2013-09-01,233.544,187.353,279.396,100.161,111.962857142857,-0.2777886684521949,1.0947341081747997,-0.931708219866223,2.4588270239942034,2.854766330187619,-1.4771389476053942,-0.7542005632209757,4.281445295479303,340.0,-0.2805368518702969,Column names match NY Fed GSCPI / BLS CPI-U / Federal Reserve G.17 INDPRO / an oil price series / Port of LA vessel dwell time; not independently re-verified against each publisher in this workspace,REAL
2013-10-01,233.669,187.248,279.756,100.082,109.618695652174,-0.1806105545043852,0.8767991434911471,-1.3508102754304363,2.3839673256673466,2.4178437626957816,-1.944594610361361,-0.621502376043754,4.368716291820521,331.0,-0.4001841827024884,Column names match NY Fed GSCPI / BLS CPI-U / Federal Reserve G.17 INDPRO / an oil price series / Port of LA vessel dwell time; not independently re-verified against each publisher in this workspace,REAL
2013-11-01,234.1,187.504,280.332,100.3158,108.150476190476,-0.6918629174257901,1.2328701961954458,-0.5035738353860175,2.3920404115668203,2.281966236973343,-1.602504644612801,-0.3600325960445537,4.01372773943422,326.0,-0.7426471803016529,Column names match NY Fed GSCPI / BLS CPI-U / Federal Reserve G.17 INDPRO / an oil price series / Port of LA vessel dwell time; not independently re-verified against each publisher in this workspace,REAL
2013-12-01,234.719,188.209,280.891,100.5175,111.070454545455,-0.4933613275394566,1.5128383667573295,0.2626307826717022,2.3517237107241407,2.245344069429267,1.3702838155781991,-0.9863656931492616,3.768387521043771,330.0,-1.420137597358132,Column names match NY Fed GSCPI / BLS CPI-U / Federal Reserve G.17 INDPRO / an oil price series / Port of LA vessel dwell time; not independently re-verified against each publisher in this workspace,REAL
2014-01-01,235.288,188.528,281.729,100.1599,107.926956521739,-0.6333620140805115,1.557758795574915,0.2963223050364005,2.401852275907701,1.856627704298197,-4.088650536679383,-0.5850916562126093,3.897193339806372,329.0,-1.1410369067369308,Column names match NY Fed GSCPI / BLS CPI-U / Federal Reserve G.17 INDPRO / an oil price series / Port of LA vessel dwell time; not independently re-verified against each publisher in this workspace,REAL
2014-02-01,235.547,188.439,282.328,100.9168,108.838,-0.2829945533884772,1.1204746347724948,-0.760990920772675,2.3832663659177022,2.148610089064018,-6.567200054941291,-0.330039446744095,3.9614265046296295,304.0,-0.8479448877276687,Column names match NY Fed GSCPI / BLS CPI-U / Federal Reserve G.17 INDPRO / an oil price series / Port of LA vessel dwell time; not independently re-verified against each publisher in this workspace,REAL
2014-03-01,236.028,188.14,283.543,101.8942,107.868095238095,-0.623763683676026,1.6126949139408042,0.0372201839740515,2.6559790302201014,2.724108069090181,-1.567374961977985,0.059433636854716,3.82035893874644,325.0,-1.0812583798344022,Column names match NY Fed GSCPI / BLS CPI-U / Federal Reserve G.17 INDPRO / an oil price series / Port of LA vessel dwell time; not independently re-verified against each publisher in this workspace,REAL
2014-04-01,236.468,188.779,283.778,101.9928,108.003636363636,-0.8212886999818446,2.015125303606169,1.0626679657804727,2.6422109934785665,2.9123215934373725,4.898636716818183,-0.1867038217363311,3.821053625377644,331.0,-1.1072952226725037,Column names match NY Fed GSCPI / BLS CPI-U / Federal Reserve G.17 INDPRO / an oil price series / Port of LA vessel dwell time; not independently re-verified against each publisher in this workspace,REAL
2014-05-01,236.918,188.766,284.678,102.3836,109.832272727273,-0.8345331774147413,2.166947687079812,1.2177270168100884,2.788539654456512,3.226027611336124,6.653533711649384,-0.505500338353638,4.31759033023817,353.0,-0.6520948333759087,Column names match NY Fed GSCPI / BLS CPI-U / Federal Reserve G.17 INDPRO / an oil price series / Port of LA vessel dwell time; not independently re-verified against each publisher in this workspace,REAL
2014-06-01,237.231,188.973,285.109,102.735,112.240952380952,-0.6909024276392044,2.0589816945944195,0.9810994084547664,2.7638308685450363,3.365841732090935,8.593828645880098,-0.2214766330449219,4.523602456940223,329.0,0.1732743817828149,Column names match NY Fed GSCPI / BLS CPI-U / Federal Reserve G.17 INDPRO / an oil price series / Port of LA vessel dwell time; not independently re-verified against each publisher in this workspace,REAL
2014-07-01,237.498,188.869,285.733,102.9632,107.462608695652,-0.8206471412587032,1.9742378703305967,0.8226212845917402,2.729181497220856,3.9177888079901857,-0.2940784935434704,0.0159399954257934,4.846360968973359,342.0,0.1760383084239495,Column names match NY Fed GSCPI / BLS CPI-U / Federal Reserve G.17 INDPRO / an oil price series / Port of LA vessel dwell time; not independently re-verified against each publisher in this workspace,REAL
2014-08-01,237.46,188.534,285.984,102.7688,102.401904761905,-0.6248038911584174,1.7150983482969062,0.365723168323151,2.597733395995583,3.1253041765382905,-7.794362301418333,-0.0664976401098536,4.52419243916882,344.0,-0.1545741528718496,Column names match NY Fed GSCPI / BLS CPI-U / Federal Reserve G.17 INDPRO / an oil price series / Port of LA vessel dwell time; not independently re-verified against each publisher in this workspace,REAL
2014-09-01,237.477,188.141,286.388,103.0641,97.8527272727273,-0.8163782665009405,1.6840509711232077,0.4205964142554252,2.502541196008523,2.89843352202952,-12.60250964489602,-0.4549668564604914,4.308964984668109,308.0,-0.3548581416276354,Column names match NY Fed GSCPI / BLS CPI-U / Federal Reserve G.17 INDPRO / an oil price series / Port of LA vessel dwell time; not independently re-verified against each publisher in this workspace,REAL
2014-10-01,237.43,187.522,286.893,103.0764,87.5847826086957,-0.5938673131579638,1.6095417021513292,0.1463300008544887,2.551151717925615,2.9919466037849007,-20.1005064988121,-0.9552505358450124,5.074955968196457,322.0,0.4161717262033652,Column names match NY Fed GSCPI / BLS CPI-U / Federal Reserve G.17 INDPRO / an oil price series / Port of LA vessel dwell time; not independently re-verified against each publisher in this workspace,REAL
2014-11-01,236.983,186.059,287.404,103.7126,79.2295,-0.968288821282038,1.231524989320798,-0.7706502261285109,2.522723056946763,3.38610667511996,-26.74142288522152,-5.126972639408694,4.436536817383076,274.0,-0.2982343056192217,Column names match NY Fed GSCPI / BLS CPI-U / Federal Reserve G.17 INDPRO / an oil price series / Port of LA vessel dwell time; not independently re-verified against each publisher in this workspace,REAL
2014-12-01,236.252,184.015,287.958,103.7044,62.9039130434783,-0.3917550817339804,0.6531213919623191,-2.228373775961834,2.5159225464681967,3.170492700276073,-43.36575527586844,0.9817675457629356,5.811014392413561,331.0,1.149945364878645,Column names match NY Fed GSCPI / BLS CPI-U / Federal Reserve G.17 INDPRO / an oil price series / Port of LA vessel dwell time; not independently re-verified against each publisher in this workspace,REAL
2015-01-01,234.747,180.302,288.584,102.8905,48.9331818181818,-0.503187437716002,-0.2299309782054281,-4.363277603326832,2.43318934153034,2.7262407410550527,-54.66083414635572,1.6696644521334527,7.438795901084011,205.0,3.396136304137606,Column names match NY Fed GSCPI / BLS CPI-U / Federal Reserve G.17 INDPRO / an oil price series / Port of LA vessel dwell time; not independently re-verified against each publisher in this workspace,REAL
2015-02-01,235.342,181.129,288.949,102.2335,58.254,-0.3206182733886107,-0.0870314629352053,-3.879239435573312,2.3451446544444865,1.30473816054415,-46.47641448758706,2.1918788201988155,7.676772472140282,226.0,3.9172299928651286,Column names match NY Fed GSCPI / BLS CPI-U / Federal Reserve G.17 INDPRO / an oil price series / Port of LA vessel dwell time; not independently re-verified against each publisher in this workspace,REAL
2015-03-01,235.976,181.884,289.47,101.8914,56.5245454545454,-0.3827179573477225,-0.0220312844238734,-3.3251833740831294,2.090335504667729,-0.002747948362114,-47.59845779256605,0.505616381638347,7.40823055903648,266.0,3.516633237222249,Column names match NY Fed GSCPI / BLS CPI-U / Federal Reserve G.17 INDPRO / an oil price series / Port of LA vessel dwell time; not independently re-verified against each publisher in this workspace,REAL
2015-04-01,236.222,181.641,290.183,101.3355,59.8263636363636,-0.3503969617588705,-0.1040309893939106,-3.7811409108004623,2.257046000747054,-0.6444572558062966,-44.60708393656764,0.7105655650473925,5.894291497975709,247.0,1.5029582389410046,Column names match NY Fed GSCPI / BLS CPI-U / Federal Reserve G.17 INDPRO / an oil price series / Port of LA vessel dwell time; not independently re-verified against each publisher in this workspace,REAL
2015-05-01,237.001,182.865,290.543,100.8883,65.1938095238095,-0.5490340855070827,0.0350332182442958,-3.126092622612109,2.060222426741798,-1.460487812501221,-40.642392345195546,-0.2151703915118556,5.567691494004251,244.0,0.8779648638285726,Column names match NY Fed GSCPI / BLS CPI-U / Federal Reserve G.17 INDPRO / an oil price series / Port of LA vessel dwell time; not independently re-verified against each publisher in this workspace,REAL
2015-06-01,237.657,183.424,291.315,100.571,62.62,-0.8691197415754287,0.1795718097550525,-2.9363983214533373,2.1767113630225765,-2.106390227283794,-44.20931160004393,-0.3368409003379461,4.70243614807034,238.0,0.2975208871572343,Column names match NY Fed GSCPI / BLS CPI-U / Federal Reserve G.17 INDPRO / an oil price series / Port of LA vessel dwell time; not independently re-verified against each publisher in this workspace,REAL
2015-07-01,238.034,183.437,292.022,101.2228,56.8295652173913,-0.409754420885685,0.2256861110409458,-2.876067538876148,2.201005834117864,-1.6903126553953207,-47.1168940460584,-0.1012358228060433,5.345124041818457,244.0,0.720124822720018,Column names match NY Fed GSCPI / BLS CPI-U / Federal Reserve G.17 INDPRO / an oil price series / Port of LA vessel dwell time; not independently re-verified against each publisher in this workspace,REAL
2015-08-01,238.033,182.94,292.472,101.0367,47.5338095238095,-0.6819790970555742,0.2413037985344868,-2.967104076718252,2.2686583864831578,-1.6854337113987985,-53.5811275831924,-0.7873730156239082,4.6581472280334735,239.0,-0.0892217654009624,Column names match NY Fed GSCPI / BLS CPI-U / Federal Reserve G.17 INDPRO / an oil price series / Port of LA vessel dwell time; not independently re-verified against each publisher in this workspace,REAL
2015-09-01,237.498,181.17,293.125,100.7547,48.0304545454545,-0.3960709214412972,0.00884296163417,-3.705199823536609,2.352403033646677,-2.2407414414912674,-50.91556885114928,-1.0932683101148089,4.868091651868763,219.0,0.2684428913754299,Column names match NY Fed GSCPI / BLS CPI-U / Federal Reserve G.17 INDPRO / an oil price series / Port of LA vessel dwell time; not independently re-verified against each publisher in this workspace,REAL
2015-10-01,237.733,180.851,293.897,100.2675,48.9063636363636,-0.2396874925268648,0.127616560670507,-3.5574492592869045,2.441328300097956,-2.72506606749946,-44.16111774249239,-1.1428945510220403,5.254442680776013,210.0,0.5412751848519372,Column names match NY Fed GSCPI / BLS CPI-U / Federal Reserve G.17 INDPRO / an oil price series / Port of LA vessel dwell time; not independently re-verified against each publisher in this workspace,REAL
2015-11-01,238.017,180.652,294.62,99.5298,45.0952380952381,-0.6400162562217515,0.4363182169185187,-2.9060674302237466,2.510751416125045,-4.033068306068888,-43.082768293075056,-0.9520667150276448,4.748774112654321,216.0,0.0010763656425542,Column names match NY Fed GSCPI / BLS CPI-U / Federal Reserve G.17 INDPRO / an oil price series / Port of LA vessel dwell time; not independently re-verified against each publisher in this workspace,REAL
2015-12-01,237.761,179.745,295.032,99.0417,38.5252173913043,-0.5979293396380261,0.6387247515364791,-2.32046300573322,2.4566082553705515,-4.496144811599123,-38.75545172416187,-0.2516642521257224,5.713724515301687,213.0,0.9118377759439846,Column names match NY Fed GSCPI / BLS CPI-U / Federal Reserve G.17 INDPRO / an oil price series / Port of LA vessel dwell time; not independently re-verified against each publisher in this workspace,REAL
2016-01-01,237.652,178.786,295.76,99.5607,32.0452380952381,-0.7959943022740292,1.2375025026943876,-0.8408115273263683,2.4866243450780257,-3.236256019749162,-34.512253435088816,-0.2104307436229572,4.995184242500418,221.0,0.0789749803267435,Column names match NY Fed GSCPI / BLS CPI-U / Federal Reserve G.17 INDPRO / an oil price series / Port of LA vessel dwell time; not independently re-verified against each publisher in this workspace,REAL
2016-02-01,237.336,177.511,296.387,99.0445,33.762380952381,-0.7538981053572781,0.8472775790126619,-1.997471415400076,2.574156685089757,-3.11932976959608,-42.0428108758523,-2.663642044024792,3.76009869672755,146.0,-1.33301546643991,Column names match NY Fed GSCPI / BLS CPI-U / Federal Reserve G.17 INDPRO / an oil price series / Port of LA vessel dwell time; not independently re-verified against each publisher in this workspace,REAL
2016-03-01,238.08,178.319,297.073,98.3096,39.7921739130435,-0.6545109053068617,0.8916160965521946,-1.9600404653515424,2.6265243375824587,-3.515311400177057,-29.60195682591973,-3.804027728984587,3.2690625,125.0,-2.025589162496562,Column names match NY Fed GSCPI / BLS CPI-U / Federal Reserve G.17 INDPRO / an oil price series / Port of LA vessel dwell time; not independently re-verified against each publisher in this workspace,REAL
2016-04-01,238.992,179.289,297.918,98.6421,43.3304761904762,-0.2746880184323491,1.1726257503534845,-1.2948618428658798,2.665559319463928,-2.657903696138076,-27.57294016088401,-2.953544351902716,3.430832191154971,152.0,-1.840248947767129,Column names match NY Fed GSCPI / BLS CPI-U / Federal Reserve G.17 INDPRO / an oil price series / Port of LA vessel dwell time; not independently re-verified against each publisher in this workspace,REAL
2016-05-01,239.557,179.478,298.863,98.4184,47.735,-0.707927064709703,1.0784764621246223,-1.8521860388811429,2.863603666238723,-2.448153056399993,-26.779857859714973,-0.9537328474324448,3.591549249680716,145.0,-1.825741196819287,Column names match NY Fed GSCPI / BLS CPI-U / Federal Reserve G.17 INDPRO / an oil price series / Port of LA vessel dwell time; not independently re-verified against each publisher in this workspace,REAL
2016-06-01,240.222,179.948,299.729,98.8833,49.8772727272727,-0.2870925755550244,1.0792865347959424,-1.89506280530356,2.8882824434031784,-1.678117946525337,-20.34929299381556,-0.0374747605349258,4.131518733850129,215.0,-0.5621232056745656,Column names match NY Fed GSCPI / BLS CPI-U / Federal Reserve G.17 INDPRO / an oil price series / Port of LA vessel dwell time; not independently re-verified against each publisher in this workspace,REAL
2016-07-01,240.101,178.87,300.499,98.9992,46.5985714285714,-0.1676103446312072,0.8683633430518256,-2.4896831064616265,2.902863482888285,-2.196738284260069,-18.002942217986483,0.0561739273670249,5.295808641975309,225.0,0.544973642654542,Column names match NY Fed GSCPI / BLS CPI-U / Federal Reserve G.17 INDPRO / an oil price series / Port of LA vessel dwell time; not independently re-verified against each publisher in this workspace,REAL
2016-08-01,240.545,178.825,301.354,98.85,47.0521739130435,0.0943157756922269,1.0553158595656864,-2.2493713785940783,3.036871905686711,-2.164263084601936,-1.0132484974189948,0.5586278146318174,4.918404895587076,235.0,0.1418765796038894,Column names match NY Fed GSCPI / BLS CPI-U / Federal Reserve G.17 INDPRO / an oil price series / Port of LA vessel dwell time; not independently re-verified against each publisher in this workspace,REAL
2016-09-01,241.176,179.502,301.954,98.7457,47.3768181818182,-0.2920549174460608,1.5486446201652182,-0.9206822321576325,3.012025586353939,-1.9939516469206888,-1.3608789877633145,0.2178742049142242,4.5458988638396844,207.0,-0.2648024545849473,Column names match NY Fed GSCPI / BLS CPI-U / Federal Reserve G.17 INDPRO / an oil price series / Port of LA vessel dwell time; not independently re-verified against each publisher in this workspace,REAL
2016-10-01,241.741,180.091,302.528,98.7611,51.4138095238095,-0.0513591708078158,1.685924966243646,-0.4202354424360344,2.936743144707177,-1.5023811304759715,5.127033991097063,0.2105632023022726,4.384708654527734,209.0,-0.7105028482491158,Column names match NY Fed GSCPI / BLS CPI-U / Federal Reserve G.17 INDPRO / an oil price series / Port of LA vessel dwell time; not independently re-verified against each publisher in this workspace,REAL
2016-11-01,242.026,179.833,303.279,98.3491,46.9422727272727,-0.3043484769875183,1.6843334719788938,-0.4533578371675895,2.939040119475922,-1.1862778785850958,4.09585293270609,0.3488936220490469,4.748045562330623,205.0,-0.1103147958013941,Column names match NY Fed GSCPI / BLS CPI-U / Federal Reserve G.17 INDPRO / an oil price series / Port of LA vessel dwell time; not independently re-verified against each publisher in this workspace,REAL
2016-12-01,242.637,180.321,304.027,99.0214,55.0227272727273,-0.2169204159587137,2.0507989115119862,0.3204539764666503,3.048821822717529,-0.0204964171657051,42.82262631734488,1.085138671377318,5.310554925284195,202.0,0.2723274127256752,Column names match NY Fed GSCPI / BLS CPI-U / Federal Reserve G.17 INDPRO / an oil price series / Port of LA vessel dwell time; not independently re-verified against each publisher in this workspace,REAL
2017-01-01,243.618,181.536,304.871,98.7611,55.7109090909091,0.1715693223135628,2.510393348257112,1.538151756848971,3.0805382742764342,-0.8031281419274894,73.85081966105818,-0.7798396682136246,4.505733750458379,202.0,-0.673760915606236,Column names match NY Fed GSCPI / BLS CPI-U / Federal Reserve G.17 INDPRO / an oil price series / Port of LA vessel dwell time; not independently re-verified against each publisher in this workspace,REAL
2017-02-01,244.006,181.425,305.741,98.3646,56.096,0.1505527673827591,2.8103616813294208,2.20493377875175,3.1560088667856423,-0.6864591168616152,66.1494196132633,-0.3451975376095708,5.192544427565586,192.0,0.4363331146299052,Column names match NY Fed GSCPI / BLS CPI-U / Federal Reserve G.17 INDPRO / an oil price series / Port of LA vessel dwell time; not independently re-verified against each publisher in this workspace,REAL
2017-03-01,243.892,181.311,305.619,99.0137,52.6552173913044,0.0799155397134844,2.44119623655914,1.6778918679445365,2.876734001407089,0.7162067590550603,32.32556106728444,0.3069155702299863,4.959323881172839,216.0,0.0820882221250777,Column names match NY Fed GSCPI / BLS CPI-U / Federal Reserve G.17 INDPRO / an oil price series / Port of LA vessel dwell time; not independently re-verified against each publisher in this workspace,REAL
2017-04-01,244.193,181.247,306.26,100.0224,53.978,0.0118631516613072,2.176223471915395,1.092091539358253,2.800099356198671,1.3993011097695571,24.572828977734783,0.3034076550869599,5.200227704678363,190.0,0.3712753378611251,Column names match NY Fed GSCPI / BLS CPI-U / Federal Reserve G.17 INDPRO / an oil price series / Port of LA vessel dwell time; not independently re-verified against each publisher in this workspace,REAL
2017-05-01,244.004,180.2,306.909,100.1408,51.374347826087,-0.1386693140774723,1.856343166761976,0.402277716488908,2.692203451079589,1.7500792534729248,7.624065834475768,1.0543950777723905,5.545453234031132,207.0,0.6279116411253948,Column names match NY Fed GSCPI / BLS CPI-U / Federal Reserve G.17 INDPRO / an oil price series / Port of LA vessel dwell time; not independently re-verified against each publisher in this workspace,REAL
2017-06-01,244.163,179.853,307.581,100.3471,47.6527272727273,0.0911148902196841,1.640565809959127,-0.0527930290972977,2.619699795481933,1.480330854653911,-4.460038275767686,0.941791839189143,5.427788014144798,199.0,1.0285224319376225,Column names match NY Fed GSCPI / BLS CPI-U / Federal Reserve G.17 INDPRO / an oil price series / Port of LA vessel dwell time; not independently re-verified against each publisher in this workspace,REAL
2017-07-01,244.243,179.472,308.083,100.1068,49.2533333333333,0.0936987348920291,1.7251073506566073,0.3365572762341395,2.5238020758804547,1.1187969195710634,5.69708860888849,-0.0500218040819289,5.163736459457029,206.0,0.2612215951401115,Column names match NY Fed GSCPI / BLS CPI-U / Federal Reserve G.17 INDPRO / an oil price series / Port of LA vessel dwell time; not independently re-verified against each publisher in this workspace,REAL
2017-08-01,245.183,180.41,308.982,99.6925,51.9278260869565,0.3925635706467171,1.92812155729698,0.8863413952187926,2.5312423263006423,0.8523014668689877,10.362225097024492,-0.6282225596966965,5.148230032018,214.0,0.3330386297002696,Column names match NY Fed GSCPI / BLS CPI-U / Federal Reserve G.17 INDPRO / an oil price series / Port of LA vessel dwell time; not independently re-verified against each publisher in this workspace,REAL
2017-09-01,246.435,182.311,309.625,99.7954,55.557619047619,0.5601498296463714,2.1805652303711787,1.5648850709184314,2.540453181610447,1.0630336308315114,17.26751854547366,-0.2837782197183844,5.014341232340588,194.0,0.23949451392405,Column names match NY Fed GSCPI / BLS CPI-U / Federal Reserve G.17 INDPRO / an oil price series / Port of LA vessel dwell time; not independently re-verified against each publisher in this workspace,REAL
2017-10-01,246.626,181.841,310.468,101.0247,57.5363636363636,0.7973611565562497,2.020757753132485,0.9717309582377708,2.6245504548339404,2.2919955326540453,11.9083844773626,-0.3998597232572785,4.8482070141377935,186.0,-0.2126938513222013,Column names match NY Fed GSCPI / BLS CPI-U / Federal Reserve G.17 INDPRO / an oil price series / Port of LA vessel dwell time; not independently re-verified against each publisher in this workspace,REAL
2017-11-01,247.284,182.578,310.99,101.2664,62.8363636363636,0.8144893033662782,2.172493864295566,1.5264161750068173,2.542543334685221,2.9662701539719283,33.85880142922157,-0.082878976578464,5.6568973263204025,169.0,0.9719268539371418,Column names match NY Fed GSCPI / BLS CPI-U / Federal Reserve G.17 INDPRO / an oil price series / Port of LA vessel dwell time; not independently re-verified against each publisher in this workspace,REAL
2017-12-01,247.805,182.758,311.887,101.4644,64.0642857142857,0.6908398390606596,2.129930719552253,1.351478751781543,2.5852967006219973,2.467143465957866,16.4324069156782,-0.8894587263516455,4.489862465524035,188.0,-0.9150938813927512,Column names match NY Fed GSCPI / BLS CPI-U / Federal Reserve G.17 INDPRO / an oil price series / Port of LA vessel dwell time; not independently re-verified against each publisher in this workspace,REAL
2018-01-01,248.859,183.957,312.764,101.4625,68.8891304347826,0.5931330115849143,2.151318868063945,1.3336197778952783,2.588963856844373,2.735287476546944,23.654651411933123,-0.2407131613554256,4.352298145236431,318.0,-0.985547961126868,Column names match NY Fed GSCPI / BLS CPI-U / Federal Reserve G.17 INDPRO / an oil price series / Port of LA vessel dwell time; not independently re-verified against each publisher in this workspace,REAL
2018-02-01,249.529,184.378,313.684,101.7085,65.6965,0.0621220496752377,2.263468931091861,1.6276698360203845,2.5979505529189817,3.3994953469032696,17.114411009697662,-1.1817567983949524,4.731285950339407,311.0,-0.2794066927026397,Column names match NY Fed GSCPI / BLS CPI-U / Federal Reserve G.17 INDPRO / an oil price series / Port of LA vessel dwell time; not independently re-verified against each publisher in this workspace,REAL
2018-03-01,249.577,183.752,314.414,102.2067,66.8918181818182,0.4390398658498096,2.3309497646499366,1.3463055192459272,2.8777661074736782,3.224806264183644,27.0373981835746,-0.6120616077428942,5.146874390838207,323.0,0.2177737180416925,Column names match NY Fed GSCPI / BLS CPI-U / Federal Reserve G.17 INDPRO / an oil price series / Port of LA vessel dwell time; not independently re-verified against each publisher in this workspace,REAL
2018-04-01,250.227,184.54,314.9,103.3329,71.9328571428572,0.5206836434878508,2.4709963021052994,1.816857658333637,2.8211323711878844,3.309758614070435,33.26328715931899,-0.7885732467103924,5.0521105664488015,323.0,0.06646766140489,Column names match NY Fed GSCPI / BLS CPI-U / Federal Reserve G.17 INDPRO / an oil price series / Port of LA vessel dwell time; not independently re-verified against each publisher in this workspace,REAL
2018-05-01,250.792,184.836,315.763,102.4024,76.934347826087,0.3803352583941684,2.781921607842497,2.572697003329649,2.8848942194591887,2.258420144436624,49.752456394241705,-0.4549851496294732,5.51674856982779,314.0,0.4798077156400158,Column names match NY Fed GSCPI / BLS CPI-U / Federal Reserve G.17 INDPRO / an oil price series / Port of LA vessel dwell time; not independently re-verified against each publisher in this workspace,REAL
2018-06-01,251.018,184.778,316.311,103.198,75.8028571428572,0.4382582782566329,2.8075506935940187,2.7383474281774456,2.8382767466130776,2.8410387544831828,59.07349165771849,-0.2150962042980987,4.698658913874191,315.0,-0.0387412153309839,Column names match NY Fed GSCPI / BLS CPI-U / Federal Reserve G.17 INDPRO / an oil price series / Port of LA vessel dwell time; not independently re-verified against each publisher in this workspace,REAL
2018-07-01,251.214,184.568,316.923,103.3646,75.2290909090909,0.4506286785409499,2.854124785561929,2.8394401355086085,2.869356634413456,3.2543243815604805,52.73908549490582,-1.1601799882748598,4.966959644573371,316.0,-0.1074416702309933,Column names match NY Fed GSCPI / BLS CPI-U / Federal Reserve G.17 INDPRO / an oil price series / Port of LA vessel dwell time; not independently re-verified against each publisher in this workspace,REAL
2018-08-01,251.663,184.765,317.557,104.0327,73.8513043478261,0.5347319267561942,2.642923856874257,2.413946011861867,2.775242570764646,4.353587280888749,42.21913358005267,-0.4755738120279236,4.563877937470698,316.0,-0.5442356547636644,Column names match NY Fed GSCPI / BLS CPI-U / Federal Reserve G.17 INDPRO / an oil price series / Port of LA vessel dwell time; not independently re-verified against each publisher in this workspace,REAL
2018-09-01,252.182,185.277,318.067,104.1004,79.163,0.4695518130788805,2.332055105808828,1.62689031380443,2.7265240209931374,4.313826088176409,42.48810758457555,-0.8297687828621784,5.037532675360247,311.0,0.1594933116168588,Column names match NY Fed GSCPI / BLS CPI-U / Federal Reserve G.17 INDPRO / an oil price series / Port of LA vessel dwell time; not independently re-verified against each publisher in this workspace,REAL
2018-10-01,252.772,185.742,318.794,103.9856,80.7834782608696,0.5350363814587438,2.492032470218053,2.145280767263702,2.6817578623239635,2.930867401734427,40.40421249321633,-0.786062829504838,5.100839780130293,307.0,0.0083984144589158,Column names match NY Fed GSCPI / BLS CPI-U / Federal Reserve G.17 INDPRO / an oil price series / Port of LA vessel dwell time; not independently re-verified against each publisher in this workspace,REAL
2018-11-01,252.594,184.729,319.438,104.0681,66.2286363636364,0.4585604437302485,2.147328577667773,1.1781266089013975,2.716486060645029,2.7666629800210174,5.398582175926037,-0.0888304021870451,5.003153470532577,274.0,0.0035904810143704,Column names match NY Fed GSCPI / BLS CPI-U / Federal Reserve G.17 INDPRO / an oil price series / Port of LA vessel dwell time; not independently re-verified against each publisher in this workspace,REAL
2018-12-01,252.767,183.966,320.612,104.0936,57.9480952380952,0.4667827103604491,2.0023809043401064,0.6609833769246842,2.7974875515811792,2.5912536810940523,-9.546958040658604,-0.5192416483359482,5.143874116715399,304.0,-0.1672762681629904,Column names match NY Fed GSCPI / BLS CPI-U / Federal Reserve G.17 INDPRO / an oil price series / Port of LA vessel dwell time; not independently re-verified against each publisher in this workspace,REAL
2019-01-01,252.561,183.057,321.127,103.4021,59.9447826086956,0.5163269982157725,1.4875893578291333,-0.4892447691580148,2.673901088360542,1.9116422323518512,-12.983685190444705,-0.1180017224498726,5.981165300546448,305.0,1.0415624177517726,Column names match NY Fed GSCPI / BLS CPI-U / Federal Reserve G.17 INDPRO / an oil price series / Port of LA vessel dwell time; not independently re-verified against each publisher in this workspace,REAL
2019-02-01,253.319,183.967,321.747,102.8371,64.384,0.1494300464099022,1.5188615351321877,-0.2229116272006281,2.570421188202144,1.1096417703535089,-1.997823323921366,0.0879577938909549,4.87069537037037,275.0,-0.2068962493343783,Column names match NY Fed GSCPI / BLS CPI-U / Federal Reserve G.17 INDPRO / an oil price series / Port of LA vessel dwell time; not independently re-verified against each publisher in this workspace,REAL
2019-03-01,254.277,185.182,322.447,102.8757,66.9419047619048,0.2174080568348297,1.8831863513063984,0.7782228220645004,2.554911676960958,0.6545559146318158,0.0748769901132817,-0.4962095731386335,5.056976868268978,282.0,-0.01063296070929,Column names match NY Fed GSCPI / BLS CPI-U / Federal Reserve G.17 INDPRO / an oil price series / Port of LA vessel dwell time; not independently re-verified against each publisher in this workspace,REAL
2019-04-01,255.233,186.211,323.282,102.274,71.4759090909091,0.0233408670862992,2.000583470209061,0.9054947436870188,2.661797395998722,-1.0247462328067725,-0.6352424609530116,-0.7436217738571228,5.14154393939394,275.0,0.0733950565957446,Column names match NY Fed GSCPI / BLS CPI-U / Federal Reserve G.17 INDPRO / an oil price series / Port of LA vessel dwell time; not independently re-verified against each publisher in this workspace,REAL
2019-05-01,255.296,185.936,323.706,102.392,70.3891304347826,-0.6169976158784283,1.7959105553606136,0.5951221623493153,2.515494215598424,-0.0101560119684762,-8.507536069715071,-0.9149397623664126,5.473319685052436,279.0,0.3123813482357971,Column names match NY Fed GSCPI / BLS CPI-U / Federal Reserve G.17 INDPRO / an oil price series / Port of LA vessel dwell time; not independently re-verified against each publisher in this workspace,REAL
2019-06-01,255.213,185.025,324.511,102.4375,63.2085,-0.4689632436247269,1.671194894390049,0.1336739222201899,2.5923853422739063,-0.7369328862962377,-16.614620632467748,0.1330232616755204,5.078266260960607,283.0,0.348978476082407,Column names match NY Fed GSCPI / BLS CPI-U / Federal Reserve G.17 INDPRO / an oil price series / Port of LA vessel dwell time; not independently re-verified against each publisher in this workspace,REAL
2019-07-01,255.802,185.372,325.341,101.9408,64.3221739130435,-0.4465187448917403,1.826331335037068,0.4356118070304671,2.6561656932440947,-1.3774541767684445,-14.498270368875843,-0.6332724139346947,4.8156595198782695,286.0,-0.4164263468080876,Column names match NY Fed GSCPI / BLS CPI-U / Federal Reserve G.17 INDPRO / an oil price series / Port of LA vessel dwell time; not independently re-verified against each publisher in this workspace,REAL
2019-08-01,256.036,184.969,326.159,102.639,59.6181818181818,-0.2862335386566438,1.7376412106666406,0.1104105214732253,2.708805033427053,-1.3396749291328724,-19.27267589291165,-0.5728326473690418,5.0647301325606175,278.0,0.0025923929833251,Column names match NY Fed GSCPI / BLS CPI-U / Federal Reserve G.17 INDPRO / an oil price series / Port of LA vessel dwell time; not independently re-verified against each publisher in this workspace,REAL
2019-09-01,256.43,184.949,326.981,102.2917,62.4309523809524,0.1394120699435267,1.6844977040391562,-0.1770322274216251,2.802554178836525,-1.7374573008364869,-21.136196984762577,-1.1366503364618654,4.8346276167471816,276.0,-0.2172119844306315,Column names match NY Fed GSCPI / BLS CPI-U / Federal Reserve G.17 INDPRO / an oil price series / Port of LA vessel dwell time; not independently re-verified against each publisher in this workspace,REAL
2019-10-01,257.155,185.47,327.904,101.4281,59.6313043478261,0.0969582473669253,1.7339736996186297,-0.1464396851546756,2.8576447486464707,-2.4594751580988228,-26.183787042120123,0.0366350167211813,5.171379303487336,291.0,-0.0094683931743321,Column names match NY Fed GSCPI / BLS CPI-U / Federal Reserve G.17 INDPRO / an oil price series / Port of LA vessel dwell time; not independently re-verified against each publisher in this workspace,REAL
2019-11-01,257.879,186.057,328.698,101.9372,62.6866666666667,0.157855740836692,2.092290394862917,0.7188909158821755,2.8988410896637173,-2.047601522464615,-5.348093953682032,0.0958360759509344,5.13162262668806,277.0,0.061744129584776,Column names match NY Fed GSCPI / BLS CPI-U / Federal Reserve G.17 INDPRO / an oil price series / Port of LA vessel dwell time; not independently re-verified against each publisher in this workspace,REAL
2019-12-01,258.63,186.909,329.354,101.7003,65.3481818181818,0.0471383116944993,2.3195274699624457,1.5997521281106095,2.726660262248437,-2.2991807373363926,12.770198139699618,-1.1874635469252448,5.282102585633019,306.0,-0.0963155746904875,Column names match NY Fed GSCPI / BLS CPI-U / Federal Reserve G.17 INDPRO / an oil price series / Port of LA vessel dwell time; not independently re-verified against each publisher in this workspace,REAL
2020-01-01,259.127,186.754,330.515,101.0338,63.8986956521739,0.0613551827414232,2.599767976845202,2.0195895267594244,2.923453960582556,-2.290379015513233,6.595925235542932,-0.4513986110176298,5.396185801935153,289.0,0.1634647974428702,Column names match NY Fed GSCPI / BLS CPI-U / Federal Reserve G.17 INDPRO / an oil price series / Port of LA vessel dwell time; not independently re-verified against each publisher in this workspace,REAL
2020-02-01,259.25,186.298,331.304,101.3735,55.691,1.3152697877035144,2.34131667975952,1.2670750732468372,2.97034626585484,-1.4232217750208775,-13.501801689860828,-0.9641800782982268,4.507349093774626,235.0,-0.7941468914459496,Column names match NY Fed GSCPI / BLS CPI-U / Federal Reserve G.17 INDPRO / an oil price series / Port of LA vessel dwell time; not independently re-verified against each publisher in this workspace,REAL
2020-03-01,258.076,184.356,330.98,97.4078,33.9472727272727,2.6718218089606256,1.4940399642909163,-0.4460476720199557,2.646326373016339,-5.315054964389065,-49.28845713605783,-0.4818225708157987,5.396967160724157,268.0,0.3250976808685784,Column names match NY Fed GSCPI / BLS CPI-U / Federal Reserve G.17 INDPRO / an oil price series / Port of LA vessel dwell time; not independently re-verified against each publisher in this workspace,REAL
2020-04-01,256.032,181.461,329.861,84.5619,26.8486363636364,3.370635634939588,0.3130472940411133,-2.5508697123155955,2.035065360892352,-17.318282261376304,-62.43680324584884,-0.8115759949429534,5.283867151201381,279.0,0.1497292386868272,Column names match NY Fed GSCPI / BLS CPI-U / Federal Reserve G.17 INDPRO / an oil price series / Port of LA vessel dwell time; not independently re-verified against each publisher in this workspace,REAL
2020-05-01,255.802,181.207,329.655,85.9604,32.4223809523809,2.554626244116621,0.1982013035848551,-2.5433482488598336,1.8377787251394608,-16.047738104539413,-53.93836981347412,-0.4148542713091007,5.940537158337377,229.0,0.815070899459014,Column names match NY Fed GSCPI / BLS CPI-U / Federal Reserve G.17 INDPRO / an oil price series / Port of LA vessel dwell time; not independently re-verified against each publisher in this workspace,REAL
2020-06-01,257.042,182.834,330.522,91.5934,40.8604545454546,2.254681658086881,0.7166562831830481,-1.1841643021213375,1.852325498981533,-10.586064673581452,-35.35607624693735,1.0925402999526626,6.16029272083116,213.0,1.6584754828433266,Column names match NY Fed GSCPI / BLS CPI-U / Federal Reserve G.17 INDPRO / an oil price series / Port of LA vessel dwell time; not independently re-verified against each publisher in this workspace,REAL
2020-07-01,258.352,183.628,332.357,95.0256,43.295652173913,2.982443119979106,0.9968647625897996,-0.9408109099540484,2.1565065577348053,-6.783544959427434,-32.68938292968152,-0.8486149670158158,4.690262210492164,371.0,-0.691419027551198,Column names match NY Fed GSCPI / BLS CPI-U / Federal Reserve G.17 INDPRO / an oil price series / Port of LA vessel dwell time; not independently re-verified against each publisher in this workspace,REAL
2020-08-01,259.316,184.889,332.902,95.9549,45.0814285714286,1.4998300749975595,1.2810698495523851,-0.0432504906227482,2.067396576516356,-6.512241935326724,-24.38308717814657,-1.1779094384371465,4.90970957977208,325.0,-0.311274562787908,Column names match NY Fed GSCPI / BLS CPI-U / Federal Reserve G.17 INDPRO / an oil price series / Port of LA vessel dwell time; not independently re-verified against each publisher in this workspace,REAL
2020-09-01,259.997,185.938,333.197,95.9669,41.9268181818182,0.6329757238426049,1.3910228912373812,0.534742009959488,1.901027888470597,-6.183101854793705,-32.84289830150018,0.274138313328406,5.363253528575392,267.0,0.3660632236887038,Column names match NY Fed GSCPI / BLS CPI-U / Federal Reserve G.17 INDPRO / an oil price series / Port of LA vessel dwell time; not independently re-verified against each publisher in this workspace,REAL
2020-10-01,260.319,186.248,333.517,96.7394,41.6068181818182,0.1157937490432164,1.2303863428671624,0.4194748476842536,1.7117814970235123,-4.622683457542831,-30.22655023755992,-0.4873975295512168,5.57957698064606,266.0,0.4157700918187134,Column names match NY Fed GSCPI / BLS CPI-U / Federal Reserve G.17 INDPRO / an oil price series / Port of LA vessel dwell time; not independently re-verified against each publisher in this workspace,REAL
2020-11-01,260.911,186.472,334.416,97.0816,44.05,0.7787262828583652,1.1757452138405844,0.223049925560459,1.7395907489549778,-4.763324870606622,-29.72987344464537,0.6165463776199497,6.051941690761393,269.0,1.159034198269952,Column names match NY Fed GSCPI / BLS CPI-U / Federal Reserve G.17 INDPRO / an oil price series / Port of LA vessel dwell time; not independently re-verified against each publisher in this workspace,REAL
2020-12-01,262.045,188.296,334.774,98.363,50.3769565217391,1.7178790195042362,1.3204191315779434,0.7420723453659184,1.6456457185885176,-3.28150457766595,-22.9099339566893,0.8060068674326245,7.173256130904456,276.0,2.274990512975952,Column names match NY Fed GSCPI / BLS CPI-U / Federal Reserve G.17 INDPRO / an oil price series / Port of LA vessel dwell time; not independently re-verified against each publisher in this workspace,REAL
2021-01-01,262.639,189.42,334.842,98.8822,55.2247619047619,1.3702134240161492,1.3553199782346148,1.4275463979352532,1.309169024098744,-2.12958435691818,-13.57450830393735,-1.0667315217750393,6.415040509259259,260.0,1.3900621686325731,Column names match NY Fed GSCPI / BLS CPI-U / Federal Reserve G.17 INDPRO / an oil price series / Port of LA vessel dwell time; not independently re-verified against each publisher in this workspace,REAL
2021-02-01,263.573,190.4,335.761,95.6149,62.3625,2.0002269882839623,1.667502410800381,2.2018486510859026,1.345290126288856,-5.680577271180343,11.979493993643487,0.2579910101229525,6.738846037257495,252.0,2.023788307231025,Column names match NY Fed GSCPI / BLS CPI-U / Federal Reserve G.17 INDPRO / an oil price series / Port of LA vessel dwell time; not independently re-verified against each publisher in this workspace,REAL
2021-03-01,264.847,191.908,336.761,98.3856,65.7960869565217,2.325361432822724,2.623645747764214,4.096422139773037,1.7466312163876951,1.0038210492383517,93.81847692189476,-0.0953312090095546,6.228676215277778,304.0,1.3061057532335605,Column names match NY Fed GSCPI / BLS CPI-U / Federal Reserve G.17 INDPRO / an oil price series / Port of LA vessel dwell time; not independently re-verified against each publisher in this workspace,REAL
2021-04-01,266.625,193.647,338.508,98.5587,65.5318181818182,2.825648363064283,4.137373453318349,6.71549258518358,2.6214071987897825,16.55213518144698,144.07875802055264,1.3343650627767587,6.918418199615839,376.0,2.184298531526063,Column names match NY Fed GSCPI / BLS CPI-U / Federal Reserve G.17 INDPRO / an oil price series / Port of LA vessel dwell time; not independently re-verified against each publisher in this workspace,REAL
2021-05-01,268.404,195.923,339.699,99.4333,68.3752380952381,3.103023578912014,4.926466563983079,8.121099074539062,3.0468216772080003,15.673379835366053,110.8890096494195,0.6291808349791679,7.021814243952624,369.0,2.1235845101581314,Column names match NY Fed GSCPI / BLS CPI-U / Federal Reserve G.17 INDPRO / an oil price series / Port of LA vessel dwell time; not independently re-verified against each publisher in this workspace,REAL
2021-06-01,270.71,199.068,341.123,99.7987,73.5127272727273,2.825348234122199,5.317418943207719,8.879092510145824,3.207350796618691,8.958396565691418,79.91167276651112,0.7577588552605338,6.178391291831171,394.0,1.5717909574143114,Column names match NY Fed GSCPI / BLS CPI-U / Federal Reserve G.17 INDPRO / an oil price series / Port of LA vessel dwell time; not independently re-verified against each publisher in this workspace,REAL
2021-07-01,271.965,200.178,342.516,100.2519,74.4031818181818,2.9977609859481125,5.269167647240969,9.01278672097938,3.0566529364508543,5.4998863464161385,71.84908433602966,0.7931731507437841,7.080534722222222,380.0,2.334875702320151,Column names match NY Fed GSCPI / BLS CPI-U / Federal Reserve G.17 INDPRO / an oil price series / Port of LA vessel dwell time; not independently re-verified against each publisher in this workspace,REAL
2021-08-01,272.752,201.155,343.003,100.0437,70.5881818181818,3.3726691295102964,5.181323173271246,8.797711059067858,3.034226288817732,4.261168528131454,56.5792923051216,0.9507046548867648,7.226658770928463,365.0,2.618798734094704,Column names match NY Fed GSCPI / BLS CPI-U / Federal Reserve G.17 INDPRO / an oil price series / Port of LA vessel dwell time; not independently re-verified against each publisher in this workspace,REAL
2021-09-01,273.942,202.684,343.833,98.8579,74.7495454545454,3.4439515531518503,5.363523425270289,9.006227882412432,3.192105571178616,3.012497017200721,78.28575765131865,0.5799930464444077,7.058939843044263,410.0,2.4808596920006147,Column names match NY Fed GSCPI / BLS CPI-U / Federal Reserve G.17 INDPRO / an oil price series / Port of LA vessel dwell time; not independently re-verified against each publisher in this workspace,REAL
2021-10-01,276.528,205.875,345.702,100.1861,83.8652380952381,3.9973582772216014,6.226591220771449,10.538099737983764,3.653486928702288,3.5628709708763973,101.56609363579368,1.287160639177909,7.730778162545923,373.0,3.12833399549718,Column names match NY Fed GSCPI / BLS CPI-U / Federal Reserve G.17 INDPRO / an oil price series / Port of LA vessel dwell time; not independently re-verified against each publisher in this workspace,REAL
2021-11-01,278.824,208.886,347.099,100.8654,80.8904545454545,4.397341150213998,6.865559520296194,12.020035179544376,3.79258169465575,3.897545981936834,83.63326798060046,1.1751839865957323,7.068326976587987,386.0,2.38239097324436,Column names match NY Fed GSCPI / BLS CPI-U / Federal Reserve G.17 INDPRO / an oil price series / Port of LA vessel dwell time; not independently re-verified against each publisher in this workspace,REAL
2021-12-01,280.806,211.54,348.284,100.5726,74.6782608695652,4.476788014421103,7.159457345112474,12.344393932956631,4.035558316954124,2.246373128107116,48.23892911700487,1.283254159028942,7.3314394682464945,354.0,2.372137773285265,Column names match NY Fed GSCPI / BLS CPI-U / Federal Reserve G.17 INDPRO / an oil price series / Port of LA vessel dwell time; not independently re-verified against each publisher in this workspace,REAL
2022-01-01,282.542,213.262,350.061,100.1856,85.6223809523809,3.774233850732021,7.578082463000535,12.586844050258694,4.545128747289762,1.3181341030033655,55.04345876590892,1.1500772635180925,6.455645044485826,358.0,1.3329119865983936,Column names match NY Fed GSCPI / BLS CPI-U / Federal Reserve G.17 INDPRO / an oil price series / Port of LA vessel dwell time; not independently re-verified against each publisher in this workspace,REAL
2022-02-01,284.525,215.488,351.801,100.8064,94.267,2.8443686150284218,7.949220898953979,13.1764705882353,4.777207597070521,5.429593086433182,51.159751453197046,1.0439884976096512,5.869796023200166,356.0,0.7729078962327375,Column names match NY Fed GSCPI / BLS CPI-U / Federal Reserve G.17 INDPRO / an oil price series / Port of LA vessel dwell time; not independently re-verified against each publisher in this workspace,REAL
2022-03-01,287.467,219.138,353.927,101.3907,112.44,2.898398255994282,8.540780148538584,14.189090605915355,5.097383604396,3.054410401522168,70.89162167698629,0.5572072689113754,6.038318344454115,383.0,0.9458660015671672,Column names match NY Fed GSCPI / BLS CPI-U / Federal Reserve G.17 INDPRO / an oil price series / Port of LA vessel dwell time; not independently re-verified against each publisher in this workspace,REAL
2022-04-01,288.582,218.636,356.716,101.44,106.155714285714,3.6010494683136973,8.235161744022502,12.904408537183642,5.378897987639886,2.923435475508507,61.99110177469012,0.9617098121316014,6.338471874367537,366.0,1.3128058924111214,Column names match NY Fed GSCPI / BLS CPI-U / Federal Reserve G.17 INDPRO / an oil price series / Port of LA vessel dwell time; not independently re-verified against each publisher in this workspace,REAL
2022-05-01,291.299,221.46,359.238,101.3335,112.113636363636,2.797766837545938,8.530051713089225,13.034202212093524,5.751856790864851,1.911029805910092,63.96818422405464,0.1310662262250953,5.682900469168901,373.0,0.2561067599661857,Column names match NY Fed GSCPI / BLS CPI-U / Federal Reserve G.17 INDPRO / an oil price series / Port of LA vessel dwell time; not independently re-verified against each publisher in this workspace,REAL
2022-06-01,295.072,225.757,362.434,101.018,117.692727272727,2.465191201975087,8.999298141923106,13.406976510539105,6.247306689962273,1.2217594016755706,60.09843688167744,0.9089761587057656,5.549792285601109,374.0,0.6364519097327395,Column names match NY Fed GSCPI / BLS CPI-U / Federal Reserve G.17 INDPRO / an oil price series / Port of LA vessel dwell time; not independently re-verified against each publisher in this workspace,REAL
2022-07-01,294.94,223.995,364.066,101.223,105.252857142857,1.8665661387204668,8.447778206754553,11.897910859335203,6.291676885167385,0.968659945597028,41.46284415639936,-0.3005373815894763,5.556139018142508,394.0,0.2239919403608696,Column names match NY Fed GSCPI / BLS CPI-U / Federal Reserve G.17 INDPRO / an oil price series / Port of LA vessel dwell time; not independently re-verified against each publisher in this workspace,REAL
2022-08-01,295.162,222.115,366.448,101.0963,97.6430434782609,1.540609951652756,8.216255059541266,10.41982550769307,6.835217184689335,1.0521402147261716,38.32774972128612,-0.1275362972326808,5.651620042492918,353.0,0.4414566566052982,Column names match NY Fed GSCPI / BLS CPI-U / Federal Reserve G.17 INDPRO / an oil price series / Port of LA vessel dwell time; not independently re-verified against each publisher in this workspace,REAL
2022-09-01,296.421,221.998,369.186,101.2918,90.6081818181818,1.0517401256122718,8.205751582451759,9.529119220066695,7.373637783458808,2.462018715752601,21.21569605166352,0.183482414706327,5.425013752723312,340.0,0.2262403403614813,Column names match NY Fed GSCPI / BLS CPI-U / Federal Reserve G.17 INDPRO / an oil price series / Port of LA vessel dwell time; not independently re-verified against each publisher in this workspace,REAL
2022-10-01,297.979,223.553,370.701,101.2529,93.7185714285714,1.155588867878255,7.757261470809462,8.586763812993325,7.231372685145021,1.0648183730078251,11.749007761885522,0.2629740964418642,5.03377744229737,345.0,-0.5213471654721226,Column names match NY Fed GSCPI / BLS CPI-U / Federal Reserve G.17 INDPRO / an oil price series / Port of LA vessel dwell time; not independently re-verified against each publisher in this workspace,REAL
2022-11-01,298.708,223.531,372.126,100.9552,90.9386363636364,1.2808627639016592,7.131380368978291,7.011001215974266,7.210334803615104,0.0890295383749073,12.421962362117236,0.5526568920923848,4.953735093452585,323.0,-0.5030011122455609,Column names match NY Fed GSCPI / BLS CPI-U / Federal Reserve G.17 INDPRO / an oil price series / Port of LA vessel dwell time; not independently re-verified against each publisher in this workspace,REAL
2022-12-01,298.808,221.579,374.364,99.7664,81.5031818181818,1.3493458086116814,6.410831677385809,4.745674576912173,7.488141861239672,-0.8016099812473643,9.139100012702729,-0.5810860677203508,5.310571216724537,320.0,-0.390261762655664,Column names match NY Fed GSCPI / BLS CPI-U / Federal Reserve G.17 INDPRO / an oil price series / Port of LA vessel dwell time; not independently re-verified against each publisher in this workspace,REAL
2023-01-01,300.456,222.601,376.731,100.505,84.0818181818182,1.0963315884113125,6.340296309929161,4.379120518423352,7.618672174278207,0.3188082918103907,-1.7992524307627875,0.0591383667410735,5.637074469643694,316.0,0.1482752200470808,Column names match NY Fed GSCPI / BLS CPI-U / Federal Reserve G.17 INDPRO / an oil price series / Port of LA vessel dwell time; not independently re-verified against each publisher in this workspace,REAL
2023-02-01,301.476,222.944,378.526,100.6416,83.6325,-0.2126637293890145,5.957648712766894,3.460053460053447,7.596624227901572,-0.1634816837026265,-11.281254309567512,-0.5185642304114957,4.96860847290305,272.0,-0.5201462702027837,Column names match NY Fed GSCPI / BLS CPI-U / Federal Reserve G.17 INDPRO / an oil price series / Port of LA vessel dwell time; not independently re-verified against each publisher in this workspace,REAL
2023-03-01,301.643,222.339,379.52,101.0205,79.2565217391304,-1.1522500434816365,4.931348641757127,1.4607233797880648,7.231152186750367,-0.3651222449396196,-29.51216494207541,-0.3175971526029505,4.573127823701718,373.0,-1.087323412461006,Column names match NY Fed GSCPI / BLS CPI-U / Federal Reserve G.17 INDPRO / an oil price series / Port of LA vessel dwell time; not independently re-verified against each publisher in this workspace,REAL
2023-04-01,302.858,223.316,380.933,101.253,83.536,-1.2963029442259058,4.946947488062325,2.1405441006970616,6.788874062279238,-0.1843454258675048,-21.30805151462116,-1.374613039143371,4.841872150609215,459.0,-0.7616014929066567,Column names match NY Fed GSCPI / BLS CPI-U / Federal Reserve G.17 INDPRO / an oil price series / Port of LA vessel dwell time; not independently re-verified against each publisher in this workspace,REAL
2023-05-01,303.316,223.278,381.878,100.9286,75.7473913043478,-1.5792072457474595,4.125314539356473,0.8209157409915901,6.302228606105143,-0.3995717112307395,-32.436950792797205,-0.5518955939878364,5.073415373093682,340.0,-0.654149301692283,Column names match NY Fed GSCPI / BLS CPI-U / Federal Reserve G.17 INDPRO / an oil price series / Port of LA vessel dwell time; not independently re-verified against each publisher in this workspace,REAL
2023-06-01,304.099,223.546,383.259,100.1196,74.975,-1.1083341821732566,3.0592533347792994,-0.9793716252430752,5.7458737314931785,-0.8893464531073647,-36.295978742796976,0.9060932637906814,4.887617394179894,336.0,-0.3429484237946081,Column names match NY Fed GSCPI / BLS CPI-U / Federal Reserve G.17 INDPRO / an oil price series / Port of LA vessel dwell time; not independently re-verified against each publisher in this workspace,REAL
2023-07-01,304.615,223.086,384.826,100.9067,80.1090476190476,-0.944659696049208,3.28032820234625,-0.4058126297461939,5.702262776529543,-0.3124783892988758,-23.88895675267261,-0.0965961223308893,5.084933943089431,328.0,-0.5048006841215082,Column names match NY Fed GSCPI / BLS CPI-U / Federal Reserve G.17 INDPRO / an oil price series / Port of LA vessel dwell time; not independently re-verified against each publisher in this workspace,REAL
2023-08-01,306.138,224.61,386.23,100.8393,85.1682608695652,-1.0675379998348975,3.718635867760756,1.1232919883843897,5.398310265030792,-0.2542130621991156,-12.775905138058372,-0.0059746546888637,5.16536783640149,338.0,-0.3070821618512689,Column names match NY Fed GSCPI / BLS CPI-U / Federal Reserve G.17 INDPRO / an oil price series / Port of LA vessel dwell time; not independently re-verified against each publisher in this workspace,REAL
2023-09-01,307.374,225.137,388.233,101.0211,92.6733333333333,-0.651351905045143,3.6950823322234414,1.413976702492814,5.159188051551267,-0.2672476942852109,2.2792108545953704,0.3880432037404062,4.796542095857256,329.0,-0.7089315880707291,Column names match NY Fed GSCPI / BLS CPI-U / Federal Reserve G.17 INDPRO / an oil price series / Port of LA vessel dwell time; not independently re-verified against each publisher in this workspace,REAL
2023-10-01,307.653,224.505,389.469,100.4689,88.9477272727273,-0.3640170286643943,3.2465375076767167,0.4258497984817921,5.062840402372792,-0.7742988102069082,-5.090606998294078,-0.4985589461594943,4.974143737586166,317.0,-0.7100389499817387,Column names match NY Fed GSCPI / BLS CPI-U / Federal Reserve G.17 INDPRO / an oil price series / Port of LA vessel dwell time; not independently re-verified against each publisher in this workspace,REAL
2023-11-01,308.087,223.388,391.438,100.8639,82.1863636363636,0.1716854826117443,3.139855644977696,-0.0639732296638939,5.189640068148971,-0.0904361538583531,-9.624372079074384,0.265646447495252,5.365827235950461,317.0,-0.0726519607861534,Column names match NY Fed GSCPI / BLS CPI-U / Federal Reserve G.17 INDPRO / an oil price series / Port of LA vessel dwell time; not independently re-verified against each publisher in this workspace,REAL
2023-12-01,308.735,223.166,392.93,100.6031,77.5409523809524,-0.1597317164755175,3.322200208829762,0.7162231077854742,4.959344381404196,0.8386591076755323,-4.861441417180967,0.2105551864195506,5.358553646201934,314.0,-0.4377300105971164,Column names match NY Fed GSCPI / BLS CPI-U / Federal Reserve G.17 INDPRO / an oil price series / Port of LA vessel dwell time; not independently re-verified against each publisher in this workspace,REAL
2024-01-01,309.794,222.9,395.5,99.2223,79.11,-0.340826677164618,3.1079425939238847,0.1343210497706692,4.982069434158598,-1.2762549126908995,-5.913071683425264,0.0601261394450113,4.835304054963394,344.0,-1.014314870595881,Column names match NY Fed GSCPI / BLS CPI-U / Federal Reserve G.17 INDPRO / an oil price series / Port of LA vessel dwell time; not independently re-verified against each publisher in this workspace,REAL
2024-02-01,311.022,223.604,397.331,100.285,81.7957142857143,-0.1865324581250838,3.16642120765831,0.2960384670590121,4.967954645123451,-0.3543266402759926,-2.196258289882158,0.482446364412496,4.972721830484331,325.0,-0.6251834461292799,Column names match NY Fed GSCPI / BLS CPI-U / Federal Reserve G.17 INDPRO / an oil price series / Port of LA vessel dwell time; not independently re-verified against each publisher in this workspace,REAL
2024-03-01,312.107,223.654,399.455,100.4575,84.9614285714286,-0.3468842458736567,3.4690014354717524,0.5914391987010825,5.2526876053963,-0.557312624665296,7.198028259523759,0.6314879740242351,5.3289893587617465,335.0,-0.2058492531432602,Column names match NY Fed GSCPI / BLS CPI-U / Federal Reserve G.17 INDPRO / an oil price series / Port of LA vessel dwell time; not independently re-verified against each publisher in this workspace,REAL
2024-04-01,313.016,224.088,400.824,100.2434,88.9745454545455,-0.9512160423428564,3.3540471111874304,0.3456984721202261,5.2216531516041,-0.997106258579994,6.5104212010935525,0.00981413599155,4.842519429151373,333.0,-0.871187168401739,Column names match NY Fed GSCPI / BLS CPI-U / Federal Reserve G.17 INDPRO / an oil price series / Port of LA vessel dwell time; not independently re-verified against each publisher in this workspace,REAL
2024-05-01,313.14,223.471,401.647,100.863,83.0539130434783,-0.5745545688794631,3.238866396761142,0.0864393267585805,5.176784208569241,-0.0649964430300298,9.645905440853264,0.6563972628470581,5.050548022134561,338.0,-0.7945929815590983,Column names match NY Fed GSCPI / BLS CPI-U / Federal Reserve G.17 INDPRO / an oil price series / Port of LA vessel dwell time; not independently re-verified against each publisher in this workspace,REAL
2024-06-01,313.131,222.779,402.381,100.894,82.9175,-0.3422993020057832,2.9700853998204435,-0.3431061168618576,4.989315319405407,0.7734749239909133,10.593531177059036,0.5538584863990591,4.5189686552414985,342.0,-0.9371574322347476,Column names match NY Fed GSCPI / BLS CPI-U / Federal Reserve G.17 INDPRO / an oil price series / Port of LA vessel dwell time; not independently re-verified against each publisher in this workspace,REAL
2024-07-01,313.566,222.451,403.608,99.9757,84.0486956521739,-0.0408137846896923,2.9384633061405374,-0.2846435903642641,4.8806473575070175,-0.9226344732312096,4.917856534583964,0.7626153994313175,4.616361766685231,399.0,-1.2301381830186429,Column names match NY Fed GSCPI / BLS CPI-U / Federal Reserve G.17 INDPRO / an oil price series / Port of LA vessel dwell time; not independently re-verified against each publisher in this workspace,REAL
2024-08-01,314.131,222.155,404.953,100.4309,79.0186363636364,0.2095809149883752,2.610914032233836,-1.0930056542451383,4.847629650726248,-0.4050008280501727,-7.220558977183911,0.7941807818742703,5.030872163452313,386.0,-0.5940145307187268,Column names match NY Fed GSCPI / BLS CPI-U / Federal Reserve G.17 INDPRO / an oil price series / Port of LA vessel dwell time; not independently re-verified against each publisher in this workspace,REAL
2024-09-01,314.851,222.114,406.464,99.8084,73.0576190476191,0.1075203838722428,2.432541464144644,-1.342737977320474,4.695891384812723,-1.2004422838397089,-21.16651422816439,0.8091618480869162,4.867930759616366,363.0,-0.7256840775626776,Column names match NY Fed GSCPI / BLS CPI-U / Federal Reserve G.17 INDPRO / an oil price series / Port of LA vessel dwell time; not independently re-verified against each publisher in this workspace,REAL
2024-10-01,315.564,222.085,407.912,99.4695,75.2665217391304,-0.340660855539088,2.5714034967967203,-1.0779269949444226,4.735421817911045,-0.9947356843759692,-15.38117493620522,0.0676185981921692,4.902387868029547,356.0,-0.9146385256719188,Column names match NY Fed GSCPI / BLS CPI-U / Federal Reserve G.17 INDPRO / an oil price series / Port of LA vessel dwell time; not independently re-verified against each publisher in this workspace,REAL
2024-11-01,316.449,222.652,409.02,99.2925,73.5085714285715,-0.2773754806726175,2.7141684004842848,-0.3294715920282298,4.491643631941722,-1.5579409481489392,-10.55867643224524,0.1066660090583746,4.467344519374866,346.0,-1.3621566019867972,Column names match NY Fed GSCPI / BLS CPI-U / Federal Reserve G.17 INDPRO / an oil price series / Port of LA vessel dwell time; not independently re-verified against each publisher in this workspace,REAL
2024-12-01,317.603,223.7,410.191,100.3273,73.2277272727273,-0.2595294947082333,2.872366268806581,0.2392837618633736,4.392894408673298,-0.2741466217243804,-5.562512421867849,0.8629434384167693,4.895374077942845,359.0,-1.1559908457642185,Column names match NY Fed GSCPI / BLS CPI-U / Federal Reserve G.17 INDPRO / an oil price series / Port of LA vessel dwell time; not independently re-verified against each publisher in this workspace,REAL
2025-01-01,319.086,224.629,412.259,100.0647,78.1939130434782,-0.1749128940137476,2.999412512831112,0.7756841633019151,4.237420986093565,0.849002693950851,-1.1579913494144778,0.7414366485181857,4.618656381450703,361.0,-1.409054457620766,Column names match NY Fed GSCPI / BLS CPI-U / Federal Reserve G.17 INDPRO / an oil price series / Port of LA vessel dwell time; not independently re-verified against each publisher in this workspace,REAL
2025-02-01,319.775,224.844,413.522,101.0993,75.193,0.0025641323312162,2.814270373156869,0.5545517969266944,4.074940037399544,0.8119858403550007,-8.072200778944072,0.9320952677872636,4.87934357419128,316.0,-0.8581578556395633,Column names match NY Fed GSCPI / BLS CPI-U / Federal Reserve G.17 INDPRO / an oil price series / Port of LA vessel dwell time; not independently re-verified against each publisher in this workspace,REAL
2025-03-01,319.615,223.84,414.261,101.0404,71.7414285714286,-0.1779495321904014,2.405585264028032,0.0831641732318644,3.7065501746129215,0.5802453773984029,-15.56000201772232,0.03304124550544,5.0499290300328985,349.0,-0.6824923201871161,Column names match NY Fed GSCPI / BLS CPI-U / Federal Reserve G.17 INDPRO / an oil price series / Port of LA vessel dwell time; not independently re-verified against each publisher in this workspace,REAL
2025-04-01,320.321,223.805,415.719,101.1279,66.9272727272727,-0.2447535132411959,2.3337465177498906,-0.1262896719146033,3.716094844620077,0.8823523543694645,-24.77930358018645,0.2479474911435727,5.058592966165013,347.0,-0.698071199572077,Column names match NY Fed GSCPI / BLS CPI-U / Federal Reserve G.17 INDPRO / an oil price series / Port of LA vessel dwell time; not independently re-verified against each publisher in this workspace,REAL
2025-05-01,320.58,223.528,416.489,100.9773,64.0927272727273,0.2781485021055123,2.37593408698984,0.0255066652943725,3.6952846653902416,0.1133220308735527,-22.82997281636197,0.6957260400668472,5.224577444172113,340.0,-0.6766510686790361,Column names match NY Fed GSCPI / BLS CPI-U / Federal Reserve G.17 INDPRO / an oil price series / Port of LA vessel dwell time; not independently re-verified against each publisher in this workspace,REAL
2025-06-01,321.5,224.24,417.673,101.428,69.8466666666667,0.0901400366315694,2.6726833178446263,0.6558068758725,3.800378248475944,0.5292683410311749,-15.76366066672692,-0.0929556027802376,4.696527498884427,332.0,-0.8145838959934721,Column names match NY Fed GSCPI / BLS CPI-U / Federal Reserve G.17 INDPRO / an oil price series / Port of LA vessel dwell time; not independently re-verified against each publisher in this workspace,REAL
2025-07-01,322.132,224.168,419.057,101.591,,0.0311895944863244,2.7318012794754543,0.7718553748915502,3.827723930150051,1.615692613305031,,-0.4349060157593534,4.822538316276803,380.0,-1.0700099281191764,Column names match NY Fed GSCPI / BLS CPI-U / Federal Reserve G.17 INDPRO / an oil price series / Port of LA vessel dwell time; not independently re-verified against each publisher in this workspace,REAL
2025-08-01,323.364,225.207,420.395,101.33,,-0.0806813285613135,2.9392196249335534,1.3738155792127005,3.8132820351991503,0.8952424004962767,,0.3569720956874018,5.235438875469673,345.0,-0.4359988489686726,Column names match NY Fed GSCPI / BLS CPI-U / Federal Reserve G.17 INDPRO / an oil price series / Port of LA vessel dwell time; not independently re-verified against each publisher in this workspace,REAL
2025-09-01,324.368,226.412,421.205,101.4279,,-0.0319511789724228,3.022699626172387,1.935042365632067,3.626643441977628,1.6226089186881951,,0.0668278800606997,4.6714730929323816,327.0,-1.0939285280619508,Column names match NY Fed GSCPI / BLS CPI-U / Federal Reserve G.17 INDPRO / an oil price series / Port of LA vessel dwell time; not independently re-verified against each publisher in this workspace,REAL
