origin_iso3,dest_iso3,hs_section,effective_year,tariff_rate_pct,is_country_level_proxy,quality_flag,source,provenance
ABW,ANY,ALL,2011,9.97,True,OK,"World Bank WDI TM.TAX.MRCH.WM.AR.ZS (tariff rate, applied, weighted mean, all products)",REAL
ABW,ANY,ALL,2012,9.52,True,OK,"World Bank WDI TM.TAX.MRCH.WM.AR.ZS (tariff rate, applied, weighted mean, all products)",REAL
ABW,ANY,ALL,2013,9.69,True,OK,"World Bank WDI TM.TAX.MRCH.WM.AR.ZS (tariff rate, applied, weighted mean, all products)",REAL
ABW,ANY,ALL,2015,10.02,True,OK,"World Bank WDI TM.TAX.MRCH.WM.AR.ZS (tariff rate, applied, weighted mean, all products)",REAL
ABW,ANY,ALL,2016,10.16,True,OK,"World Bank WDI TM.TAX.MRCH.WM.AR.ZS (tariff rate, applied, weighted mean, all products)",REAL
ABW,ANY,ALL,2017,10.3,True,OK,"World Bank WDI TM.TAX.MRCH.WM.AR.ZS (tariff rate, applied, weighted mean, all products)",REAL
ABW,ANY,ALL,2018,10.15,True,OK,"World Bank WDI TM.TAX.MRCH.WM.AR.ZS (tariff rate, applied, weighted mean, all products)",REAL
ABW,ANY,ALL,2019,12.12,True,OK,"World Bank WDI TM.TAX.MRCH.WM.AR.ZS (tariff rate, applied, weighted mean, all products)",REAL
ABW,ANY,ALL,2021,9.66,True,OK,"World Bank WDI TM.TAX.MRCH.WM.AR.ZS (tariff rate, applied, weighted mean, all products)",REAL
AFG,ANY,ALL,2004,4.01,True,OK,"World Bank WDI TM.TAX.MRCH.WM.AR.ZS (tariff rate, applied, weighted mean, all products)",REAL
AFG,ANY,ALL,2006,7.79,True,OK,"World Bank WDI TM.TAX.MRCH.WM.AR.ZS (tariff rate, applied, weighted mean, all products)",REAL
AFG,ANY,ALL,2007,7.8,True,OK,"World Bank WDI TM.TAX.MRCH.WM.AR.ZS (tariff rate, applied, weighted mean, all products)",REAL
AFG,ANY,ALL,2008,5.0,True,OK,"World Bank WDI TM.TAX.MRCH.WM.AR.ZS (tariff rate, applied, weighted mean, all products)",REAL
AFG,ANY,ALL,2012,5.47,True,OK,"World Bank WDI TM.TAX.MRCH.WM.AR.ZS (tariff rate, applied, weighted mean, all products)",REAL
AFG,ANY,ALL,2013,5.47,True,OK,"World Bank WDI TM.TAX.MRCH.WM.AR.ZS (tariff rate, applied, weighted mean, all products)",REAL
AFG,ANY,ALL,2018,5.63,True,OK,"World Bank WDI TM.TAX.MRCH.WM.AR.ZS (tariff rate, applied, weighted mean, all products)",REAL
AGO,ANY,ALL,2002,8.44,True,OK,"World Bank WDI TM.TAX.MRCH.WM.AR.ZS (tariff rate, applied, weighted mean, all products)",REAL
AGO,ANY,ALL,2004,6.16,True,OK,"World Bank WDI TM.TAX.MRCH.WM.AR.ZS (tariff rate, applied, weighted mean, all products)",REAL
AGO,ANY,ALL,2005,7.08,True,OK,"World Bank WDI TM.TAX.MRCH.WM.AR.ZS (tariff rate, applied, weighted mean, all products)",REAL
AGO,ANY,ALL,2006,7.08,True,OK,"World Bank WDI TM.TAX.MRCH.WM.AR.ZS (tariff rate, applied, weighted mean, all products)",REAL
AGO,ANY,ALL,2008,9.17,True,OK,"World Bank WDI TM.TAX.MRCH.WM.AR.ZS (tariff rate, applied, weighted mean, all products)",REAL
AGO,ANY,ALL,2009,9.15,True,OK,"World Bank WDI TM.TAX.MRCH.WM.AR.ZS (tariff rate, applied, weighted mean, all products)",REAL
AGO,ANY,ALL,2010,9.23,True,OK,"World Bank WDI TM.TAX.MRCH.WM.AR.ZS (tariff rate, applied, weighted mean, all products)",REAL
AGO,ANY,ALL,2011,8.36,True,OK,"World Bank WDI TM.TAX.MRCH.WM.AR.ZS (tariff rate, applied, weighted mean, all products)",REAL
AGO,ANY,ALL,2012,7.61,True,OK,"World Bank WDI TM.TAX.MRCH.WM.AR.ZS (tariff rate, applied, weighted mean, all products)",REAL
AGO,ANY,ALL,2013,7.52,True,OK,"World Bank WDI TM.TAX.MRCH.WM.AR.ZS (tariff rate, applied, weighted mean, all products)",REAL
AGO,ANY,ALL,2014,10.3,True,OK,"World Bank WDI TM.TAX.MRCH.WM.AR.ZS (tariff rate, applied, weighted mean, all products)",REAL
AGO,ANY,ALL,2015,9.38,True,OK,"World Bank WDI TM.TAX.MRCH.WM.AR.ZS (tariff rate, applied, weighted mean, all products)",REAL
AGO,ANY,ALL,2016,9.38,True,OK,"World Bank WDI TM.TAX.MRCH.WM.AR.ZS (tariff rate, applied, weighted mean, all products)",REAL
AGO,ANY,ALL,2018,7.68,True,OK,"World Bank WDI TM.TAX.MRCH.WM.AR.ZS (tariff rate, applied, weighted mean, all products)",REAL
AGO,ANY,ALL,2019,6.52,True,OK,"World Bank WDI TM.TAX.MRCH.WM.AR.ZS (tariff rate, applied, weighted mean, all products)",REAL
AGO,ANY,ALL,2020,9.23,True,OK,"World Bank WDI TM.TAX.MRCH.WM.AR.ZS (tariff rate, applied, weighted mean, all products)",REAL
AGO,ANY,ALL,2021,11.33,True,OK,"World Bank WDI TM.TAX.MRCH.WM.AR.ZS (tariff rate, applied, weighted mean, all products)",REAL
AGO,ANY,ALL,2022,8.85,True,OK,"World Bank WDI TM.TAX.MRCH.WM.AR.ZS (tariff rate, applied, weighted mean, all products)",REAL
ALB,ANY,ALL,1997,14.41,True,OK,"World Bank WDI TM.TAX.MRCH.WM.AR.ZS (tariff rate, applied, weighted mean, all products)",REAL
ALB,ANY,ALL,2000,11.65,True,OK,"World Bank WDI TM.TAX.MRCH.WM.AR.ZS (tariff rate, applied, weighted mean, all products)",REAL
ALB,ANY,ALL,2001,11.28,True,OK,"World Bank WDI TM.TAX.MRCH.WM.AR.ZS (tariff rate, applied, weighted mean, all products)",REAL
ALB,ANY,ALL,2002,8.35,True,OK,"World Bank WDI TM.TAX.MRCH.WM.AR.ZS (tariff rate, applied, weighted mean, all products)",REAL
ALB,ANY,ALL,2003,8.17,True,OK,"World Bank WDI TM.TAX.MRCH.WM.AR.ZS (tariff rate, applied, weighted mean, all products)",REAL
ALB,ANY,ALL,2004,7.34,True,OK,"World Bank WDI TM.TAX.MRCH.WM.AR.ZS (tariff rate, applied, weighted mean, all products)",REAL
ALB,ANY,ALL,2005,7.11,True,OK,"World Bank WDI TM.TAX.MRCH.WM.AR.ZS (tariff rate, applied, weighted mean, all products)",REAL
ALB,ANY,ALL,2006,6.61,True,OK,"World Bank WDI TM.TAX.MRCH.WM.AR.ZS (tariff rate, applied, weighted mean, all products)",REAL
ALB,ANY,ALL,2007,5.72,True,OK,"World Bank WDI TM.TAX.MRCH.WM.AR.ZS (tariff rate, applied, weighted mean, all products)",REAL
ALB,ANY,ALL,2008,2.08,True,OK,"World Bank WDI TM.TAX.MRCH.WM.AR.ZS (tariff rate, applied, weighted mean, all products)",REAL
ALB,ANY,ALL,2009,4.9,True,OK,"World Bank WDI TM.TAX.MRCH.WM.AR.ZS (tariff rate, applied, weighted mean, all products)",REAL
ALB,ANY,ALL,2010,4.87,True,OK,"World Bank WDI TM.TAX.MRCH.WM.AR.ZS (tariff rate, applied, weighted mean, all products)",REAL
ALB,ANY,ALL,2011,1.24,True,OK,"World Bank WDI TM.TAX.MRCH.WM.AR.ZS (tariff rate, applied, weighted mean, all products)",REAL
ALB,ANY,ALL,2012,1.1,True,OK,"World Bank WDI TM.TAX.MRCH.WM.AR.ZS (tariff rate, applied, weighted mean, all products)",REAL
ALB,ANY,ALL,2013,1.17,True,OK,"World Bank WDI TM.TAX.MRCH.WM.AR.ZS (tariff rate, applied, weighted mean, all products)",REAL
ALB,ANY,ALL,2014,1.14,True,OK,"World Bank WDI TM.TAX.MRCH.WM.AR.ZS (tariff rate, applied, weighted mean, all products)",REAL
ALB,ANY,ALL,2015,1.11,True,OK,"World Bank WDI TM.TAX.MRCH.WM.AR.ZS (tariff rate, applied, weighted mean, all products)",REAL
ALB,ANY,ALL,2016,1.06,True,OK,"World Bank WDI TM.TAX.MRCH.WM.AR.ZS (tariff rate, applied, weighted mean, all products)",REAL
ALB,ANY,ALL,2017,0.85,True,OK,"World Bank WDI TM.TAX.MRCH.WM.AR.ZS (tariff rate, applied, weighted mean, all products)",REAL
ALB,ANY,ALL,2018,1.02,True,OK,"World Bank WDI TM.TAX.MRCH.WM.AR.ZS (tariff rate, applied, weighted mean, all products)",REAL
ALB,ANY,ALL,2019,1.02,True,OK,"World Bank WDI TM.TAX.MRCH.WM.AR.ZS (tariff rate, applied, weighted mean, all products)",REAL
ALB,ANY,ALL,2020,1.1,True,OK,"World Bank WDI TM.TAX.MRCH.WM.AR.ZS (tariff rate, applied, weighted mean, all products)",REAL
ALB,ANY,ALL,2021,1.13,True,OK,"World Bank WDI TM.TAX.MRCH.WM.AR.ZS (tariff rate, applied, weighted mean, all products)",REAL
ALB,ANY,ALL,2022,0.26,True,OK,"World Bank WDI TM.TAX.MRCH.WM.AR.ZS (tariff rate, applied, weighted mean, all products)",REAL
ARE,ANY,ALL,2005,4.2,True,OK,"World Bank WDI TM.TAX.MRCH.WM.AR.ZS (tariff rate, applied, weighted mean, all products)",REAL
ARE,ANY,ALL,2007,3.69,True,OK,"World Bank WDI TM.TAX.MRCH.WM.AR.ZS (tariff rate, applied, weighted mean, all products)",REAL
ARE,ANY,ALL,2008,3.62,True,OK,"World Bank WDI TM.TAX.MRCH.WM.AR.ZS (tariff rate, applied, weighted mean, all products)",REAL
ARE,ANY,ALL,2009,3.62,True,OK,"World Bank WDI TM.TAX.MRCH.WM.AR.ZS (tariff rate, applied, weighted mean, all products)",REAL
ARE,ANY,ALL,2011,3.87,True,OK,"World Bank WDI TM.TAX.MRCH.WM.AR.ZS (tariff rate, applied, weighted mean, all products)",REAL
ARE,ANY,ALL,2012,3.53,True,OK,"World Bank WDI TM.TAX.MRCH.WM.AR.ZS (tariff rate, applied, weighted mean, all products)",REAL
ARE,ANY,ALL,2013,3.61,True,OK,"World Bank WDI TM.TAX.MRCH.WM.AR.ZS (tariff rate, applied, weighted mean, all products)",REAL
ARE,ANY,ALL,2014,3.21,True,OK,"World Bank WDI TM.TAX.MRCH.WM.AR.ZS (tariff rate, applied, weighted mean, all products)",REAL
ARE,ANY,ALL,2015,2.99,True,OK,"World Bank WDI TM.TAX.MRCH.WM.AR.ZS (tariff rate, applied, weighted mean, all products)",REAL
ARE,ANY,ALL,2016,2.82,True,OK,"World Bank WDI TM.TAX.MRCH.WM.AR.ZS (tariff rate, applied, weighted mean, all products)",REAL
ARE,ANY,ALL,2017,4.75,True,OK,"World Bank WDI TM.TAX.MRCH.WM.AR.ZS (tariff rate, applied, weighted mean, all products)",REAL
ARE,ANY,ALL,2018,4.4,True,OK,"World Bank WDI TM.TAX.MRCH.WM.AR.ZS (tariff rate, applied, weighted mean, all products)",REAL
ARE,ANY,ALL,2019,3.94,True,OK,"World Bank WDI TM.TAX.MRCH.WM.AR.ZS (tariff rate, applied, weighted mean, all products)",REAL
ARE,ANY,ALL,2020,3.28,True,OK,"World Bank WDI TM.TAX.MRCH.WM.AR.ZS (tariff rate, applied, weighted mean, all products)",REAL
ARE,ANY,ALL,2021,2.63,True,OK,"World Bank WDI TM.TAX.MRCH.WM.AR.ZS (tariff rate, applied, weighted mean, all products)",REAL
ARG,ANY,ALL,1992,12.66,True,OK,"World Bank WDI TM.TAX.MRCH.WM.AR.ZS (tariff rate, applied, weighted mean, all products)",REAL
ARG,ANY,ALL,1993,12.53,True,OK,"World Bank WDI TM.TAX.MRCH.WM.AR.ZS (tariff rate, applied, weighted mean, all products)",REAL
ARG,ANY,ALL,1995,8.34,True,OK,"World Bank WDI TM.TAX.MRCH.WM.AR.ZS (tariff rate, applied, weighted mean, all products)",REAL
ARG,ANY,ALL,1996,13.33,True,OK,"World Bank WDI TM.TAX.MRCH.WM.AR.ZS (tariff rate, applied, weighted mean, all products)",REAL
ARG,ANY,ALL,1997,13.93,True,OK,"World Bank WDI TM.TAX.MRCH.WM.AR.ZS (tariff rate, applied, weighted mean, all products)",REAL
ARG,ANY,ALL,1998,15.67,True,OK,"World Bank WDI TM.TAX.MRCH.WM.AR.ZS (tariff rate, applied, weighted mean, all products)",REAL
ARG,ANY,ALL,1999,11.29,True,OK,"World Bank WDI TM.TAX.MRCH.WM.AR.ZS (tariff rate, applied, weighted mean, all products)",REAL
ARG,ANY,ALL,2000,10.52,True,OK,"World Bank WDI TM.TAX.MRCH.WM.AR.ZS (tariff rate, applied, weighted mean, all products)",REAL
ARG,ANY,ALL,2001,9.25,True,OK,"World Bank WDI TM.TAX.MRCH.WM.AR.ZS (tariff rate, applied, weighted mean, all products)",REAL
ARG,ANY,ALL,2002,12.01,True,OK,"World Bank WDI TM.TAX.MRCH.WM.AR.ZS (tariff rate, applied, weighted mean, all products)",REAL
ARG,ANY,ALL,2003,12.87,True,OK,"World Bank WDI TM.TAX.MRCH.WM.AR.ZS (tariff rate, applied, weighted mean, all products)",REAL
ARG,ANY,ALL,2004,5.96,True,OK,"World Bank WDI TM.TAX.MRCH.WM.AR.ZS (tariff rate, applied, weighted mean, all products)",REAL
ARG,ANY,ALL,2005,5.22,True,OK,"World Bank WDI TM.TAX.MRCH.WM.AR.ZS (tariff rate, applied, weighted mean, all products)",REAL
ARG,ANY,ALL,2006,5.49,True,OK,"World Bank WDI TM.TAX.MRCH.WM.AR.ZS (tariff rate, applied, weighted mean, all products)",REAL
ARG,ANY,ALL,2007,5.83,True,OK,"World Bank WDI TM.TAX.MRCH.WM.AR.ZS (tariff rate, applied, weighted mean, all products)",REAL
ARG,ANY,ALL,2008,5.39,True,OK,"World Bank WDI TM.TAX.MRCH.WM.AR.ZS (tariff rate, applied, weighted mean, all products)",REAL
ARG,ANY,ALL,2009,5.93,True,OK,"World Bank WDI TM.TAX.MRCH.WM.AR.ZS (tariff rate, applied, weighted mean, all products)",REAL
ARG,ANY,ALL,2010,5.99,True,OK,"World Bank WDI TM.TAX.MRCH.WM.AR.ZS (tariff rate, applied, weighted mean, all products)",REAL
ARG,ANY,ALL,2011,5.68,True,OK,"World Bank WDI TM.TAX.MRCH.WM.AR.ZS (tariff rate, applied, weighted mean, all products)",REAL
ARG,ANY,ALL,2012,6.02,True,OK,"World Bank WDI TM.TAX.MRCH.WM.AR.ZS (tariff rate, applied, weighted mean, all products)",REAL
ARG,ANY,ALL,2013,6.27,True,OK,"World Bank WDI TM.TAX.MRCH.WM.AR.ZS (tariff rate, applied, weighted mean, all products)",REAL
ARG,ANY,ALL,2014,6.63,True,OK,"World Bank WDI TM.TAX.MRCH.WM.AR.ZS (tariff rate, applied, weighted mean, all products)",REAL
ARG,ANY,ALL,2015,7.35,True,OK,"World Bank WDI TM.TAX.MRCH.WM.AR.ZS (tariff rate, applied, weighted mean, all products)",REAL
ARG,ANY,ALL,2016,7.53,True,OK,"World Bank WDI TM.TAX.MRCH.WM.AR.ZS (tariff rate, applied, weighted mean, all products)",REAL
ARG,ANY,ALL,2017,7.93,True,OK,"World Bank WDI TM.TAX.MRCH.WM.AR.ZS (tariff rate, applied, weighted mean, all products)",REAL
ARG,ANY,ALL,2018,7.42,True,OK,"World Bank WDI TM.TAX.MRCH.WM.AR.ZS (tariff rate, applied, weighted mean, all products)",REAL
ARG,ANY,ALL,2019,7.26,True,OK,"World Bank WDI TM.TAX.MRCH.WM.AR.ZS (tariff rate, applied, weighted mean, all products)",REAL
ARG,ANY,ALL,2020,6.88,True,OK,"World Bank WDI TM.TAX.MRCH.WM.AR.ZS (tariff rate, applied, weighted mean, all products)",REAL
ARG,ANY,ALL,2021,6.51,True,OK,"World Bank WDI TM.TAX.MRCH.WM.AR.ZS (tariff rate, applied, weighted mean, all products)",REAL
ARG,ANY,ALL,2022,6.45,True,OK,"World Bank WDI TM.TAX.MRCH.WM.AR.ZS (tariff rate, applied, weighted mean, all products)",REAL
ARM,ANY,ALL,2001,2.43,True,OK,"World Bank WDI TM.TAX.MRCH.WM.AR.ZS (tariff rate, applied, weighted mean, all products)",REAL
ARM,ANY,ALL,2003,2.27,True,OK,"World Bank WDI TM.TAX.MRCH.WM.AR.ZS (tariff rate, applied, weighted mean, all products)",REAL
ARM,ANY,ALL,2004,2.41,True,OK,"World Bank WDI TM.TAX.MRCH.WM.AR.ZS (tariff rate, applied, weighted mean, all products)",REAL
ARM,ANY,ALL,2005,2.28,True,OK,"World Bank WDI TM.TAX.MRCH.WM.AR.ZS (tariff rate, applied, weighted mean, all products)",REAL
ARM,ANY,ALL,2006,1.94,True,OK,"World Bank WDI TM.TAX.MRCH.WM.AR.ZS (tariff rate, applied, weighted mean, all products)",REAL
ARM,ANY,ALL,2007,2.42,True,OK,"World Bank WDI TM.TAX.MRCH.WM.AR.ZS (tariff rate, applied, weighted mean, all products)",REAL
ARM,ANY,ALL,2008,2.27,True,OK,"World Bank WDI TM.TAX.MRCH.WM.AR.ZS (tariff rate, applied, weighted mean, all products)",REAL
ARM,ANY,ALL,2009,2.69,True,OK,"World Bank WDI TM.TAX.MRCH.WM.AR.ZS (tariff rate, applied, weighted mean, all products)",REAL
ARM,ANY,ALL,2010,2.8,True,OK,"World Bank WDI TM.TAX.MRCH.WM.AR.ZS (tariff rate, applied, weighted mean, all products)",REAL
ARM,ANY,ALL,2011,3.08,True,OK,"World Bank WDI TM.TAX.MRCH.WM.AR.ZS (tariff rate, applied, weighted mean, all products)",REAL
ARM,ANY,ALL,2012,2.41,True,OK,"World Bank WDI TM.TAX.MRCH.WM.AR.ZS (tariff rate, applied, weighted mean, all products)",REAL
ARM,ANY,ALL,2013,2.23,True,OK,"World Bank WDI TM.TAX.MRCH.WM.AR.ZS (tariff rate, applied, weighted mean, all products)",REAL
ARM,ANY,ALL,2014,2.39,True,OK,"World Bank WDI TM.TAX.MRCH.WM.AR.ZS (tariff rate, applied, weighted mean, all products)",REAL
ARM,ANY,ALL,2015,2.93,True,OK,"World Bank WDI TM.TAX.MRCH.WM.AR.ZS (tariff rate, applied, weighted mean, all products)",REAL
ARM,ANY,ALL,2016,2.13,True,OK,"World Bank WDI TM.TAX.MRCH.WM.AR.ZS (tariff rate, applied, weighted mean, all products)",REAL
ARM,ANY,ALL,2017,2.22,True,OK,"World Bank WDI TM.TAX.MRCH.WM.AR.ZS (tariff rate, applied, weighted mean, all products)",REAL
ARM,ANY,ALL,2019,4.09,True,OK,"World Bank WDI TM.TAX.MRCH.WM.AR.ZS (tariff rate, applied, weighted mean, all products)",REAL
ARM,ANY,ALL,2020,3.11,True,OK,"World Bank WDI TM.TAX.MRCH.WM.AR.ZS (tariff rate, applied, weighted mean, all products)",REAL
ARM,ANY,ALL,2021,3.61,True,OK,"World Bank WDI TM.TAX.MRCH.WM.AR.ZS (tariff rate, applied, weighted mean, all products)",REAL
ATG,ANY,ALL,1996,22.64,True,OK,"World Bank WDI TM.TAX.MRCH.WM.AR.ZS (tariff rate, applied, weighted mean, all products)",REAL
ATG,ANY,ALL,1999,20.3,True,OK,"World Bank WDI TM.TAX.MRCH.WM.AR.ZS (tariff rate, applied, weighted mean, all products)",REAL
ATG,ANY,ALL,2000,15.39,True,OK,"World Bank WDI TM.TAX.MRCH.WM.AR.ZS (tariff rate, applied, weighted mean, all products)",REAL
ATG,ANY,ALL,2001,12.8,True,OK,"World Bank WDI TM.TAX.MRCH.WM.AR.ZS (tariff rate, applied, weighted mean, all products)",REAL
ATG,ANY,ALL,2002,12.8,True,OK,"World Bank WDI TM.TAX.MRCH.WM.AR.ZS (tariff rate, applied, weighted mean, all products)",REAL
ATG,ANY,ALL,2003,12.36,True,OK,"World Bank WDI TM.TAX.MRCH.WM.AR.ZS (tariff rate, applied, weighted mean, all products)",REAL
ATG,ANY,ALL,2004,12.11,True,OK,"World Bank WDI TM.TAX.MRCH.WM.AR.ZS (tariff rate, applied, weighted mean, all products)",REAL
ATG,ANY,ALL,2005,12.18,True,OK,"World Bank WDI TM.TAX.MRCH.WM.AR.ZS (tariff rate, applied, weighted mean, all products)",REAL
ATG,ANY,ALL,2006,11.73,True,OK,"World Bank WDI TM.TAX.MRCH.WM.AR.ZS (tariff rate, applied, weighted mean, all products)",REAL
ATG,ANY,ALL,2007,13.57,True,OK,"World Bank WDI TM.TAX.MRCH.WM.AR.ZS (tariff rate, applied, weighted mean, all products)",REAL
ATG,ANY,ALL,2008,12.83,True,OK,"World Bank WDI TM.TAX.MRCH.WM.AR.ZS (tariff rate, applied, weighted mean, all products)",REAL
ATG,ANY,ALL,2009,14.8,True,OK,"World Bank WDI TM.TAX.MRCH.WM.AR.ZS (tariff rate, applied, weighted mean, all products)",REAL
ATG,ANY,ALL,2010,11.56,True,OK,"World Bank WDI TM.TAX.MRCH.WM.AR.ZS (tariff rate, applied, weighted mean, all products)",REAL
ATG,ANY,ALL,2011,11.56,True,OK,"World Bank WDI TM.TAX.MRCH.WM.AR.ZS (tariff rate, applied, weighted mean, all products)",REAL
ATG,ANY,ALL,2012,12.0,True,OK,"World Bank WDI TM.TAX.MRCH.WM.AR.ZS (tariff rate, applied, weighted mean, all products)",REAL
ATG,ANY,ALL,2013,14.51,True,OK,"World Bank WDI TM.TAX.MRCH.WM.AR.ZS (tariff rate, applied, weighted mean, all products)",REAL
ATG,ANY,ALL,2014,9.95,True,OK,"World Bank WDI TM.TAX.MRCH.WM.AR.ZS (tariff rate, applied, weighted mean, all products)",REAL
ATG,ANY,ALL,2015,12.03,True,OK,"World Bank WDI TM.TAX.MRCH.WM.AR.ZS (tariff rate, applied, weighted mean, all products)",REAL
ATG,ANY,ALL,2016,11.88,True,OK,"World Bank WDI TM.TAX.MRCH.WM.AR.ZS (tariff rate, applied, weighted mean, all products)",REAL
ATG,ANY,ALL,2017,12.72,True,OK,"World Bank WDI TM.TAX.MRCH.WM.AR.ZS (tariff rate, applied, weighted mean, all products)",REAL
ATG,ANY,ALL,2018,14.89,True,OK,"World Bank WDI TM.TAX.MRCH.WM.AR.ZS (tariff rate, applied, weighted mean, all products)",REAL
ATG,ANY,ALL,2019,13.07,True,OK,"World Bank WDI TM.TAX.MRCH.WM.AR.ZS (tariff rate, applied, weighted mean, all products)",REAL
ATG,ANY,ALL,2020,13.07,True,OK,"World Bank WDI TM.TAX.MRCH.WM.AR.ZS (tariff rate, applied, weighted mean, all products)",REAL
ATG,ANY,ALL,2021,13.07,True,OK,"World Bank WDI TM.TAX.MRCH.WM.AR.ZS (tariff rate, applied, weighted mean, all products)",REAL
AUS,ANY,ALL,1991,18.56,True,OK,"World Bank WDI TM.TAX.MRCH.WM.AR.ZS (tariff rate, applied, weighted mean, all products)",REAL
AUS,ANY,ALL,1993,9.75,True,OK,"World Bank WDI TM.TAX.MRCH.WM.AR.ZS (tariff rate, applied, weighted mean, all products)",REAL
AUS,ANY,ALL,1996,6.81,True,OK,"World Bank WDI TM.TAX.MRCH.WM.AR.ZS (tariff rate, applied, weighted mean, all products)",REAL
AUS,ANY,ALL,1997,6.82,True,OK,"World Bank WDI TM.TAX.MRCH.WM.AR.ZS (tariff rate, applied, weighted mean, all products)",REAL
AUS,ANY,ALL,1998,6.49,True,OK,"World Bank WDI TM.TAX.MRCH.WM.AR.ZS (tariff rate, applied, weighted mean, all products)",REAL
AUS,ANY,ALL,1999,6.1,True,OK,"World Bank WDI TM.TAX.MRCH.WM.AR.ZS (tariff rate, applied, weighted mean, all products)",REAL
AUS,ANY,ALL,2000,5.83,True,OK,"World Bank WDI TM.TAX.MRCH.WM.AR.ZS (tariff rate, applied, weighted mean, all products)",REAL
AUS,ANY,ALL,2001,4.8,True,OK,"World Bank WDI TM.TAX.MRCH.WM.AR.ZS (tariff rate, applied, weighted mean, all products)",REAL
AUS,ANY,ALL,2002,3.69,True,OK,"World Bank WDI TM.TAX.MRCH.WM.AR.ZS (tariff rate, applied, weighted mean, all products)",REAL
AUS,ANY,ALL,2003,3.74,True,OK,"World Bank WDI TM.TAX.MRCH.WM.AR.ZS (tariff rate, applied, weighted mean, all products)",REAL
AUS,ANY,ALL,2004,3.69,True,OK,"World Bank WDI TM.TAX.MRCH.WM.AR.ZS (tariff rate, applied, weighted mean, all products)",REAL
AUS,ANY,ALL,2005,3.07,True,OK,"World Bank WDI TM.TAX.MRCH.WM.AR.ZS (tariff rate, applied, weighted mean, all products)",REAL
AUS,ANY,ALL,2006,3.38,True,OK,"World Bank WDI TM.TAX.MRCH.WM.AR.ZS (tariff rate, applied, weighted mean, all products)",REAL
AUS,ANY,ALL,2007,3.45,True,OK,"World Bank WDI TM.TAX.MRCH.WM.AR.ZS (tariff rate, applied, weighted mean, all products)",REAL
AUS,ANY,ALL,2008,3.15,True,OK,"World Bank WDI TM.TAX.MRCH.WM.AR.ZS (tariff rate, applied, weighted mean, all products)",REAL
AUS,ANY,ALL,2009,3.67,True,OK,"World Bank WDI TM.TAX.MRCH.WM.AR.ZS (tariff rate, applied, weighted mean, all products)",REAL
AUS,ANY,ALL,2010,2.8,True,OK,"World Bank WDI TM.TAX.MRCH.WM.AR.ZS (tariff rate, applied, weighted mean, all products)",REAL
AUS,ANY,ALL,2011,1.77,True,OK,"World Bank WDI TM.TAX.MRCH.WM.AR.ZS (tariff rate, applied, weighted mean, all products)",REAL
AUS,ANY,ALL,2012,1.81,True,OK,"World Bank WDI TM.TAX.MRCH.WM.AR.ZS (tariff rate, applied, weighted mean, all products)",REAL
AUS,ANY,ALL,2013,1.84,True,OK,"World Bank WDI TM.TAX.MRCH.WM.AR.ZS (tariff rate, applied, weighted mean, all products)",REAL
AUS,ANY,ALL,2014,1.91,True,OK,"World Bank WDI TM.TAX.MRCH.WM.AR.ZS (tariff rate, applied, weighted mean, all products)",REAL
AUS,ANY,ALL,2015,1.9,True,OK,"World Bank WDI TM.TAX.MRCH.WM.AR.ZS (tariff rate, applied, weighted mean, all products)",REAL
AUS,ANY,ALL,2016,1.18,True,OK,"World Bank WDI TM.TAX.MRCH.WM.AR.ZS (tariff rate, applied, weighted mean, all products)",REAL
AUS,ANY,ALL,2017,0.89,True,OK,"World Bank WDI TM.TAX.MRCH.WM.AR.ZS (tariff rate, applied, weighted mean, all products)",REAL
AUS,ANY,ALL,2018,0.86,True,OK,"World Bank WDI TM.TAX.MRCH.WM.AR.ZS (tariff rate, applied, weighted mean, all products)",REAL
AUS,ANY,ALL,2019,0.77,True,OK,"World Bank WDI TM.TAX.MRCH.WM.AR.ZS (tariff rate, applied, weighted mean, all products)",REAL
AUS,ANY,ALL,2020,0.71,True,OK,"World Bank WDI TM.TAX.MRCH.WM.AR.ZS (tariff rate, applied, weighted mean, all products)",REAL
AUS,ANY,ALL,2021,0.81,True,OK,"World Bank WDI TM.TAX.MRCH.WM.AR.ZS (tariff rate, applied, weighted mean, all products)",REAL
AUS,ANY,ALL,2022,0.99,True,OK,"World Bank WDI TM.TAX.MRCH.WM.AR.ZS (tariff rate, applied, weighted mean, all products)",REAL
AUT,ANY,ALL,1990,17.52,True,OK,"World Bank WDI TM.TAX.MRCH.WM.AR.ZS (tariff rate, applied, weighted mean, all products)",REAL
AUT,ANY,ALL,2000,2.41,True,JUMP_GE_10PP,"World Bank WDI TM.TAX.MRCH.WM.AR.ZS (tariff rate, applied, weighted mean, all products)",REAL
AUT,ANY,ALL,2001,3.37,True,OK,"World Bank WDI TM.TAX.MRCH.WM.AR.ZS (tariff rate, applied, weighted mean, all products)",REAL
AUT,ANY,ALL,2002,2.45,True,OK,"World Bank WDI TM.TAX.MRCH.WM.AR.ZS (tariff rate, applied, weighted mean, all products)",REAL
AUT,ANY,ALL,2003,2.52,True,OK,"World Bank WDI TM.TAX.MRCH.WM.AR.ZS (tariff rate, applied, weighted mean, all products)",REAL
AUT,ANY,ALL,2004,2.24,True,OK,"World Bank WDI TM.TAX.MRCH.WM.AR.ZS (tariff rate, applied, weighted mean, all products)",REAL
AUT,ANY,ALL,2005,2.46,True,OK,"World Bank WDI TM.TAX.MRCH.WM.AR.ZS (tariff rate, applied, weighted mean, all products)",REAL
AUT,ANY,ALL,2006,2.3,True,OK,"World Bank WDI TM.TAX.MRCH.WM.AR.ZS (tariff rate, applied, weighted mean, all products)",REAL
AUT,ANY,ALL,2007,2.24,True,OK,"World Bank WDI TM.TAX.MRCH.WM.AR.ZS (tariff rate, applied, weighted mean, all products)",REAL
AUT,ANY,ALL,2008,1.72,True,OK,"World Bank WDI TM.TAX.MRCH.WM.AR.ZS (tariff rate, applied, weighted mean, all products)",REAL
AUT,ANY,ALL,2009,1.85,True,OK,"World Bank WDI TM.TAX.MRCH.WM.AR.ZS (tariff rate, applied, weighted mean, all products)",REAL
AUT,ANY,ALL,2010,2.13,True,OK,"World Bank WDI TM.TAX.MRCH.WM.AR.ZS (tariff rate, applied, weighted mean, all products)",REAL
AUT,ANY,ALL,2011,1.59,True,OK,"World Bank WDI TM.TAX.MRCH.WM.AR.ZS (tariff rate, applied, weighted mean, all products)",REAL
AUT,ANY,ALL,2012,1.46,True,OK,"World Bank WDI TM.TAX.MRCH.WM.AR.ZS (tariff rate, applied, weighted mean, all products)",REAL
AUT,ANY,ALL,2013,1.49,True,OK,"World Bank WDI TM.TAX.MRCH.WM.AR.ZS (tariff rate, applied, weighted mean, all products)",REAL
AUT,ANY,ALL,2014,2.03,True,OK,"World Bank WDI TM.TAX.MRCH.WM.AR.ZS (tariff rate, applied, weighted mean, all products)",REAL
AUT,ANY,ALL,2015,2.02,True,OK,"World Bank WDI TM.TAX.MRCH.WM.AR.ZS (tariff rate, applied, weighted mean, all products)",REAL
AUT,ANY,ALL,2016,2.09,True,OK,"World Bank WDI TM.TAX.MRCH.WM.AR.ZS (tariff rate, applied, weighted mean, all products)",REAL
AUT,ANY,ALL,2017,1.96,True,OK,"World Bank WDI TM.TAX.MRCH.WM.AR.ZS (tariff rate, applied, weighted mean, all products)",REAL
AUT,ANY,ALL,2018,1.83,True,OK,"World Bank WDI TM.TAX.MRCH.WM.AR.ZS (tariff rate, applied, weighted mean, all products)",REAL
AUT,ANY,ALL,2019,1.84,True,OK,"World Bank WDI TM.TAX.MRCH.WM.AR.ZS (tariff rate, applied, weighted mean, all products)",REAL
AUT,ANY,ALL,2020,1.48,True,OK,"World Bank WDI TM.TAX.MRCH.WM.AR.ZS (tariff rate, applied, weighted mean, all products)",REAL
AUT,ANY,ALL,2021,1.39,True,OK,"World Bank WDI TM.TAX.MRCH.WM.AR.ZS (tariff rate, applied, weighted mean, all products)",REAL
AUT,ANY,ALL,2022,1.33,True,OK,"World Bank WDI TM.TAX.MRCH.WM.AR.ZS (tariff rate, applied, weighted mean, all products)",REAL
AZE,ANY,ALL,2002,6.75,True,OK,"World Bank WDI TM.TAX.MRCH.WM.AR.ZS (tariff rate, applied, weighted mean, all products)",REAL
AZE,ANY,ALL,2005,6.09,True,OK,"World Bank WDI TM.TAX.MRCH.WM.AR.ZS (tariff rate, applied, weighted mean, all products)",REAL
AZE,ANY,ALL,2007,4.04,True,OK,"World Bank WDI TM.TAX.MRCH.WM.AR.ZS (tariff rate, applied, weighted mean, all products)",REAL
AZE,ANY,ALL,2008,3.86,True,OK,"World Bank WDI TM.TAX.MRCH.WM.AR.ZS (tariff rate, applied, weighted mean, all products)",REAL
AZE,ANY,ALL,2009,4.4,True,OK,"World Bank WDI TM.TAX.MRCH.WM.AR.ZS (tariff rate, applied, weighted mean, all products)",REAL
AZE,ANY,ALL,2011,4.06,True,OK,"World Bank WDI TM.TAX.MRCH.WM.AR.ZS (tariff rate, applied, weighted mean, all products)",REAL
AZE,ANY,ALL,2012,4.76,True,OK,"World Bank WDI TM.TAX.MRCH.WM.AR.ZS (tariff rate, applied, weighted mean, all products)",REAL
AZE,ANY,ALL,2013,4.74,True,OK,"World Bank WDI TM.TAX.MRCH.WM.AR.ZS (tariff rate, applied, weighted mean, all products)",REAL
AZE,ANY,ALL,2014,5.23,True,OK,"World Bank WDI TM.TAX.MRCH.WM.AR.ZS (tariff rate, applied, weighted mean, all products)",REAL
AZE,ANY,ALL,2015,5.19,True,OK,"World Bank WDI TM.TAX.MRCH.WM.AR.ZS (tariff rate, applied, weighted mean, all products)",REAL
AZE,ANY,ALL,2019,11.98,True,OK,"World Bank WDI TM.TAX.MRCH.WM.AR.ZS (tariff rate, applied, weighted mean, all products)",REAL
AZE,ANY,ALL,2020,5.93,True,OK,"World Bank WDI TM.TAX.MRCH.WM.AR.ZS (tariff rate, applied, weighted mean, all products)",REAL
AZE,ANY,ALL,2021,6.01,True,OK,"World Bank WDI TM.TAX.MRCH.WM.AR.ZS (tariff rate, applied, weighted mean, all products)",REAL
AZE,ANY,ALL,2022,5.45,True,OK,"World Bank WDI TM.TAX.MRCH.WM.AR.ZS (tariff rate, applied, weighted mean, all products)",REAL
BDI,ANY,ALL,2002,13.34,True,OK,"World Bank WDI TM.TAX.MRCH.WM.AR.ZS (tariff rate, applied, weighted mean, all products)",REAL
BDI,ANY,ALL,2003,13.8,True,OK,"World Bank WDI TM.TAX.MRCH.WM.AR.ZS (tariff rate, applied, weighted mean, all products)",REAL
BDI,ANY,ALL,2005,21.1,True,OK,"World Bank WDI TM.TAX.MRCH.WM.AR.ZS (tariff rate, applied, weighted mean, all products)",REAL
BDI,ANY,ALL,2006,17.49,True,OK,"World Bank WDI TM.TAX.MRCH.WM.AR.ZS (tariff rate, applied, weighted mean, all products)",REAL
BDI,ANY,ALL,2007,12.28,True,OK,"World Bank WDI TM.TAX.MRCH.WM.AR.ZS (tariff rate, applied, weighted mean, all products)",REAL
BDI,ANY,ALL,2008,10.72,True,OK,"World Bank WDI TM.TAX.MRCH.WM.AR.ZS (tariff rate, applied, weighted mean, all products)",REAL
BDI,ANY,ALL,2009,13.84,True,OK,"World Bank WDI TM.TAX.MRCH.WM.AR.ZS (tariff rate, applied, weighted mean, all products)",REAL
BDI,ANY,ALL,2010,8.0,True,OK,"World Bank WDI TM.TAX.MRCH.WM.AR.ZS (tariff rate, applied, weighted mean, all products)",REAL
BDI,ANY,ALL,2011,6.83,True,OK,"World Bank WDI TM.TAX.MRCH.WM.AR.ZS (tariff rate, applied, weighted mean, all products)",REAL
BDI,ANY,ALL,2012,6.99,True,OK,"World Bank WDI TM.TAX.MRCH.WM.AR.ZS (tariff rate, applied, weighted mean, all products)",REAL
BDI,ANY,ALL,2013,5.39,True,OK,"World Bank WDI TM.TAX.MRCH.WM.AR.ZS (tariff rate, applied, weighted mean, all products)",REAL
BDI,ANY,ALL,2014,5.99,True,OK,"World Bank WDI TM.TAX.MRCH.WM.AR.ZS (tariff rate, applied, weighted mean, all products)",REAL
BDI,ANY,ALL,2015,6.13,True,OK,"World Bank WDI TM.TAX.MRCH.WM.AR.ZS (tariff rate, applied, weighted mean, all products)",REAL
BDI,ANY,ALL,2016,5.91,True,OK,"World Bank WDI TM.TAX.MRCH.WM.AR.ZS (tariff rate, applied, weighted mean, all products)",REAL
BDI,ANY,ALL,2018,7.89,True,OK,"World Bank WDI TM.TAX.MRCH.WM.AR.ZS (tariff rate, applied, weighted mean, all products)",REAL
BDI,ANY,ALL,2019,8.52,True,OK,"World Bank WDI TM.TAX.MRCH.WM.AR.ZS (tariff rate, applied, weighted mean, all products)",REAL
BDI,ANY,ALL,2020,11.31,True,OK,"World Bank WDI TM.TAX.MRCH.WM.AR.ZS (tariff rate, applied, weighted mean, all products)",REAL
BDI,ANY,ALL,2021,8.53,True,OK,"World Bank WDI TM.TAX.MRCH.WM.AR.ZS (tariff rate, applied, weighted mean, all products)",REAL
BDI,ANY,ALL,2022,8.96,True,OK,"World Bank WDI TM.TAX.MRCH.WM.AR.ZS (tariff rate, applied, weighted mean, all products)",REAL
BEL,ANY,ALL,2000,2.41,True,OK,"World Bank WDI TM.TAX.MRCH.WM.AR.ZS (tariff rate, applied, weighted mean, all products)",REAL
BEL,ANY,ALL,2001,3.37,True,OK,"World Bank WDI TM.TAX.MRCH.WM.AR.ZS (tariff rate, applied, weighted mean, all products)",REAL
BEL,ANY,ALL,2002,2.45,True,OK,"World Bank WDI TM.TAX.MRCH.WM.AR.ZS (tariff rate, applied, weighted mean, all products)",REAL
BEL,ANY,ALL,2003,2.52,True,OK,"World Bank WDI TM.TAX.MRCH.WM.AR.ZS (tariff rate, applied, weighted mean, all products)",REAL
BEL,ANY,ALL,2004,2.24,True,OK,"World Bank WDI TM.TAX.MRCH.WM.AR.ZS (tariff rate, applied, weighted mean, all products)",REAL
BEL,ANY,ALL,2005,2.46,True,OK,"World Bank WDI TM.TAX.MRCH.WM.AR.ZS (tariff rate, applied, weighted mean, all products)",REAL
BEL,ANY,ALL,2006,2.3,True,OK,"World Bank WDI TM.TAX.MRCH.WM.AR.ZS (tariff rate, applied, weighted mean, all products)",REAL
BEL,ANY,ALL,2007,2.24,True,OK,"World Bank WDI TM.TAX.MRCH.WM.AR.ZS (tariff rate, applied, weighted mean, all products)",REAL
BEL,ANY,ALL,2008,1.72,True,OK,"World Bank WDI TM.TAX.MRCH.WM.AR.ZS (tariff rate, applied, weighted mean, all products)",REAL
BEL,ANY,ALL,2009,1.85,True,OK,"World Bank WDI TM.TAX.MRCH.WM.AR.ZS (tariff rate, applied, weighted mean, all products)",REAL
BEL,ANY,ALL,2010,2.13,True,OK,"World Bank WDI TM.TAX.MRCH.WM.AR.ZS (tariff rate, applied, weighted mean, all products)",REAL
BEL,ANY,ALL,2011,1.59,True,OK,"World Bank WDI TM.TAX.MRCH.WM.AR.ZS (tariff rate, applied, weighted mean, all products)",REAL
BEL,ANY,ALL,2012,1.46,True,OK,"World Bank WDI TM.TAX.MRCH.WM.AR.ZS (tariff rate, applied, weighted mean, all products)",REAL
BEL,ANY,ALL,2013,1.49,True,OK,"World Bank WDI TM.TAX.MRCH.WM.AR.ZS (tariff rate, applied, weighted mean, all products)",REAL
BEL,ANY,ALL,2014,2.03,True,OK,"World Bank WDI TM.TAX.MRCH.WM.AR.ZS (tariff rate, applied, weighted mean, all products)",REAL
BEL,ANY,ALL,2015,2.02,True,OK,"World Bank WDI TM.TAX.MRCH.WM.AR.ZS (tariff rate, applied, weighted mean, all products)",REAL
BEL,ANY,ALL,2016,2.09,True,OK,"World Bank WDI TM.TAX.MRCH.WM.AR.ZS (tariff rate, applied, weighted mean, all products)",REAL
BEL,ANY,ALL,2017,1.96,True,OK,"World Bank WDI TM.TAX.MRCH.WM.AR.ZS (tariff rate, applied, weighted mean, all products)",REAL
BEL,ANY,ALL,2018,1.83,True,OK,"World Bank WDI TM.TAX.MRCH.WM.AR.ZS (tariff rate, applied, weighted mean, all products)",REAL
BEL,ANY,ALL,2019,1.84,True,OK,"World Bank WDI TM.TAX.MRCH.WM.AR.ZS (tariff rate, applied, weighted mean, all products)",REAL
BEL,ANY,ALL,2020,1.48,True,OK,"World Bank WDI TM.TAX.MRCH.WM.AR.ZS (tariff rate, applied, weighted mean, all products)",REAL
BEL,ANY,ALL,2021,1.39,True,OK,"World Bank WDI TM.TAX.MRCH.WM.AR.ZS (tariff rate, applied, weighted mean, all products)",REAL
BEL,ANY,ALL,2022,1.33,True,OK,"World Bank WDI TM.TAX.MRCH.WM.AR.ZS (tariff rate, applied, weighted mean, all products)",REAL
BEN,ANY,ALL,2001,12.62,True,OK,"World Bank WDI TM.TAX.MRCH.WM.AR.ZS (tariff rate, applied, weighted mean, all products)",REAL
BEN,ANY,ALL,2002,12.7,True,OK,"World Bank WDI TM.TAX.MRCH.WM.AR.ZS (tariff rate, applied, weighted mean, all products)",REAL
BEN,ANY,ALL,2003,12.69,True,OK,"World Bank WDI TM.TAX.MRCH.WM.AR.ZS (tariff rate, applied, weighted mean, all products)",REAL
BEN,ANY,ALL,2004,12.7,True,OK,"World Bank WDI TM.TAX.MRCH.WM.AR.ZS (tariff rate, applied, weighted mean, all products)",REAL
BEN,ANY,ALL,2005,12.68,True,OK,"World Bank WDI TM.TAX.MRCH.WM.AR.ZS (tariff rate, applied, weighted mean, all products)",REAL
BEN,ANY,ALL,2006,11.57,True,OK,"World Bank WDI TM.TAX.MRCH.WM.AR.ZS (tariff rate, applied, weighted mean, all products)",REAL
BEN,ANY,ALL,2007,11.03,True,OK,"World Bank WDI TM.TAX.MRCH.WM.AR.ZS (tariff rate, applied, weighted mean, all products)",REAL
BEN,ANY,ALL,2008,11.03,True,OK,"World Bank WDI TM.TAX.MRCH.WM.AR.ZS (tariff rate, applied, weighted mean, all products)",REAL
BEN,ANY,ALL,2009,11.03,True,OK,"World Bank WDI TM.TAX.MRCH.WM.AR.ZS (tariff rate, applied, weighted mean, all products)",REAL
BEN,ANY,ALL,2010,11.03,True,OK,"World Bank WDI TM.TAX.MRCH.WM.AR.ZS (tariff rate, applied, weighted mean, all products)",REAL
BEN,ANY,ALL,2011,11.15,True,OK,"World Bank WDI TM.TAX.MRCH.WM.AR.ZS (tariff rate, applied, weighted mean, all products)",REAL
BEN,ANY,ALL,2012,11.15,True,OK,"World Bank WDI TM.TAX.MRCH.WM.AR.ZS (tariff rate, applied, weighted mean, all products)",REAL
BEN,ANY,ALL,2013,11.15,True,OK,"World Bank WDI TM.TAX.MRCH.WM.AR.ZS (tariff rate, applied, weighted mean, all products)",REAL
BEN,ANY,ALL,2014,10.64,True,OK,"World Bank WDI TM.TAX.MRCH.WM.AR.ZS (tariff rate, applied, weighted mean, all products)",REAL
BEN,ANY,ALL,2015,11.81,True,OK,"World Bank WDI TM.TAX.MRCH.WM.AR.ZS (tariff rate, applied, weighted mean, all products)",REAL
BEN,ANY,ALL,2016,11.2,True,OK,"World Bank WDI TM.TAX.MRCH.WM.AR.ZS (tariff rate, applied, weighted mean, all products)",REAL
BEN,ANY,ALL,2017,17.84,True,OK,"World Bank WDI TM.TAX.MRCH.WM.AR.ZS (tariff rate, applied, weighted mean, all products)",REAL
BEN,ANY,ALL,2018,15.25,True,OK,"World Bank WDI TM.TAX.MRCH.WM.AR.ZS (tariff rate, applied, weighted mean, all products)",REAL
BEN,ANY,ALL,2019,9.86,True,OK,"World Bank WDI TM.TAX.MRCH.WM.AR.ZS (tariff rate, applied, weighted mean, all products)",REAL
BEN,ANY,ALL,2020,9.86,True,OK,"World Bank WDI TM.TAX.MRCH.WM.AR.ZS (tariff rate, applied, weighted mean, all products)",REAL
BEN,ANY,ALL,2021,10.89,True,OK,"World Bank WDI TM.TAX.MRCH.WM.AR.ZS (tariff rate, applied, weighted mean, all products)",REAL
BEN,ANY,ALL,2022,10.16,True,OK,"World Bank WDI TM.TAX.MRCH.WM.AR.ZS (tariff rate, applied, weighted mean, all products)",REAL
BFA,ANY,ALL,1993,5.0,True,OK,"World Bank WDI TM.TAX.MRCH.WM.AR.ZS (tariff rate, applied, weighted mean, all products)",REAL
BFA,ANY,ALL,2001,11.16,True,OK,"World Bank WDI TM.TAX.MRCH.WM.AR.ZS (tariff rate, applied, weighted mean, all products)",REAL
BFA,ANY,ALL,2002,11.45,True,OK,"World Bank WDI TM.TAX.MRCH.WM.AR.ZS (tariff rate, applied, weighted mean, all products)",REAL
BFA,ANY,ALL,2003,11.3,True,OK,"World Bank WDI TM.TAX.MRCH.WM.AR.ZS (tariff rate, applied, weighted mean, all products)",REAL
BFA,ANY,ALL,2004,11.38,True,OK,"World Bank WDI TM.TAX.MRCH.WM.AR.ZS (tariff rate, applied, weighted mean, all products)",REAL
BFA,ANY,ALL,2005,11.03,True,OK,"World Bank WDI TM.TAX.MRCH.WM.AR.ZS (tariff rate, applied, weighted mean, all products)",REAL
BFA,ANY,ALL,2006,8.73,True,OK,"World Bank WDI TM.TAX.MRCH.WM.AR.ZS (tariff rate, applied, weighted mean, all products)",REAL
BFA,ANY,ALL,2007,8.77,True,OK,"World Bank WDI TM.TAX.MRCH.WM.AR.ZS (tariff rate, applied, weighted mean, all products)",REAL
BFA,ANY,ALL,2008,8.77,True,OK,"World Bank WDI TM.TAX.MRCH.WM.AR.ZS (tariff rate, applied, weighted mean, all products)",REAL
BFA,ANY,ALL,2009,8.77,True,OK,"World Bank WDI TM.TAX.MRCH.WM.AR.ZS (tariff rate, applied, weighted mean, all products)",REAL
BFA,ANY,ALL,2010,8.7,True,OK,"World Bank WDI TM.TAX.MRCH.WM.AR.ZS (tariff rate, applied, weighted mean, all products)",REAL
BFA,ANY,ALL,2011,8.48,True,OK,"World Bank WDI TM.TAX.MRCH.WM.AR.ZS (tariff rate, applied, weighted mean, all products)",REAL
BFA,ANY,ALL,2012,8.42,True,OK,"World Bank WDI TM.TAX.MRCH.WM.AR.ZS (tariff rate, applied, weighted mean, all products)",REAL
BFA,ANY,ALL,2013,8.42,True,OK,"World Bank WDI TM.TAX.MRCH.WM.AR.ZS (tariff rate, applied, weighted mean, all products)",REAL
BFA,ANY,ALL,2014,7.92,True,OK,"World Bank WDI TM.TAX.MRCH.WM.AR.ZS (tariff rate, applied, weighted mean, all products)",REAL
BFA,ANY,ALL,2015,6.86,True,OK,"World Bank WDI TM.TAX.MRCH.WM.AR.ZS (tariff rate, applied, weighted mean, all products)",REAL
BFA,ANY,ALL,2016,6.93,True,OK,"World Bank WDI TM.TAX.MRCH.WM.AR.ZS (tariff rate, applied, weighted mean, all products)",REAL
BFA,ANY,ALL,2017,9.08,True,OK,"World Bank WDI TM.TAX.MRCH.WM.AR.ZS (tariff rate, applied, weighted mean, all products)",REAL
BFA,ANY,ALL,2018,7.79,True,OK,"World Bank WDI TM.TAX.MRCH.WM.AR.ZS (tariff rate, applied, weighted mean, all products)",REAL
BFA,ANY,ALL,2019,5.84,True,OK,"World Bank WDI TM.TAX.MRCH.WM.AR.ZS (tariff rate, applied, weighted mean, all products)",REAL
BFA,ANY,ALL,2020,7.15,True,OK,"World Bank WDI TM.TAX.MRCH.WM.AR.ZS (tariff rate, applied, weighted mean, all products)",REAL
BFA,ANY,ALL,2021,7.3,True,OK,"World Bank WDI TM.TAX.MRCH.WM.AR.ZS (tariff rate, applied, weighted mean, all products)",REAL
BFA,ANY,ALL,2022,7.25,True,OK,"World Bank WDI TM.TAX.MRCH.WM.AR.ZS (tariff rate, applied, weighted mean, all products)",REAL
BGD,ANY,ALL,1989,88.43,True,EXTREME_VALUE,"World Bank WDI TM.TAX.MRCH.WM.AR.ZS (tariff rate, applied, weighted mean, all products)",REAL
BGD,ANY,ALL,1994,77.19,True,EXTREME_VALUE;JUMP_GE_10PP,"World Bank WDI TM.TAX.MRCH.WM.AR.ZS (tariff rate, applied, weighted mean, all products)",REAL
BGD,ANY,ALL,1998,22.14,True,JUMP_GE_10PP,"World Bank WDI TM.TAX.MRCH.WM.AR.ZS (tariff rate, applied, weighted mean, all products)",REAL
BGD,ANY,ALL,1999,18.51,True,OK,"World Bank WDI TM.TAX.MRCH.WM.AR.ZS (tariff rate, applied, weighted mean, all products)",REAL
BGD,ANY,ALL,2000,18.1,True,OK,"World Bank WDI TM.TAX.MRCH.WM.AR.ZS (tariff rate, applied, weighted mean, all products)",REAL
BGD,ANY,ALL,2001,17.88,True,OK,"World Bank WDI TM.TAX.MRCH.WM.AR.ZS (tariff rate, applied, weighted mean, all products)",REAL
BGD,ANY,ALL,2002,18.31,True,OK,"World Bank WDI TM.TAX.MRCH.WM.AR.ZS (tariff rate, applied, weighted mean, all products)",REAL
BGD,ANY,ALL,2003,19.06,True,OK,"World Bank WDI TM.TAX.MRCH.WM.AR.ZS (tariff rate, applied, weighted mean, all products)",REAL
BGD,ANY,ALL,2004,15.8,True,OK,"World Bank WDI TM.TAX.MRCH.WM.AR.ZS (tariff rate, applied, weighted mean, all products)",REAL
BGD,ANY,ALL,2005,22.7,True,OK,"World Bank WDI TM.TAX.MRCH.WM.AR.ZS (tariff rate, applied, weighted mean, all products)",REAL
BGD,ANY,ALL,2006,21.62,True,OK,"World Bank WDI TM.TAX.MRCH.WM.AR.ZS (tariff rate, applied, weighted mean, all products)",REAL
BGD,ANY,ALL,2007,9.23,True,JUMP_GE_10PP,"World Bank WDI TM.TAX.MRCH.WM.AR.ZS (tariff rate, applied, weighted mean, all products)",REAL
BGD,ANY,ALL,2008,7.71,True,OK,"World Bank WDI TM.TAX.MRCH.WM.AR.ZS (tariff rate, applied, weighted mean, all products)",REAL
BGD,ANY,ALL,2009,10.71,True,OK,"World Bank WDI TM.TAX.MRCH.WM.AR.ZS (tariff rate, applied, weighted mean, all products)",REAL
BGD,ANY,ALL,2010,9.94,True,OK,"World Bank WDI TM.TAX.MRCH.WM.AR.ZS (tariff rate, applied, weighted mean, all products)",REAL
BGD,ANY,ALL,2011,9.63,True,OK,"World Bank WDI TM.TAX.MRCH.WM.AR.ZS (tariff rate, applied, weighted mean, all products)",REAL
BGD,ANY,ALL,2012,12.84,True,OK,"World Bank WDI TM.TAX.MRCH.WM.AR.ZS (tariff rate, applied, weighted mean, all products)",REAL
BGD,ANY,ALL,2013,12.09,True,OK,"World Bank WDI TM.TAX.MRCH.WM.AR.ZS (tariff rate, applied, weighted mean, all products)",REAL
BGD,ANY,ALL,2015,11.82,True,OK,"World Bank WDI TM.TAX.MRCH.WM.AR.ZS (tariff rate, applied, weighted mean, all products)",REAL
BGD,ANY,ALL,2016,10.72,True,OK,"World Bank WDI TM.TAX.MRCH.WM.AR.ZS (tariff rate, applied, weighted mean, all products)",REAL
BGD,ANY,ALL,2019,8.64,True,OK,"World Bank WDI TM.TAX.MRCH.WM.AR.ZS (tariff rate, applied, weighted mean, all products)",REAL
BGD,ANY,ALL,2020,10.99,True,OK,"World Bank WDI TM.TAX.MRCH.WM.AR.ZS (tariff rate, applied, weighted mean, all products)",REAL
BGD,ANY,ALL,2021,10.95,True,OK,"World Bank WDI TM.TAX.MRCH.WM.AR.ZS (tariff rate, applied, weighted mean, all products)",REAL
BGD,ANY,ALL,2022,10.56,True,OK,"World Bank WDI TM.TAX.MRCH.WM.AR.ZS (tariff rate, applied, weighted mean, all products)",REAL
BGR,ANY,ALL,1998,8.7,True,OK,"World Bank WDI TM.TAX.MRCH.WM.AR.ZS (tariff rate, applied, weighted mean, all products)",REAL
BGR,ANY,ALL,1999,5.74,True,OK,"World Bank WDI TM.TAX.MRCH.WM.AR.ZS (tariff rate, applied, weighted mean, all products)",REAL
BGR,ANY,ALL,2000,10.31,True,OK,"World Bank WDI TM.TAX.MRCH.WM.AR.ZS (tariff rate, applied, weighted mean, all products)",REAL
BGR,ANY,ALL,2001,5.6,True,OK,"World Bank WDI TM.TAX.MRCH.WM.AR.ZS (tariff rate, applied, weighted mean, all products)",REAL
BGR,ANY,ALL,2002,9.56,True,OK,"World Bank WDI TM.TAX.MRCH.WM.AR.ZS (tariff rate, applied, weighted mean, all products)",REAL
BGR,ANY,ALL,2003,9.67,True,OK,"World Bank WDI TM.TAX.MRCH.WM.AR.ZS (tariff rate, applied, weighted mean, all products)",REAL
BGR,ANY,ALL,2004,9.6,True,OK,"World Bank WDI TM.TAX.MRCH.WM.AR.ZS (tariff rate, applied, weighted mean, all products)",REAL
BGR,ANY,ALL,2005,9.12,True,OK,"World Bank WDI TM.TAX.MRCH.WM.AR.ZS (tariff rate, applied, weighted mean, all products)",REAL
BGR,ANY,ALL,2006,2.07,True,OK,"World Bank WDI TM.TAX.MRCH.WM.AR.ZS (tariff rate, applied, weighted mean, all products)",REAL
BGR,ANY,ALL,2007,2.24,True,OK,"World Bank WDI TM.TAX.MRCH.WM.AR.ZS (tariff rate, applied, weighted mean, all products)",REAL
BGR,ANY,ALL,2008,1.72,True,OK,"World Bank WDI TM.TAX.MRCH.WM.AR.ZS (tariff rate, applied, weighted mean, all products)",REAL
BGR,ANY,ALL,2009,1.85,True,OK,"World Bank WDI TM.TAX.MRCH.WM.AR.ZS (tariff rate, applied, weighted mean, all products)",REAL
BGR,ANY,ALL,2010,2.13,True,OK,"World Bank WDI TM.TAX.MRCH.WM.AR.ZS (tariff rate, applied, weighted mean, all products)",REAL
BGR,ANY,ALL,2011,1.59,True,OK,"World Bank WDI TM.TAX.MRCH.WM.AR.ZS (tariff rate, applied, weighted mean, all products)",REAL
BGR,ANY,ALL,2012,1.46,True,OK,"World Bank WDI TM.TAX.MRCH.WM.AR.ZS (tariff rate, applied, weighted mean, all products)",REAL
BGR,ANY,ALL,2013,1.49,True,OK,"World Bank WDI TM.TAX.MRCH.WM.AR.ZS (tariff rate, applied, weighted mean, all products)",REAL
BGR,ANY,ALL,2014,2.03,True,OK,"World Bank WDI TM.TAX.MRCH.WM.AR.ZS (tariff rate, applied, weighted mean, all products)",REAL
BGR,ANY,ALL,2015,2.02,True,OK,"World Bank WDI TM.TAX.MRCH.WM.AR.ZS (tariff rate, applied, weighted mean, all products)",REAL
BGR,ANY,ALL,2016,2.09,True,OK,"World Bank WDI TM.TAX.MRCH.WM.AR.ZS (tariff rate, applied, weighted mean, all products)",REAL
BGR,ANY,ALL,2017,1.96,True,OK,"World Bank WDI TM.TAX.MRCH.WM.AR.ZS (tariff rate, applied, weighted mean, all products)",REAL
BGR,ANY,ALL,2018,1.83,True,OK,"World Bank WDI TM.TAX.MRCH.WM.AR.ZS (tariff rate, applied, weighted mean, all products)",REAL
BGR,ANY,ALL,2019,1.84,True,OK,"World Bank WDI TM.TAX.MRCH.WM.AR.ZS (tariff rate, applied, weighted mean, all products)",REAL
BGR,ANY,ALL,2021,1.39,True,OK,"World Bank WDI TM.TAX.MRCH.WM.AR.ZS (tariff rate, applied, weighted mean, all products)",REAL
BGR,ANY,ALL,2022,1.33,True,OK,"World Bank WDI TM.TAX.MRCH.WM.AR.ZS (tariff rate, applied, weighted mean, all products)",REAL
BHR,ANY,ALL,1999,10.72,True,OK,"World Bank WDI TM.TAX.MRCH.WM.AR.ZS (tariff rate, applied, weighted mean, all products)",REAL
BHR,ANY,ALL,2000,10.36,True,OK,"World Bank WDI TM.TAX.MRCH.WM.AR.ZS (tariff rate, applied, weighted mean, all products)",REAL
BHR,ANY,ALL,2001,8.51,True,OK,"World Bank WDI TM.TAX.MRCH.WM.AR.ZS (tariff rate, applied, weighted mean, all products)",REAL
BHR,ANY,ALL,2002,5.79,True,OK,"World Bank WDI TM.TAX.MRCH.WM.AR.ZS (tariff rate, applied, weighted mean, all products)",REAL
BHR,ANY,ALL,2003,5.76,True,OK,"World Bank WDI TM.TAX.MRCH.WM.AR.ZS (tariff rate, applied, weighted mean, all products)",REAL
BHR,ANY,ALL,2004,5.77,True,OK,"World Bank WDI TM.TAX.MRCH.WM.AR.ZS (tariff rate, applied, weighted mean, all products)",REAL
BHR,ANY,ALL,2005,5.14,True,OK,"World Bank WDI TM.TAX.MRCH.WM.AR.ZS (tariff rate, applied, weighted mean, all products)",REAL
BHR,ANY,ALL,2006,4.96,True,OK,"World Bank WDI TM.TAX.MRCH.WM.AR.ZS (tariff rate, applied, weighted mean, all products)",REAL
BHR,ANY,ALL,2007,4.48,True,OK,"World Bank WDI TM.TAX.MRCH.WM.AR.ZS (tariff rate, applied, weighted mean, all products)",REAL
BHR,ANY,ALL,2008,4.23,True,OK,"World Bank WDI TM.TAX.MRCH.WM.AR.ZS (tariff rate, applied, weighted mean, all products)",REAL
BHR,ANY,ALL,2009,4.61,True,OK,"World Bank WDI TM.TAX.MRCH.WM.AR.ZS (tariff rate, applied, weighted mean, all products)",REAL
BHR,ANY,ALL,2010,5.15,True,OK,"World Bank WDI TM.TAX.MRCH.WM.AR.ZS (tariff rate, applied, weighted mean, all products)",REAL
BHR,ANY,ALL,2011,3.15,True,OK,"World Bank WDI TM.TAX.MRCH.WM.AR.ZS (tariff rate, applied, weighted mean, all products)",REAL
BHR,ANY,ALL,2012,3.15,True,OK,"World Bank WDI TM.TAX.MRCH.WM.AR.ZS (tariff rate, applied, weighted mean, all products)",REAL
BHR,ANY,ALL,2013,3.76,True,OK,"World Bank WDI TM.TAX.MRCH.WM.AR.ZS (tariff rate, applied, weighted mean, all products)",REAL
BHR,ANY,ALL,2014,2.93,True,OK,"World Bank WDI TM.TAX.MRCH.WM.AR.ZS (tariff rate, applied, weighted mean, all products)",REAL
BHR,ANY,ALL,2015,3.3,True,OK,"World Bank WDI TM.TAX.MRCH.WM.AR.ZS (tariff rate, applied, weighted mean, all products)",REAL
BHR,ANY,ALL,2016,3.13,True,OK,"World Bank WDI TM.TAX.MRCH.WM.AR.ZS (tariff rate, applied, weighted mean, all products)",REAL
BHR,ANY,ALL,2017,7.83,True,OK,"World Bank WDI TM.TAX.MRCH.WM.AR.ZS (tariff rate, applied, weighted mean, all products)",REAL
BHR,ANY,ALL,2018,4.28,True,OK,"World Bank WDI TM.TAX.MRCH.WM.AR.ZS (tariff rate, applied, weighted mean, all products)",REAL
BHR,ANY,ALL,2019,3.5,True,OK,"World Bank WDI TM.TAX.MRCH.WM.AR.ZS (tariff rate, applied, weighted mean, all products)",REAL
BHR,ANY,ALL,2020,2.02,True,OK,"World Bank WDI TM.TAX.MRCH.WM.AR.ZS (tariff rate, applied, weighted mean, all products)",REAL
BHR,ANY,ALL,2021,2.09,True,OK,"World Bank WDI TM.TAX.MRCH.WM.AR.ZS (tariff rate, applied, weighted mean, all products)",REAL
BHR,ANY,ALL,2022,3.66,True,OK,"World Bank WDI TM.TAX.MRCH.WM.AR.ZS (tariff rate, applied, weighted mean, all products)",REAL
BHS,ANY,ALL,1999,28.58,True,OK,"World Bank WDI TM.TAX.MRCH.WM.AR.ZS (tariff rate, applied, weighted mean, all products)",REAL
BHS,ANY,ALL,2002,25.02,True,OK,"World Bank WDI TM.TAX.MRCH.WM.AR.ZS (tariff rate, applied, weighted mean, all products)",REAL
BHS,ANY,ALL,2006,23.88,True,OK,"World Bank WDI TM.TAX.MRCH.WM.AR.ZS (tariff rate, applied, weighted mean, all products)",REAL
BHS,ANY,ALL,2010,20.22,True,OK,"World Bank WDI TM.TAX.MRCH.WM.AR.ZS (tariff rate, applied, weighted mean, all products)",REAL
BHS,ANY,ALL,2011,19.46,True,OK,"World Bank WDI TM.TAX.MRCH.WM.AR.ZS (tariff rate, applied, weighted mean, all products)",REAL
BHS,ANY,ALL,2013,19.78,True,OK,"World Bank WDI TM.TAX.MRCH.WM.AR.ZS (tariff rate, applied, weighted mean, all products)",REAL
BHS,ANY,ALL,2014,19.71,True,OK,"World Bank WDI TM.TAX.MRCH.WM.AR.ZS (tariff rate, applied, weighted mean, all products)",REAL
BHS,ANY,ALL,2015,18.66,True,OK,"World Bank WDI TM.TAX.MRCH.WM.AR.ZS (tariff rate, applied, weighted mean, all products)",REAL
BHS,ANY,ALL,2016,18.56,True,OK,"World Bank WDI TM.TAX.MRCH.WM.AR.ZS (tariff rate, applied, weighted mean, all products)",REAL
BHS,ANY,ALL,2018,17.05,True,OK,"World Bank WDI TM.TAX.MRCH.WM.AR.ZS (tariff rate, applied, weighted mean, all products)",REAL
BHS,ANY,ALL,2022,16.34,True,OK,"World Bank WDI TM.TAX.MRCH.WM.AR.ZS (tariff rate, applied, weighted mean, all products)",REAL
BIH,ANY,ALL,2001,5.07,True,OK,"World Bank WDI TM.TAX.MRCH.WM.AR.ZS (tariff rate, applied, weighted mean, all products)",REAL
BIH,ANY,ALL,2006,8.88,True,OK,"World Bank WDI TM.TAX.MRCH.WM.AR.ZS (tariff rate, applied, weighted mean, all products)",REAL
BIH,ANY,ALL,2007,6.36,True,OK,"World Bank WDI TM.TAX.MRCH.WM.AR.ZS (tariff rate, applied, weighted mean, all products)",REAL
BIH,ANY,ALL,2008,5.96,True,OK,"World Bank WDI TM.TAX.MRCH.WM.AR.ZS (tariff rate, applied, weighted mean, all products)",REAL
BIH,ANY,ALL,2009,3.65,True,OK,"World Bank WDI TM.TAX.MRCH.WM.AR.ZS (tariff rate, applied, weighted mean, all products)",REAL
BIH,ANY,ALL,2010,3.04,True,OK,"World Bank WDI TM.TAX.MRCH.WM.AR.ZS (tariff rate, applied, weighted mean, all products)",REAL
BIH,ANY,ALL,2011,2.56,True,OK,"World Bank WDI TM.TAX.MRCH.WM.AR.ZS (tariff rate, applied, weighted mean, all products)",REAL
BIH,ANY,ALL,2012,2.42,True,OK,"World Bank WDI TM.TAX.MRCH.WM.AR.ZS (tariff rate, applied, weighted mean, all products)",REAL
BIH,ANY,ALL,2013,2.39,True,OK,"World Bank WDI TM.TAX.MRCH.WM.AR.ZS (tariff rate, applied, weighted mean, all products)",REAL
BIH,ANY,ALL,2014,2.58,True,OK,"World Bank WDI TM.TAX.MRCH.WM.AR.ZS (tariff rate, applied, weighted mean, all products)",REAL
BIH,ANY,ALL,2015,1.22,True,OK,"World Bank WDI TM.TAX.MRCH.WM.AR.ZS (tariff rate, applied, weighted mean, all products)",REAL
BIH,ANY,ALL,2016,1.23,True,OK,"World Bank WDI TM.TAX.MRCH.WM.AR.ZS (tariff rate, applied, weighted mean, all products)",REAL
BIH,ANY,ALL,2017,2.53,True,OK,"World Bank WDI TM.TAX.MRCH.WM.AR.ZS (tariff rate, applied, weighted mean, all products)",REAL
BIH,ANY,ALL,2018,2.76,True,OK,"World Bank WDI TM.TAX.MRCH.WM.AR.ZS (tariff rate, applied, weighted mean, all products)",REAL
BIH,ANY,ALL,2019,17.89,True,JUMP_GE_10PP,"World Bank WDI TM.TAX.MRCH.WM.AR.ZS (tariff rate, applied, weighted mean, all products)",REAL
BIH,ANY,ALL,2020,2.86,True,JUMP_GE_10PP,"World Bank WDI TM.TAX.MRCH.WM.AR.ZS (tariff rate, applied, weighted mean, all products)",REAL
BIH,ANY,ALL,2021,2.8,True,OK,"World Bank WDI TM.TAX.MRCH.WM.AR.ZS (tariff rate, applied, weighted mean, all products)",REAL
BIH,ANY,ALL,2022,4.04,True,OK,"World Bank WDI TM.TAX.MRCH.WM.AR.ZS (tariff rate, applied, weighted mean, all products)",REAL
BLR,ANY,ALL,1996,8.85,True,OK,"World Bank WDI TM.TAX.MRCH.WM.AR.ZS (tariff rate, applied, weighted mean, all products)",REAL
BLR,ANY,ALL,1997,9.5,True,OK,"World Bank WDI TM.TAX.MRCH.WM.AR.ZS (tariff rate, applied, weighted mean, all products)",REAL
BLR,ANY,ALL,2000,7.63,True,OK,"World Bank WDI TM.TAX.MRCH.WM.AR.ZS (tariff rate, applied, weighted mean, all products)",REAL
BLR,ANY,ALL,2001,7.91,True,OK,"World Bank WDI TM.TAX.MRCH.WM.AR.ZS (tariff rate, applied, weighted mean, all products)",REAL
BLR,ANY,ALL,2002,8.8,True,OK,"World Bank WDI TM.TAX.MRCH.WM.AR.ZS (tariff rate, applied, weighted mean, all products)",REAL
BLR,ANY,ALL,2008,2.75,True,OK,"World Bank WDI TM.TAX.MRCH.WM.AR.ZS (tariff rate, applied, weighted mean, all products)",REAL
BLR,ANY,ALL,2009,2.79,True,OK,"World Bank WDI TM.TAX.MRCH.WM.AR.ZS (tariff rate, applied, weighted mean, all products)",REAL
BLR,ANY,ALL,2010,2.63,True,OK,"World Bank WDI TM.TAX.MRCH.WM.AR.ZS (tariff rate, applied, weighted mean, all products)",REAL
BLR,ANY,ALL,2011,2.34,True,OK,"World Bank WDI TM.TAX.MRCH.WM.AR.ZS (tariff rate, applied, weighted mean, all products)",REAL
BLR,ANY,ALL,2012,2.47,True,OK,"World Bank WDI TM.TAX.MRCH.WM.AR.ZS (tariff rate, applied, weighted mean, all products)",REAL
BLR,ANY,ALL,2013,2.96,True,OK,"World Bank WDI TM.TAX.MRCH.WM.AR.ZS (tariff rate, applied, weighted mean, all products)",REAL
BLR,ANY,ALL,2014,2.39,True,OK,"World Bank WDI TM.TAX.MRCH.WM.AR.ZS (tariff rate, applied, weighted mean, all products)",REAL
BLR,ANY,ALL,2015,1.97,True,OK,"World Bank WDI TM.TAX.MRCH.WM.AR.ZS (tariff rate, applied, weighted mean, all products)",REAL
BLR,ANY,ALL,2016,1.82,True,OK,"World Bank WDI TM.TAX.MRCH.WM.AR.ZS (tariff rate, applied, weighted mean, all products)",REAL
BLR,ANY,ALL,2017,1.51,True,OK,"World Bank WDI TM.TAX.MRCH.WM.AR.ZS (tariff rate, applied, weighted mean, all products)",REAL
BLR,ANY,ALL,2018,1.65,True,OK,"World Bank WDI TM.TAX.MRCH.WM.AR.ZS (tariff rate, applied, weighted mean, all products)",REAL
BLR,ANY,ALL,2019,2.82,True,OK,"World Bank WDI TM.TAX.MRCH.WM.AR.ZS (tariff rate, applied, weighted mean, all products)",REAL
BLR,ANY,ALL,2020,1.76,True,OK,"World Bank WDI TM.TAX.MRCH.WM.AR.ZS (tariff rate, applied, weighted mean, all products)",REAL
BLR,ANY,ALL,2021,2.27,True,OK,"World Bank WDI TM.TAX.MRCH.WM.AR.ZS (tariff rate, applied, weighted mean, all products)",REAL
BLZ,ANY,ALL,1996,15.63,True,OK,"World Bank WDI TM.TAX.MRCH.WM.AR.ZS (tariff rate, applied, weighted mean, all products)",REAL
BLZ,ANY,ALL,1999,11.19,True,OK,"World Bank WDI TM.TAX.MRCH.WM.AR.ZS (tariff rate, applied, weighted mean, all products)",REAL
BLZ,ANY,ALL,2001,10.72,True,OK,"World Bank WDI TM.TAX.MRCH.WM.AR.ZS (tariff rate, applied, weighted mean, all products)",REAL
BLZ,ANY,ALL,2002,11.65,True,OK,"World Bank WDI TM.TAX.MRCH.WM.AR.ZS (tariff rate, applied, weighted mean, all products)",REAL
BLZ,ANY,ALL,2003,11.35,True,OK,"World Bank WDI TM.TAX.MRCH.WM.AR.ZS (tariff rate, applied, weighted mean, all products)",REAL
BLZ,ANY,ALL,2006,9.57,True,OK,"World Bank WDI TM.TAX.MRCH.WM.AR.ZS (tariff rate, applied, weighted mean, all products)",REAL
BLZ,ANY,ALL,2007,9.27,True,OK,"World Bank WDI TM.TAX.MRCH.WM.AR.ZS (tariff rate, applied, weighted mean, all products)",REAL
BLZ,ANY,ALL,2008,8.96,True,OK,"World Bank WDI TM.TAX.MRCH.WM.AR.ZS (tariff rate, applied, weighted mean, all products)",REAL
BLZ,ANY,ALL,2009,11.68,True,OK,"World Bank WDI TM.TAX.MRCH.WM.AR.ZS (tariff rate, applied, weighted mean, all products)",REAL
BLZ,ANY,ALL,2010,11.73,True,OK,"World Bank WDI TM.TAX.MRCH.WM.AR.ZS (tariff rate, applied, weighted mean, all products)",REAL
BLZ,ANY,ALL,2011,8.47,True,OK,"World Bank WDI TM.TAX.MRCH.WM.AR.ZS (tariff rate, applied, weighted mean, all products)",REAL
BLZ,ANY,ALL,2012,8.16,True,OK,"World Bank WDI TM.TAX.MRCH.WM.AR.ZS (tariff rate, applied, weighted mean, all products)",REAL
BLZ,ANY,ALL,2013,10.05,True,OK,"World Bank WDI TM.TAX.MRCH.WM.AR.ZS (tariff rate, applied, weighted mean, all products)",REAL
BLZ,ANY,ALL,2014,10.05,True,OK,"World Bank WDI TM.TAX.MRCH.WM.AR.ZS (tariff rate, applied, weighted mean, all products)",REAL
BLZ,ANY,ALL,2015,10.04,True,OK,"World Bank WDI TM.TAX.MRCH.WM.AR.ZS (tariff rate, applied, weighted mean, all products)",REAL
BLZ,ANY,ALL,2016,10.52,True,OK,"World Bank WDI TM.TAX.MRCH.WM.AR.ZS (tariff rate, applied, weighted mean, all products)",REAL
BLZ,ANY,ALL,2017,10.39,True,OK,"World Bank WDI TM.TAX.MRCH.WM.AR.ZS (tariff rate, applied, weighted mean, all products)",REAL
BLZ,ANY,ALL,2018,11.08,True,OK,"World Bank WDI TM.TAX.MRCH.WM.AR.ZS (tariff rate, applied, weighted mean, all products)",REAL
BLZ,ANY,ALL,2019,11.17,True,OK,"World Bank WDI TM.TAX.MRCH.WM.AR.ZS (tariff rate, applied, weighted mean, all products)",REAL
BLZ,ANY,ALL,2020,18.69,True,OK,"World Bank WDI TM.TAX.MRCH.WM.AR.ZS (tariff rate, applied, weighted mean, all products)",REAL
BLZ,ANY,ALL,2021,17.79,True,OK,"World Bank WDI TM.TAX.MRCH.WM.AR.ZS (tariff rate, applied, weighted mean, all products)",REAL
BLZ,ANY,ALL,2022,18.05,True,OK,"World Bank WDI TM.TAX.MRCH.WM.AR.ZS (tariff rate, applied, weighted mean, all products)",REAL
BMU,ANY,ALL,2007,18.75,True,OK,"World Bank WDI TM.TAX.MRCH.WM.AR.ZS (tariff rate, applied, weighted mean, all products)",REAL
BMU,ANY,ALL,2008,18.98,True,OK,"World Bank WDI TM.TAX.MRCH.WM.AR.ZS (tariff rate, applied, weighted mean, all products)",REAL
BMU,ANY,ALL,2009,18.68,True,OK,"World Bank WDI TM.TAX.MRCH.WM.AR.ZS (tariff rate, applied, weighted mean, all products)",REAL
BMU,ANY,ALL,2010,18.61,True,OK,"World Bank WDI TM.TAX.MRCH.WM.AR.ZS (tariff rate, applied, weighted mean, all products)",REAL
BMU,ANY,ALL,2011,17.06,True,OK,"World Bank WDI TM.TAX.MRCH.WM.AR.ZS (tariff rate, applied, weighted mean, all products)",REAL
BMU,ANY,ALL,2012,17.44,True,OK,"World Bank WDI TM.TAX.MRCH.WM.AR.ZS (tariff rate, applied, weighted mean, all products)",REAL
BMU,ANY,ALL,2013,17.23,True,OK,"World Bank WDI TM.TAX.MRCH.WM.AR.ZS (tariff rate, applied, weighted mean, all products)",REAL
BMU,ANY,ALL,2014,15.27,True,OK,"World Bank WDI TM.TAX.MRCH.WM.AR.ZS (tariff rate, applied, weighted mean, all products)",REAL
BMU,ANY,ALL,2015,18.67,True,OK,"World Bank WDI TM.TAX.MRCH.WM.AR.ZS (tariff rate, applied, weighted mean, all products)",REAL
BMU,ANY,ALL,2016,18.73,True,OK,"World Bank WDI TM.TAX.MRCH.WM.AR.ZS (tariff rate, applied, weighted mean, all products)",REAL
BMU,ANY,ALL,2017,20.85,True,OK,"World Bank WDI TM.TAX.MRCH.WM.AR.ZS (tariff rate, applied, weighted mean, all products)",REAL
BMU,ANY,ALL,2018,27.59,True,OK,"World Bank WDI TM.TAX.MRCH.WM.AR.ZS (tariff rate, applied, weighted mean, all products)",REAL
BMU,ANY,ALL,2019,103.17,True,EXTREME_VALUE;JUMP_GE_10PP,"World Bank WDI TM.TAX.MRCH.WM.AR.ZS (tariff rate, applied, weighted mean, all products)",REAL
BMU,ANY,ALL,2020,24.07,True,JUMP_GE_10PP,"World Bank WDI TM.TAX.MRCH.WM.AR.ZS (tariff rate, applied, weighted mean, all products)",REAL
BMU,ANY,ALL,2021,23.84,True,OK,"World Bank WDI TM.TAX.MRCH.WM.AR.ZS (tariff rate, applied, weighted mean, all products)",REAL
BMU,ANY,ALL,2022,29.52,True,OK,"World Bank WDI TM.TAX.MRCH.WM.AR.ZS (tariff rate, applied, weighted mean, all products)",REAL
BOL,ANY,ALL,1993,9.44,True,OK,"World Bank WDI TM.TAX.MRCH.WM.AR.ZS (tariff rate, applied, weighted mean, all products)",REAL
BOL,ANY,ALL,1994,9.95,True,OK,"World Bank WDI TM.TAX.MRCH.WM.AR.ZS (tariff rate, applied, weighted mean, all products)",REAL
BOL,ANY,ALL,1995,9.49,True,OK,"World Bank WDI TM.TAX.MRCH.WM.AR.ZS (tariff rate, applied, weighted mean, all products)",REAL
BOL,ANY,ALL,1996,9.31,True,OK,"World Bank WDI TM.TAX.MRCH.WM.AR.ZS (tariff rate, applied, weighted mean, all products)",REAL
BOL,ANY,ALL,1997,9.31,True,OK,"World Bank WDI TM.TAX.MRCH.WM.AR.ZS (tariff rate, applied, weighted mean, all products)",REAL
BOL,ANY,ALL,1998,9.04,True,OK,"World Bank WDI TM.TAX.MRCH.WM.AR.ZS (tariff rate, applied, weighted mean, all products)",REAL
BOL,ANY,ALL,1999,9.06,True,OK,"World Bank WDI TM.TAX.MRCH.WM.AR.ZS (tariff rate, applied, weighted mean, all products)",REAL
BOL,ANY,ALL,2000,8.46,True,OK,"World Bank WDI TM.TAX.MRCH.WM.AR.ZS (tariff rate, applied, weighted mean, all products)",REAL
BOL,ANY,ALL,2001,8.71,True,OK,"World Bank WDI TM.TAX.MRCH.WM.AR.ZS (tariff rate, applied, weighted mean, all products)",REAL
BOL,ANY,ALL,2002,9.25,True,OK,"World Bank WDI TM.TAX.MRCH.WM.AR.ZS (tariff rate, applied, weighted mean, all products)",REAL
BOL,ANY,ALL,2003,8.56,True,OK,"World Bank WDI TM.TAX.MRCH.WM.AR.ZS (tariff rate, applied, weighted mean, all products)",REAL
BOL,ANY,ALL,2004,5.48,True,OK,"World Bank WDI TM.TAX.MRCH.WM.AR.ZS (tariff rate, applied, weighted mean, all products)",REAL
BOL,ANY,ALL,2005,5.57,True,OK,"World Bank WDI TM.TAX.MRCH.WM.AR.ZS (tariff rate, applied, weighted mean, all products)",REAL
BOL,ANY,ALL,2006,4.17,True,OK,"World Bank WDI TM.TAX.MRCH.WM.AR.ZS (tariff rate, applied, weighted mean, all products)",REAL
BOL,ANY,ALL,2007,4.33,True,OK,"World Bank WDI TM.TAX.MRCH.WM.AR.ZS (tariff rate, applied, weighted mean, all products)",REAL
BOL,ANY,ALL,2008,4.04,True,OK,"World Bank WDI TM.TAX.MRCH.WM.AR.ZS (tariff rate, applied, weighted mean, all products)",REAL
BOL,ANY,ALL,2009,3.79,True,OK,"World Bank WDI TM.TAX.MRCH.WM.AR.ZS (tariff rate, applied, weighted mean, all products)",REAL
BOL,ANY,ALL,2010,5.57,True,OK,"World Bank WDI TM.TAX.MRCH.WM.AR.ZS (tariff rate, applied, weighted mean, all products)",REAL
BOL,ANY,ALL,2011,4.05,True,OK,"World Bank WDI TM.TAX.MRCH.WM.AR.ZS (tariff rate, applied, weighted mean, all products)",REAL
BOL,ANY,ALL,2012,3.86,True,OK,"World Bank WDI TM.TAX.MRCH.WM.AR.ZS (tariff rate, applied, weighted mean, all products)",REAL
BOL,ANY,ALL,2013,4.23,True,OK,"World Bank WDI TM.TAX.MRCH.WM.AR.ZS (tariff rate, applied, weighted mean, all products)",REAL
BOL,ANY,ALL,2014,4.49,True,OK,"World Bank WDI TM.TAX.MRCH.WM.AR.ZS (tariff rate, applied, weighted mean, all products)",REAL
BOL,ANY,ALL,2015,4.75,True,OK,"World Bank WDI TM.TAX.MRCH.WM.AR.ZS (tariff rate, applied, weighted mean, all products)",REAL
BOL,ANY,ALL,2016,4.75,True,OK,"World Bank WDI TM.TAX.MRCH.WM.AR.ZS (tariff rate, applied, weighted mean, all products)",REAL
BOL,ANY,ALL,2017,6.1,True,OK,"World Bank WDI TM.TAX.MRCH.WM.AR.ZS (tariff rate, applied, weighted mean, all products)",REAL
BOL,ANY,ALL,2018,4.73,True,OK,"World Bank WDI TM.TAX.MRCH.WM.AR.ZS (tariff rate, applied, weighted mean, all products)",REAL
BOL,ANY,ALL,2019,4.73,True,OK,"World Bank WDI TM.TAX.MRCH.WM.AR.ZS (tariff rate, applied, weighted mean, all products)",REAL
BOL,ANY,ALL,2020,5.18,True,OK,"World Bank WDI TM.TAX.MRCH.WM.AR.ZS (tariff rate, applied, weighted mean, all products)",REAL
BOL,ANY,ALL,2021,5.12,True,OK,"World Bank WDI TM.TAX.MRCH.WM.AR.ZS (tariff rate, applied, weighted mean, all products)",REAL
BOL,ANY,ALL,2022,5.08,True,OK,"World Bank WDI TM.TAX.MRCH.WM.AR.ZS (tariff rate, applied, weighted mean, all products)",REAL
BRA,ANY,ALL,1989,31.92,True,OK,"World Bank WDI TM.TAX.MRCH.WM.AR.ZS (tariff rate, applied, weighted mean, all products)",REAL
BRA,ANY,ALL,1990,18.95,True,JUMP_GE_10PP,"World Bank WDI TM.TAX.MRCH.WM.AR.ZS (tariff rate, applied, weighted mean, all products)",REAL
BRA,ANY,ALL,1991,16.54,True,OK,"World Bank WDI TM.TAX.MRCH.WM.AR.ZS (tariff rate, applied, weighted mean, all products)",REAL
BRA,ANY,ALL,1992,15.71,True,OK,"World Bank WDI TM.TAX.MRCH.WM.AR.ZS (tariff rate, applied, weighted mean, all products)",REAL
BRA,ANY,ALL,1993,13.02,True,OK,"World Bank WDI TM.TAX.MRCH.WM.AR.ZS (tariff rate, applied, weighted mean, all products)",REAL
BRA,ANY,ALL,1994,13.26,True,OK,"World Bank WDI TM.TAX.MRCH.WM.AR.ZS (tariff rate, applied, weighted mean, all products)",REAL
BRA,ANY,ALL,1995,10.97,True,OK,"World Bank WDI TM.TAX.MRCH.WM.AR.ZS (tariff rate, applied, weighted mean, all products)",REAL
BRA,ANY,ALL,1996,14.83,True,OK,"World Bank WDI TM.TAX.MRCH.WM.AR.ZS (tariff rate, applied, weighted mean, all products)",REAL
BRA,ANY,ALL,1997,14.0,True,OK,"World Bank WDI TM.TAX.MRCH.WM.AR.ZS (tariff rate, applied, weighted mean, all products)",REAL
BRA,ANY,ALL,1998,15.94,True,OK,"World Bank WDI TM.TAX.MRCH.WM.AR.ZS (tariff rate, applied, weighted mean, all products)",REAL
BRA,ANY,ALL,1999,12.31,True,OK,"World Bank WDI TM.TAX.MRCH.WM.AR.ZS (tariff rate, applied, weighted mean, all products)",REAL
BRA,ANY,ALL,2000,12.69,True,OK,"World Bank WDI TM.TAX.MRCH.WM.AR.ZS (tariff rate, applied, weighted mean, all products)",REAL
BRA,ANY,ALL,2001,10.47,True,OK,"World Bank WDI TM.TAX.MRCH.WM.AR.ZS (tariff rate, applied, weighted mean, all products)",REAL
BRA,ANY,ALL,2002,10.01,True,OK,"World Bank WDI TM.TAX.MRCH.WM.AR.ZS (tariff rate, applied, weighted mean, all products)",REAL
BRA,ANY,ALL,2003,9.53,True,OK,"World Bank WDI TM.TAX.MRCH.WM.AR.ZS (tariff rate, applied, weighted mean, all products)",REAL
BRA,ANY,ALL,2004,7.67,True,OK,"World Bank WDI TM.TAX.MRCH.WM.AR.ZS (tariff rate, applied, weighted mean, all products)",REAL
BRA,ANY,ALL,2005,7.17,True,OK,"World Bank WDI TM.TAX.MRCH.WM.AR.ZS (tariff rate, applied, weighted mean, all products)",REAL
BRA,ANY,ALL,2006,6.7,True,OK,"World Bank WDI TM.TAX.MRCH.WM.AR.ZS (tariff rate, applied, weighted mean, all products)",REAL
BRA,ANY,ALL,2007,6.77,True,OK,"World Bank WDI TM.TAX.MRCH.WM.AR.ZS (tariff rate, applied, weighted mean, all products)",REAL
BRA,ANY,ALL,2008,6.74,True,OK,"World Bank WDI TM.TAX.MRCH.WM.AR.ZS (tariff rate, applied, weighted mean, all products)",REAL
BRA,ANY,ALL,2009,7.59,True,OK,"World Bank WDI TM.TAX.MRCH.WM.AR.ZS (tariff rate, applied, weighted mean, all products)",REAL
BRA,ANY,ALL,2010,7.76,True,OK,"World Bank WDI TM.TAX.MRCH.WM.AR.ZS (tariff rate, applied, weighted mean, all products)",REAL
BRA,ANY,ALL,2011,7.84,True,OK,"World Bank WDI TM.TAX.MRCH.WM.AR.ZS (tariff rate, applied, weighted mean, all products)",REAL
BRA,ANY,ALL,2012,7.76,True,OK,"World Bank WDI TM.TAX.MRCH.WM.AR.ZS (tariff rate, applied, weighted mean, all products)",REAL
BRA,ANY,ALL,2013,10.08,True,OK,"World Bank WDI TM.TAX.MRCH.WM.AR.ZS (tariff rate, applied, weighted mean, all products)",REAL
BRA,ANY,ALL,2014,7.79,True,OK,"World Bank WDI TM.TAX.MRCH.WM.AR.ZS (tariff rate, applied, weighted mean, all products)",REAL
BRA,ANY,ALL,2015,8.27,True,OK,"World Bank WDI TM.TAX.MRCH.WM.AR.ZS (tariff rate, applied, weighted mean, all products)",REAL
BRA,ANY,ALL,2016,8.01,True,OK,"World Bank WDI TM.TAX.MRCH.WM.AR.ZS (tariff rate, applied, weighted mean, all products)",REAL
BRA,ANY,ALL,2017,8.59,True,OK,"World Bank WDI TM.TAX.MRCH.WM.AR.ZS (tariff rate, applied, weighted mean, all products)",REAL
BRA,ANY,ALL,2018,7.95,True,OK,"World Bank WDI TM.TAX.MRCH.WM.AR.ZS (tariff rate, applied, weighted mean, all products)",REAL
BRA,ANY,ALL,2019,7.97,True,OK,"World Bank WDI TM.TAX.MRCH.WM.AR.ZS (tariff rate, applied, weighted mean, all products)",REAL
BRA,ANY,ALL,2020,8.41,True,OK,"World Bank WDI TM.TAX.MRCH.WM.AR.ZS (tariff rate, applied, weighted mean, all products)",REAL
BRA,ANY,ALL,2021,7.76,True,OK,"World Bank WDI TM.TAX.MRCH.WM.AR.ZS (tariff rate, applied, weighted mean, all products)",REAL
BRA,ANY,ALL,2022,7.26,True,OK,"World Bank WDI TM.TAX.MRCH.WM.AR.ZS (tariff rate, applied, weighted mean, all products)",REAL
BRB,ANY,ALL,1996,22.93,True,OK,"World Bank WDI TM.TAX.MRCH.WM.AR.ZS (tariff rate, applied, weighted mean, all products)",REAL
BRB,ANY,ALL,1999,22.77,True,OK,"World Bank WDI TM.TAX.MRCH.WM.AR.ZS (tariff rate, applied, weighted mean, all products)",REAL
BRB,ANY,ALL,2000,21.01,True,OK,"World Bank WDI TM.TAX.MRCH.WM.AR.ZS (tariff rate, applied, weighted mean, all products)",REAL
BRB,ANY,ALL,2001,20.34,True,OK,"World Bank WDI TM.TAX.MRCH.WM.AR.ZS (tariff rate, applied, weighted mean, all products)",REAL
BRB,ANY,ALL,2002,20.78,True,OK,"World Bank WDI TM.TAX.MRCH.WM.AR.ZS (tariff rate, applied, weighted mean, all products)",REAL
BRB,ANY,ALL,2003,21.45,True,OK,"World Bank WDI TM.TAX.MRCH.WM.AR.ZS (tariff rate, applied, weighted mean, all products)",REAL
BRB,ANY,ALL,2004,15.48,True,OK,"World Bank WDI TM.TAX.MRCH.WM.AR.ZS (tariff rate, applied, weighted mean, all products)",REAL
BRB,ANY,ALL,2006,12.66,True,OK,"World Bank WDI TM.TAX.MRCH.WM.AR.ZS (tariff rate, applied, weighted mean, all products)",REAL
BRB,ANY,ALL,2007,14.79,True,OK,"World Bank WDI TM.TAX.MRCH.WM.AR.ZS (tariff rate, applied, weighted mean, all products)",REAL
BRB,ANY,ALL,2010,15.77,True,OK,"World Bank WDI TM.TAX.MRCH.WM.AR.ZS (tariff rate, applied, weighted mean, all products)",REAL
BRB,ANY,ALL,2011,13.15,True,OK,"World Bank WDI TM.TAX.MRCH.WM.AR.ZS (tariff rate, applied, weighted mean, all products)",REAL
BRB,ANY,ALL,2012,8.42,True,OK,"World Bank WDI TM.TAX.MRCH.WM.AR.ZS (tariff rate, applied, weighted mean, all products)",REAL
BRB,ANY,ALL,2013,14.21,True,OK,"World Bank WDI TM.TAX.MRCH.WM.AR.ZS (tariff rate, applied, weighted mean, all products)",REAL
BRB,ANY,ALL,2020,11.82,True,OK,"World Bank WDI TM.TAX.MRCH.WM.AR.ZS (tariff rate, applied, weighted mean, all products)",REAL
BRB,ANY,ALL,2021,12.24,True,OK,"World Bank WDI TM.TAX.MRCH.WM.AR.ZS (tariff rate, applied, weighted mean, all products)",REAL
BRB,ANY,ALL,2022,14.58,True,OK,"World Bank WDI TM.TAX.MRCH.WM.AR.ZS (tariff rate, applied, weighted mean, all products)",REAL
BRN,ANY,ALL,1992,4.43,True,OK,"World Bank WDI TM.TAX.MRCH.WM.AR.ZS (tariff rate, applied, weighted mean, all products)",REAL
BRN,ANY,ALL,1996,11.41,True,OK,"World Bank WDI TM.TAX.MRCH.WM.AR.ZS (tariff rate, applied, weighted mean, all products)",REAL
BRN,ANY,ALL,1997,11.25,True,OK,"World Bank WDI TM.TAX.MRCH.WM.AR.ZS (tariff rate, applied, weighted mean, all products)",REAL
BRN,ANY,ALL,1998,11.26,True,OK,"World Bank WDI TM.TAX.MRCH.WM.AR.ZS (tariff rate, applied, weighted mean, all products)",REAL
BRN,ANY,ALL,1999,6.35,True,OK,"World Bank WDI TM.TAX.MRCH.WM.AR.ZS (tariff rate, applied, weighted mean, all products)",REAL
BRN,ANY,ALL,2000,7.85,True,OK,"World Bank WDI TM.TAX.MRCH.WM.AR.ZS (tariff rate, applied, weighted mean, all products)",REAL
BRN,ANY,ALL,2001,10.88,True,OK,"World Bank WDI TM.TAX.MRCH.WM.AR.ZS (tariff rate, applied, weighted mean, all products)",REAL
BRN,ANY,ALL,2002,10.74,True,OK,"World Bank WDI TM.TAX.MRCH.WM.AR.ZS (tariff rate, applied, weighted mean, all products)",REAL
BRN,ANY,ALL,2003,11.9,True,OK,"World Bank WDI TM.TAX.MRCH.WM.AR.ZS (tariff rate, applied, weighted mean, all products)",REAL
BRN,ANY,ALL,2004,6.12,True,OK,"World Bank WDI TM.TAX.MRCH.WM.AR.ZS (tariff rate, applied, weighted mean, all products)",REAL
BRN,ANY,ALL,2005,5.85,True,OK,"World Bank WDI TM.TAX.MRCH.WM.AR.ZS (tariff rate, applied, weighted mean, all products)",REAL
BRN,ANY,ALL,2006,5.46,True,OK,"World Bank WDI TM.TAX.MRCH.WM.AR.ZS (tariff rate, applied, weighted mean, all products)",REAL
BRN,ANY,ALL,2007,5.24,True,OK,"World Bank WDI TM.TAX.MRCH.WM.AR.ZS (tariff rate, applied, weighted mean, all products)",REAL
BRN,ANY,ALL,2008,1.52,True,OK,"World Bank WDI TM.TAX.MRCH.WM.AR.ZS (tariff rate, applied, weighted mean, all products)",REAL
BRN,ANY,ALL,2009,1.42,True,OK,"World Bank WDI TM.TAX.MRCH.WM.AR.ZS (tariff rate, applied, weighted mean, all products)",REAL
BRN,ANY,ALL,2010,2.51,True,OK,"World Bank WDI TM.TAX.MRCH.WM.AR.ZS (tariff rate, applied, weighted mean, all products)",REAL
BRN,ANY,ALL,2011,0.95,True,OK,"World Bank WDI TM.TAX.MRCH.WM.AR.ZS (tariff rate, applied, weighted mean, all products)",REAL
BRN,ANY,ALL,2014,0.46,True,OK,"World Bank WDI TM.TAX.MRCH.WM.AR.ZS (tariff rate, applied, weighted mean, all products)",REAL
BRN,ANY,ALL,2016,0.5,True,OK,"World Bank WDI TM.TAX.MRCH.WM.AR.ZS (tariff rate, applied, weighted mean, all products)",REAL
BRN,ANY,ALL,2017,0.03,True,OK,"World Bank WDI TM.TAX.MRCH.WM.AR.ZS (tariff rate, applied, weighted mean, all products)",REAL
BRN,ANY,ALL,2018,0.03,True,OK,"World Bank WDI TM.TAX.MRCH.WM.AR.ZS (tariff rate, applied, weighted mean, all products)",REAL
BRN,ANY,ALL,2019,0.02,True,OK,"World Bank WDI TM.TAX.MRCH.WM.AR.ZS (tariff rate, applied, weighted mean, all products)",REAL
BRN,ANY,ALL,2020,0.02,True,OK,"World Bank WDI TM.TAX.MRCH.WM.AR.ZS (tariff rate, applied, weighted mean, all products)",REAL
BRN,ANY,ALL,2021,0.02,True,OK,"World Bank WDI TM.TAX.MRCH.WM.AR.ZS (tariff rate, applied, weighted mean, all products)",REAL
BRN,ANY,ALL,2022,0.01,True,OK,"World Bank WDI TM.TAX.MRCH.WM.AR.ZS (tariff rate, applied, weighted mean, all products)",REAL
BTN,ANY,ALL,1996,14.55,True,OK,"World Bank WDI TM.TAX.MRCH.WM.AR.ZS (tariff rate, applied, weighted mean, all products)",REAL
BTN,ANY,ALL,2002,15.54,True,OK,"World Bank WDI TM.TAX.MRCH.WM.AR.ZS (tariff rate, applied, weighted mean, all products)",REAL
BTN,ANY,ALL,2004,21.49,True,OK,"World Bank WDI TM.TAX.MRCH.WM.AR.ZS (tariff rate, applied, weighted mean, all products)",REAL
BTN,ANY,ALL,2005,21.51,True,OK,"World Bank WDI TM.TAX.MRCH.WM.AR.ZS (tariff rate, applied, weighted mean, all products)",REAL
BTN,ANY,ALL,2007,9.97,True,JUMP_GE_10PP,"World Bank WDI TM.TAX.MRCH.WM.AR.ZS (tariff rate, applied, weighted mean, all products)",REAL
BTN,ANY,ALL,2015,2.82,True,OK,"World Bank WDI TM.TAX.MRCH.WM.AR.ZS (tariff rate, applied, weighted mean, all products)",REAL
BTN,ANY,ALL,2019,4.13,True,OK,"World Bank WDI TM.TAX.MRCH.WM.AR.ZS (tariff rate, applied, weighted mean, all products)",REAL
BTN,ANY,ALL,2020,6.6,True,OK,"World Bank WDI TM.TAX.MRCH.WM.AR.ZS (tariff rate, applied, weighted mean, all products)",REAL
BTN,ANY,ALL,2021,3.33,True,OK,"World Bank WDI TM.TAX.MRCH.WM.AR.ZS (tariff rate, applied, weighted mean, all products)",REAL
BTN,ANY,ALL,2022,4.79,True,OK,"World Bank WDI TM.TAX.MRCH.WM.AR.ZS (tariff rate, applied, weighted mean, all products)",REAL
BWA,ANY,ALL,2001,1.63,True,OK,"World Bank WDI TM.TAX.MRCH.WM.AR.ZS (tariff rate, applied, weighted mean, all products)",REAL
BWA,ANY,ALL,2002,0.99,True,OK,"World Bank WDI TM.TAX.MRCH.WM.AR.ZS (tariff rate, applied, weighted mean, all products)",REAL
BWA,ANY,ALL,2004,0.92,True,OK,"World Bank WDI TM.TAX.MRCH.WM.AR.ZS (tariff rate, applied, weighted mean, all products)",REAL
BWA,ANY,ALL,2005,0.85,True,OK,"World Bank WDI TM.TAX.MRCH.WM.AR.ZS (tariff rate, applied, weighted mean, all products)",REAL
BWA,ANY,ALL,2006,0.88,True,OK,"World Bank WDI TM.TAX.MRCH.WM.AR.ZS (tariff rate, applied, weighted mean, all products)",REAL
BWA,ANY,ALL,2007,0.83,True,OK,"World Bank WDI TM.TAX.MRCH.WM.AR.ZS (tariff rate, applied, weighted mean, all products)",REAL
BWA,ANY,ALL,2008,0.84,True,OK,"World Bank WDI TM.TAX.MRCH.WM.AR.ZS (tariff rate, applied, weighted mean, all products)",REAL
BWA,ANY,ALL,2009,0.82,True,OK,"World Bank WDI TM.TAX.MRCH.WM.AR.ZS (tariff rate, applied, weighted mean, all products)",REAL
BWA,ANY,ALL,2010,0.83,True,OK,"World Bank WDI TM.TAX.MRCH.WM.AR.ZS (tariff rate, applied, weighted mean, all products)",REAL
BWA,ANY,ALL,2011,1.1,True,OK,"World Bank WDI TM.TAX.MRCH.WM.AR.ZS (tariff rate, applied, weighted mean, all products)",REAL
BWA,ANY,ALL,2012,3.91,True,OK,"World Bank WDI TM.TAX.MRCH.WM.AR.ZS (tariff rate, applied, weighted mean, all products)",REAL
BWA,ANY,ALL,2013,0.5,True,OK,"World Bank WDI TM.TAX.MRCH.WM.AR.ZS (tariff rate, applied, weighted mean, all products)",REAL
BWA,ANY,ALL,2014,0.61,True,OK,"World Bank WDI TM.TAX.MRCH.WM.AR.ZS (tariff rate, applied, weighted mean, all products)",REAL
BWA,ANY,ALL,2015,0.56,True,OK,"World Bank WDI TM.TAX.MRCH.WM.AR.ZS (tariff rate, applied, weighted mean, all products)",REAL
BWA,ANY,ALL,2016,0.59,True,OK,"World Bank WDI TM.TAX.MRCH.WM.AR.ZS (tariff rate, applied, weighted mean, all products)",REAL
BWA,ANY,ALL,2017,1.12,True,OK,"World Bank WDI TM.TAX.MRCH.WM.AR.ZS (tariff rate, applied, weighted mean, all products)",REAL
BWA,ANY,ALL,2018,0.33,True,OK,"World Bank WDI TM.TAX.MRCH.WM.AR.ZS (tariff rate, applied, weighted mean, all products)",REAL
BWA,ANY,ALL,2019,0.96,True,OK,"World Bank WDI TM.TAX.MRCH.WM.AR.ZS (tariff rate, applied, weighted mean, all products)",REAL
BWA,ANY,ALL,2020,0.8,True,OK,"World Bank WDI TM.TAX.MRCH.WM.AR.ZS (tariff rate, applied, weighted mean, all products)",REAL
BWA,ANY,ALL,2021,0.95,True,OK,"World Bank WDI TM.TAX.MRCH.WM.AR.ZS (tariff rate, applied, weighted mean, all products)",REAL
BWA,ANY,ALL,2022,3.23,True,OK,"World Bank WDI TM.TAX.MRCH.WM.AR.ZS (tariff rate, applied, weighted mean, all products)",REAL
CAF,ANY,ALL,1995,13.36,True,OK,"World Bank WDI TM.TAX.MRCH.WM.AR.ZS (tariff rate, applied, weighted mean, all products)",REAL
CAF,ANY,ALL,1997,13.44,True,OK,"World Bank WDI TM.TAX.MRCH.WM.AR.ZS (tariff rate, applied, weighted mean, all products)",REAL
CAF,ANY,ALL,2001,18.3,True,OK,"World Bank WDI TM.TAX.MRCH.WM.AR.ZS (tariff rate, applied, weighted mean, all products)",REAL
CAF,ANY,ALL,2002,16.86,True,OK,"World Bank WDI TM.TAX.MRCH.WM.AR.ZS (tariff rate, applied, weighted mean, all products)",REAL
CAF,ANY,ALL,2003,29.86,True,JUMP_GE_10PP,"World Bank WDI TM.TAX.MRCH.WM.AR.ZS (tariff rate, applied, weighted mean, all products)",REAL
CAF,ANY,ALL,2004,29.86,True,OK,"World Bank WDI TM.TAX.MRCH.WM.AR.ZS (tariff rate, applied, weighted mean, all products)",REAL
CAF,ANY,ALL,2005,29.49,True,OK,"World Bank WDI TM.TAX.MRCH.WM.AR.ZS (tariff rate, applied, weighted mean, all products)",REAL
CAF,ANY,ALL,2006,29.87,True,OK,"World Bank WDI TM.TAX.MRCH.WM.AR.ZS (tariff rate, applied, weighted mean, all products)",REAL
CAF,ANY,ALL,2007,15.23,True,JUMP_GE_10PP,"World Bank WDI TM.TAX.MRCH.WM.AR.ZS (tariff rate, applied, weighted mean, all products)",REAL
CAF,ANY,ALL,2008,15.23,True,OK,"World Bank WDI TM.TAX.MRCH.WM.AR.ZS (tariff rate, applied, weighted mean, all products)",REAL
CAF,ANY,ALL,2009,15.23,True,OK,"World Bank WDI TM.TAX.MRCH.WM.AR.ZS (tariff rate, applied, weighted mean, all products)",REAL
CAF,ANY,ALL,2010,15.23,True,OK,"World Bank WDI TM.TAX.MRCH.WM.AR.ZS (tariff rate, applied, weighted mean, all products)",REAL
CAF,ANY,ALL,2011,15.51,True,OK,"World Bank WDI TM.TAX.MRCH.WM.AR.ZS (tariff rate, applied, weighted mean, all products)",REAL
CAF,ANY,ALL,2012,17.44,True,OK,"World Bank WDI TM.TAX.MRCH.WM.AR.ZS (tariff rate, applied, weighted mean, all products)",REAL
CAF,ANY,ALL,2013,16.61,True,OK,"World Bank WDI TM.TAX.MRCH.WM.AR.ZS (tariff rate, applied, weighted mean, all products)",REAL
CAF,ANY,ALL,2015,16.44,True,OK,"World Bank WDI TM.TAX.MRCH.WM.AR.ZS (tariff rate, applied, weighted mean, all products)",REAL
CAF,ANY,ALL,2016,16.44,True,OK,"World Bank WDI TM.TAX.MRCH.WM.AR.ZS (tariff rate, applied, weighted mean, all products)",REAL
CAF,ANY,ALL,2017,16.44,True,OK,"World Bank WDI TM.TAX.MRCH.WM.AR.ZS (tariff rate, applied, weighted mean, all products)",REAL
CAF,ANY,ALL,2022,14.48,True,OK,"World Bank WDI TM.TAX.MRCH.WM.AR.ZS (tariff rate, applied, weighted mean, all products)",REAL
CAN,ANY,ALL,1989,7.02,True,OK,"World Bank WDI TM.TAX.MRCH.WM.AR.ZS (tariff rate, applied, weighted mean, all products)",REAL
CAN,ANY,ALL,1993,3.59,True,OK,"World Bank WDI TM.TAX.MRCH.WM.AR.ZS (tariff rate, applied, weighted mean, all products)",REAL
CAN,ANY,ALL,1995,6.69,True,OK,"World Bank WDI TM.TAX.MRCH.WM.AR.ZS (tariff rate, applied, weighted mean, all products)",REAL
CAN,ANY,ALL,1996,5.43,True,OK,"World Bank WDI TM.TAX.MRCH.WM.AR.ZS (tariff rate, applied, weighted mean, all products)",REAL
CAN,ANY,ALL,1997,1.99,True,OK,"World Bank WDI TM.TAX.MRCH.WM.AR.ZS (tariff rate, applied, weighted mean, all products)",REAL
CAN,ANY,ALL,1998,1.44,True,OK,"World Bank WDI TM.TAX.MRCH.WM.AR.ZS (tariff rate, applied, weighted mean, all products)",REAL
CAN,ANY,ALL,1999,1.01,True,OK,"World Bank WDI TM.TAX.MRCH.WM.AR.ZS (tariff rate, applied, weighted mean, all products)",REAL
CAN,ANY,ALL,2000,1.31,True,OK,"World Bank WDI TM.TAX.MRCH.WM.AR.ZS (tariff rate, applied, weighted mean, all products)",REAL
CAN,ANY,ALL,2001,1.6,True,OK,"World Bank WDI TM.TAX.MRCH.WM.AR.ZS (tariff rate, applied, weighted mean, all products)",REAL
CAN,ANY,ALL,2002,1.49,True,OK,"World Bank WDI TM.TAX.MRCH.WM.AR.ZS (tariff rate, applied, weighted mean, all products)",REAL
CAN,ANY,ALL,2003,2.46,True,OK,"World Bank WDI TM.TAX.MRCH.WM.AR.ZS (tariff rate, applied, weighted mean, all products)",REAL
CAN,ANY,ALL,2004,1.51,True,OK,"World Bank WDI TM.TAX.MRCH.WM.AR.ZS (tariff rate, applied, weighted mean, all products)",REAL
CAN,ANY,ALL,2005,1.46,True,OK,"World Bank WDI TM.TAX.MRCH.WM.AR.ZS (tariff rate, applied, weighted mean, all products)",REAL
CAN,ANY,ALL,2006,1.45,True,OK,"World Bank WDI TM.TAX.MRCH.WM.AR.ZS (tariff rate, applied, weighted mean, all products)",REAL
CAN,ANY,ALL,2007,1.54,True,OK,"World Bank WDI TM.TAX.MRCH.WM.AR.ZS (tariff rate, applied, weighted mean, all products)",REAL
CAN,ANY,ALL,2008,1.54,True,OK,"World Bank WDI TM.TAX.MRCH.WM.AR.ZS (tariff rate, applied, weighted mean, all products)",REAL
CAN,ANY,ALL,2009,1.7,True,OK,"World Bank WDI TM.TAX.MRCH.WM.AR.ZS (tariff rate, applied, weighted mean, all products)",REAL
CAN,ANY,ALL,2010,1.46,True,OK,"World Bank WDI TM.TAX.MRCH.WM.AR.ZS (tariff rate, applied, weighted mean, all products)",REAL
CAN,ANY,ALL,2011,1.38,True,OK,"World Bank WDI TM.TAX.MRCH.WM.AR.ZS (tariff rate, applied, weighted mean, all products)",REAL
CAN,ANY,ALL,2012,1.4,True,OK,"World Bank WDI TM.TAX.MRCH.WM.AR.ZS (tariff rate, applied, weighted mean, all products)",REAL
CAN,ANY,ALL,2013,1.45,True,OK,"World Bank WDI TM.TAX.MRCH.WM.AR.ZS (tariff rate, applied, weighted mean, all products)",REAL
CAN,ANY,ALL,2014,1.43,True,OK,"World Bank WDI TM.TAX.MRCH.WM.AR.ZS (tariff rate, applied, weighted mean, all products)",REAL
CAN,ANY,ALL,2015,1.65,True,OK,"World Bank WDI TM.TAX.MRCH.WM.AR.ZS (tariff rate, applied, weighted mean, all products)",REAL
CAN,ANY,ALL,2016,1.56,True,OK,"World Bank WDI TM.TAX.MRCH.WM.AR.ZS (tariff rate, applied, weighted mean, all products)",REAL
CAN,ANY,ALL,2017,1.52,True,OK,"World Bank WDI TM.TAX.MRCH.WM.AR.ZS (tariff rate, applied, weighted mean, all products)",REAL
CAN,ANY,ALL,2018,1.47,True,OK,"World Bank WDI TM.TAX.MRCH.WM.AR.ZS (tariff rate, applied, weighted mean, all products)",REAL
CAN,ANY,ALL,2019,1.51,True,OK,"World Bank WDI TM.TAX.MRCH.WM.AR.ZS (tariff rate, applied, weighted mean, all products)",REAL
CAN,ANY,ALL,2020,1.49,True,OK,"World Bank WDI TM.TAX.MRCH.WM.AR.ZS (tariff rate, applied, weighted mean, all products)",REAL
CAN,ANY,ALL,2021,2.35,True,OK,"World Bank WDI TM.TAX.MRCH.WM.AR.ZS (tariff rate, applied, weighted mean, all products)",REAL
CAN,ANY,ALL,2022,1.37,True,OK,"World Bank WDI TM.TAX.MRCH.WM.AR.ZS (tariff rate, applied, weighted mean, all products)",REAL
CHE,ANY,ALL,1990,7.35,True,OK,"World Bank WDI TM.TAX.MRCH.WM.AR.ZS (tariff rate, applied, weighted mean, all products)",REAL
CHE,ANY,ALL,1993,8.84,True,OK,"World Bank WDI TM.TAX.MRCH.WM.AR.ZS (tariff rate, applied, weighted mean, all products)",REAL
CHE,ANY,ALL,1995,16.77,True,OK,"World Bank WDI TM.TAX.MRCH.WM.AR.ZS (tariff rate, applied, weighted mean, all products)",REAL
CHE,ANY,ALL,1996,7.91,True,OK,"World Bank WDI TM.TAX.MRCH.WM.AR.ZS (tariff rate, applied, weighted mean, all products)",REAL
CHE,ANY,ALL,1997,3.04,True,OK,"World Bank WDI TM.TAX.MRCH.WM.AR.ZS (tariff rate, applied, weighted mean, all products)",REAL
CHE,ANY,ALL,1998,2.7,True,OK,"World Bank WDI TM.TAX.MRCH.WM.AR.ZS (tariff rate, applied, weighted mean, all products)",REAL
CHE,ANY,ALL,1999,2.6,True,OK,"World Bank WDI TM.TAX.MRCH.WM.AR.ZS (tariff rate, applied, weighted mean, all products)",REAL
CHE,ANY,ALL,2000,2.34,True,OK,"World Bank WDI TM.TAX.MRCH.WM.AR.ZS (tariff rate, applied, weighted mean, all products)",REAL
CHE,ANY,ALL,2001,2.35,True,OK,"World Bank WDI TM.TAX.MRCH.WM.AR.ZS (tariff rate, applied, weighted mean, all products)",REAL
CHE,ANY,ALL,2002,2.19,True,OK,"World Bank WDI TM.TAX.MRCH.WM.AR.ZS (tariff rate, applied, weighted mean, all products)",REAL
CHE,ANY,ALL,2003,2.65,True,OK,"World Bank WDI TM.TAX.MRCH.WM.AR.ZS (tariff rate, applied, weighted mean, all products)",REAL
CHE,ANY,ALL,2004,2.11,True,OK,"World Bank WDI TM.TAX.MRCH.WM.AR.ZS (tariff rate, applied, weighted mean, all products)",REAL
CHE,ANY,ALL,2005,2.32,True,OK,"World Bank WDI TM.TAX.MRCH.WM.AR.ZS (tariff rate, applied, weighted mean, all products)",REAL
CHE,ANY,ALL,2006,2.71,True,OK,"World Bank WDI TM.TAX.MRCH.WM.AR.ZS (tariff rate, applied, weighted mean, all products)",REAL
CHE,ANY,ALL,2007,1.89,True,OK,"World Bank WDI TM.TAX.MRCH.WM.AR.ZS (tariff rate, applied, weighted mean, all products)",REAL
CHE,ANY,ALL,2008,1.79,True,OK,"World Bank WDI TM.TAX.MRCH.WM.AR.ZS (tariff rate, applied, weighted mean, all products)",REAL
CHE,ANY,ALL,2009,1.77,True,OK,"World Bank WDI TM.TAX.MRCH.WM.AR.ZS (tariff rate, applied, weighted mean, all products)",REAL
CHE,ANY,ALL,2010,1.49,True,OK,"World Bank WDI TM.TAX.MRCH.WM.AR.ZS (tariff rate, applied, weighted mean, all products)",REAL
CHE,ANY,ALL,2011,1.91,True,OK,"World Bank WDI TM.TAX.MRCH.WM.AR.ZS (tariff rate, applied, weighted mean, all products)",REAL
CHE,ANY,ALL,2012,1.36,True,OK,"World Bank WDI TM.TAX.MRCH.WM.AR.ZS (tariff rate, applied, weighted mean, all products)",REAL
CHE,ANY,ALL,2013,1.97,True,OK,"World Bank WDI TM.TAX.MRCH.WM.AR.ZS (tariff rate, applied, weighted mean, all products)",REAL
CHE,ANY,ALL,2014,1.87,True,OK,"World Bank WDI TM.TAX.MRCH.WM.AR.ZS (tariff rate, applied, weighted mean, all products)",REAL
CHE,ANY,ALL,2015,1.3,True,OK,"World Bank WDI TM.TAX.MRCH.WM.AR.ZS (tariff rate, applied, weighted mean, all products)",REAL
CHE,ANY,ALL,2016,1.31,True,OK,"World Bank WDI TM.TAX.MRCH.WM.AR.ZS (tariff rate, applied, weighted mean, all products)",REAL
CHE,ANY,ALL,2017,1.68,True,OK,"World Bank WDI TM.TAX.MRCH.WM.AR.ZS (tariff rate, applied, weighted mean, all products)",REAL
CHE,ANY,ALL,2018,1.7,True,OK,"World Bank WDI TM.TAX.MRCH.WM.AR.ZS (tariff rate, applied, weighted mean, all products)",REAL
CHE,ANY,ALL,2019,6.12,True,OK,"World Bank WDI TM.TAX.MRCH.WM.AR.ZS (tariff rate, applied, weighted mean, all products)",REAL
CHE,ANY,ALL,2020,1.36,True,OK,"World Bank WDI TM.TAX.MRCH.WM.AR.ZS (tariff rate, applied, weighted mean, all products)",REAL
CHE,ANY,ALL,2021,1.4,True,OK,"World Bank WDI TM.TAX.MRCH.WM.AR.ZS (tariff rate, applied, weighted mean, all products)",REAL
CHE,ANY,ALL,2022,1.3,True,OK,"World Bank WDI TM.TAX.MRCH.WM.AR.ZS (tariff rate, applied, weighted mean, all products)",REAL
CHL,ANY,ALL,1992,10.95,True,OK,"World Bank WDI TM.TAX.MRCH.WM.AR.ZS (tariff rate, applied, weighted mean, all products)",REAL
CHL,ANY,ALL,1993,10.94,True,OK,"World Bank WDI TM.TAX.MRCH.WM.AR.ZS (tariff rate, applied, weighted mean, all products)",REAL
CHL,ANY,ALL,1994,10.93,True,OK,"World Bank WDI TM.TAX.MRCH.WM.AR.ZS (tariff rate, applied, weighted mean, all products)",REAL
CHL,ANY,ALL,1995,10.63,True,OK,"World Bank WDI TM.TAX.MRCH.WM.AR.ZS (tariff rate, applied, weighted mean, all products)",REAL
CHL,ANY,ALL,1996,10.97,True,OK,"World Bank WDI TM.TAX.MRCH.WM.AR.ZS (tariff rate, applied, weighted mean, all products)",REAL
CHL,ANY,ALL,1997,10.97,True,OK,"World Bank WDI TM.TAX.MRCH.WM.AR.ZS (tariff rate, applied, weighted mean, all products)",REAL
CHL,ANY,ALL,1998,10.94,True,OK,"World Bank WDI TM.TAX.MRCH.WM.AR.ZS (tariff rate, applied, weighted mean, all products)",REAL
CHL,ANY,ALL,1999,9.96,True,OK,"World Bank WDI TM.TAX.MRCH.WM.AR.ZS (tariff rate, applied, weighted mean, all products)",REAL
CHL,ANY,ALL,2000,9.0,True,OK,"World Bank WDI TM.TAX.MRCH.WM.AR.ZS (tariff rate, applied, weighted mean, all products)",REAL
CHL,ANY,ALL,2001,8.0,True,OK,"World Bank WDI TM.TAX.MRCH.WM.AR.ZS (tariff rate, applied, weighted mean, all products)",REAL
CHL,ANY,ALL,2002,6.96,True,OK,"World Bank WDI TM.TAX.MRCH.WM.AR.ZS (tariff rate, applied, weighted mean, all products)",REAL
CHL,ANY,ALL,2003,5.77,True,OK,"World Bank WDI TM.TAX.MRCH.WM.AR.ZS (tariff rate, applied, weighted mean, all products)",REAL
CHL,ANY,ALL,2004,3.95,True,OK,"World Bank WDI TM.TAX.MRCH.WM.AR.ZS (tariff rate, applied, weighted mean, all products)",REAL
CHL,ANY,ALL,2005,3.99,True,OK,"World Bank WDI TM.TAX.MRCH.WM.AR.ZS (tariff rate, applied, weighted mean, all products)",REAL
CHL,ANY,ALL,2006,2.36,True,OK,"World Bank WDI TM.TAX.MRCH.WM.AR.ZS (tariff rate, applied, weighted mean, all products)",REAL
CHL,ANY,ALL,2007,2.95,True,OK,"World Bank WDI TM.TAX.MRCH.WM.AR.ZS (tariff rate, applied, weighted mean, all products)",REAL
CHL,ANY,ALL,2008,2.27,True,OK,"World Bank WDI TM.TAX.MRCH.WM.AR.ZS (tariff rate, applied, weighted mean, all products)",REAL
CHL,ANY,ALL,2009,1.92,True,OK,"World Bank WDI TM.TAX.MRCH.WM.AR.ZS (tariff rate, applied, weighted mean, all products)",REAL
CHL,ANY,ALL,2010,2.08,True,OK,"World Bank WDI TM.TAX.MRCH.WM.AR.ZS (tariff rate, applied, weighted mean, all products)",REAL
CHL,ANY,ALL,2011,1.98,True,OK,"World Bank WDI TM.TAX.MRCH.WM.AR.ZS (tariff rate, applied, weighted mean, all products)",REAL
CHL,ANY,ALL,2012,1.78,True,OK,"World Bank WDI TM.TAX.MRCH.WM.AR.ZS (tariff rate, applied, weighted mean, all products)",REAL
CHL,ANY,ALL,2013,5.89,True,OK,"World Bank WDI TM.TAX.MRCH.WM.AR.ZS (tariff rate, applied, weighted mean, all products)",REAL
CHL,ANY,ALL,2015,0.64,True,OK,"World Bank WDI TM.TAX.MRCH.WM.AR.ZS (tariff rate, applied, weighted mean, all products)",REAL
CHL,ANY,ALL,2016,5.89,True,OK,"World Bank WDI TM.TAX.MRCH.WM.AR.ZS (tariff rate, applied, weighted mean, all products)",REAL
CHL,ANY,ALL,2017,0.49,True,OK,"World Bank WDI TM.TAX.MRCH.WM.AR.ZS (tariff rate, applied, weighted mean, all products)",REAL
CHL,ANY,ALL,2018,0.49,True,OK,"World Bank WDI TM.TAX.MRCH.WM.AR.ZS (tariff rate, applied, weighted mean, all products)",REAL
CHL,ANY,ALL,2019,0.43,True,OK,"World Bank WDI TM.TAX.MRCH.WM.AR.ZS (tariff rate, applied, weighted mean, all products)",REAL
CHL,ANY,ALL,2020,0.43,True,OK,"World Bank WDI TM.TAX.MRCH.WM.AR.ZS (tariff rate, applied, weighted mean, all products)",REAL
CHL,ANY,ALL,2021,0.43,True,OK,"World Bank WDI TM.TAX.MRCH.WM.AR.ZS (tariff rate, applied, weighted mean, all products)",REAL
CHL,ANY,ALL,2022,0.46,True,OK,"World Bank WDI TM.TAX.MRCH.WM.AR.ZS (tariff rate, applied, weighted mean, all products)",REAL
CHN,ANY,ALL,1992,32.17,True,OK,"World Bank WDI TM.TAX.MRCH.WM.AR.ZS (tariff rate, applied, weighted mean, all products)",REAL
CHN,ANY,ALL,1993,30.29,True,OK,"World Bank WDI TM.TAX.MRCH.WM.AR.ZS (tariff rate, applied, weighted mean, all products)",REAL
CHN,ANY,ALL,1994,27.93,True,OK,"World Bank WDI TM.TAX.MRCH.WM.AR.ZS (tariff rate, applied, weighted mean, all products)",REAL
CHN,ANY,ALL,1996,19.76,True,OK,"World Bank WDI TM.TAX.MRCH.WM.AR.ZS (tariff rate, applied, weighted mean, all products)",REAL
CHN,ANY,ALL,1997,15.82,True,OK,"World Bank WDI TM.TAX.MRCH.WM.AR.ZS (tariff rate, applied, weighted mean, all products)",REAL
CHN,ANY,ALL,1998,15.5,True,OK,"World Bank WDI TM.TAX.MRCH.WM.AR.ZS (tariff rate, applied, weighted mean, all products)",REAL
CHN,ANY,ALL,1999,14.46,True,OK,"World Bank WDI TM.TAX.MRCH.WM.AR.ZS (tariff rate, applied, weighted mean, all products)",REAL
CHN,ANY,ALL,2000,14.67,True,OK,"World Bank WDI TM.TAX.MRCH.WM.AR.ZS (tariff rate, applied, weighted mean, all products)",REAL
CHN,ANY,ALL,2001,14.11,True,OK,"World Bank WDI TM.TAX.MRCH.WM.AR.ZS (tariff rate, applied, weighted mean, all products)",REAL
CHN,ANY,ALL,2002,7.72,True,OK,"World Bank WDI TM.TAX.MRCH.WM.AR.ZS (tariff rate, applied, weighted mean, all products)",REAL
CHN,ANY,ALL,2003,6.48,True,OK,"World Bank WDI TM.TAX.MRCH.WM.AR.ZS (tariff rate, applied, weighted mean, all products)",REAL
CHN,ANY,ALL,2004,5.96,True,OK,"World Bank WDI TM.TAX.MRCH.WM.AR.ZS (tariff rate, applied, weighted mean, all products)",REAL
CHN,ANY,ALL,2005,4.87,True,OK,"World Bank WDI TM.TAX.MRCH.WM.AR.ZS (tariff rate, applied, weighted mean, all products)",REAL
CHN,ANY,ALL,2006,4.25,True,OK,"World Bank WDI TM.TAX.MRCH.WM.AR.ZS (tariff rate, applied, weighted mean, all products)",REAL
CHN,ANY,ALL,2007,5.07,True,OK,"World Bank WDI TM.TAX.MRCH.WM.AR.ZS (tariff rate, applied, weighted mean, all products)",REAL
CHN,ANY,ALL,2008,4.47,True,OK,"World Bank WDI TM.TAX.MRCH.WM.AR.ZS (tariff rate, applied, weighted mean, all products)",REAL
CHN,ANY,ALL,2009,3.94,True,OK,"World Bank WDI TM.TAX.MRCH.WM.AR.ZS (tariff rate, applied, weighted mean, all products)",REAL
CHN,ANY,ALL,2010,4.65,True,OK,"World Bank WDI TM.TAX.MRCH.WM.AR.ZS (tariff rate, applied, weighted mean, all products)",REAL
CHN,ANY,ALL,2011,5.99,True,OK,"World Bank WDI TM.TAX.MRCH.WM.AR.ZS (tariff rate, applied, weighted mean, all products)",REAL
CHN,ANY,ALL,2014,4.74,True,OK,"World Bank WDI TM.TAX.MRCH.WM.AR.ZS (tariff rate, applied, weighted mean, all products)",REAL
CHN,ANY,ALL,2015,4.52,True,OK,"World Bank WDI TM.TAX.MRCH.WM.AR.ZS (tariff rate, applied, weighted mean, all products)",REAL
CHN,ANY,ALL,2016,3.54,True,OK,"World Bank WDI TM.TAX.MRCH.WM.AR.ZS (tariff rate, applied, weighted mean, all products)",REAL
CHN,ANY,ALL,2017,3.83,True,OK,"World Bank WDI TM.TAX.MRCH.WM.AR.ZS (tariff rate, applied, weighted mean, all products)",REAL
CHN,ANY,ALL,2018,3.39,True,OK,"World Bank WDI TM.TAX.MRCH.WM.AR.ZS (tariff rate, applied, weighted mean, all products)",REAL
CHN,ANY,ALL,2019,2.53,True,OK,"World Bank WDI TM.TAX.MRCH.WM.AR.ZS (tariff rate, applied, weighted mean, all products)",REAL
CHN,ANY,ALL,2020,2.47,True,OK,"World Bank WDI TM.TAX.MRCH.WM.AR.ZS (tariff rate, applied, weighted mean, all products)",REAL
CHN,ANY,ALL,2021,2.31,True,OK,"World Bank WDI TM.TAX.MRCH.WM.AR.ZS (tariff rate, applied, weighted mean, all products)",REAL
CHN,ANY,ALL,2022,2.18,True,OK,"World Bank WDI TM.TAX.MRCH.WM.AR.ZS (tariff rate, applied, weighted mean, all products)",REAL
CIV,ANY,ALL,1993,4.89,True,OK,"World Bank WDI TM.TAX.MRCH.WM.AR.ZS (tariff rate, applied, weighted mean, all products)",REAL
CIV,ANY,ALL,1996,4.1,True,OK,"World Bank WDI TM.TAX.MRCH.WM.AR.ZS (tariff rate, applied, weighted mean, all products)",REAL
CIV,ANY,ALL,2001,7.22,True,OK,"World Bank WDI TM.TAX.MRCH.WM.AR.ZS (tariff rate, applied, weighted mean, all products)",REAL
CIV,ANY,ALL,2002,9.69,True,OK,"World Bank WDI TM.TAX.MRCH.WM.AR.ZS (tariff rate, applied, weighted mean, all products)",REAL
CIV,ANY,ALL,2003,9.61,True,OK,"World Bank WDI TM.TAX.MRCH.WM.AR.ZS (tariff rate, applied, weighted mean, all products)",REAL
CIV,ANY,ALL,2004,8.54,True,OK,"World Bank WDI TM.TAX.MRCH.WM.AR.ZS (tariff rate, applied, weighted mean, all products)",REAL
CIV,ANY,ALL,2005,7.61,True,OK,"World Bank WDI TM.TAX.MRCH.WM.AR.ZS (tariff rate, applied, weighted mean, all products)",REAL
CIV,ANY,ALL,2006,7.29,True,OK,"World Bank WDI TM.TAX.MRCH.WM.AR.ZS (tariff rate, applied, weighted mean, all products)",REAL
CIV,ANY,ALL,2007,6.56,True,OK,"World Bank WDI TM.TAX.MRCH.WM.AR.ZS (tariff rate, applied, weighted mean, all products)",REAL
CIV,ANY,ALL,2008,6.56,True,OK,"World Bank WDI TM.TAX.MRCH.WM.AR.ZS (tariff rate, applied, weighted mean, all products)",REAL
CIV,ANY,ALL,2009,7.48,True,OK,"World Bank WDI TM.TAX.MRCH.WM.AR.ZS (tariff rate, applied, weighted mean, all products)",REAL
CIV,ANY,ALL,2010,7.14,True,OK,"World Bank WDI TM.TAX.MRCH.WM.AR.ZS (tariff rate, applied, weighted mean, all products)",REAL
CIV,ANY,ALL,2011,6.95,True,OK,"World Bank WDI TM.TAX.MRCH.WM.AR.ZS (tariff rate, applied, weighted mean, all products)",REAL
CIV,ANY,ALL,2012,6.59,True,OK,"World Bank WDI TM.TAX.MRCH.WM.AR.ZS (tariff rate, applied, weighted mean, all products)",REAL
CIV,ANY,ALL,2013,6.59,True,OK,"World Bank WDI TM.TAX.MRCH.WM.AR.ZS (tariff rate, applied, weighted mean, all products)",REAL
CIV,ANY,ALL,2014,6.33,True,OK,"World Bank WDI TM.TAX.MRCH.WM.AR.ZS (tariff rate, applied, weighted mean, all products)",REAL
CIV,ANY,ALL,2015,8.0,True,OK,"World Bank WDI TM.TAX.MRCH.WM.AR.ZS (tariff rate, applied, weighted mean, all products)",REAL
CIV,ANY,ALL,2016,8.16,True,OK,"World Bank WDI TM.TAX.MRCH.WM.AR.ZS (tariff rate, applied, weighted mean, all products)",REAL
CIV,ANY,ALL,2017,10.28,True,OK,"World Bank WDI TM.TAX.MRCH.WM.AR.ZS (tariff rate, applied, weighted mean, all products)",REAL
CIV,ANY,ALL,2018,10.17,True,OK,"World Bank WDI TM.TAX.MRCH.WM.AR.ZS (tariff rate, applied, weighted mean, all products)",REAL
CIV,ANY,ALL,2019,7.69,True,OK,"World Bank WDI TM.TAX.MRCH.WM.AR.ZS (tariff rate, applied, weighted mean, all products)",REAL
CIV,ANY,ALL,2020,7.63,True,OK,"World Bank WDI TM.TAX.MRCH.WM.AR.ZS (tariff rate, applied, weighted mean, all products)",REAL
CIV,ANY,ALL,2021,7.63,True,OK,"World Bank WDI TM.TAX.MRCH.WM.AR.ZS (tariff rate, applied, weighted mean, all products)",REAL
CIV,ANY,ALL,2022,7.25,True,OK,"World Bank WDI TM.TAX.MRCH.WM.AR.ZS (tariff rate, applied, weighted mean, all products)",REAL
CMR,ANY,ALL,1994,13.7,True,OK,"World Bank WDI TM.TAX.MRCH.WM.AR.ZS (tariff rate, applied, weighted mean, all products)",REAL
CMR,ANY,ALL,1995,14.49,True,OK,"World Bank WDI TM.TAX.MRCH.WM.AR.ZS (tariff rate, applied, weighted mean, all products)",REAL
CMR,ANY,ALL,2001,13.49,True,OK,"World Bank WDI TM.TAX.MRCH.WM.AR.ZS (tariff rate, applied, weighted mean, all products)",REAL
CMR,ANY,ALL,2002,13.9,True,OK,"World Bank WDI TM.TAX.MRCH.WM.AR.ZS (tariff rate, applied, weighted mean, all products)",REAL
CMR,ANY,ALL,2003,14.27,True,OK,"World Bank WDI TM.TAX.MRCH.WM.AR.ZS (tariff rate, applied, weighted mean, all products)",REAL
CMR,ANY,ALL,2004,14.27,True,OK,"World Bank WDI TM.TAX.MRCH.WM.AR.ZS (tariff rate, applied, weighted mean, all products)",REAL
CMR,ANY,ALL,2005,14.45,True,OK,"World Bank WDI TM.TAX.MRCH.WM.AR.ZS (tariff rate, applied, weighted mean, all products)",REAL
CMR,ANY,ALL,2006,13.81,True,OK,"World Bank WDI TM.TAX.MRCH.WM.AR.ZS (tariff rate, applied, weighted mean, all products)",REAL
CMR,ANY,ALL,2007,13.01,True,OK,"World Bank WDI TM.TAX.MRCH.WM.AR.ZS (tariff rate, applied, weighted mean, all products)",REAL
CMR,ANY,ALL,2008,13.0,True,OK,"World Bank WDI TM.TAX.MRCH.WM.AR.ZS (tariff rate, applied, weighted mean, all products)",REAL
CMR,ANY,ALL,2009,11.58,True,OK,"World Bank WDI TM.TAX.MRCH.WM.AR.ZS (tariff rate, applied, weighted mean, all products)",REAL
CMR,ANY,ALL,2010,13.0,True,OK,"World Bank WDI TM.TAX.MRCH.WM.AR.ZS (tariff rate, applied, weighted mean, all products)",REAL
CMR,ANY,ALL,2011,12.65,True,OK,"World Bank WDI TM.TAX.MRCH.WM.AR.ZS (tariff rate, applied, weighted mean, all products)",REAL
CMR,ANY,ALL,2012,11.7,True,OK,"World Bank WDI TM.TAX.MRCH.WM.AR.ZS (tariff rate, applied, weighted mean, all products)",REAL
CMR,ANY,ALL,2013,12.99,True,OK,"World Bank WDI TM.TAX.MRCH.WM.AR.ZS (tariff rate, applied, weighted mean, all products)",REAL
CMR,ANY,ALL,2014,12.7,True,OK,"World Bank WDI TM.TAX.MRCH.WM.AR.ZS (tariff rate, applied, weighted mean, all products)",REAL
CMR,ANY,ALL,2019,15.46,True,OK,"World Bank WDI TM.TAX.MRCH.WM.AR.ZS (tariff rate, applied, weighted mean, all products)",REAL
CMR,ANY,ALL,2022,18.08,True,OK,"World Bank WDI TM.TAX.MRCH.WM.AR.ZS (tariff rate, applied, weighted mean, all products)",REAL
COD,ANY,ALL,2003,12.65,True,OK,"World Bank WDI TM.TAX.MRCH.WM.AR.ZS (tariff rate, applied, weighted mean, all products)",REAL
COD,ANY,ALL,2006,11.26,True,OK,"World Bank WDI TM.TAX.MRCH.WM.AR.ZS (tariff rate, applied, weighted mean, all products)",REAL
COD,ANY,ALL,2007,11.57,True,OK,"World Bank WDI TM.TAX.MRCH.WM.AR.ZS (tariff rate, applied, weighted mean, all products)",REAL
COD,ANY,ALL,2008,11.07,True,OK,"World Bank WDI TM.TAX.MRCH.WM.AR.ZS (tariff rate, applied, weighted mean, all products)",REAL
COD,ANY,ALL,2009,12.04,True,OK,"World Bank WDI TM.TAX.MRCH.WM.AR.ZS (tariff rate, applied, weighted mean, all products)",REAL
COD,ANY,ALL,2010,11.03,True,OK,"World Bank WDI TM.TAX.MRCH.WM.AR.ZS (tariff rate, applied, weighted mean, all products)",REAL
COD,ANY,ALL,2014,10.19,True,OK,"World Bank WDI TM.TAX.MRCH.WM.AR.ZS (tariff rate, applied, weighted mean, all products)",REAL
COD,ANY,ALL,2019,10.83,True,OK,"World Bank WDI TM.TAX.MRCH.WM.AR.ZS (tariff rate, applied, weighted mean, all products)",REAL
COD,ANY,ALL,2020,8.4,True,OK,"World Bank WDI TM.TAX.MRCH.WM.AR.ZS (tariff rate, applied, weighted mean, all products)",REAL
COG,ANY,ALL,1994,16.35,True,OK,"World Bank WDI TM.TAX.MRCH.WM.AR.ZS (tariff rate, applied, weighted mean, all products)",REAL
COG,ANY,ALL,1997,15.19,True,OK,"World Bank WDI TM.TAX.MRCH.WM.AR.ZS (tariff rate, applied, weighted mean, all products)",REAL
COG,ANY,ALL,2001,11.89,True,OK,"World Bank WDI TM.TAX.MRCH.WM.AR.ZS (tariff rate, applied, weighted mean, all products)",REAL
COG,ANY,ALL,2002,11.89,True,OK,"World Bank WDI TM.TAX.MRCH.WM.AR.ZS (tariff rate, applied, weighted mean, all products)",REAL
COG,ANY,ALL,2003,11.79,True,OK,"World Bank WDI TM.TAX.MRCH.WM.AR.ZS (tariff rate, applied, weighted mean, all products)",REAL
COG,ANY,ALL,2004,11.79,True,OK,"World Bank WDI TM.TAX.MRCH.WM.AR.ZS (tariff rate, applied, weighted mean, all products)",REAL
COG,ANY,ALL,2005,11.93,True,OK,"World Bank WDI TM.TAX.MRCH.WM.AR.ZS (tariff rate, applied, weighted mean, all products)",REAL
COG,ANY,ALL,2006,11.79,True,OK,"World Bank WDI TM.TAX.MRCH.WM.AR.ZS (tariff rate, applied, weighted mean, all products)",REAL
COG,ANY,ALL,2007,15.43,True,OK,"World Bank WDI TM.TAX.MRCH.WM.AR.ZS (tariff rate, applied, weighted mean, all products)",REAL
COG,ANY,ALL,2008,15.4,True,OK,"World Bank WDI TM.TAX.MRCH.WM.AR.ZS (tariff rate, applied, weighted mean, all products)",REAL
COG,ANY,ALL,2009,15.4,True,OK,"World Bank WDI TM.TAX.MRCH.WM.AR.ZS (tariff rate, applied, weighted mean, all products)",REAL
COG,ANY,ALL,2010,15.4,True,OK,"World Bank WDI TM.TAX.MRCH.WM.AR.ZS (tariff rate, applied, weighted mean, all products)",REAL
COG,ANY,ALL,2011,15.4,True,OK,"World Bank WDI TM.TAX.MRCH.WM.AR.ZS (tariff rate, applied, weighted mean, all products)",REAL
COG,ANY,ALL,2013,15.85,True,OK,"World Bank WDI TM.TAX.MRCH.WM.AR.ZS (tariff rate, applied, weighted mean, all products)",REAL
COG,ANY,ALL,2014,15.78,True,OK,"World Bank WDI TM.TAX.MRCH.WM.AR.ZS (tariff rate, applied, weighted mean, all products)",REAL
COG,ANY,ALL,2015,11.55,True,OK,"World Bank WDI TM.TAX.MRCH.WM.AR.ZS (tariff rate, applied, weighted mean, all products)",REAL
COG,ANY,ALL,2022,18.18,True,OK,"World Bank WDI TM.TAX.MRCH.WM.AR.ZS (tariff rate, applied, weighted mean, all products)",REAL
COL,ANY,ALL,1991,6.45,True,OK,"World Bank WDI TM.TAX.MRCH.WM.AR.ZS (tariff rate, applied, weighted mean, all products)",REAL
COL,ANY,ALL,1992,10.55,True,OK,"World Bank WDI TM.TAX.MRCH.WM.AR.ZS (tariff rate, applied, weighted mean, all products)",REAL
COL,ANY,ALL,1994,11.64,True,OK,"World Bank WDI TM.TAX.MRCH.WM.AR.ZS (tariff rate, applied, weighted mean, all products)",REAL
COL,ANY,ALL,1995,11.91,True,OK,"World Bank WDI TM.TAX.MRCH.WM.AR.ZS (tariff rate, applied, weighted mean, all products)",REAL
COL,ANY,ALL,1996,11.19,True,OK,"World Bank WDI TM.TAX.MRCH.WM.AR.ZS (tariff rate, applied, weighted mean, all products)",REAL
COL,ANY,ALL,1997,11.31,True,OK,"World Bank WDI TM.TAX.MRCH.WM.AR.ZS (tariff rate, applied, weighted mean, all products)",REAL
COL,ANY,ALL,1998,11.18,True,OK,"World Bank WDI TM.TAX.MRCH.WM.AR.ZS (tariff rate, applied, weighted mean, all products)",REAL
COL,ANY,ALL,1999,10.68,True,OK,"World Bank WDI TM.TAX.MRCH.WM.AR.ZS (tariff rate, applied, weighted mean, all products)",REAL
COL,ANY,ALL,2000,10.96,True,OK,"World Bank WDI TM.TAX.MRCH.WM.AR.ZS (tariff rate, applied, weighted mean, all products)",REAL
COL,ANY,ALL,2001,10.83,True,OK,"World Bank WDI TM.TAX.MRCH.WM.AR.ZS (tariff rate, applied, weighted mean, all products)",REAL
COL,ANY,ALL,2002,11.28,True,OK,"World Bank WDI TM.TAX.MRCH.WM.AR.ZS (tariff rate, applied, weighted mean, all products)",REAL
COL,ANY,ALL,2003,11.06,True,OK,"World Bank WDI TM.TAX.MRCH.WM.AR.ZS (tariff rate, applied, weighted mean, all products)",REAL
COL,ANY,ALL,2004,9.77,True,OK,"World Bank WDI TM.TAX.MRCH.WM.AR.ZS (tariff rate, applied, weighted mean, all products)",REAL
COL,ANY,ALL,2005,9.62,True,OK,"World Bank WDI TM.TAX.MRCH.WM.AR.ZS (tariff rate, applied, weighted mean, all products)",REAL
COL,ANY,ALL,2006,8.75,True,OK,"World Bank WDI TM.TAX.MRCH.WM.AR.ZS (tariff rate, applied, weighted mean, all products)",REAL
COL,ANY,ALL,2007,8.82,True,OK,"World Bank WDI TM.TAX.MRCH.WM.AR.ZS (tariff rate, applied, weighted mean, all products)",REAL
COL,ANY,ALL,2008,8.72,True,OK,"World Bank WDI TM.TAX.MRCH.WM.AR.ZS (tariff rate, applied, weighted mean, all products)",REAL
COL,ANY,ALL,2009,8.23,True,OK,"World Bank WDI TM.TAX.MRCH.WM.AR.ZS (tariff rate, applied, weighted mean, all products)",REAL
COL,ANY,ALL,2010,9.02,True,OK,"World Bank WDI TM.TAX.MRCH.WM.AR.ZS (tariff rate, applied, weighted mean, all products)",REAL
COL,ANY,ALL,2011,5.51,True,OK,"World Bank WDI TM.TAX.MRCH.WM.AR.ZS (tariff rate, applied, weighted mean, all products)",REAL
COL,ANY,ALL,2012,4.43,True,OK,"World Bank WDI TM.TAX.MRCH.WM.AR.ZS (tariff rate, applied, weighted mean, all products)",REAL
COL,ANY,ALL,2013,4.51,True,OK,"World Bank WDI TM.TAX.MRCH.WM.AR.ZS (tariff rate, applied, weighted mean, all products)",REAL
COL,ANY,ALL,2014,4.21,True,OK,"World Bank WDI TM.TAX.MRCH.WM.AR.ZS (tariff rate, applied, weighted mean, all products)",REAL
COL,ANY,ALL,2015,6.54,True,OK,"World Bank WDI TM.TAX.MRCH.WM.AR.ZS (tariff rate, applied, weighted mean, all products)",REAL
COL,ANY,ALL,2016,6.98,True,OK,"World Bank WDI TM.TAX.MRCH.WM.AR.ZS (tariff rate, applied, weighted mean, all products)",REAL
COL,ANY,ALL,2017,4.4,True,OK,"World Bank WDI TM.TAX.MRCH.WM.AR.ZS (tariff rate, applied, weighted mean, all products)",REAL
COL,ANY,ALL,2018,3.28,True,OK,"World Bank WDI TM.TAX.MRCH.WM.AR.ZS (tariff rate, applied, weighted mean, all products)",REAL
COL,ANY,ALL,2019,2.92,True,OK,"World Bank WDI TM.TAX.MRCH.WM.AR.ZS (tariff rate, applied, weighted mean, all products)",REAL
COL,ANY,ALL,2020,2.4,True,OK,"World Bank WDI TM.TAX.MRCH.WM.AR.ZS (tariff rate, applied, weighted mean, all products)",REAL
COL,ANY,ALL,2021,2.58,True,OK,"World Bank WDI TM.TAX.MRCH.WM.AR.ZS (tariff rate, applied, weighted mean, all products)",REAL
COL,ANY,ALL,2022,2.83,True,OK,"World Bank WDI TM.TAX.MRCH.WM.AR.ZS (tariff rate, applied, weighted mean, all products)",REAL
COM,ANY,ALL,2008,4.58,True,OK,"World Bank WDI TM.TAX.MRCH.WM.AR.ZS (tariff rate, applied, weighted mean, all products)",REAL
COM,ANY,ALL,2010,6.06,True,OK,"World Bank WDI TM.TAX.MRCH.WM.AR.ZS (tariff rate, applied, weighted mean, all products)",REAL
COM,ANY,ALL,2011,6.06,True,OK,"World Bank WDI TM.TAX.MRCH.WM.AR.ZS (tariff rate, applied, weighted mean, all products)",REAL
COM,ANY,ALL,2012,6.19,True,OK,"World Bank WDI TM.TAX.MRCH.WM.AR.ZS (tariff rate, applied, weighted mean, all products)",REAL
COM,ANY,ALL,2013,6.48,True,OK,"World Bank WDI TM.TAX.MRCH.WM.AR.ZS (tariff rate, applied, weighted mean, all products)",REAL
COM,ANY,ALL,2014,7.41,True,OK,"World Bank WDI TM.TAX.MRCH.WM.AR.ZS (tariff rate, applied, weighted mean, all products)",REAL
COM,ANY,ALL,2015,5.04,True,OK,"World Bank WDI TM.TAX.MRCH.WM.AR.ZS (tariff rate, applied, weighted mean, all products)",REAL
COM,ANY,ALL,2017,10.43,True,OK,"World Bank WDI TM.TAX.MRCH.WM.AR.ZS (tariff rate, applied, weighted mean, all products)",REAL
COM,ANY,ALL,2018,7.04,True,OK,"World Bank WDI TM.TAX.MRCH.WM.AR.ZS (tariff rate, applied, weighted mean, all products)",REAL
COM,ANY,ALL,2019,4.24,True,OK,"World Bank WDI TM.TAX.MRCH.WM.AR.ZS (tariff rate, applied, weighted mean, all products)",REAL
COM,ANY,ALL,2020,4.58,True,OK,"World Bank WDI TM.TAX.MRCH.WM.AR.ZS (tariff rate, applied, weighted mean, all products)",REAL
COM,ANY,ALL,2021,4.34,True,OK,"World Bank WDI TM.TAX.MRCH.WM.AR.ZS (tariff rate, applied, weighted mean, all products)",REAL
CPV,ANY,ALL,2005,13.75,True,OK,"World Bank WDI TM.TAX.MRCH.WM.AR.ZS (tariff rate, applied, weighted mean, all products)",REAL
CPV,ANY,ALL,2006,13.19,True,OK,"World Bank WDI TM.TAX.MRCH.WM.AR.ZS (tariff rate, applied, weighted mean, all products)",REAL
CPV,ANY,ALL,2007,12.23,True,OK,"World Bank WDI TM.TAX.MRCH.WM.AR.ZS (tariff rate, applied, weighted mean, all products)",REAL
CPV,ANY,ALL,2008,12.23,True,OK,"World Bank WDI TM.TAX.MRCH.WM.AR.ZS (tariff rate, applied, weighted mean, all products)",REAL
CPV,ANY,ALL,2009,11.93,True,OK,"World Bank WDI TM.TAX.MRCH.WM.AR.ZS (tariff rate, applied, weighted mean, all products)",REAL
CPV,ANY,ALL,2010,11.05,True,OK,"World Bank WDI TM.TAX.MRCH.WM.AR.ZS (tariff rate, applied, weighted mean, all products)",REAL
CPV,ANY,ALL,2011,10.3,True,OK,"World Bank WDI TM.TAX.MRCH.WM.AR.ZS (tariff rate, applied, weighted mean, all products)",REAL
CPV,ANY,ALL,2012,10.6,True,OK,"World Bank WDI TM.TAX.MRCH.WM.AR.ZS (tariff rate, applied, weighted mean, all products)",REAL
CPV,ANY,ALL,2013,10.89,True,OK,"World Bank WDI TM.TAX.MRCH.WM.AR.ZS (tariff rate, applied, weighted mean, all products)",REAL
CPV,ANY,ALL,2015,10.89,True,OK,"World Bank WDI TM.TAX.MRCH.WM.AR.ZS (tariff rate, applied, weighted mean, all products)",REAL
CPV,ANY,ALL,2019,11.55,True,OK,"World Bank WDI TM.TAX.MRCH.WM.AR.ZS (tariff rate, applied, weighted mean, all products)",REAL
CPV,ANY,ALL,2020,12.18,True,OK,"World Bank WDI TM.TAX.MRCH.WM.AR.ZS (tariff rate, applied, weighted mean, all products)",REAL
CPV,ANY,ALL,2021,9.96,True,OK,"World Bank WDI TM.TAX.MRCH.WM.AR.ZS (tariff rate, applied, weighted mean, all products)",REAL
CPV,ANY,ALL,2022,12.56,True,OK,"World Bank WDI TM.TAX.MRCH.WM.AR.ZS (tariff rate, applied, weighted mean, all products)",REAL
CRI,ANY,ALL,1995,8.56,True,OK,"World Bank WDI TM.TAX.MRCH.WM.AR.ZS (tariff rate, applied, weighted mean, all products)",REAL
CRI,ANY,ALL,1996,9.04,True,OK,"World Bank WDI TM.TAX.MRCH.WM.AR.ZS (tariff rate, applied, weighted mean, all products)",REAL
CRI,ANY,ALL,1997,7.53,True,OK,"World Bank WDI TM.TAX.MRCH.WM.AR.ZS (tariff rate, applied, weighted mean, all products)",REAL
CRI,ANY,ALL,1998,6.32,True,OK,"World Bank WDI TM.TAX.MRCH.WM.AR.ZS (tariff rate, applied, weighted mean, all products)",REAL
CRI,ANY,ALL,1999,4.07,True,OK,"World Bank WDI TM.TAX.MRCH.WM.AR.ZS (tariff rate, applied, weighted mean, all products)",REAL
CRI,ANY,ALL,2000,3.7,True,OK,"World Bank WDI TM.TAX.MRCH.WM.AR.ZS (tariff rate, applied, weighted mean, all products)",REAL
CRI,ANY,ALL,2001,4.44,True,OK,"World Bank WDI TM.TAX.MRCH.WM.AR.ZS (tariff rate, applied, weighted mean, all products)",REAL
CRI,ANY,ALL,2002,4.23,True,OK,"World Bank WDI TM.TAX.MRCH.WM.AR.ZS (tariff rate, applied, weighted mean, all products)",REAL
CRI,ANY,ALL,2003,3.44,True,OK,"World Bank WDI TM.TAX.MRCH.WM.AR.ZS (tariff rate, applied, weighted mean, all products)",REAL
CRI,ANY,ALL,2004,4.04,True,OK,"World Bank WDI TM.TAX.MRCH.WM.AR.ZS (tariff rate, applied, weighted mean, all products)",REAL
CRI,ANY,ALL,2005,4.14,True,OK,"World Bank WDI TM.TAX.MRCH.WM.AR.ZS (tariff rate, applied, weighted mean, all products)",REAL
CRI,ANY,ALL,2006,3.32,True,OK,"World Bank WDI TM.TAX.MRCH.WM.AR.ZS (tariff rate, applied, weighted mean, all products)",REAL
CRI,ANY,ALL,2007,3.76,True,OK,"World Bank WDI TM.TAX.MRCH.WM.AR.ZS (tariff rate, applied, weighted mean, all products)",REAL
CRI,ANY,ALL,2008,3.31,True,OK,"World Bank WDI TM.TAX.MRCH.WM.AR.ZS (tariff rate, applied, weighted mean, all products)",REAL
CRI,ANY,ALL,2009,2.18,True,OK,"World Bank WDI TM.TAX.MRCH.WM.AR.ZS (tariff rate, applied, weighted mean, all products)",REAL
CRI,ANY,ALL,2010,2.07,True,OK,"World Bank WDI TM.TAX.MRCH.WM.AR.ZS (tariff rate, applied, weighted mean, all products)",REAL
CRI,ANY,ALL,2011,2.13,True,OK,"World Bank WDI TM.TAX.MRCH.WM.AR.ZS (tariff rate, applied, weighted mean, all products)",REAL
CRI,ANY,ALL,2012,1.76,True,OK,"World Bank WDI TM.TAX.MRCH.WM.AR.ZS (tariff rate, applied, weighted mean, all products)",REAL
CRI,ANY,ALL,2013,1.8,True,OK,"World Bank WDI TM.TAX.MRCH.WM.AR.ZS (tariff rate, applied, weighted mean, all products)",REAL
CRI,ANY,ALL,2014,1.73,True,OK,"World Bank WDI TM.TAX.MRCH.WM.AR.ZS (tariff rate, applied, weighted mean, all products)",REAL
CRI,ANY,ALL,2016,1.78,True,OK,"World Bank WDI TM.TAX.MRCH.WM.AR.ZS (tariff rate, applied, weighted mean, all products)",REAL
CRI,ANY,ALL,2018,1.8,True,OK,"World Bank WDI TM.TAX.MRCH.WM.AR.ZS (tariff rate, applied, weighted mean, all products)",REAL
CRI,ANY,ALL,2019,1.62,True,OK,"World Bank WDI TM.TAX.MRCH.WM.AR.ZS (tariff rate, applied, weighted mean, all products)",REAL
CRI,ANY,ALL,2020,1.51,True,OK,"World Bank WDI TM.TAX.MRCH.WM.AR.ZS (tariff rate, applied, weighted mean, all products)",REAL
CRI,ANY,ALL,2021,1.43,True,OK,"World Bank WDI TM.TAX.MRCH.WM.AR.ZS (tariff rate, applied, weighted mean, all products)",REAL
CRI,ANY,ALL,2022,1.3,True,OK,"World Bank WDI TM.TAX.MRCH.WM.AR.ZS (tariff rate, applied, weighted mean, all products)",REAL
CUB,ANY,ALL,1993,10.75,True,OK,"World Bank WDI TM.TAX.MRCH.WM.AR.ZS (tariff rate, applied, weighted mean, all products)",REAL
CUB,ANY,ALL,1996,8.88,True,OK,"World Bank WDI TM.TAX.MRCH.WM.AR.ZS (tariff rate, applied, weighted mean, all products)",REAL
CUB,ANY,ALL,1997,8.82,True,OK,"World Bank WDI TM.TAX.MRCH.WM.AR.ZS (tariff rate, applied, weighted mean, all products)",REAL
CUB,ANY,ALL,1998,8.88,True,OK,"World Bank WDI TM.TAX.MRCH.WM.AR.ZS (tariff rate, applied, weighted mean, all products)",REAL
CUB,ANY,ALL,1999,8.78,True,OK,"World Bank WDI TM.TAX.MRCH.WM.AR.ZS (tariff rate, applied, weighted mean, all products)",REAL
CUB,ANY,ALL,2000,8.45,True,OK,"World Bank WDI TM.TAX.MRCH.WM.AR.ZS (tariff rate, applied, weighted mean, all products)",REAL
CUB,ANY,ALL,2001,9.15,True,OK,"World Bank WDI TM.TAX.MRCH.WM.AR.ZS (tariff rate, applied, weighted mean, all products)",REAL
CUB,ANY,ALL,2002,8.79,True,OK,"World Bank WDI TM.TAX.MRCH.WM.AR.ZS (tariff rate, applied, weighted mean, all products)",REAL
CUB,ANY,ALL,2003,9.01,True,OK,"World Bank WDI TM.TAX.MRCH.WM.AR.ZS (tariff rate, applied, weighted mean, all products)",REAL
CUB,ANY,ALL,2004,7.78,True,OK,"World Bank WDI TM.TAX.MRCH.WM.AR.ZS (tariff rate, applied, weighted mean, all products)",REAL
CUB,ANY,ALL,2005,7.26,True,OK,"World Bank WDI TM.TAX.MRCH.WM.AR.ZS (tariff rate, applied, weighted mean, all products)",REAL
CUB,ANY,ALL,2006,9.25,True,OK,"World Bank WDI TM.TAX.MRCH.WM.AR.ZS (tariff rate, applied, weighted mean, all products)",REAL
CUB,ANY,ALL,2007,9.23,True,OK,"World Bank WDI TM.TAX.MRCH.WM.AR.ZS (tariff rate, applied, weighted mean, all products)",REAL
CUB,ANY,ALL,2008,9.13,True,OK,"World Bank WDI TM.TAX.MRCH.WM.AR.ZS (tariff rate, applied, weighted mean, all products)",REAL
CUB,ANY,ALL,2009,9.15,True,OK,"World Bank WDI TM.TAX.MRCH.WM.AR.ZS (tariff rate, applied, weighted mean, all products)",REAL
CUB,ANY,ALL,2010,8.88,True,OK,"World Bank WDI TM.TAX.MRCH.WM.AR.ZS (tariff rate, applied, weighted mean, all products)",REAL
CUB,ANY,ALL,2011,8.07,True,OK,"World Bank WDI TM.TAX.MRCH.WM.AR.ZS (tariff rate, applied, weighted mean, all products)",REAL
CUB,ANY,ALL,2012,8.18,True,OK,"World Bank WDI TM.TAX.MRCH.WM.AR.ZS (tariff rate, applied, weighted mean, all products)",REAL
CUB,ANY,ALL,2013,7.74,True,OK,"World Bank WDI TM.TAX.MRCH.WM.AR.ZS (tariff rate, applied, weighted mean, all products)",REAL
CUB,ANY,ALL,2015,7.66,True,OK,"World Bank WDI TM.TAX.MRCH.WM.AR.ZS (tariff rate, applied, weighted mean, all products)",REAL
CUB,ANY,ALL,2016,8.02,True,OK,"World Bank WDI TM.TAX.MRCH.WM.AR.ZS (tariff rate, applied, weighted mean, all products)",REAL
CUB,ANY,ALL,2017,7.15,True,OK,"World Bank WDI TM.TAX.MRCH.WM.AR.ZS (tariff rate, applied, weighted mean, all products)",REAL
CUB,ANY,ALL,2019,8.54,True,OK,"World Bank WDI TM.TAX.MRCH.WM.AR.ZS (tariff rate, applied, weighted mean, all products)",REAL
CUB,ANY,ALL,2020,8.83,True,OK,"World Bank WDI TM.TAX.MRCH.WM.AR.ZS (tariff rate, applied, weighted mean, all products)",REAL
CUB,ANY,ALL,2021,8.91,True,OK,"World Bank WDI TM.TAX.MRCH.WM.AR.ZS (tariff rate, applied, weighted mean, all products)",REAL
CUB,ANY,ALL,2022,9.16,True,OK,"World Bank WDI TM.TAX.MRCH.WM.AR.ZS (tariff rate, applied, weighted mean, all products)",REAL
CYM,ANY,ALL,2016,16.72,True,OK,"World Bank WDI TM.TAX.MRCH.WM.AR.ZS (tariff rate, applied, weighted mean, all products)",REAL
CYM,ANY,ALL,2021,20.39,True,OK,"World Bank WDI TM.TAX.MRCH.WM.AR.ZS (tariff rate, applied, weighted mean, all products)",REAL
CYP,ANY,ALL,1996,10.67,True,OK,"World Bank WDI TM.TAX.MRCH.WM.AR.ZS (tariff rate, applied, weighted mean, all products)",REAL
CYP,ANY,ALL,1997,9.75,True,OK,"World Bank WDI TM.TAX.MRCH.WM.AR.ZS (tariff rate, applied, weighted mean, all products)",REAL
CYP,ANY,ALL,1998,10.95,True,OK,"World Bank WDI TM.TAX.MRCH.WM.AR.ZS (tariff rate, applied, weighted mean, all products)",REAL
CYP,ANY,ALL,1999,8.93,True,OK,"World Bank WDI TM.TAX.MRCH.WM.AR.ZS (tariff rate, applied, weighted mean, all products)",REAL
CYP,ANY,ALL,2000,5.24,True,OK,"World Bank WDI TM.TAX.MRCH.WM.AR.ZS (tariff rate, applied, weighted mean, all products)",REAL
CYP,ANY,ALL,2001,6.78,True,OK,"World Bank WDI TM.TAX.MRCH.WM.AR.ZS (tariff rate, applied, weighted mean, all products)",REAL
CYP,ANY,ALL,2002,8.83,True,OK,"World Bank WDI TM.TAX.MRCH.WM.AR.ZS (tariff rate, applied, weighted mean, all products)",REAL
CYP,ANY,ALL,2004,2.24,True,OK,"World Bank WDI TM.TAX.MRCH.WM.AR.ZS (tariff rate, applied, weighted mean, all products)",REAL
CYP,ANY,ALL,2005,2.46,True,OK,"World Bank WDI TM.TAX.MRCH.WM.AR.ZS (tariff rate, applied, weighted mean, all products)",REAL
CYP,ANY,ALL,2006,2.3,True,OK,"World Bank WDI TM.TAX.MRCH.WM.AR.ZS (tariff rate, applied, weighted mean, all products)",REAL
CYP,ANY,ALL,2007,2.24,True,OK,"World Bank WDI TM.TAX.MRCH.WM.AR.ZS (tariff rate, applied, weighted mean, all products)",REAL
CYP,ANY,ALL,2008,1.72,True,OK,"World Bank WDI TM.TAX.MRCH.WM.AR.ZS (tariff rate, applied, weighted mean, all products)",REAL
CYP,ANY,ALL,2009,1.85,True,OK,"World Bank WDI TM.TAX.MRCH.WM.AR.ZS (tariff rate, applied, weighted mean, all products)",REAL
CYP,ANY,ALL,2010,2.13,True,OK,"World Bank WDI TM.TAX.MRCH.WM.AR.ZS (tariff rate, applied, weighted mean, all products)",REAL
CYP,ANY,ALL,2011,1.59,True,OK,"World Bank WDI TM.TAX.MRCH.WM.AR.ZS (tariff rate, applied, weighted mean, all products)",REAL
CYP,ANY,ALL,2012,1.46,True,OK,"World Bank WDI TM.TAX.MRCH.WM.AR.ZS (tariff rate, applied, weighted mean, all products)",REAL
CYP,ANY,ALL,2013,1.49,True,OK,"World Bank WDI TM.TAX.MRCH.WM.AR.ZS (tariff rate, applied, weighted mean, all products)",REAL
CYP,ANY,ALL,2014,2.03,True,OK,"World Bank WDI TM.TAX.MRCH.WM.AR.ZS (tariff rate, applied, weighted mean, all products)",REAL
CYP,ANY,ALL,2015,2.02,True,OK,"World Bank WDI TM.TAX.MRCH.WM.AR.ZS (tariff rate, applied, weighted mean, all products)",REAL
CYP,ANY,ALL,2016,2.09,True,OK,"World Bank WDI TM.TAX.MRCH.WM.AR.ZS (tariff rate, applied, weighted mean, all products)",REAL
CYP,ANY,ALL,2017,1.96,True,OK,"World Bank WDI TM.TAX.MRCH.WM.AR.ZS (tariff rate, applied, weighted mean, all products)",REAL
CYP,ANY,ALL,2018,1.83,True,OK,"World Bank WDI TM.TAX.MRCH.WM.AR.ZS (tariff rate, applied, weighted mean, all products)",REAL
CYP,ANY,ALL,2019,1.84,True,OK,"World Bank WDI TM.TAX.MRCH.WM.AR.ZS (tariff rate, applied, weighted mean, all products)",REAL
CYP,ANY,ALL,2020,1.48,True,OK,"World Bank WDI TM.TAX.MRCH.WM.AR.ZS (tariff rate, applied, weighted mean, all products)",REAL
CYP,ANY,ALL,2021,1.39,True,OK,"World Bank WDI TM.TAX.MRCH.WM.AR.ZS (tariff rate, applied, weighted mean, all products)",REAL
CYP,ANY,ALL,2022,1.33,True,OK,"World Bank WDI TM.TAX.MRCH.WM.AR.ZS (tariff rate, applied, weighted mean, all products)",REAL
CZE,ANY,ALL,1996,5.83,True,OK,"World Bank WDI TM.TAX.MRCH.WM.AR.ZS (tariff rate, applied, weighted mean, all products)",REAL
CZE,ANY,ALL,1997,5.45,True,OK,"World Bank WDI TM.TAX.MRCH.WM.AR.ZS (tariff rate, applied, weighted mean, all products)",REAL
CZE,ANY,ALL,1998,5.17,True,OK,"World Bank WDI TM.TAX.MRCH.WM.AR.ZS (tariff rate, applied, weighted mean, all products)",REAL
CZE,ANY,ALL,1999,2.79,True,OK,"World Bank WDI TM.TAX.MRCH.WM.AR.ZS (tariff rate, applied, weighted mean, all products)",REAL
CZE,ANY,ALL,2000,4.32,True,OK,"World Bank WDI TM.TAX.MRCH.WM.AR.ZS (tariff rate, applied, weighted mean, all products)",REAL
CZE,ANY,ALL,2001,4.21,True,OK,"World Bank WDI TM.TAX.MRCH.WM.AR.ZS (tariff rate, applied, weighted mean, all products)",REAL
CZE,ANY,ALL,2002,4.33,True,OK,"World Bank WDI TM.TAX.MRCH.WM.AR.ZS (tariff rate, applied, weighted mean, all products)",REAL
CZE,ANY,ALL,2003,4.35,True,OK,"World Bank WDI TM.TAX.MRCH.WM.AR.ZS (tariff rate, applied, weighted mean, all products)",REAL
CZE,ANY,ALL,2004,2.24,True,OK,"World Bank WDI TM.TAX.MRCH.WM.AR.ZS (tariff rate, applied, weighted mean, all products)",REAL
CZE,ANY,ALL,2005,2.46,True,OK,"World Bank WDI TM.TAX.MRCH.WM.AR.ZS (tariff rate, applied, weighted mean, all products)",REAL
CZE,ANY,ALL,2006,2.3,True,OK,"World Bank WDI TM.TAX.MRCH.WM.AR.ZS (tariff rate, applied, weighted mean, all products)",REAL
CZE,ANY,ALL,2007,2.24,True,OK,"World Bank WDI TM.TAX.MRCH.WM.AR.ZS (tariff rate, applied, weighted mean, all products)",REAL
CZE,ANY,ALL,2008,1.72,True,OK,"World Bank WDI TM.TAX.MRCH.WM.AR.ZS (tariff rate, applied, weighted mean, all products)",REAL
CZE,ANY,ALL,2009,1.85,True,OK,"World Bank WDI TM.TAX.MRCH.WM.AR.ZS (tariff rate, applied, weighted mean, all products)",REAL
CZE,ANY,ALL,2010,2.13,True,OK,"World Bank WDI TM.TAX.MRCH.WM.AR.ZS (tariff rate, applied, weighted mean, all products)",REAL
CZE,ANY,ALL,2011,1.59,True,OK,"World Bank WDI TM.TAX.MRCH.WM.AR.ZS (tariff rate, applied, weighted mean, all products)",REAL
CZE,ANY,ALL,2012,1.46,True,OK,"World Bank WDI TM.TAX.MRCH.WM.AR.ZS (tariff rate, applied, weighted mean, all products)",REAL
CZE,ANY,ALL,2013,1.49,True,OK,"World Bank WDI TM.TAX.MRCH.WM.AR.ZS (tariff rate, applied, weighted mean, all products)",REAL
CZE,ANY,ALL,2014,2.03,True,OK,"World Bank WDI TM.TAX.MRCH.WM.AR.ZS (tariff rate, applied, weighted mean, all products)",REAL
CZE,ANY,ALL,2015,2.02,True,OK,"World Bank WDI TM.TAX.MRCH.WM.AR.ZS (tariff rate, applied, weighted mean, all products)",REAL
CZE,ANY,ALL,2016,2.09,True,OK,"World Bank WDI TM.TAX.MRCH.WM.AR.ZS (tariff rate, applied, weighted mean, all products)",REAL
CZE,ANY,ALL,2017,1.96,True,OK,"World Bank WDI TM.TAX.MRCH.WM.AR.ZS (tariff rate, applied, weighted mean, all products)",REAL
CZE,ANY,ALL,2018,1.83,True,OK,"World Bank WDI TM.TAX.MRCH.WM.AR.ZS (tariff rate, applied, weighted mean, all products)",REAL
CZE,ANY,ALL,2019,1.84,True,OK,"World Bank WDI TM.TAX.MRCH.WM.AR.ZS (tariff rate, applied, weighted mean, all products)",REAL
CZE,ANY,ALL,2020,1.48,True,OK,"World Bank WDI TM.TAX.MRCH.WM.AR.ZS (tariff rate, applied, weighted mean, all products)",REAL
CZE,ANY,ALL,2021,1.39,True,OK,"World Bank WDI TM.TAX.MRCH.WM.AR.ZS (tariff rate, applied, weighted mean, all products)",REAL
CZE,ANY,ALL,2022,1.33,True,OK,"World Bank WDI TM.TAX.MRCH.WM.AR.ZS (tariff rate, applied, weighted mean, all products)",REAL
DEU,ANY,ALL,2000,2.41,True,OK,"World Bank WDI TM.TAX.MRCH.WM.AR.ZS (tariff rate, applied, weighted mean, all products)",REAL
DEU,ANY,ALL,2001,3.37,True,OK,"World Bank WDI TM.TAX.MRCH.WM.AR.ZS (tariff rate, applied, weighted mean, all products)",REAL
DEU,ANY,ALL,2002,2.45,True,OK,"World Bank WDI TM.TAX.MRCH.WM.AR.ZS (tariff rate, applied, weighted mean, all products)",REAL
DEU,ANY,ALL,2003,2.52,True,OK,"World Bank WDI TM.TAX.MRCH.WM.AR.ZS (tariff rate, applied, weighted mean, all products)",REAL
DEU,ANY,ALL,2004,2.24,True,OK,"World Bank WDI TM.TAX.MRCH.WM.AR.ZS (tariff rate, applied, weighted mean, all products)",REAL
DEU,ANY,ALL,2005,2.46,True,OK,"World Bank WDI TM.TAX.MRCH.WM.AR.ZS (tariff rate, applied, weighted mean, all products)",REAL
DEU,ANY,ALL,2006,2.3,True,OK,"World Bank WDI TM.TAX.MRCH.WM.AR.ZS (tariff rate, applied, weighted mean, all products)",REAL
DEU,ANY,ALL,2007,2.24,True,OK,"World Bank WDI TM.TAX.MRCH.WM.AR.ZS (tariff rate, applied, weighted mean, all products)",REAL
DEU,ANY,ALL,2008,1.72,True,OK,"World Bank WDI TM.TAX.MRCH.WM.AR.ZS (tariff rate, applied, weighted mean, all products)",REAL
DEU,ANY,ALL,2009,1.85,True,OK,"World Bank WDI TM.TAX.MRCH.WM.AR.ZS (tariff rate, applied, weighted mean, all products)",REAL
DEU,ANY,ALL,2010,2.13,True,OK,"World Bank WDI TM.TAX.MRCH.WM.AR.ZS (tariff rate, applied, weighted mean, all products)",REAL
DEU,ANY,ALL,2011,1.59,True,OK,"World Bank WDI TM.TAX.MRCH.WM.AR.ZS (tariff rate, applied, weighted mean, all products)",REAL
DEU,ANY,ALL,2012,1.46,True,OK,"World Bank WDI TM.TAX.MRCH.WM.AR.ZS (tariff rate, applied, weighted mean, all products)",REAL
DEU,ANY,ALL,2013,1.49,True,OK,"World Bank WDI TM.TAX.MRCH.WM.AR.ZS (tariff rate, applied, weighted mean, all products)",REAL
DEU,ANY,ALL,2014,2.03,True,OK,"World Bank WDI TM.TAX.MRCH.WM.AR.ZS (tariff rate, applied, weighted mean, all products)",REAL
DEU,ANY,ALL,2015,2.02,True,OK,"World Bank WDI TM.TAX.MRCH.WM.AR.ZS (tariff rate, applied, weighted mean, all products)",REAL
DEU,ANY,ALL,2016,2.09,True,OK,"World Bank WDI TM.TAX.MRCH.WM.AR.ZS (tariff rate, applied, weighted mean, all products)",REAL
DEU,ANY,ALL,2017,1.96,True,OK,"World Bank WDI TM.TAX.MRCH.WM.AR.ZS (tariff rate, applied, weighted mean, all products)",REAL
DEU,ANY,ALL,2018,1.83,True,OK,"World Bank WDI TM.TAX.MRCH.WM.AR.ZS (tariff rate, applied, weighted mean, all products)",REAL
DEU,ANY,ALL,2019,1.84,True,OK,"World Bank WDI TM.TAX.MRCH.WM.AR.ZS (tariff rate, applied, weighted mean, all products)",REAL
DEU,ANY,ALL,2020,1.48,True,OK,"World Bank WDI TM.TAX.MRCH.WM.AR.ZS (tariff rate, applied, weighted mean, all products)",REAL
DEU,ANY,ALL,2021,1.39,True,OK,"World Bank WDI TM.TAX.MRCH.WM.AR.ZS (tariff rate, applied, weighted mean, all products)",REAL
DEU,ANY,ALL,2022,1.33,True,OK,"World Bank WDI TM.TAX.MRCH.WM.AR.ZS (tariff rate, applied, weighted mean, all products)",REAL
DJI,ANY,ALL,1998,56.72,True,EXTREME_VALUE,"World Bank WDI TM.TAX.MRCH.WM.AR.ZS (tariff rate, applied, weighted mean, all products)",REAL
DJI,ANY,ALL,1999,217.78,True,EXTREME_VALUE;JUMP_GE_10PP,"World Bank WDI TM.TAX.MRCH.WM.AR.ZS (tariff rate, applied, weighted mean, all products)",REAL
DJI,ANY,ALL,2002,28.49,True,JUMP_GE_10PP,"World Bank WDI TM.TAX.MRCH.WM.AR.ZS (tariff rate, applied, weighted mean, all products)",REAL
DJI,ANY,ALL,2005,26.31,True,OK,"World Bank WDI TM.TAX.MRCH.WM.AR.ZS (tariff rate, applied, weighted mean, all products)",REAL
DJI,ANY,ALL,2006,27.16,True,OK,"World Bank WDI TM.TAX.MRCH.WM.AR.ZS (tariff rate, applied, weighted mean, all products)",REAL
DJI,ANY,ALL,2009,17.27,True,OK,"World Bank WDI TM.TAX.MRCH.WM.AR.ZS (tariff rate, applied, weighted mean, all products)",REAL
DJI,ANY,ALL,2011,17.7,True,OK,"World Bank WDI TM.TAX.MRCH.WM.AR.ZS (tariff rate, applied, weighted mean, all products)",REAL
DJI,ANY,ALL,2012,17.7,True,OK,"World Bank WDI TM.TAX.MRCH.WM.AR.ZS (tariff rate, applied, weighted mean, all products)",REAL
DJI,ANY,ALL,2014,17.56,True,OK,"World Bank WDI TM.TAX.MRCH.WM.AR.ZS (tariff rate, applied, weighted mean, all products)",REAL
DMA,ANY,ALL,1996,18.61,True,OK,"World Bank WDI TM.TAX.MRCH.WM.AR.ZS (tariff rate, applied, weighted mean, all products)",REAL
DMA,ANY,ALL,1997,15.98,True,OK,"World Bank WDI TM.TAX.MRCH.WM.AR.ZS (tariff rate, applied, weighted mean, all products)",REAL
DMA,ANY,ALL,1998,16.0,True,OK,"World Bank WDI TM.TAX.MRCH.WM.AR.ZS (tariff rate, applied, weighted mean, all products)",REAL
DMA,ANY,ALL,1999,15.96,True,OK,"World Bank WDI TM.TAX.MRCH.WM.AR.ZS (tariff rate, applied, weighted mean, all products)",REAL
DMA,ANY,ALL,2000,13.82,True,OK,"World Bank WDI TM.TAX.MRCH.WM.AR.ZS (tariff rate, applied, weighted mean, all products)",REAL
DMA,ANY,ALL,2001,13.51,True,OK,"World Bank WDI TM.TAX.MRCH.WM.AR.ZS (tariff rate, applied, weighted mean, all products)",REAL
DMA,ANY,ALL,2002,14.82,True,OK,"World Bank WDI TM.TAX.MRCH.WM.AR.ZS (tariff rate, applied, weighted mean, all products)",REAL
DMA,ANY,ALL,2003,14.2,True,OK,"World Bank WDI TM.TAX.MRCH.WM.AR.ZS (tariff rate, applied, weighted mean, all products)",REAL
DMA,ANY,ALL,2006,7.78,True,OK,"World Bank WDI TM.TAX.MRCH.WM.AR.ZS (tariff rate, applied, weighted mean, all products)",REAL
DMA,ANY,ALL,2007,7.85,True,OK,"World Bank WDI TM.TAX.MRCH.WM.AR.ZS (tariff rate, applied, weighted mean, all products)",REAL
DMA,ANY,ALL,2010,11.11,True,OK,"World Bank WDI TM.TAX.MRCH.WM.AR.ZS (tariff rate, applied, weighted mean, all products)",REAL
DMA,ANY,ALL,2011,8.18,True,OK,"World Bank WDI TM.TAX.MRCH.WM.AR.ZS (tariff rate, applied, weighted mean, all products)",REAL
DMA,ANY,ALL,2012,8.15,True,OK,"World Bank WDI TM.TAX.MRCH.WM.AR.ZS (tariff rate, applied, weighted mean, all products)",REAL
DMA,ANY,ALL,2013,8.7,True,OK,"World Bank WDI TM.TAX.MRCH.WM.AR.ZS (tariff rate, applied, weighted mean, all products)",REAL
DMA,ANY,ALL,2015,13.72,True,OK,"World Bank WDI TM.TAX.MRCH.WM.AR.ZS (tariff rate, applied, weighted mean, all products)",REAL
DMA,ANY,ALL,2016,8.41,True,OK,"World Bank WDI TM.TAX.MRCH.WM.AR.ZS (tariff rate, applied, weighted mean, all products)",REAL
DMA,ANY,ALL,2017,8.3,True,OK,"World Bank WDI TM.TAX.MRCH.WM.AR.ZS (tariff rate, applied, weighted mean, all products)",REAL
DMA,ANY,ALL,2020,7.84,True,OK,"World Bank WDI TM.TAX.MRCH.WM.AR.ZS (tariff rate, applied, weighted mean, all products)",REAL
DNK,ANY,ALL,2000,2.41,True,OK,"World Bank WDI TM.TAX.MRCH.WM.AR.ZS (tariff rate, applied, weighted mean, all products)",REAL
DNK,ANY,ALL,2001,3.37,True,OK,"World Bank WDI TM.TAX.MRCH.WM.AR.ZS (tariff rate, applied, weighted mean, all products)",REAL
DNK,ANY,ALL,2002,2.45,True,OK,"World Bank WDI TM.TAX.MRCH.WM.AR.ZS (tariff rate, applied, weighted mean, all products)",REAL
DNK,ANY,ALL,2003,2.52,True,OK,"World Bank WDI TM.TAX.MRCH.WM.AR.ZS (tariff rate, applied, weighted mean, all products)",REAL
DNK,ANY,ALL,2004,2.24,True,OK,"World Bank WDI TM.TAX.MRCH.WM.AR.ZS (tariff rate, applied, weighted mean, all products)",REAL
DNK,ANY,ALL,2005,2.46,True,OK,"World Bank WDI TM.TAX.MRCH.WM.AR.ZS (tariff rate, applied, weighted mean, all products)",REAL
DNK,ANY,ALL,2006,2.3,True,OK,"World Bank WDI TM.TAX.MRCH.WM.AR.ZS (tariff rate, applied, weighted mean, all products)",REAL
DNK,ANY,ALL,2007,2.24,True,OK,"World Bank WDI TM.TAX.MRCH.WM.AR.ZS (tariff rate, applied, weighted mean, all products)",REAL
DNK,ANY,ALL,2008,1.72,True,OK,"World Bank WDI TM.TAX.MRCH.WM.AR.ZS (tariff rate, applied, weighted mean, all products)",REAL
DNK,ANY,ALL,2009,1.85,True,OK,"World Bank WDI TM.TAX.MRCH.WM.AR.ZS (tariff rate, applied, weighted mean, all products)",REAL
DNK,ANY,ALL,2010,2.13,True,OK,"World Bank WDI TM.TAX.MRCH.WM.AR.ZS (tariff rate, applied, weighted mean, all products)",REAL
DNK,ANY,ALL,2011,1.59,True,OK,"World Bank WDI TM.TAX.MRCH.WM.AR.ZS (tariff rate, applied, weighted mean, all products)",REAL
DNK,ANY,ALL,2012,1.46,True,OK,"World Bank WDI TM.TAX.MRCH.WM.AR.ZS (tariff rate, applied, weighted mean, all products)",REAL
DNK,ANY,ALL,2013,1.49,True,OK,"World Bank WDI TM.TAX.MRCH.WM.AR.ZS (tariff rate, applied, weighted mean, all products)",REAL
DNK,ANY,ALL,2014,2.03,True,OK,"World Bank WDI TM.TAX.MRCH.WM.AR.ZS (tariff rate, applied, weighted mean, all products)",REAL
DNK,ANY,ALL,2015,2.02,True,OK,"World Bank WDI TM.TAX.MRCH.WM.AR.ZS (tariff rate, applied, weighted mean, all products)",REAL
DNK,ANY,ALL,2016,2.09,True,OK,"World Bank WDI TM.TAX.MRCH.WM.AR.ZS (tariff rate, applied, weighted mean, all products)",REAL
DNK,ANY,ALL,2017,1.96,True,OK,"World Bank WDI TM.TAX.MRCH.WM.AR.ZS (tariff rate, applied, weighted mean, all products)",REAL
DNK,ANY,ALL,2018,1.83,True,OK,"World Bank WDI TM.TAX.MRCH.WM.AR.ZS (tariff rate, applied, weighted mean, all products)",REAL
DNK,ANY,ALL,2019,1.84,True,OK,"World Bank WDI TM.TAX.MRCH.WM.AR.ZS (tariff rate, applied, weighted mean, all products)",REAL
DNK,ANY,ALL,2020,1.48,True,OK,"World Bank WDI TM.TAX.MRCH.WM.AR.ZS (tariff rate, applied, weighted mean, all products)",REAL
DNK,ANY,ALL,2021,1.39,True,OK,"World Bank WDI TM.TAX.MRCH.WM.AR.ZS (tariff rate, applied, weighted mean, all products)",REAL
DNK,ANY,ALL,2022,1.33,True,OK,"World Bank WDI TM.TAX.MRCH.WM.AR.ZS (tariff rate, applied, weighted mean, all products)",REAL
DOM,ANY,ALL,1996,7.87,True,OK,"World Bank WDI TM.TAX.MRCH.WM.AR.ZS (tariff rate, applied, weighted mean, all products)",REAL
DOM,ANY,ALL,1997,12.29,True,OK,"World Bank WDI TM.TAX.MRCH.WM.AR.ZS (tariff rate, applied, weighted mean, all products)",REAL
DOM,ANY,ALL,1998,7.87,True,OK,"World Bank WDI TM.TAX.MRCH.WM.AR.ZS (tariff rate, applied, weighted mean, all products)",REAL
DOM,ANY,ALL,1999,7.87,True,OK,"World Bank WDI TM.TAX.MRCH.WM.AR.ZS (tariff rate, applied, weighted mean, all products)",REAL
DOM,ANY,ALL,2000,15.86,True,OK,"World Bank WDI TM.TAX.MRCH.WM.AR.ZS (tariff rate, applied, weighted mean, all products)",REAL
DOM,ANY,ALL,2001,8.11,True,OK,"World Bank WDI TM.TAX.MRCH.WM.AR.ZS (tariff rate, applied, weighted mean, all products)",REAL
DOM,ANY,ALL,2002,9.2,True,OK,"World Bank WDI TM.TAX.MRCH.WM.AR.ZS (tariff rate, applied, weighted mean, all products)",REAL
DOM,ANY,ALL,2003,8.91,True,OK,"World Bank WDI TM.TAX.MRCH.WM.AR.ZS (tariff rate, applied, weighted mean, all products)",REAL
DOM,ANY,ALL,2004,8.92,True,OK,"World Bank WDI TM.TAX.MRCH.WM.AR.ZS (tariff rate, applied, weighted mean, all products)",REAL
DOM,ANY,ALL,2005,9.18,True,OK,"World Bank WDI TM.TAX.MRCH.WM.AR.ZS (tariff rate, applied, weighted mean, all products)",REAL
DOM,ANY,ALL,2006,8.33,True,OK,"World Bank WDI TM.TAX.MRCH.WM.AR.ZS (tariff rate, applied, weighted mean, all products)",REAL
DOM,ANY,ALL,2007,4.46,True,OK,"World Bank WDI TM.TAX.MRCH.WM.AR.ZS (tariff rate, applied, weighted mean, all products)",REAL
DOM,ANY,ALL,2008,5.71,True,OK,"World Bank WDI TM.TAX.MRCH.WM.AR.ZS (tariff rate, applied, weighted mean, all products)",REAL
DOM,ANY,ALL,2010,4.33,True,OK,"World Bank WDI TM.TAX.MRCH.WM.AR.ZS (tariff rate, applied, weighted mean, all products)",REAL
DOM,ANY,ALL,2011,6.29,True,OK,"World Bank WDI TM.TAX.MRCH.WM.AR.ZS (tariff rate, applied, weighted mean, all products)",REAL
DOM,ANY,ALL,2012,6.2,True,OK,"World Bank WDI TM.TAX.MRCH.WM.AR.ZS (tariff rate, applied, weighted mean, all products)",REAL
DOM,ANY,ALL,2013,6.37,True,OK,"World Bank WDI TM.TAX.MRCH.WM.AR.ZS (tariff rate, applied, weighted mean, all products)",REAL
DOM,ANY,ALL,2015,6.04,True,OK,"World Bank WDI TM.TAX.MRCH.WM.AR.ZS (tariff rate, applied, weighted mean, all products)",REAL
DOM,ANY,ALL,2016,4.6,True,OK,"World Bank WDI TM.TAX.MRCH.WM.AR.ZS (tariff rate, applied, weighted mean, all products)",REAL
DOM,ANY,ALL,2017,4.2,True,OK,"World Bank WDI TM.TAX.MRCH.WM.AR.ZS (tariff rate, applied, weighted mean, all products)",REAL
DOM,ANY,ALL,2018,4.2,True,OK,"World Bank WDI TM.TAX.MRCH.WM.AR.ZS (tariff rate, applied, weighted mean, all products)",REAL
DOM,ANY,ALL,2020,3.9,True,OK,"World Bank WDI TM.TAX.MRCH.WM.AR.ZS (tariff rate, applied, weighted mean, all products)",REAL
DOM,ANY,ALL,2021,3.8,True,OK,"World Bank WDI TM.TAX.MRCH.WM.AR.ZS (tariff rate, applied, weighted mean, all products)",REAL
DOM,ANY,ALL,2022,3.97,True,OK,"World Bank WDI TM.TAX.MRCH.WM.AR.ZS (tariff rate, applied, weighted mean, all products)",REAL
DZA,ANY,ALL,1993,15.44,True,OK,"World Bank WDI TM.TAX.MRCH.WM.AR.ZS (tariff rate, applied, weighted mean, all products)",REAL
DZA,ANY,ALL,1997,16.93,True,OK,"World Bank WDI TM.TAX.MRCH.WM.AR.ZS (tariff rate, applied, weighted mean, all products)",REAL
DZA,ANY,ALL,1998,17.26,True,OK,"World Bank WDI TM.TAX.MRCH.WM.AR.ZS (tariff rate, applied, weighted mean, all products)",REAL
DZA,ANY,ALL,2001,15.16,True,OK,"World Bank WDI TM.TAX.MRCH.WM.AR.ZS (tariff rate, applied, weighted mean, all products)",REAL
DZA,ANY,ALL,2002,12.99,True,OK,"World Bank WDI TM.TAX.MRCH.WM.AR.ZS (tariff rate, applied, weighted mean, all products)",REAL
DZA,ANY,ALL,2003,11.97,True,OK,"World Bank WDI TM.TAX.MRCH.WM.AR.ZS (tariff rate, applied, weighted mean, all products)",REAL
DZA,ANY,ALL,2005,10.23,True,OK,"World Bank WDI TM.TAX.MRCH.WM.AR.ZS (tariff rate, applied, weighted mean, all products)",REAL
DZA,ANY,ALL,2006,9.93,True,OK,"World Bank WDI TM.TAX.MRCH.WM.AR.ZS (tariff rate, applied, weighted mean, all products)",REAL
DZA,ANY,ALL,2007,9.63,True,OK,"World Bank WDI TM.TAX.MRCH.WM.AR.ZS (tariff rate, applied, weighted mean, all products)",REAL
DZA,ANY,ALL,2008,9.2,True,OK,"World Bank WDI TM.TAX.MRCH.WM.AR.ZS (tariff rate, applied, weighted mean, all products)",REAL
DZA,ANY,ALL,2009,9.36,True,OK,"World Bank WDI TM.TAX.MRCH.WM.AR.ZS (tariff rate, applied, weighted mean, all products)",REAL
DZA,ANY,ALL,2014,8.35,True,OK,"World Bank WDI TM.TAX.MRCH.WM.AR.ZS (tariff rate, applied, weighted mean, all products)",REAL
DZA,ANY,ALL,2015,8.27,True,OK,"World Bank WDI TM.TAX.MRCH.WM.AR.ZS (tariff rate, applied, weighted mean, all products)",REAL
DZA,ANY,ALL,2016,8.85,True,OK,"World Bank WDI TM.TAX.MRCH.WM.AR.ZS (tariff rate, applied, weighted mean, all products)",REAL
DZA,ANY,ALL,2017,9.38,True,OK,"World Bank WDI TM.TAX.MRCH.WM.AR.ZS (tariff rate, applied, weighted mean, all products)",REAL
DZA,ANY,ALL,2018,9.98,True,OK,"World Bank WDI TM.TAX.MRCH.WM.AR.ZS (tariff rate, applied, weighted mean, all products)",REAL
DZA,ANY,ALL,2019,9.99,True,OK,"World Bank WDI TM.TAX.MRCH.WM.AR.ZS (tariff rate, applied, weighted mean, all products)",REAL
DZA,ANY,ALL,2020,10.16,True,OK,"World Bank WDI TM.TAX.MRCH.WM.AR.ZS (tariff rate, applied, weighted mean, all products)",REAL
DZA,ANY,ALL,2021,10.29,True,OK,"World Bank WDI TM.TAX.MRCH.WM.AR.ZS (tariff rate, applied, weighted mean, all products)",REAL
DZA,ANY,ALL,2022,9.25,True,OK,"World Bank WDI TM.TAX.MRCH.WM.AR.ZS (tariff rate, applied, weighted mean, all products)",REAL
ECU,ANY,ALL,1993,8.15,True,OK,"World Bank WDI TM.TAX.MRCH.WM.AR.ZS (tariff rate, applied, weighted mean, all products)",REAL
ECU,ANY,ALL,1994,11.47,True,OK,"World Bank WDI TM.TAX.MRCH.WM.AR.ZS (tariff rate, applied, weighted mean, all products)",REAL
ECU,ANY,ALL,1995,11.05,True,OK,"World Bank WDI TM.TAX.MRCH.WM.AR.ZS (tariff rate, applied, weighted mean, all products)",REAL
ECU,ANY,ALL,1996,10.95,True,OK,"World Bank WDI TM.TAX.MRCH.WM.AR.ZS (tariff rate, applied, weighted mean, all products)",REAL
ECU,ANY,ALL,1997,10.39,True,OK,"World Bank WDI TM.TAX.MRCH.WM.AR.ZS (tariff rate, applied, weighted mean, all products)",REAL
ECU,ANY,ALL,1998,10.7,True,OK,"World Bank WDI TM.TAX.MRCH.WM.AR.ZS (tariff rate, applied, weighted mean, all products)",REAL
ECU,ANY,ALL,1999,11.11,True,OK,"World Bank WDI TM.TAX.MRCH.WM.AR.ZS (tariff rate, applied, weighted mean, all products)",REAL
ECU,ANY,ALL,2000,9.58,True,OK,"World Bank WDI TM.TAX.MRCH.WM.AR.ZS (tariff rate, applied, weighted mean, all products)",REAL
ECU,ANY,ALL,2001,11.16,True,OK,"World Bank WDI TM.TAX.MRCH.WM.AR.ZS (tariff rate, applied, weighted mean, all products)",REAL
ECU,ANY,ALL,2002,10.67,True,OK,"World Bank WDI TM.TAX.MRCH.WM.AR.ZS (tariff rate, applied, weighted mean, all products)",REAL
ECU,ANY,ALL,2003,9.9,True,OK,"World Bank WDI TM.TAX.MRCH.WM.AR.ZS (tariff rate, applied, weighted mean, all products)",REAL
ECU,ANY,ALL,2004,8.95,True,OK,"World Bank WDI TM.TAX.MRCH.WM.AR.ZS (tariff rate, applied, weighted mean, all products)",REAL
ECU,ANY,ALL,2005,8.69,True,OK,"World Bank WDI TM.TAX.MRCH.WM.AR.ZS (tariff rate, applied, weighted mean, all products)",REAL
ECU,ANY,ALL,2006,6.16,True,OK,"World Bank WDI TM.TAX.MRCH.WM.AR.ZS (tariff rate, applied, weighted mean, all products)",REAL
ECU,ANY,ALL,2007,5.9,True,OK,"World Bank WDI TM.TAX.MRCH.WM.AR.ZS (tariff rate, applied, weighted mean, all products)",REAL
ECU,ANY,ALL,2008,5.14,True,OK,"World Bank WDI TM.TAX.MRCH.WM.AR.ZS (tariff rate, applied, weighted mean, all products)",REAL
ECU,ANY,ALL,2009,4.5,True,OK,"World Bank WDI TM.TAX.MRCH.WM.AR.ZS (tariff rate, applied, weighted mean, all products)",REAL
ECU,ANY,ALL,2010,6.11,True,OK,"World Bank WDI TM.TAX.MRCH.WM.AR.ZS (tariff rate, applied, weighted mean, all products)",REAL
ECU,ANY,ALL,2011,4.2,True,OK,"World Bank WDI TM.TAX.MRCH.WM.AR.ZS (tariff rate, applied, weighted mean, all products)",REAL
ECU,ANY,ALL,2012,4.34,True,OK,"World Bank WDI TM.TAX.MRCH.WM.AR.ZS (tariff rate, applied, weighted mean, all products)",REAL
ECU,ANY,ALL,2014,5.09,True,OK,"World Bank WDI TM.TAX.MRCH.WM.AR.ZS (tariff rate, applied, weighted mean, all products)",REAL
ECU,ANY,ALL,2015,6.38,True,OK,"World Bank WDI TM.TAX.MRCH.WM.AR.ZS (tariff rate, applied, weighted mean, all products)",REAL
ECU,ANY,ALL,2016,6.81,True,OK,"World Bank WDI TM.TAX.MRCH.WM.AR.ZS (tariff rate, applied, weighted mean, all products)",REAL
ECU,ANY,ALL,2017,7.03,True,OK,"World Bank WDI TM.TAX.MRCH.WM.AR.ZS (tariff rate, applied, weighted mean, all products)",REAL
ECU,ANY,ALL,2018,7.35,True,OK,"World Bank WDI TM.TAX.MRCH.WM.AR.ZS (tariff rate, applied, weighted mean, all products)",REAL
ECU,ANY,ALL,2019,8.11,True,OK,"World Bank WDI TM.TAX.MRCH.WM.AR.ZS (tariff rate, applied, weighted mean, all products)",REAL
ECU,ANY,ALL,2020,6.21,True,OK,"World Bank WDI TM.TAX.MRCH.WM.AR.ZS (tariff rate, applied, weighted mean, all products)",REAL
ECU,ANY,ALL,2021,4.63,True,OK,"World Bank WDI TM.TAX.MRCH.WM.AR.ZS (tariff rate, applied, weighted mean, all products)",REAL
ECU,ANY,ALL,2022,5.19,True,OK,"World Bank WDI TM.TAX.MRCH.WM.AR.ZS (tariff rate, applied, weighted mean, all products)",REAL
EGY,ANY,ALL,1995,17.05,True,OK,"World Bank WDI TM.TAX.MRCH.WM.AR.ZS (tariff rate, applied, weighted mean, all products)",REAL
EGY,ANY,ALL,1998,14.17,True,OK,"World Bank WDI TM.TAX.MRCH.WM.AR.ZS (tariff rate, applied, weighted mean, all products)",REAL
EGY,ANY,ALL,1999,16.68,True,OK,"World Bank WDI TM.TAX.MRCH.WM.AR.ZS (tariff rate, applied, weighted mean, all products)",REAL
EGY,ANY,ALL,2000,16.82,True,OK,"World Bank WDI TM.TAX.MRCH.WM.AR.ZS (tariff rate, applied, weighted mean, all products)",REAL
EGY,ANY,ALL,2001,16.72,True,OK,"World Bank WDI TM.TAX.MRCH.WM.AR.ZS (tariff rate, applied, weighted mean, all products)",REAL
EGY,ANY,ALL,2002,19.89,True,OK,"World Bank WDI TM.TAX.MRCH.WM.AR.ZS (tariff rate, applied, weighted mean, all products)",REAL
EGY,ANY,ALL,2003,15.04,True,OK,"World Bank WDI TM.TAX.MRCH.WM.AR.ZS (tariff rate, applied, weighted mean, all products)",REAL
EGY,ANY,ALL,2004,10.63,True,OK,"World Bank WDI TM.TAX.MRCH.WM.AR.ZS (tariff rate, applied, weighted mean, all products)",REAL
EGY,ANY,ALL,2005,8.76,True,OK,"World Bank WDI TM.TAX.MRCH.WM.AR.ZS (tariff rate, applied, weighted mean, all products)",REAL
EGY,ANY,ALL,2006,10.05,True,OK,"World Bank WDI TM.TAX.MRCH.WM.AR.ZS (tariff rate, applied, weighted mean, all products)",REAL
EGY,ANY,ALL,2007,8.92,True,OK,"World Bank WDI TM.TAX.MRCH.WM.AR.ZS (tariff rate, applied, weighted mean, all products)",REAL
EGY,ANY,ALL,2008,8.02,True,OK,"World Bank WDI TM.TAX.MRCH.WM.AR.ZS (tariff rate, applied, weighted mean, all products)",REAL
EGY,ANY,ALL,2009,8.26,True,OK,"World Bank WDI TM.TAX.MRCH.WM.AR.ZS (tariff rate, applied, weighted mean, all products)",REAL
EGY,ANY,ALL,2010,9.71,True,OK,"World Bank WDI TM.TAX.MRCH.WM.AR.ZS (tariff rate, applied, weighted mean, all products)",REAL
EGY,ANY,ALL,2011,7.71,True,OK,"World Bank WDI TM.TAX.MRCH.WM.AR.ZS (tariff rate, applied, weighted mean, all products)",REAL
EGY,ANY,ALL,2012,7.47,True,OK,"World Bank WDI TM.TAX.MRCH.WM.AR.ZS (tariff rate, applied, weighted mean, all products)",REAL
EGY,ANY,ALL,2013,8.55,True,OK,"World Bank WDI TM.TAX.MRCH.WM.AR.ZS (tariff rate, applied, weighted mean, all products)",REAL
EGY,ANY,ALL,2014,7.43,True,OK,"World Bank WDI TM.TAX.MRCH.WM.AR.ZS (tariff rate, applied, weighted mean, all products)",REAL
EGY,ANY,ALL,2015,7.08,True,OK,"World Bank WDI TM.TAX.MRCH.WM.AR.ZS (tariff rate, applied, weighted mean, all products)",REAL
EGY,ANY,ALL,2016,6.63,True,OK,"World Bank WDI TM.TAX.MRCH.WM.AR.ZS (tariff rate, applied, weighted mean, all products)",REAL
EGY,ANY,ALL,2017,7.41,True,OK,"World Bank WDI TM.TAX.MRCH.WM.AR.ZS (tariff rate, applied, weighted mean, all products)",REAL
EGY,ANY,ALL,2018,8.19,True,OK,"World Bank WDI TM.TAX.MRCH.WM.AR.ZS (tariff rate, applied, weighted mean, all products)",REAL
EGY,ANY,ALL,2019,10.43,True,OK,"World Bank WDI TM.TAX.MRCH.WM.AR.ZS (tariff rate, applied, weighted mean, all products)",REAL
ERI,ANY,ALL,2002,5.8,True,OK,"World Bank WDI TM.TAX.MRCH.WM.AR.ZS (tariff rate, applied, weighted mean, all products)",REAL
ERI,ANY,ALL,2006,5.43,True,OK,"World Bank WDI TM.TAX.MRCH.WM.AR.ZS (tariff rate, applied, weighted mean, all products)",REAL
ESP,ANY,ALL,2000,2.41,True,OK,"World Bank WDI TM.TAX.MRCH.WM.AR.ZS (tariff rate, applied, weighted mean, all products)",REAL
ESP,ANY,ALL,2001,3.37,True,OK,"World Bank WDI TM.TAX.MRCH.WM.AR.ZS (tariff rate, applied, weighted mean, all products)",REAL
ESP,ANY,ALL,2002,2.45,True,OK,"World Bank WDI TM.TAX.MRCH.WM.AR.ZS (tariff rate, applied, weighted mean, all products)",REAL
ESP,ANY,ALL,2003,2.52,True,OK,"World Bank WDI TM.TAX.MRCH.WM.AR.ZS (tariff rate, applied, weighted mean, all products)",REAL
ESP,ANY,ALL,2004,2.24,True,OK,"World Bank WDI TM.TAX.MRCH.WM.AR.ZS (tariff rate, applied, weighted mean, all products)",REAL
ESP,ANY,ALL,2005,2.46,True,OK,"World Bank WDI TM.TAX.MRCH.WM.AR.ZS (tariff rate, applied, weighted mean, all products)",REAL
ESP,ANY,ALL,2006,2.3,True,OK,"World Bank WDI TM.TAX.MRCH.WM.AR.ZS (tariff rate, applied, weighted mean, all products)",REAL
ESP,ANY,ALL,2007,2.24,True,OK,"World Bank WDI TM.TAX.MRCH.WM.AR.ZS (tariff rate, applied, weighted mean, all products)",REAL
ESP,ANY,ALL,2008,1.72,True,OK,"World Bank WDI TM.TAX.MRCH.WM.AR.ZS (tariff rate, applied, weighted mean, all products)",REAL
ESP,ANY,ALL,2009,1.85,True,OK,"World Bank WDI TM.TAX.MRCH.WM.AR.ZS (tariff rate, applied, weighted mean, all products)",REAL
ESP,ANY,ALL,2010,2.13,True,OK,"World Bank WDI TM.TAX.MRCH.WM.AR.ZS (tariff rate, applied, weighted mean, all products)",REAL
ESP,ANY,ALL,2011,1.59,True,OK,"World Bank WDI TM.TAX.MRCH.WM.AR.ZS (tariff rate, applied, weighted mean, all products)",REAL
ESP,ANY,ALL,2012,1.46,True,OK,"World Bank WDI TM.TAX.MRCH.WM.AR.ZS (tariff rate, applied, weighted mean, all products)",REAL
ESP,ANY,ALL,2013,1.49,True,OK,"World Bank WDI TM.TAX.MRCH.WM.AR.ZS (tariff rate, applied, weighted mean, all products)",REAL
ESP,ANY,ALL,2014,2.03,True,OK,"World Bank WDI TM.TAX.MRCH.WM.AR.ZS (tariff rate, applied, weighted mean, all products)",REAL
ESP,ANY,ALL,2015,2.02,True,OK,"World Bank WDI TM.TAX.MRCH.WM.AR.ZS (tariff rate, applied, weighted mean, all products)",REAL
ESP,ANY,ALL,2016,2.09,True,OK,"World Bank WDI TM.TAX.MRCH.WM.AR.ZS (tariff rate, applied, weighted mean, all products)",REAL
ESP,ANY,ALL,2017,1.96,True,OK,"World Bank WDI TM.TAX.MRCH.WM.AR.ZS (tariff rate, applied, weighted mean, all products)",REAL
ESP,ANY,ALL,2018,1.83,True,OK,"World Bank WDI TM.TAX.MRCH.WM.AR.ZS (tariff rate, applied, weighted mean, all products)",REAL
ESP,ANY,ALL,2019,1.84,True,OK,"World Bank WDI TM.TAX.MRCH.WM.AR.ZS (tariff rate, applied, weighted mean, all products)",REAL
ESP,ANY,ALL,2020,1.48,True,OK,"World Bank WDI TM.TAX.MRCH.WM.AR.ZS (tariff rate, applied, weighted mean, all products)",REAL
ESP,ANY,ALL,2021,1.39,True,OK,"World Bank WDI TM.TAX.MRCH.WM.AR.ZS (tariff rate, applied, weighted mean, all products)",REAL
ESP,ANY,ALL,2022,1.33,True,OK,"World Bank WDI TM.TAX.MRCH.WM.AR.ZS (tariff rate, applied, weighted mean, all products)",REAL
EST,ANY,ALL,1995,0.39,True,OK,"World Bank WDI TM.TAX.MRCH.WM.AR.ZS (tariff rate, applied, weighted mean, all products)",REAL
EST,ANY,ALL,1996,0.04,True,OK,"World Bank WDI TM.TAX.MRCH.WM.AR.ZS (tariff rate, applied, weighted mean, all products)",REAL
EST,ANY,ALL,1997,0.03,True,OK,"World Bank WDI TM.TAX.MRCH.WM.AR.ZS (tariff rate, applied, weighted mean, all products)",REAL
EST,ANY,ALL,1998,0.0,True,OK,"World Bank WDI TM.TAX.MRCH.WM.AR.ZS (tariff rate, applied, weighted mean, all products)",REAL
EST,ANY,ALL,1999,0.0,True,OK,"World Bank WDI TM.TAX.MRCH.WM.AR.ZS (tariff rate, applied, weighted mean, all products)",REAL
EST,ANY,ALL,2000,0.98,True,OK,"World Bank WDI TM.TAX.MRCH.WM.AR.ZS (tariff rate, applied, weighted mean, all products)",REAL
EST,ANY,ALL,2001,1.02,True,OK,"World Bank WDI TM.TAX.MRCH.WM.AR.ZS (tariff rate, applied, weighted mean, all products)",REAL
EST,ANY,ALL,2002,0.91,True,OK,"World Bank WDI TM.TAX.MRCH.WM.AR.ZS (tariff rate, applied, weighted mean, all products)",REAL
EST,ANY,ALL,2003,0.89,True,OK,"World Bank WDI TM.TAX.MRCH.WM.AR.ZS (tariff rate, applied, weighted mean, all products)",REAL
EST,ANY,ALL,2004,2.24,True,OK,"World Bank WDI TM.TAX.MRCH.WM.AR.ZS (tariff rate, applied, weighted mean, all products)",REAL
EST,ANY,ALL,2005,2.46,True,OK,"World Bank WDI TM.TAX.MRCH.WM.AR.ZS (tariff rate, applied, weighted mean, all products)",REAL
EST,ANY,ALL,2006,2.3,True,OK,"World Bank WDI TM.TAX.MRCH.WM.AR.ZS (tariff rate, applied, weighted mean, all products)",REAL
EST,ANY,ALL,2007,2.24,True,OK,"World Bank WDI TM.TAX.MRCH.WM.AR.ZS (tariff rate, applied, weighted mean, all products)",REAL
EST,ANY,ALL,2008,1.72,True,OK,"World Bank WDI TM.TAX.MRCH.WM.AR.ZS (tariff rate, applied, weighted mean, all products)",REAL
EST,ANY,ALL,2009,1.85,True,OK,"World Bank WDI TM.TAX.MRCH.WM.AR.ZS (tariff rate, applied, weighted mean, all products)",REAL
EST,ANY,ALL,2010,2.13,True,OK,"World Bank WDI TM.TAX.MRCH.WM.AR.ZS (tariff rate, applied, weighted mean, all products)",REAL
EST,ANY,ALL,2011,1.59,True,OK,"World Bank WDI TM.TAX.MRCH.WM.AR.ZS (tariff rate, applied, weighted mean, all products)",REAL
EST,ANY,ALL,2012,1.46,True,OK,"World Bank WDI TM.TAX.MRCH.WM.AR.ZS (tariff rate, applied, weighted mean, all products)",REAL
EST,ANY,ALL,2013,1.49,True,OK,"World Bank WDI TM.TAX.MRCH.WM.AR.ZS (tariff rate, applied, weighted mean, all products)",REAL
EST,ANY,ALL,2014,2.03,True,OK,"World Bank WDI TM.TAX.MRCH.WM.AR.ZS (tariff rate, applied, weighted mean, all products)",REAL
EST,ANY,ALL,2015,2.02,True,OK,"World Bank WDI TM.TAX.MRCH.WM.AR.ZS (tariff rate, applied, weighted mean, all products)",REAL
EST,ANY,ALL,2016,2.09,True,OK,"World Bank WDI TM.TAX.MRCH.WM.AR.ZS (tariff rate, applied, weighted mean, all products)",REAL
EST,ANY,ALL,2017,1.96,True,OK,"World Bank WDI TM.TAX.MRCH.WM.AR.ZS (tariff rate, applied, weighted mean, all products)",REAL
EST,ANY,ALL,2018,1.83,True,OK,"World Bank WDI TM.TAX.MRCH.WM.AR.ZS (tariff rate, applied, weighted mean, all products)",REAL
EST,ANY,ALL,2019,1.84,True,OK,"World Bank WDI TM.TAX.MRCH.WM.AR.ZS (tariff rate, applied, weighted mean, all products)",REAL
EST,ANY,ALL,2020,1.48,True,OK,"World Bank WDI TM.TAX.MRCH.WM.AR.ZS (tariff rate, applied, weighted mean, all products)",REAL
EST,ANY,ALL,2021,1.39,True,OK,"World Bank WDI TM.TAX.MRCH.WM.AR.ZS (tariff rate, applied, weighted mean, all products)",REAL
EST,ANY,ALL,2022,1.33,True,OK,"World Bank WDI TM.TAX.MRCH.WM.AR.ZS (tariff rate, applied, weighted mean, all products)",REAL
ETH,ANY,ALL,1995,18.15,True,OK,"World Bank WDI TM.TAX.MRCH.WM.AR.ZS (tariff rate, applied, weighted mean, all products)",REAL
ETH,ANY,ALL,2001,12.11,True,OK,"World Bank WDI TM.TAX.MRCH.WM.AR.ZS (tariff rate, applied, weighted mean, all products)",REAL
ETH,ANY,ALL,2002,13.48,True,OK,"World Bank WDI TM.TAX.MRCH.WM.AR.ZS (tariff rate, applied, weighted mean, all products)",REAL
ETH,ANY,ALL,2006,12.03,True,OK,"World Bank WDI TM.TAX.MRCH.WM.AR.ZS (tariff rate, applied, weighted mean, all products)",REAL
ETH,ANY,ALL,2008,10.05,True,OK,"World Bank WDI TM.TAX.MRCH.WM.AR.ZS (tariff rate, applied, weighted mean, all products)",REAL
ETH,ANY,ALL,2009,10.36,True,OK,"World Bank WDI TM.TAX.MRCH.WM.AR.ZS (tariff rate, applied, weighted mean, all products)",REAL
ETH,ANY,ALL,2010,10.24,True,OK,"World Bank WDI TM.TAX.MRCH.WM.AR.ZS (tariff rate, applied, weighted mean, all products)",REAL
ETH,ANY,ALL,2011,10.48,True,OK,"World Bank WDI TM.TAX.MRCH.WM.AR.ZS (tariff rate, applied, weighted mean, all products)",REAL
ETH,ANY,ALL,2012,9.96,True,OK,"World Bank WDI TM.TAX.MRCH.WM.AR.ZS (tariff rate, applied, weighted mean, all products)",REAL
ETH,ANY,ALL,2015,12.14,True,OK,"World Bank WDI TM.TAX.MRCH.WM.AR.ZS (tariff rate, applied, weighted mean, all products)",REAL
ETH,ANY,ALL,2018,12.13,True,OK,"World Bank WDI TM.TAX.MRCH.WM.AR.ZS (tariff rate, applied, weighted mean, all products)",REAL
ETH,ANY,ALL,2021,12.66,True,OK,"World Bank WDI TM.TAX.MRCH.WM.AR.ZS (tariff rate, applied, weighted mean, all products)",REAL
FIN,ANY,ALL,1988,6.26,True,OK,"World Bank WDI TM.TAX.MRCH.WM.AR.ZS (tariff rate, applied, weighted mean, all products)",REAL
FIN,ANY,ALL,1990,6.37,True,OK,"World Bank WDI TM.TAX.MRCH.WM.AR.ZS (tariff rate, applied, weighted mean, all products)",REAL
FIN,ANY,ALL,2000,2.41,True,OK,"World Bank WDI TM.TAX.MRCH.WM.AR.ZS (tariff rate, applied, weighted mean, all products)",REAL
FIN,ANY,ALL,2001,3.37,True,OK,"World Bank WDI TM.TAX.MRCH.WM.AR.ZS (tariff rate, applied, weighted mean, all products)",REAL
FIN,ANY,ALL,2002,2.45,True,OK,"World Bank WDI TM.TAX.MRCH.WM.AR.ZS (tariff rate, applied, weighted mean, all products)",REAL
FIN,ANY,ALL,2003,2.52,True,OK,"World Bank WDI TM.TAX.MRCH.WM.AR.ZS (tariff rate, applied, weighted mean, all products)",REAL
FIN,ANY,ALL,2004,2.24,True,OK,"World Bank WDI TM.TAX.MRCH.WM.AR.ZS (tariff rate, applied, weighted mean, all products)",REAL
FIN,ANY,ALL,2005,2.46,True,OK,"World Bank WDI TM.TAX.MRCH.WM.AR.ZS (tariff rate, applied, weighted mean, all products)",REAL
FIN,ANY,ALL,2006,2.3,True,OK,"World Bank WDI TM.TAX.MRCH.WM.AR.ZS (tariff rate, applied, weighted mean, all products)",REAL
FIN,ANY,ALL,2007,2.24,True,OK,"World Bank WDI TM.TAX.MRCH.WM.AR.ZS (tariff rate, applied, weighted mean, all products)",REAL
FIN,ANY,ALL,2008,1.72,True,OK,"World Bank WDI TM.TAX.MRCH.WM.AR.ZS (tariff rate, applied, weighted mean, all products)",REAL
FIN,ANY,ALL,2009,1.85,True,OK,"World Bank WDI TM.TAX.MRCH.WM.AR.ZS (tariff rate, applied, weighted mean, all products)",REAL
FIN,ANY,ALL,2010,2.13,True,OK,"World Bank WDI TM.TAX.MRCH.WM.AR.ZS (tariff rate, applied, weighted mean, all products)",REAL
FIN,ANY,ALL,2011,1.59,True,OK,"World Bank WDI TM.TAX.MRCH.WM.AR.ZS (tariff rate, applied, weighted mean, all products)",REAL
FIN,ANY,ALL,2012,1.46,True,OK,"World Bank WDI TM.TAX.MRCH.WM.AR.ZS (tariff rate, applied, weighted mean, all products)",REAL
FIN,ANY,ALL,2013,1.49,True,OK,"World Bank WDI TM.TAX.MRCH.WM.AR.ZS (tariff rate, applied, weighted mean, all products)",REAL
FIN,ANY,ALL,2014,2.03,True,OK,"World Bank WDI TM.TAX.MRCH.WM.AR.ZS (tariff rate, applied, weighted mean, all products)",REAL
FIN,ANY,ALL,2015,2.02,True,OK,"World Bank WDI TM.TAX.MRCH.WM.AR.ZS (tariff rate, applied, weighted mean, all products)",REAL
FIN,ANY,ALL,2016,2.09,True,OK,"World Bank WDI TM.TAX.MRCH.WM.AR.ZS (tariff rate, applied, weighted mean, all products)",REAL
FIN,ANY,ALL,2017,1.96,True,OK,"World Bank WDI TM.TAX.MRCH.WM.AR.ZS (tariff rate, applied, weighted mean, all products)",REAL
FIN,ANY,ALL,2018,1.83,True,OK,"World Bank WDI TM.TAX.MRCH.WM.AR.ZS (tariff rate, applied, weighted mean, all products)",REAL
FIN,ANY,ALL,2019,1.84,True,OK,"World Bank WDI TM.TAX.MRCH.WM.AR.ZS (tariff rate, applied, weighted mean, all products)",REAL
FIN,ANY,ALL,2020,1.48,True,OK,"World Bank WDI TM.TAX.MRCH.WM.AR.ZS (tariff rate, applied, weighted mean, all products)",REAL
FIN,ANY,ALL,2021,1.39,True,OK,"World Bank WDI TM.TAX.MRCH.WM.AR.ZS (tariff rate, applied, weighted mean, all products)",REAL
FIN,ANY,ALL,2022,1.33,True,OK,"World Bank WDI TM.TAX.MRCH.WM.AR.ZS (tariff rate, applied, weighted mean, all products)",REAL
FJI,ANY,ALL,2003,9.51,True,OK,"World Bank WDI TM.TAX.MRCH.WM.AR.ZS (tariff rate, applied, weighted mean, all products)",REAL
FJI,ANY,ALL,2004,10.44,True,OK,"World Bank WDI TM.TAX.MRCH.WM.AR.ZS (tariff rate, applied, weighted mean, all products)",REAL
FJI,ANY,ALL,2006,8.92,True,OK,"World Bank WDI TM.TAX.MRCH.WM.AR.ZS (tariff rate, applied, weighted mean, all products)",REAL
FJI,ANY,ALL,2007,9.07,True,OK,"World Bank WDI TM.TAX.MRCH.WM.AR.ZS (tariff rate, applied, weighted mean, all products)",REAL
FJI,ANY,ALL,2008,9.97,True,OK,"World Bank WDI TM.TAX.MRCH.WM.AR.ZS (tariff rate, applied, weighted mean, all products)",REAL
FJI,ANY,ALL,2009,12.15,True,OK,"World Bank WDI TM.TAX.MRCH.WM.AR.ZS (tariff rate, applied, weighted mean, all products)",REAL
FJI,ANY,ALL,2010,11.28,True,OK,"World Bank WDI TM.TAX.MRCH.WM.AR.ZS (tariff rate, applied, weighted mean, all products)",REAL
FJI,ANY,ALL,2011,19.88,True,OK,"World Bank WDI TM.TAX.MRCH.WM.AR.ZS (tariff rate, applied, weighted mean, all products)",REAL
FJI,ANY,ALL,2012,11.75,True,OK,"World Bank WDI TM.TAX.MRCH.WM.AR.ZS (tariff rate, applied, weighted mean, all products)",REAL
FJI,ANY,ALL,2013,12.02,True,OK,"World Bank WDI TM.TAX.MRCH.WM.AR.ZS (tariff rate, applied, weighted mean, all products)",REAL
FJI,ANY,ALL,2015,11.12,True,OK,"World Bank WDI TM.TAX.MRCH.WM.AR.ZS (tariff rate, applied, weighted mean, all products)",REAL
FJI,ANY,ALL,2017,16.05,True,OK,"World Bank WDI TM.TAX.MRCH.WM.AR.ZS (tariff rate, applied, weighted mean, all products)",REAL
FJI,ANY,ALL,2018,16.34,True,OK,"World Bank WDI TM.TAX.MRCH.WM.AR.ZS (tariff rate, applied, weighted mean, all products)",REAL
FJI,ANY,ALL,2019,23.97,True,OK,"World Bank WDI TM.TAX.MRCH.WM.AR.ZS (tariff rate, applied, weighted mean, all products)",REAL
FJI,ANY,ALL,2020,16.62,True,OK,"World Bank WDI TM.TAX.MRCH.WM.AR.ZS (tariff rate, applied, weighted mean, all products)",REAL
FJI,ANY,ALL,2021,8.35,True,OK,"World Bank WDI TM.TAX.MRCH.WM.AR.ZS (tariff rate, applied, weighted mean, all products)",REAL
FRA,ANY,ALL,2000,2.41,True,OK,"World Bank WDI TM.TAX.MRCH.WM.AR.ZS (tariff rate, applied, weighted mean, all products)",REAL
FRA,ANY,ALL,2001,3.37,True,OK,"World Bank WDI TM.TAX.MRCH.WM.AR.ZS (tariff rate, applied, weighted mean, all products)",REAL
FRA,ANY,ALL,2002,2.45,True,OK,"World Bank WDI TM.TAX.MRCH.WM.AR.ZS (tariff rate, applied, weighted mean, all products)",REAL
FRA,ANY,ALL,2003,2.52,True,OK,"World Bank WDI TM.TAX.MRCH.WM.AR.ZS (tariff rate, applied, weighted mean, all products)",REAL
FRA,ANY,ALL,2004,2.24,True,OK,"World Bank WDI TM.TAX.MRCH.WM.AR.ZS (tariff rate, applied, weighted mean, all products)",REAL
FRA,ANY,ALL,2005,2.46,True,OK,"World Bank WDI TM.TAX.MRCH.WM.AR.ZS (tariff rate, applied, weighted mean, all products)",REAL
FRA,ANY,ALL,2006,2.3,True,OK,"World Bank WDI TM.TAX.MRCH.WM.AR.ZS (tariff rate, applied, weighted mean, all products)",REAL
FRA,ANY,ALL,2007,2.24,True,OK,"World Bank WDI TM.TAX.MRCH.WM.AR.ZS (tariff rate, applied, weighted mean, all products)",REAL
FRA,ANY,ALL,2008,1.72,True,OK,"World Bank WDI TM.TAX.MRCH.WM.AR.ZS (tariff rate, applied, weighted mean, all products)",REAL
FRA,ANY,ALL,2009,1.85,True,OK,"World Bank WDI TM.TAX.MRCH.WM.AR.ZS (tariff rate, applied, weighted mean, all products)",REAL
FRA,ANY,ALL,2010,2.13,True,OK,"World Bank WDI TM.TAX.MRCH.WM.AR.ZS (tariff rate, applied, weighted mean, all products)",REAL
FRA,ANY,ALL,2011,1.59,True,OK,"World Bank WDI TM.TAX.MRCH.WM.AR.ZS (tariff rate, applied, weighted mean, all products)",REAL
FRA,ANY,ALL,2012,1.46,True,OK,"World Bank WDI TM.TAX.MRCH.WM.AR.ZS (tariff rate, applied, weighted mean, all products)",REAL
FRA,ANY,ALL,2013,1.49,True,OK,"World Bank WDI TM.TAX.MRCH.WM.AR.ZS (tariff rate, applied, weighted mean, all products)",REAL
FRA,ANY,ALL,2014,2.03,True,OK,"World Bank WDI TM.TAX.MRCH.WM.AR.ZS (tariff rate, applied, weighted mean, all products)",REAL
FRA,ANY,ALL,2015,2.02,True,OK,"World Bank WDI TM.TAX.MRCH.WM.AR.ZS (tariff rate, applied, weighted mean, all products)",REAL
FRA,ANY,ALL,2016,2.09,True,OK,"World Bank WDI TM.TAX.MRCH.WM.AR.ZS (tariff rate, applied, weighted mean, all products)",REAL
FRA,ANY,ALL,2017,1.96,True,OK,"World Bank WDI TM.TAX.MRCH.WM.AR.ZS (tariff rate, applied, weighted mean, all products)",REAL
FRA,ANY,ALL,2018,1.83,True,OK,"World Bank WDI TM.TAX.MRCH.WM.AR.ZS (tariff rate, applied, weighted mean, all products)",REAL
FRA,ANY,ALL,2019,1.84,True,OK,"World Bank WDI TM.TAX.MRCH.WM.AR.ZS (tariff rate, applied, weighted mean, all products)",REAL
FRA,ANY,ALL,2020,1.48,True,OK,"World Bank WDI TM.TAX.MRCH.WM.AR.ZS (tariff rate, applied, weighted mean, all products)",REAL
FRA,ANY,ALL,2021,1.39,True,OK,"World Bank WDI TM.TAX.MRCH.WM.AR.ZS (tariff rate, applied, weighted mean, all products)",REAL
FRA,ANY,ALL,2022,1.33,True,OK,"World Bank WDI TM.TAX.MRCH.WM.AR.ZS (tariff rate, applied, weighted mean, all products)",REAL
GAB,ANY,ALL,1995,16.38,True,OK,"World Bank WDI TM.TAX.MRCH.WM.AR.ZS (tariff rate, applied, weighted mean, all products)",REAL
GAB,ANY,ALL,1998,15.43,True,OK,"World Bank WDI TM.TAX.MRCH.WM.AR.ZS (tariff rate, applied, weighted mean, all products)",REAL
GAB,ANY,ALL,2000,14.59,True,OK,"World Bank WDI TM.TAX.MRCH.WM.AR.ZS (tariff rate, applied, weighted mean, all products)",REAL
GAB,ANY,ALL,2001,16.15,True,OK,"World Bank WDI TM.TAX.MRCH.WM.AR.ZS (tariff rate, applied, weighted mean, all products)",REAL
GAB,ANY,ALL,2002,14.72,True,OK,"World Bank WDI TM.TAX.MRCH.WM.AR.ZS (tariff rate, applied, weighted mean, all products)",REAL
GAB,ANY,ALL,2003,16.78,True,OK,"World Bank WDI TM.TAX.MRCH.WM.AR.ZS (tariff rate, applied, weighted mean, all products)",REAL
GAB,ANY,ALL,2004,16.78,True,OK,"World Bank WDI TM.TAX.MRCH.WM.AR.ZS (tariff rate, applied, weighted mean, all products)",REAL
GAB,ANY,ALL,2005,16.29,True,OK,"World Bank WDI TM.TAX.MRCH.WM.AR.ZS (tariff rate, applied, weighted mean, all products)",REAL
GAB,ANY,ALL,2007,14.25,True,OK,"World Bank WDI TM.TAX.MRCH.WM.AR.ZS (tariff rate, applied, weighted mean, all products)",REAL
GAB,ANY,ALL,2008,14.45,True,OK,"World Bank WDI TM.TAX.MRCH.WM.AR.ZS (tariff rate, applied, weighted mean, all products)",REAL
GAB,ANY,ALL,2009,14.75,True,OK,"World Bank WDI TM.TAX.MRCH.WM.AR.ZS (tariff rate, applied, weighted mean, all products)",REAL
GAB,ANY,ALL,2010,14.99,True,OK,"World Bank WDI TM.TAX.MRCH.WM.AR.ZS (tariff rate, applied, weighted mean, all products)",REAL
GAB,ANY,ALL,2011,15.11,True,OK,"World Bank WDI TM.TAX.MRCH.WM.AR.ZS (tariff rate, applied, weighted mean, all products)",REAL
GAB,ANY,ALL,2012,15.17,True,OK,"World Bank WDI TM.TAX.MRCH.WM.AR.ZS (tariff rate, applied, weighted mean, all products)",REAL
GAB,ANY,ALL,2013,14.36,True,OK,"World Bank WDI TM.TAX.MRCH.WM.AR.ZS (tariff rate, applied, weighted mean, all products)",REAL
GAB,ANY,ALL,2015,14.54,True,OK,"World Bank WDI TM.TAX.MRCH.WM.AR.ZS (tariff rate, applied, weighted mean, all products)",REAL
GAB,ANY,ALL,2016,16.93,True,OK,"World Bank WDI TM.TAX.MRCH.WM.AR.ZS (tariff rate, applied, weighted mean, all products)",REAL
GAB,ANY,ALL,2019,14.5,True,OK,"World Bank WDI TM.TAX.MRCH.WM.AR.ZS (tariff rate, applied, weighted mean, all products)",REAL
GAB,ANY,ALL,2022,16.57,True,OK,"World Bank WDI TM.TAX.MRCH.WM.AR.ZS (tariff rate, applied, weighted mean, all products)",REAL
GBR,ANY,ALL,2000,2.41,True,OK,"World Bank WDI TM.TAX.MRCH.WM.AR.ZS (tariff rate, applied, weighted mean, all products)",REAL
GBR,ANY,ALL,2001,3.37,True,OK,"World Bank WDI TM.TAX.MRCH.WM.AR.ZS (tariff rate, applied, weighted mean, all products)",REAL
GBR,ANY,ALL,2002,2.45,True,OK,"World Bank WDI TM.TAX.MRCH.WM.AR.ZS (tariff rate, applied, weighted mean, all products)",REAL
GBR,ANY,ALL,2003,2.52,True,OK,"World Bank WDI TM.TAX.MRCH.WM.AR.ZS (tariff rate, applied, weighted mean, all products)",REAL
GBR,ANY,ALL,2004,2.24,True,OK,"World Bank WDI TM.TAX.MRCH.WM.AR.ZS (tariff rate, applied, weighted mean, all products)",REAL
GBR,ANY,ALL,2005,2.46,True,OK,"World Bank WDI TM.TAX.MRCH.WM.AR.ZS (tariff rate, applied, weighted mean, all products)",REAL
GBR,ANY,ALL,2006,2.3,True,OK,"World Bank WDI TM.TAX.MRCH.WM.AR.ZS (tariff rate, applied, weighted mean, all products)",REAL
GBR,ANY,ALL,2007,2.24,True,OK,"World Bank WDI TM.TAX.MRCH.WM.AR.ZS (tariff rate, applied, weighted mean, all products)",REAL
GBR,ANY,ALL,2008,1.72,True,OK,"World Bank WDI TM.TAX.MRCH.WM.AR.ZS (tariff rate, applied, weighted mean, all products)",REAL
GBR,ANY,ALL,2009,1.85,True,OK,"World Bank WDI TM.TAX.MRCH.WM.AR.ZS (tariff rate, applied, weighted mean, all products)",REAL
GBR,ANY,ALL,2010,2.13,True,OK,"World Bank WDI TM.TAX.MRCH.WM.AR.ZS (tariff rate, applied, weighted mean, all products)",REAL
GBR,ANY,ALL,2011,1.59,True,OK,"World Bank WDI TM.TAX.MRCH.WM.AR.ZS (tariff rate, applied, weighted mean, all products)",REAL
GBR,ANY,ALL,2012,1.46,True,OK,"World Bank WDI TM.TAX.MRCH.WM.AR.ZS (tariff rate, applied, weighted mean, all products)",REAL
GBR,ANY,ALL,2013,1.49,True,OK,"World Bank WDI TM.TAX.MRCH.WM.AR.ZS (tariff rate, applied, weighted mean, all products)",REAL
GBR,ANY,ALL,2014,2.03,True,OK,"World Bank WDI TM.TAX.MRCH.WM.AR.ZS (tariff rate, applied, weighted mean, all products)",REAL
GBR,ANY,ALL,2015,2.02,True,OK,"World Bank WDI TM.TAX.MRCH.WM.AR.ZS (tariff rate, applied, weighted mean, all products)",REAL
GBR,ANY,ALL,2016,2.09,True,OK,"World Bank WDI TM.TAX.MRCH.WM.AR.ZS (tariff rate, applied, weighted mean, all products)",REAL
GBR,ANY,ALL,2017,1.96,True,OK,"World Bank WDI TM.TAX.MRCH.WM.AR.ZS (tariff rate, applied, weighted mean, all products)",REAL
GBR,ANY,ALL,2018,1.83,True,OK,"World Bank WDI TM.TAX.MRCH.WM.AR.ZS (tariff rate, applied, weighted mean, all products)",REAL
GBR,ANY,ALL,2019,1.84,True,OK,"World Bank WDI TM.TAX.MRCH.WM.AR.ZS (tariff rate, applied, weighted mean, all products)",REAL
GBR,ANY,ALL,2020,1.28,True,OK,"World Bank WDI TM.TAX.MRCH.WM.AR.ZS (tariff rate, applied, weighted mean, all products)",REAL
GBR,ANY,ALL,2021,0.72,True,OK,"World Bank WDI TM.TAX.MRCH.WM.AR.ZS (tariff rate, applied, weighted mean, all products)",REAL
GBR,ANY,ALL,2022,1.0,True,OK,"World Bank WDI TM.TAX.MRCH.WM.AR.ZS (tariff rate, applied, weighted mean, all products)",REAL
GEO,ANY,ALL,1999,10.12,True,OK,"World Bank WDI TM.TAX.MRCH.WM.AR.ZS (tariff rate, applied, weighted mean, all products)",REAL
GEO,ANY,ALL,2001,9.67,True,OK,"World Bank WDI TM.TAX.MRCH.WM.AR.ZS (tariff rate, applied, weighted mean, all products)",REAL
GEO,ANY,ALL,2002,10.7,True,OK,"World Bank WDI TM.TAX.MRCH.WM.AR.ZS (tariff rate, applied, weighted mean, all products)",REAL
GEO,ANY,ALL,2003,9.44,True,OK,"World Bank WDI TM.TAX.MRCH.WM.AR.ZS (tariff rate, applied, weighted mean, all products)",REAL
GEO,ANY,ALL,2004,9.43,True,OK,"World Bank WDI TM.TAX.MRCH.WM.AR.ZS (tariff rate, applied, weighted mean, all products)",REAL
GEO,ANY,ALL,2005,8.21,True,OK,"World Bank WDI TM.TAX.MRCH.WM.AR.ZS (tariff rate, applied, weighted mean, all products)",REAL
GEO,ANY,ALL,2006,4.32,True,OK,"World Bank WDI TM.TAX.MRCH.WM.AR.ZS (tariff rate, applied, weighted mean, all products)",REAL
GEO,ANY,ALL,2007,0.55,True,OK,"World Bank WDI TM.TAX.MRCH.WM.AR.ZS (tariff rate, applied, weighted mean, all products)",REAL
GEO,ANY,ALL,2008,0.57,True,OK,"World Bank WDI TM.TAX.MRCH.WM.AR.ZS (tariff rate, applied, weighted mean, all products)",REAL
GEO,ANY,ALL,2009,0.5,True,OK,"World Bank WDI TM.TAX.MRCH.WM.AR.ZS (tariff rate, applied, weighted mean, all products)",REAL
GEO,ANY,ALL,2010,0.48,True,OK,"World Bank WDI TM.TAX.MRCH.WM.AR.ZS (tariff rate, applied, weighted mean, all products)",REAL
GEO,ANY,ALL,2011,0.81,True,OK,"World Bank WDI TM.TAX.MRCH.WM.AR.ZS (tariff rate, applied, weighted mean, all products)",REAL
GEO,ANY,ALL,2012,0.7,True,OK,"World Bank WDI TM.TAX.MRCH.WM.AR.ZS (tariff rate, applied, weighted mean, all products)",REAL
GEO,ANY,ALL,2013,0.66,True,OK,"World Bank WDI TM.TAX.MRCH.WM.AR.ZS (tariff rate, applied, weighted mean, all products)",REAL
GEO,ANY,ALL,2015,0.3,True,OK,"World Bank WDI TM.TAX.MRCH.WM.AR.ZS (tariff rate, applied, weighted mean, all products)",REAL
GEO,ANY,ALL,2016,0.67,True,OK,"World Bank WDI TM.TAX.MRCH.WM.AR.ZS (tariff rate, applied, weighted mean, all products)",REAL
GEO,ANY,ALL,2020,0.21,True,OK,"World Bank WDI TM.TAX.MRCH.WM.AR.ZS (tariff rate, applied, weighted mean, all products)",REAL
GEO,ANY,ALL,2021,0.34,True,OK,"World Bank WDI TM.TAX.MRCH.WM.AR.ZS (tariff rate, applied, weighted mean, all products)",REAL
GEO,ANY,ALL,2022,0.42,True,OK,"World Bank WDI TM.TAX.MRCH.WM.AR.ZS (tariff rate, applied, weighted mean, all products)",REAL
GHA,ANY,ALL,1993,10.0,True,OK,"World Bank WDI TM.TAX.MRCH.WM.AR.ZS (tariff rate, applied, weighted mean, all products)",REAL
GHA,ANY,ALL,2000,16.2,True,OK,"World Bank WDI TM.TAX.MRCH.WM.AR.ZS (tariff rate, applied, weighted mean, all products)",REAL
GHA,ANY,ALL,2001,9.05,True,OK,"World Bank WDI TM.TAX.MRCH.WM.AR.ZS (tariff rate, applied, weighted mean, all products)",REAL
GHA,ANY,ALL,2002,9.05,True,OK,"World Bank WDI TM.TAX.MRCH.WM.AR.ZS (tariff rate, applied, weighted mean, all products)",REAL
GHA,ANY,ALL,2003,9.05,True,OK,"World Bank WDI TM.TAX.MRCH.WM.AR.ZS (tariff rate, applied, weighted mean, all products)",REAL
GHA,ANY,ALL,2007,8.96,True,OK,"World Bank WDI TM.TAX.MRCH.WM.AR.ZS (tariff rate, applied, weighted mean, all products)",REAL
GHA,ANY,ALL,2008,8.58,True,OK,"World Bank WDI TM.TAX.MRCH.WM.AR.ZS (tariff rate, applied, weighted mean, all products)",REAL
GHA,ANY,ALL,2009,9.92,True,OK,"World Bank WDI TM.TAX.MRCH.WM.AR.ZS (tariff rate, applied, weighted mean, all products)",REAL
GHA,ANY,ALL,2010,10.06,True,OK,"World Bank WDI TM.TAX.MRCH.WM.AR.ZS (tariff rate, applied, weighted mean, all products)",REAL
GHA,ANY,ALL,2013,9.96,True,OK,"World Bank WDI TM.TAX.MRCH.WM.AR.ZS (tariff rate, applied, weighted mean, all products)",REAL
GHA,ANY,ALL,2016,10.79,True,OK,"World Bank WDI TM.TAX.MRCH.WM.AR.ZS (tariff rate, applied, weighted mean, all products)",REAL
GHA,ANY,ALL,2017,10.61,True,OK,"World Bank WDI TM.TAX.MRCH.WM.AR.ZS (tariff rate, applied, weighted mean, all products)",REAL
GHA,ANY,ALL,2018,10.34,True,OK,"World Bank WDI TM.TAX.MRCH.WM.AR.ZS (tariff rate, applied, weighted mean, all products)",REAL
GHA,ANY,ALL,2019,10.02,True,OK,"World Bank WDI TM.TAX.MRCH.WM.AR.ZS (tariff rate, applied, weighted mean, all products)",REAL
GHA,ANY,ALL,2020,10.51,True,OK,"World Bank WDI TM.TAX.MRCH.WM.AR.ZS (tariff rate, applied, weighted mean, all products)",REAL
GHA,ANY,ALL,2021,10.51,True,OK,"World Bank WDI TM.TAX.MRCH.WM.AR.ZS (tariff rate, applied, weighted mean, all products)",REAL
GHA,ANY,ALL,2022,12.51,True,OK,"World Bank WDI TM.TAX.MRCH.WM.AR.ZS (tariff rate, applied, weighted mean, all products)",REAL
GIN,ANY,ALL,1998,5.97,True,OK,"World Bank WDI TM.TAX.MRCH.WM.AR.ZS (tariff rate, applied, weighted mean, all products)",REAL
GIN,ANY,ALL,2004,6.11,True,OK,"World Bank WDI TM.TAX.MRCH.WM.AR.ZS (tariff rate, applied, weighted mean, all products)",REAL
GIN,ANY,ALL,2005,12.53,True,OK,"World Bank WDI TM.TAX.MRCH.WM.AR.ZS (tariff rate, applied, weighted mean, all products)",REAL
GIN,ANY,ALL,2008,11.91,True,OK,"World Bank WDI TM.TAX.MRCH.WM.AR.ZS (tariff rate, applied, weighted mean, all products)",REAL
GIN,ANY,ALL,2009,11.75,True,OK,"World Bank WDI TM.TAX.MRCH.WM.AR.ZS (tariff rate, applied, weighted mean, all products)",REAL
GIN,ANY,ALL,2010,11.91,True,OK,"World Bank WDI TM.TAX.MRCH.WM.AR.ZS (tariff rate, applied, weighted mean, all products)",REAL
GIN,ANY,ALL,2012,11.91,True,OK,"World Bank WDI TM.TAX.MRCH.WM.AR.ZS (tariff rate, applied, weighted mean, all products)",REAL
GIN,ANY,ALL,2017,12.25,True,OK,"World Bank WDI TM.TAX.MRCH.WM.AR.ZS (tariff rate, applied, weighted mean, all products)",REAL
GIN,ANY,ALL,2018,11.29,True,OK,"World Bank WDI TM.TAX.MRCH.WM.AR.ZS (tariff rate, applied, weighted mean, all products)",REAL
GIN,ANY,ALL,2019,10.9,True,OK,"World Bank WDI TM.TAX.MRCH.WM.AR.ZS (tariff rate, applied, weighted mean, all products)",REAL
GIN,ANY,ALL,2020,12.23,True,OK,"World Bank WDI TM.TAX.MRCH.WM.AR.ZS (tariff rate, applied, weighted mean, all products)",REAL
GIN,ANY,ALL,2021,12.26,True,OK,"World Bank WDI TM.TAX.MRCH.WM.AR.ZS (tariff rate, applied, weighted mean, all products)",REAL
GIN,ANY,ALL,2022,12.6,True,OK,"World Bank WDI TM.TAX.MRCH.WM.AR.ZS (tariff rate, applied, weighted mean, all products)",REAL
GMB,ANY,ALL,2003,11.09,True,OK,"World Bank WDI TM.TAX.MRCH.WM.AR.ZS (tariff rate, applied, weighted mean, all products)",REAL
GMB,ANY,ALL,2007,14.72,True,OK,"World Bank WDI TM.TAX.MRCH.WM.AR.ZS (tariff rate, applied, weighted mean, all products)",REAL
GMB,ANY,ALL,2008,14.77,True,OK,"World Bank WDI TM.TAX.MRCH.WM.AR.ZS (tariff rate, applied, weighted mean, all products)",REAL
GMB,ANY,ALL,2009,13.46,True,OK,"World Bank WDI TM.TAX.MRCH.WM.AR.ZS (tariff rate, applied, weighted mean, all products)",REAL
GMB,ANY,ALL,2010,12.02,True,OK,"World Bank WDI TM.TAX.MRCH.WM.AR.ZS (tariff rate, applied, weighted mean, all products)",REAL
GMB,ANY,ALL,2011,12.5,True,OK,"World Bank WDI TM.TAX.MRCH.WM.AR.ZS (tariff rate, applied, weighted mean, all products)",REAL
GMB,ANY,ALL,2012,12.5,True,OK,"World Bank WDI TM.TAX.MRCH.WM.AR.ZS (tariff rate, applied, weighted mean, all products)",REAL
GMB,ANY,ALL,2013,12.66,True,OK,"World Bank WDI TM.TAX.MRCH.WM.AR.ZS (tariff rate, applied, weighted mean, all products)",REAL
GMB,ANY,ALL,2018,18.08,True,OK,"World Bank WDI TM.TAX.MRCH.WM.AR.ZS (tariff rate, applied, weighted mean, all products)",REAL
GMB,ANY,ALL,2020,17.82,True,OK,"World Bank WDI TM.TAX.MRCH.WM.AR.ZS (tariff rate, applied, weighted mean, all products)",REAL
GMB,ANY,ALL,2021,17.69,True,OK,"World Bank WDI TM.TAX.MRCH.WM.AR.ZS (tariff rate, applied, weighted mean, all products)",REAL
GMB,ANY,ALL,2022,16.44,True,OK,"World Bank WDI TM.TAX.MRCH.WM.AR.ZS (tariff rate, applied, weighted mean, all products)",REAL
GNB,ANY,ALL,2001,12.8,True,OK,"World Bank WDI TM.TAX.MRCH.WM.AR.ZS (tariff rate, applied, weighted mean, all products)",REAL
GNB,ANY,ALL,2002,12.8,True,OK,"World Bank WDI TM.TAX.MRCH.WM.AR.ZS (tariff rate, applied, weighted mean, all products)",REAL
GNB,ANY,ALL,2003,13.28,True,OK,"World Bank WDI TM.TAX.MRCH.WM.AR.ZS (tariff rate, applied, weighted mean, all products)",REAL
GNB,ANY,ALL,2004,13.94,True,OK,"World Bank WDI TM.TAX.MRCH.WM.AR.ZS (tariff rate, applied, weighted mean, all products)",REAL
GNB,ANY,ALL,2005,11.62,True,OK,"World Bank WDI TM.TAX.MRCH.WM.AR.ZS (tariff rate, applied, weighted mean, all products)",REAL
GNB,ANY,ALL,2006,11.54,True,OK,"World Bank WDI TM.TAX.MRCH.WM.AR.ZS (tariff rate, applied, weighted mean, all products)",REAL
GNB,ANY,ALL,2007,13.36,True,OK,"World Bank WDI TM.TAX.MRCH.WM.AR.ZS (tariff rate, applied, weighted mean, all products)",REAL
GNB,ANY,ALL,2008,12.42,True,OK,"World Bank WDI TM.TAX.MRCH.WM.AR.ZS (tariff rate, applied, weighted mean, all products)",REAL
GNB,ANY,ALL,2009,9.84,True,OK,"World Bank WDI TM.TAX.MRCH.WM.AR.ZS (tariff rate, applied, weighted mean, all products)",REAL
GNB,ANY,ALL,2010,11.69,True,OK,"World Bank WDI TM.TAX.MRCH.WM.AR.ZS (tariff rate, applied, weighted mean, all products)",REAL
GNB,ANY,ALL,2011,11.21,True,OK,"World Bank WDI TM.TAX.MRCH.WM.AR.ZS (tariff rate, applied, weighted mean, all products)",REAL
GNB,ANY,ALL,2012,9.66,True,OK,"World Bank WDI TM.TAX.MRCH.WM.AR.ZS (tariff rate, applied, weighted mean, all products)",REAL
GNB,ANY,ALL,2013,12.79,True,OK,"World Bank WDI TM.TAX.MRCH.WM.AR.ZS (tariff rate, applied, weighted mean, all products)",REAL
GNB,ANY,ALL,2014,9.9,True,OK,"World Bank WDI TM.TAX.MRCH.WM.AR.ZS (tariff rate, applied, weighted mean, all products)",REAL
GNB,ANY,ALL,2017,15.5,True,OK,"World Bank WDI TM.TAX.MRCH.WM.AR.ZS (tariff rate, applied, weighted mean, all products)",REAL
GNB,ANY,ALL,2018,14.39,True,OK,"World Bank WDI TM.TAX.MRCH.WM.AR.ZS (tariff rate, applied, weighted mean, all products)",REAL
GNB,ANY,ALL,2019,11.28,True,OK,"World Bank WDI TM.TAX.MRCH.WM.AR.ZS (tariff rate, applied, weighted mean, all products)",REAL
GNB,ANY,ALL,2020,11.65,True,OK,"World Bank WDI TM.TAX.MRCH.WM.AR.ZS (tariff rate, applied, weighted mean, all products)",REAL
GNB,ANY,ALL,2021,11.82,True,OK,"World Bank WDI TM.TAX.MRCH.WM.AR.ZS (tariff rate, applied, weighted mean, all products)",REAL
GNB,ANY,ALL,2022,11.7,True,OK,"World Bank WDI TM.TAX.MRCH.WM.AR.ZS (tariff rate, applied, weighted mean, all products)",REAL
GNQ,ANY,ALL,1998,15.16,True,OK,"World Bank WDI TM.TAX.MRCH.WM.AR.ZS (tariff rate, applied, weighted mean, all products)",REAL
GNQ,ANY,ALL,2001,14.43,True,OK,"World Bank WDI TM.TAX.MRCH.WM.AR.ZS (tariff rate, applied, weighted mean, all products)",REAL
GNQ,ANY,ALL,2002,15.8,True,OK,"World Bank WDI TM.TAX.MRCH.WM.AR.ZS (tariff rate, applied, weighted mean, all products)",REAL
GNQ,ANY,ALL,2005,15.24,True,OK,"World Bank WDI TM.TAX.MRCH.WM.AR.ZS (tariff rate, applied, weighted mean, all products)",REAL
GNQ,ANY,ALL,2007,15.63,True,OK,"World Bank WDI TM.TAX.MRCH.WM.AR.ZS (tariff rate, applied, weighted mean, all products)",REAL
GNQ,ANY,ALL,2022,18.18,True,OK,"World Bank WDI TM.TAX.MRCH.WM.AR.ZS (tariff rate, applied, weighted mean, all products)",REAL
GRC,ANY,ALL,2000,2.41,True,OK,"World Bank WDI TM.TAX.MRCH.WM.AR.ZS (tariff rate, applied, weighted mean, all products)",REAL
GRC,ANY,ALL,2001,3.37,True,OK,"World Bank WDI TM.TAX.MRCH.WM.AR.ZS (tariff rate, applied, weighted mean, all products)",REAL
GRC,ANY,ALL,2002,2.45,True,OK,"World Bank WDI TM.TAX.MRCH.WM.AR.ZS (tariff rate, applied, weighted mean, all products)",REAL
GRC,ANY,ALL,2003,2.52,True,OK,"World Bank WDI TM.TAX.MRCH.WM.AR.ZS (tariff rate, applied, weighted mean, all products)",REAL
GRC,ANY,ALL,2004,2.24,True,OK,"World Bank WDI TM.TAX.MRCH.WM.AR.ZS (tariff rate, applied, weighted mean, all products)",REAL
GRC,ANY,ALL,2005,2.46,True,OK,"World Bank WDI TM.TAX.MRCH.WM.AR.ZS (tariff rate, applied, weighted mean, all products)",REAL
GRC,ANY,ALL,2006,2.3,True,OK,"World Bank WDI TM.TAX.MRCH.WM.AR.ZS (tariff rate, applied, weighted mean, all products)",REAL
GRC,ANY,ALL,2007,2.24,True,OK,"World Bank WDI TM.TAX.MRCH.WM.AR.ZS (tariff rate, applied, weighted mean, all products)",REAL
GRC,ANY,ALL,2008,1.72,True,OK,"World Bank WDI TM.TAX.MRCH.WM.AR.ZS (tariff rate, applied, weighted mean, all products)",REAL
GRC,ANY,ALL,2009,1.85,True,OK,"World Bank WDI TM.TAX.MRCH.WM.AR.ZS (tariff rate, applied, weighted mean, all products)",REAL
GRC,ANY,ALL,2010,2.13,True,OK,"World Bank WDI TM.TAX.MRCH.WM.AR.ZS (tariff rate, applied, weighted mean, all products)",REAL
GRC,ANY,ALL,2011,1.59,True,OK,"World Bank WDI TM.TAX.MRCH.WM.AR.ZS (tariff rate, applied, weighted mean, all products)",REAL
GRC,ANY,ALL,2012,1.46,True,OK,"World Bank WDI TM.TAX.MRCH.WM.AR.ZS (tariff rate, applied, weighted mean, all products)",REAL
GRC,ANY,ALL,2013,1.49,True,OK,"World Bank WDI TM.TAX.MRCH.WM.AR.ZS (tariff rate, applied, weighted mean, all products)",REAL
GRC,ANY,ALL,2014,2.03,True,OK,"World Bank WDI TM.TAX.MRCH.WM.AR.ZS (tariff rate, applied, weighted mean, all products)",REAL
GRC,ANY,ALL,2015,2.02,True,OK,"World Bank WDI TM.TAX.MRCH.WM.AR.ZS (tariff rate, applied, weighted mean, all products)",REAL
GRC,ANY,ALL,2016,2.09,True,OK,"World Bank WDI TM.TAX.MRCH.WM.AR.ZS (tariff rate, applied, weighted mean, all products)",REAL
GRC,ANY,ALL,2017,1.96,True,OK,"World Bank WDI TM.TAX.MRCH.WM.AR.ZS (tariff rate, applied, weighted mean, all products)",REAL
GRC,ANY,ALL,2018,1.83,True,OK,"World Bank WDI TM.TAX.MRCH.WM.AR.ZS (tariff rate, applied, weighted mean, all products)",REAL
GRC,ANY,ALL,2019,1.84,True,OK,"World Bank WDI TM.TAX.MRCH.WM.AR.ZS (tariff rate, applied, weighted mean, all products)",REAL
GRC,ANY,ALL,2020,1.48,True,OK,"World Bank WDI TM.TAX.MRCH.WM.AR.ZS (tariff rate, applied, weighted mean, all products)",REAL
GRC,ANY,ALL,2021,1.39,True,OK,"World Bank WDI TM.TAX.MRCH.WM.AR.ZS (tariff rate, applied, weighted mean, all products)",REAL
GRC,ANY,ALL,2022,1.33,True,OK,"World Bank WDI TM.TAX.MRCH.WM.AR.ZS (tariff rate, applied, weighted mean, all products)",REAL
GRD,ANY,ALL,1996,18.58,True,OK,"World Bank WDI TM.TAX.MRCH.WM.AR.ZS (tariff rate, applied, weighted mean, all products)",REAL
GRD,ANY,ALL,1999,16.2,True,OK,"World Bank WDI TM.TAX.MRCH.WM.AR.ZS (tariff rate, applied, weighted mean, all products)",REAL
GRD,ANY,ALL,2000,11.31,True,OK,"World Bank WDI TM.TAX.MRCH.WM.AR.ZS (tariff rate, applied, weighted mean, all products)",REAL
GRD,ANY,ALL,2001,15.81,True,OK,"World Bank WDI TM.TAX.MRCH.WM.AR.ZS (tariff rate, applied, weighted mean, all products)",REAL
GRD,ANY,ALL,2002,12.04,True,OK,"World Bank WDI TM.TAX.MRCH.WM.AR.ZS (tariff rate, applied, weighted mean, all products)",REAL
GRD,ANY,ALL,2003,11.43,True,OK,"World Bank WDI TM.TAX.MRCH.WM.AR.ZS (tariff rate, applied, weighted mean, all products)",REAL
GRD,ANY,ALL,2006,8.75,True,OK,"World Bank WDI TM.TAX.MRCH.WM.AR.ZS (tariff rate, applied, weighted mean, all products)",REAL
GRD,ANY,ALL,2007,9.5,True,OK,"World Bank WDI TM.TAX.MRCH.WM.AR.ZS (tariff rate, applied, weighted mean, all products)",REAL
GRD,ANY,ALL,2008,9.36,True,OK,"World Bank WDI TM.TAX.MRCH.WM.AR.ZS (tariff rate, applied, weighted mean, all products)",REAL
GRD,ANY,ALL,2010,7.82,True,OK,"World Bank WDI TM.TAX.MRCH.WM.AR.ZS (tariff rate, applied, weighted mean, all products)",REAL
GRD,ANY,ALL,2011,11.24,True,OK,"World Bank WDI TM.TAX.MRCH.WM.AR.ZS (tariff rate, applied, weighted mean, all products)",REAL
GRD,ANY,ALL,2012,12.05,True,OK,"World Bank WDI TM.TAX.MRCH.WM.AR.ZS (tariff rate, applied, weighted mean, all products)",REAL
GRD,ANY,ALL,2013,11.19,True,OK,"World Bank WDI TM.TAX.MRCH.WM.AR.ZS (tariff rate, applied, weighted mean, all products)",REAL
GRD,ANY,ALL,2015,11.92,True,OK,"World Bank WDI TM.TAX.MRCH.WM.AR.ZS (tariff rate, applied, weighted mean, all products)",REAL
GRD,ANY,ALL,2016,12.41,True,OK,"World Bank WDI TM.TAX.MRCH.WM.AR.ZS (tariff rate, applied, weighted mean, all products)",REAL
GRD,ANY,ALL,2019,10.79,True,OK,"World Bank WDI TM.TAX.MRCH.WM.AR.ZS (tariff rate, applied, weighted mean, all products)",REAL
GRD,ANY,ALL,2022,12.98,True,OK,"World Bank WDI TM.TAX.MRCH.WM.AR.ZS (tariff rate, applied, weighted mean, all products)",REAL
GTM,ANY,ALL,1995,8.66,True,OK,"World Bank WDI TM.TAX.MRCH.WM.AR.ZS (tariff rate, applied, weighted mean, all products)",REAL
GTM,ANY,ALL,1997,6.8,True,OK,"World Bank WDI TM.TAX.MRCH.WM.AR.ZS (tariff rate, applied, weighted mean, all products)",REAL
GTM,ANY,ALL,1998,6.98,True,OK,"World Bank WDI TM.TAX.MRCH.WM.AR.ZS (tariff rate, applied, weighted mean, all products)",REAL
GTM,ANY,ALL,1999,5.94,True,OK,"World Bank WDI TM.TAX.MRCH.WM.AR.ZS (tariff rate, applied, weighted mean, all products)",REAL
GTM,ANY,ALL,2000,5.81,True,OK,"World Bank WDI TM.TAX.MRCH.WM.AR.ZS (tariff rate, applied, weighted mean, all products)",REAL
GTM,ANY,ALL,2001,6.44,True,OK,"World Bank WDI TM.TAX.MRCH.WM.AR.ZS (tariff rate, applied, weighted mean, all products)",REAL
GTM,ANY,ALL,2002,6.11,True,OK,"World Bank WDI TM.TAX.MRCH.WM.AR.ZS (tariff rate, applied, weighted mean, all products)",REAL
GTM,ANY,ALL,2003,6.18,True,OK,"World Bank WDI TM.TAX.MRCH.WM.AR.ZS (tariff rate, applied, weighted mean, all products)",REAL
GTM,ANY,ALL,2004,4.9,True,OK,"World Bank WDI TM.TAX.MRCH.WM.AR.ZS (tariff rate, applied, weighted mean, all products)",REAL
GTM,ANY,ALL,2005,5.82,True,OK,"World Bank WDI TM.TAX.MRCH.WM.AR.ZS (tariff rate, applied, weighted mean, all products)",REAL
GTM,ANY,ALL,2006,5.39,True,OK,"World Bank WDI TM.TAX.MRCH.WM.AR.ZS (tariff rate, applied, weighted mean, all products)",REAL
GTM,ANY,ALL,2007,4.53,True,OK,"World Bank WDI TM.TAX.MRCH.WM.AR.ZS (tariff rate, applied, weighted mean, all products)",REAL
GTM,ANY,ALL,2008,2.74,True,OK,"World Bank WDI TM.TAX.MRCH.WM.AR.ZS (tariff rate, applied, weighted mean, all products)",REAL
GTM,ANY,ALL,2009,2.84,True,OK,"World Bank WDI TM.TAX.MRCH.WM.AR.ZS (tariff rate, applied, weighted mean, all products)",REAL
GTM,ANY,ALL,2010,2.35,True,OK,"World Bank WDI TM.TAX.MRCH.WM.AR.ZS (tariff rate, applied, weighted mean, all products)",REAL
GTM,ANY,ALL,2011,2.21,True,OK,"World Bank WDI TM.TAX.MRCH.WM.AR.ZS (tariff rate, applied, weighted mean, all products)",REAL
GTM,ANY,ALL,2012,2.46,True,OK,"World Bank WDI TM.TAX.MRCH.WM.AR.ZS (tariff rate, applied, weighted mean, all products)",REAL
GTM,ANY,ALL,2013,1.75,True,OK,"World Bank WDI TM.TAX.MRCH.WM.AR.ZS (tariff rate, applied, weighted mean, all products)",REAL
GTM,ANY,ALL,2014,1.48,True,OK,"World Bank WDI TM.TAX.MRCH.WM.AR.ZS (tariff rate, applied, weighted mean, all products)",REAL
GTM,ANY,ALL,2015,1.39,True,OK,"World Bank WDI TM.TAX.MRCH.WM.AR.ZS (tariff rate, applied, weighted mean, all products)",REAL
GTM,ANY,ALL,2020,1.59,True,OK,"World Bank WDI TM.TAX.MRCH.WM.AR.ZS (tariff rate, applied, weighted mean, all products)",REAL
GTM,ANY,ALL,2021,1.72,True,OK,"World Bank WDI TM.TAX.MRCH.WM.AR.ZS (tariff rate, applied, weighted mean, all products)",REAL
GTM,ANY,ALL,2022,2.39,True,OK,"World Bank WDI TM.TAX.MRCH.WM.AR.ZS (tariff rate, applied, weighted mean, all products)",REAL
GUY,ANY,ALL,1996,18.71,True,OK,"World Bank WDI TM.TAX.MRCH.WM.AR.ZS (tariff rate, applied, weighted mean, all products)",REAL
GUY,ANY,ALL,1999,15.2,True,OK,"World Bank WDI TM.TAX.MRCH.WM.AR.ZS (tariff rate, applied, weighted mean, all products)",REAL
GUY,ANY,ALL,2000,15.54,True,OK,"World Bank WDI TM.TAX.MRCH.WM.AR.ZS (tariff rate, applied, weighted mean, all products)",REAL
GUY,ANY,ALL,2001,11.61,True,OK,"World Bank WDI TM.TAX.MRCH.WM.AR.ZS (tariff rate, applied, weighted mean, all products)",REAL
GUY,ANY,ALL,2002,11.84,True,OK,"World Bank WDI TM.TAX.MRCH.WM.AR.ZS (tariff rate, applied, weighted mean, all products)",REAL
GUY,ANY,ALL,2003,11.5,True,OK,"World Bank WDI TM.TAX.MRCH.WM.AR.ZS (tariff rate, applied, weighted mean, all products)",REAL
GUY,ANY,ALL,2006,6.21,True,OK,"World Bank WDI TM.TAX.MRCH.WM.AR.ZS (tariff rate, applied, weighted mean, all products)",REAL
GUY,ANY,ALL,2007,11.08,True,OK,"World Bank WDI TM.TAX.MRCH.WM.AR.ZS (tariff rate, applied, weighted mean, all products)",REAL
GUY,ANY,ALL,2008,6.31,True,OK,"World Bank WDI TM.TAX.MRCH.WM.AR.ZS (tariff rate, applied, weighted mean, all products)",REAL
GUY,ANY,ALL,2009,11.58,True,OK,"World Bank WDI TM.TAX.MRCH.WM.AR.ZS (tariff rate, applied, weighted mean, all products)",REAL
GUY,ANY,ALL,2010,6.6,True,OK,"World Bank WDI TM.TAX.MRCH.WM.AR.ZS (tariff rate, applied, weighted mean, all products)",REAL
GUY,ANY,ALL,2011,6.84,True,OK,"World Bank WDI TM.TAX.MRCH.WM.AR.ZS (tariff rate, applied, weighted mean, all products)",REAL
GUY,ANY,ALL,2012,7.13,True,OK,"World Bank WDI TM.TAX.MRCH.WM.AR.ZS (tariff rate, applied, weighted mean, all products)",REAL
GUY,ANY,ALL,2013,8.01,True,OK,"World Bank WDI TM.TAX.MRCH.WM.AR.ZS (tariff rate, applied, weighted mean, all products)",REAL
GUY,ANY,ALL,2015,6.73,True,OK,"World Bank WDI TM.TAX.MRCH.WM.AR.ZS (tariff rate, applied, weighted mean, all products)",REAL
GUY,ANY,ALL,2016,6.58,True,OK,"World Bank WDI TM.TAX.MRCH.WM.AR.ZS (tariff rate, applied, weighted mean, all products)",REAL
GUY,ANY,ALL,2017,6.61,True,OK,"World Bank WDI TM.TAX.MRCH.WM.AR.ZS (tariff rate, applied, weighted mean, all products)",REAL
GUY,ANY,ALL,2018,3.74,True,OK,"World Bank WDI TM.TAX.MRCH.WM.AR.ZS (tariff rate, applied, weighted mean, all products)",REAL
GUY,ANY,ALL,2019,9.55,True,OK,"World Bank WDI TM.TAX.MRCH.WM.AR.ZS (tariff rate, applied, weighted mean, all products)",REAL
GUY,ANY,ALL,2020,6.51,True,OK,"World Bank WDI TM.TAX.MRCH.WM.AR.ZS (tariff rate, applied, weighted mean, all products)",REAL
GUY,ANY,ALL,2021,4.73,True,OK,"World Bank WDI TM.TAX.MRCH.WM.AR.ZS (tariff rate, applied, weighted mean, all products)",REAL
GUY,ANY,ALL,2022,9.27,True,OK,"World Bank WDI TM.TAX.MRCH.WM.AR.ZS (tariff rate, applied, weighted mean, all products)",REAL
HKG,ANY,ALL,1988,0.0,True,OK,"World Bank WDI TM.TAX.MRCH.WM.AR.ZS (tariff rate, applied, weighted mean, all products)",REAL
HKG,ANY,ALL,1996,0.0,True,OK,"World Bank WDI TM.TAX.MRCH.WM.AR.ZS (tariff rate, applied, weighted mean, all products)",REAL
HKG,ANY,ALL,1997,0.0,True,OK,"World Bank WDI TM.TAX.MRCH.WM.AR.ZS (tariff rate, applied, weighted mean, all products)",REAL
HKG,ANY,ALL,1998,0.0,True,OK,"World Bank WDI TM.TAX.MRCH.WM.AR.ZS (tariff rate, applied, weighted mean, all products)",REAL
HKG,ANY,ALL,1999,0.0,True,OK,"World Bank WDI TM.TAX.MRCH.WM.AR.ZS (tariff rate, applied, weighted mean, all products)",REAL
HKG,ANY,ALL,2000,0.0,True,OK,"World Bank WDI TM.TAX.MRCH.WM.AR.ZS (tariff rate, applied, weighted mean, all products)",REAL
HKG,ANY,ALL,2001,0.0,True,OK,"World Bank WDI TM.TAX.MRCH.WM.AR.ZS (tariff rate, applied, weighted mean, all products)",REAL
HKG,ANY,ALL,2002,0.0,True,OK,"World Bank WDI TM.TAX.MRCH.WM.AR.ZS (tariff rate, applied, weighted mean, all products)",REAL
HKG,ANY,ALL,2003,0.0,True,OK,"World Bank WDI TM.TAX.MRCH.WM.AR.ZS (tariff rate, applied, weighted mean, all products)",REAL
HKG,ANY,ALL,2004,0.0,True,OK,"World Bank WDI TM.TAX.MRCH.WM.AR.ZS (tariff rate, applied, weighted mean, all products)",REAL
HKG,ANY,ALL,2005,0.0,True,OK,"World Bank WDI TM.TAX.MRCH.WM.AR.ZS (tariff rate, applied, weighted mean, all products)",REAL
HKG,ANY,ALL,2006,0.0,True,OK,"World Bank WDI TM.TAX.MRCH.WM.AR.ZS (tariff rate, applied, weighted mean, all products)",REAL
HKG,ANY,ALL,2007,0.0,True,OK,"World Bank WDI TM.TAX.MRCH.WM.AR.ZS (tariff rate, applied, weighted mean, all products)",REAL
HKG,ANY,ALL,2008,0.0,True,OK,"World Bank WDI TM.TAX.MRCH.WM.AR.ZS (tariff rate, applied, weighted mean, all products)",REAL
HKG,ANY,ALL,2009,0.0,True,OK,"World Bank WDI TM.TAX.MRCH.WM.AR.ZS (tariff rate, applied, weighted mean, all products)",REAL
HKG,ANY,ALL,2010,0.0,True,OK,"World Bank WDI TM.TAX.MRCH.WM.AR.ZS (tariff rate, applied, weighted mean, all products)",REAL
HKG,ANY,ALL,2011,0.0,True,OK,"World Bank WDI TM.TAX.MRCH.WM.AR.ZS (tariff rate, applied, weighted mean, all products)",REAL
HKG,ANY,ALL,2012,0.0,True,OK,"World Bank WDI TM.TAX.MRCH.WM.AR.ZS (tariff rate, applied, weighted mean, all products)",REAL
HKG,ANY,ALL,2013,0.0,True,OK,"World Bank WDI TM.TAX.MRCH.WM.AR.ZS (tariff rate, applied, weighted mean, all products)",REAL
HKG,ANY,ALL,2014,0.0,True,OK,"World Bank WDI TM.TAX.MRCH.WM.AR.ZS (tariff rate, applied, weighted mean, all products)",REAL
HKG,ANY,ALL,2015,0.0,True,OK,"World Bank WDI TM.TAX.MRCH.WM.AR.ZS (tariff rate, applied, weighted mean, all products)",REAL
HKG,ANY,ALL,2016,0.0,True,OK,"World Bank WDI TM.TAX.MRCH.WM.AR.ZS (tariff rate, applied, weighted mean, all products)",REAL
HKG,ANY,ALL,2017,0.0,True,OK,"World Bank WDI TM.TAX.MRCH.WM.AR.ZS (tariff rate, applied, weighted mean, all products)",REAL
HKG,ANY,ALL,2018,0.0,True,OK,"World Bank WDI TM.TAX.MRCH.WM.AR.ZS (tariff rate, applied, weighted mean, all products)",REAL
HKG,ANY,ALL,2019,0.0,True,OK,"World Bank WDI TM.TAX.MRCH.WM.AR.ZS (tariff rate, applied, weighted mean, all products)",REAL
HKG,ANY,ALL,2020,0.0,True,OK,"World Bank WDI TM.TAX.MRCH.WM.AR.ZS (tariff rate, applied, weighted mean, all products)",REAL
HKG,ANY,ALL,2021,0.0,True,OK,"World Bank WDI TM.TAX.MRCH.WM.AR.ZS (tariff rate, applied, weighted mean, all products)",REAL
HKG,ANY,ALL,2022,0.0,True,OK,"World Bank WDI TM.TAX.MRCH.WM.AR.ZS (tariff rate, applied, weighted mean, all products)",REAL
HND,ANY,ALL,1995,8.97,True,OK,"World Bank WDI TM.TAX.MRCH.WM.AR.ZS (tariff rate, applied, weighted mean, all products)",REAL
HND,ANY,ALL,1996,7.8,True,OK,"World Bank WDI TM.TAX.MRCH.WM.AR.ZS (tariff rate, applied, weighted mean, all products)",REAL
HND,ANY,ALL,1997,9.76,True,OK,"World Bank WDI TM.TAX.MRCH.WM.AR.ZS (tariff rate, applied, weighted mean, all products)",REAL
HND,ANY,ALL,1998,8.05,True,OK,"World Bank WDI TM.TAX.MRCH.WM.AR.ZS (tariff rate, applied, weighted mean, all products)",REAL
HND,ANY,ALL,1999,7.7,True,OK,"World Bank WDI TM.TAX.MRCH.WM.AR.ZS (tariff rate, applied, weighted mean, all products)",REAL
HND,ANY,ALL,2000,8.35,True,OK,"World Bank WDI TM.TAX.MRCH.WM.AR.ZS (tariff rate, applied, weighted mean, all products)",REAL
HND,ANY,ALL,2001,8.76,True,OK,"World Bank WDI TM.TAX.MRCH.WM.AR.ZS (tariff rate, applied, weighted mean, all products)",REAL
HND,ANY,ALL,2002,7.18,True,OK,"World Bank WDI TM.TAX.MRCH.WM.AR.ZS (tariff rate, applied, weighted mean, all products)",REAL
HND,ANY,ALL,2003,7.18,True,OK,"World Bank WDI TM.TAX.MRCH.WM.AR.ZS (tariff rate, applied, weighted mean, all products)",REAL
HND,ANY,ALL,2004,4.94,True,OK,"World Bank WDI TM.TAX.MRCH.WM.AR.ZS (tariff rate, applied, weighted mean, all products)",REAL
HND,ANY,ALL,2005,6.01,True,OK,"World Bank WDI TM.TAX.MRCH.WM.AR.ZS (tariff rate, applied, weighted mean, all products)",REAL
HND,ANY,ALL,2006,5.92,True,OK,"World Bank WDI TM.TAX.MRCH.WM.AR.ZS (tariff rate, applied, weighted mean, all products)",REAL
HND,ANY,ALL,2007,4.47,True,OK,"World Bank WDI TM.TAX.MRCH.WM.AR.ZS (tariff rate, applied, weighted mean, all products)",REAL
HND,ANY,ALL,2008,3.5,True,OK,"World Bank WDI TM.TAX.MRCH.WM.AR.ZS (tariff rate, applied, weighted mean, all products)",REAL
HND,ANY,ALL,2009,6.71,True,OK,"World Bank WDI TM.TAX.MRCH.WM.AR.ZS (tariff rate, applied, weighted mean, all products)",REAL
HND,ANY,ALL,2010,6.65,True,OK,"World Bank WDI TM.TAX.MRCH.WM.AR.ZS (tariff rate, applied, weighted mean, all products)",REAL
HND,ANY,ALL,2011,6.35,True,OK,"World Bank WDI TM.TAX.MRCH.WM.AR.ZS (tariff rate, applied, weighted mean, all products)",REAL
HND,ANY,ALL,2012,6.31,True,OK,"World Bank WDI TM.TAX.MRCH.WM.AR.ZS (tariff rate, applied, weighted mean, all products)",REAL
HND,ANY,ALL,2013,5.77,True,OK,"World Bank WDI TM.TAX.MRCH.WM.AR.ZS (tariff rate, applied, weighted mean, all products)",REAL
HND,ANY,ALL,2015,2.79,True,OK,"World Bank WDI TM.TAX.MRCH.WM.AR.ZS (tariff rate, applied, weighted mean, all products)",REAL
HND,ANY,ALL,2018,3.41,True,OK,"World Bank WDI TM.TAX.MRCH.WM.AR.ZS (tariff rate, applied, weighted mean, all products)",REAL
HND,ANY,ALL,2020,3.31,True,OK,"World Bank WDI TM.TAX.MRCH.WM.AR.ZS (tariff rate, applied, weighted mean, all products)",REAL
HND,ANY,ALL,2021,2.85,True,OK,"World Bank WDI TM.TAX.MRCH.WM.AR.ZS (tariff rate, applied, weighted mean, all products)",REAL
HND,ANY,ALL,2022,2.11,True,OK,"World Bank WDI TM.TAX.MRCH.WM.AR.ZS (tariff rate, applied, weighted mean, all products)",REAL
HRV,ANY,ALL,2001,4.51,True,OK,"World Bank WDI TM.TAX.MRCH.WM.AR.ZS (tariff rate, applied, weighted mean, all products)",REAL
HRV,ANY,ALL,2002,4.76,True,OK,"World Bank WDI TM.TAX.MRCH.WM.AR.ZS (tariff rate, applied, weighted mean, all products)",REAL
HRV,ANY,ALL,2003,2.55,True,OK,"World Bank WDI TM.TAX.MRCH.WM.AR.ZS (tariff rate, applied, weighted mean, all products)",REAL
HRV,ANY,ALL,2004,1.27,True,OK,"World Bank WDI TM.TAX.MRCH.WM.AR.ZS (tariff rate, applied, weighted mean, all products)",REAL
HRV,ANY,ALL,2005,1.16,True,OK,"World Bank WDI TM.TAX.MRCH.WM.AR.ZS (tariff rate, applied, weighted mean, all products)",REAL
HRV,ANY,ALL,2006,1.11,True,OK,"World Bank WDI TM.TAX.MRCH.WM.AR.ZS (tariff rate, applied, weighted mean, all products)",REAL
HRV,ANY,ALL,2007,1.13,True,OK,"World Bank WDI TM.TAX.MRCH.WM.AR.ZS (tariff rate, applied, weighted mean, all products)",REAL
HRV,ANY,ALL,2008,1.12,True,OK,"World Bank WDI TM.TAX.MRCH.WM.AR.ZS (tariff rate, applied, weighted mean, all products)",REAL
HRV,ANY,ALL,2009,1.31,True,OK,"World Bank WDI TM.TAX.MRCH.WM.AR.ZS (tariff rate, applied, weighted mean, all products)",REAL
HRV,ANY,ALL,2010,1.34,True,OK,"World Bank WDI TM.TAX.MRCH.WM.AR.ZS (tariff rate, applied, weighted mean, all products)",REAL
HRV,ANY,ALL,2011,1.34,True,OK,"World Bank WDI TM.TAX.MRCH.WM.AR.ZS (tariff rate, applied, weighted mean, all products)",REAL
HRV,ANY,ALL,2012,1.44,True,OK,"World Bank WDI TM.TAX.MRCH.WM.AR.ZS (tariff rate, applied, weighted mean, all products)",REAL
HRV,ANY,ALL,2013,1.49,True,OK,"World Bank WDI TM.TAX.MRCH.WM.AR.ZS (tariff rate, applied, weighted mean, all products)",REAL
HRV,ANY,ALL,2014,2.03,True,OK,"World Bank WDI TM.TAX.MRCH.WM.AR.ZS (tariff rate, applied, weighted mean, all products)",REAL
HRV,ANY,ALL,2015,2.02,True,OK,"World Bank WDI TM.TAX.MRCH.WM.AR.ZS (tariff rate, applied, weighted mean, all products)",REAL
HRV,ANY,ALL,2016,2.09,True,OK,"World Bank WDI TM.TAX.MRCH.WM.AR.ZS (tariff rate, applied, weighted mean, all products)",REAL
HRV,ANY,ALL,2017,1.96,True,OK,"World Bank WDI TM.TAX.MRCH.WM.AR.ZS (tariff rate, applied, weighted mean, all products)",REAL
HRV,ANY,ALL,2018,1.83,True,OK,"World Bank WDI TM.TAX.MRCH.WM.AR.ZS (tariff rate, applied, weighted mean, all products)",REAL
HRV,ANY,ALL,2019,1.84,True,OK,"World Bank WDI TM.TAX.MRCH.WM.AR.ZS (tariff rate, applied, weighted mean, all products)",REAL
HRV,ANY,ALL,2020,1.48,True,OK,"World Bank WDI TM.TAX.MRCH.WM.AR.ZS (tariff rate, applied, weighted mean, all products)",REAL
HRV,ANY,ALL,2021,1.39,True,OK,"World Bank WDI TM.TAX.MRCH.WM.AR.ZS (tariff rate, applied, weighted mean, all products)",REAL
HRV,ANY,ALL,2022,1.33,True,OK,"World Bank WDI TM.TAX.MRCH.WM.AR.ZS (tariff rate, applied, weighted mean, all products)",REAL
HTI,ANY,ALL,2001,3.59,True,OK,"World Bank WDI TM.TAX.MRCH.WM.AR.ZS (tariff rate, applied, weighted mean, all products)",REAL
HTI,ANY,ALL,2002,3.8,True,OK,"World Bank WDI TM.TAX.MRCH.WM.AR.ZS (tariff rate, applied, weighted mean, all products)",REAL
HTI,ANY,ALL,2007,4.75,True,OK,"World Bank WDI TM.TAX.MRCH.WM.AR.ZS (tariff rate, applied, weighted mean, all products)",REAL
HTI,ANY,ALL,2008,4.81,True,OK,"World Bank WDI TM.TAX.MRCH.WM.AR.ZS (tariff rate, applied, weighted mean, all products)",REAL
HTI,ANY,ALL,2009,3.5,True,OK,"World Bank WDI TM.TAX.MRCH.WM.AR.ZS (tariff rate, applied, weighted mean, all products)",REAL
HTI,ANY,ALL,2010,6.97,True,OK,"World Bank WDI TM.TAX.MRCH.WM.AR.ZS (tariff rate, applied, weighted mean, all products)",REAL
HTI,ANY,ALL,2011,6.58,True,OK,"World Bank WDI TM.TAX.MRCH.WM.AR.ZS (tariff rate, applied, weighted mean, all products)",REAL
HTI,ANY,ALL,2012,4.44,True,OK,"World Bank WDI TM.TAX.MRCH.WM.AR.ZS (tariff rate, applied, weighted mean, all products)",REAL
HTI,ANY,ALL,2013,6.52,True,OK,"World Bank WDI TM.TAX.MRCH.WM.AR.ZS (tariff rate, applied, weighted mean, all products)",REAL
HTI,ANY,ALL,2014,7.18,True,OK,"World Bank WDI TM.TAX.MRCH.WM.AR.ZS (tariff rate, applied, weighted mean, all products)",REAL
HTI,ANY,ALL,2015,6.55,True,OK,"World Bank WDI TM.TAX.MRCH.WM.AR.ZS (tariff rate, applied, weighted mean, all products)",REAL
HTI,ANY,ALL,2016,6.52,True,OK,"World Bank WDI TM.TAX.MRCH.WM.AR.ZS (tariff rate, applied, weighted mean, all products)",REAL
HTI,ANY,ALL,2020,6.76,True,OK,"World Bank WDI TM.TAX.MRCH.WM.AR.ZS (tariff rate, applied, weighted mean, all products)",REAL
HUN,ANY,ALL,1991,10.07,True,OK,"World Bank WDI TM.TAX.MRCH.WM.AR.ZS (tariff rate, applied, weighted mean, all products)",REAL
HUN,ANY,ALL,1993,8.96,True,OK,"World Bank WDI TM.TAX.MRCH.WM.AR.ZS (tariff rate, applied, weighted mean, all products)",REAL
HUN,ANY,ALL,1996,8.62,True,OK,"World Bank WDI TM.TAX.MRCH.WM.AR.ZS (tariff rate, applied, weighted mean, all products)",REAL
HUN,ANY,ALL,1997,4.48,True,OK,"World Bank WDI TM.TAX.MRCH.WM.AR.ZS (tariff rate, applied, weighted mean, all products)",REAL
HUN,ANY,ALL,2002,7.91,True,OK,"World Bank WDI TM.TAX.MRCH.WM.AR.ZS (tariff rate, applied, weighted mean, all products)",REAL
HUN,ANY,ALL,2004,2.24,True,OK,"World Bank WDI TM.TAX.MRCH.WM.AR.ZS (tariff rate, applied, weighted mean, all products)",REAL
HUN,ANY,ALL,2005,2.46,True,OK,"World Bank WDI TM.TAX.MRCH.WM.AR.ZS (tariff rate, applied, weighted mean, all products)",REAL
HUN,ANY,ALL,2006,2.3,True,OK,"World Bank WDI TM.TAX.MRCH.WM.AR.ZS (tariff rate, applied, weighted mean, all products)",REAL
HUN,ANY,ALL,2007,2.24,True,OK,"World Bank WDI TM.TAX.MRCH.WM.AR.ZS (tariff rate, applied, weighted mean, all products)",REAL
HUN,ANY,ALL,2008,1.72,True,OK,"World Bank WDI TM.TAX.MRCH.WM.AR.ZS (tariff rate, applied, weighted mean, all products)",REAL
HUN,ANY,ALL,2009,1.85,True,OK,"World Bank WDI TM.TAX.MRCH.WM.AR.ZS (tariff rate, applied, weighted mean, all products)",REAL
HUN,ANY,ALL,2010,2.13,True,OK,"World Bank WDI TM.TAX.MRCH.WM.AR.ZS (tariff rate, applied, weighted mean, all products)",REAL
HUN,ANY,ALL,2011,1.59,True,OK,"World Bank WDI TM.TAX.MRCH.WM.AR.ZS (tariff rate, applied, weighted mean, all products)",REAL
HUN,ANY,ALL,2012,1.46,True,OK,"World Bank WDI TM.TAX.MRCH.WM.AR.ZS (tariff rate, applied, weighted mean, all products)",REAL
HUN,ANY,ALL,2013,1.49,True,OK,"World Bank WDI TM.TAX.MRCH.WM.AR.ZS (tariff rate, applied, weighted mean, all products)",REAL
HUN,ANY,ALL,2014,2.03,True,OK,"World Bank WDI TM.TAX.MRCH.WM.AR.ZS (tariff rate, applied, weighted mean, all products)",REAL
HUN,ANY,ALL,2015,2.02,True,OK,"World Bank WDI TM.TAX.MRCH.WM.AR.ZS (tariff rate, applied, weighted mean, all products)",REAL
HUN,ANY,ALL,2016,2.09,True,OK,"World Bank WDI TM.TAX.MRCH.WM.AR.ZS (tariff rate, applied, weighted mean, all products)",REAL
HUN,ANY,ALL,2017,1.96,True,OK,"World Bank WDI TM.TAX.MRCH.WM.AR.ZS (tariff rate, applied, weighted mean, all products)",REAL
HUN,ANY,ALL,2018,1.83,True,OK,"World Bank WDI TM.TAX.MRCH.WM.AR.ZS (tariff rate, applied, weighted mean, all products)",REAL
HUN,ANY,ALL,2019,1.84,True,OK,"World Bank WDI TM.TAX.MRCH.WM.AR.ZS (tariff rate, applied, weighted mean, all products)",REAL
HUN,ANY,ALL,2020,1.48,True,OK,"World Bank WDI TM.TAX.MRCH.WM.AR.ZS (tariff rate, applied, weighted mean, all products)",REAL
HUN,ANY,ALL,2021,1.39,True,OK,"World Bank WDI TM.TAX.MRCH.WM.AR.ZS (tariff rate, applied, weighted mean, all products)",REAL
HUN,ANY,ALL,2022,1.33,True,OK,"World Bank WDI TM.TAX.MRCH.WM.AR.ZS (tariff rate, applied, weighted mean, all products)",REAL
IDN,ANY,ALL,1989,14.54,True,OK,"World Bank WDI TM.TAX.MRCH.WM.AR.ZS (tariff rate, applied, weighted mean, all products)",REAL
IDN,ANY,ALL,1990,15.09,True,OK,"World Bank WDI TM.TAX.MRCH.WM.AR.ZS (tariff rate, applied, weighted mean, all products)",REAL
IDN,ANY,ALL,1993,12.51,True,OK,"World Bank WDI TM.TAX.MRCH.WM.AR.ZS (tariff rate, applied, weighted mean, all products)",REAL
IDN,ANY,ALL,1995,10.84,True,OK,"World Bank WDI TM.TAX.MRCH.WM.AR.ZS (tariff rate, applied, weighted mean, all products)",REAL
IDN,ANY,ALL,1996,7.73,True,OK,"World Bank WDI TM.TAX.MRCH.WM.AR.ZS (tariff rate, applied, weighted mean, all products)",REAL
IDN,ANY,ALL,1997,15.06,True,OK,"World Bank WDI TM.TAX.MRCH.WM.AR.ZS (tariff rate, applied, weighted mean, all products)",REAL
IDN,ANY,ALL,1998,5.48,True,OK,"World Bank WDI TM.TAX.MRCH.WM.AR.ZS (tariff rate, applied, weighted mean, all products)",REAL
IDN,ANY,ALL,1999,6.05,True,OK,"World Bank WDI TM.TAX.MRCH.WM.AR.ZS (tariff rate, applied, weighted mean, all products)",REAL
IDN,ANY,ALL,2000,5.16,True,OK,"World Bank WDI TM.TAX.MRCH.WM.AR.ZS (tariff rate, applied, weighted mean, all products)",REAL
IDN,ANY,ALL,2001,4.14,True,OK,"World Bank WDI TM.TAX.MRCH.WM.AR.ZS (tariff rate, applied, weighted mean, all products)",REAL
IDN,ANY,ALL,2002,4.38,True,OK,"World Bank WDI TM.TAX.MRCH.WM.AR.ZS (tariff rate, applied, weighted mean, all products)",REAL
IDN,ANY,ALL,2003,4.04,True,OK,"World Bank WDI TM.TAX.MRCH.WM.AR.ZS (tariff rate, applied, weighted mean, all products)",REAL
IDN,ANY,ALL,2004,4.02,True,OK,"World Bank WDI TM.TAX.MRCH.WM.AR.ZS (tariff rate, applied, weighted mean, all products)",REAL
IDN,ANY,ALL,2005,3.97,True,OK,"World Bank WDI TM.TAX.MRCH.WM.AR.ZS (tariff rate, applied, weighted mean, all products)",REAL
IDN,ANY,ALL,2006,3.53,True,OK,"World Bank WDI TM.TAX.MRCH.WM.AR.ZS (tariff rate, applied, weighted mean, all products)",REAL
IDN,ANY,ALL,2007,2.9,True,OK,"World Bank WDI TM.TAX.MRCH.WM.AR.ZS (tariff rate, applied, weighted mean, all products)",REAL
IDN,ANY,ALL,2008,4.38,True,OK,"World Bank WDI TM.TAX.MRCH.WM.AR.ZS (tariff rate, applied, weighted mean, all products)",REAL
IDN,ANY,ALL,2009,1.71,True,OK,"World Bank WDI TM.TAX.MRCH.WM.AR.ZS (tariff rate, applied, weighted mean, all products)",REAL
IDN,ANY,ALL,2010,2.56,True,OK,"World Bank WDI TM.TAX.MRCH.WM.AR.ZS (tariff rate, applied, weighted mean, all products)",REAL
IDN,ANY,ALL,2011,2.62,True,OK,"World Bank WDI TM.TAX.MRCH.WM.AR.ZS (tariff rate, applied, weighted mean, all products)",REAL
IDN,ANY,ALL,2012,2.54,True,OK,"World Bank WDI TM.TAX.MRCH.WM.AR.ZS (tariff rate, applied, weighted mean, all products)",REAL
IDN,ANY,ALL,2013,2.37,True,OK,"World Bank WDI TM.TAX.MRCH.WM.AR.ZS (tariff rate, applied, weighted mean, all products)",REAL
IDN,ANY,ALL,2016,2.64,True,OK,"World Bank WDI TM.TAX.MRCH.WM.AR.ZS (tariff rate, applied, weighted mean, all products)",REAL
IDN,ANY,ALL,2017,2.06,True,OK,"World Bank WDI TM.TAX.MRCH.WM.AR.ZS (tariff rate, applied, weighted mean, all products)",REAL
IDN,ANY,ALL,2018,2.0,True,OK,"World Bank WDI TM.TAX.MRCH.WM.AR.ZS (tariff rate, applied, weighted mean, all products)",REAL
IDN,ANY,ALL,2019,2.0,True,OK,"World Bank WDI TM.TAX.MRCH.WM.AR.ZS (tariff rate, applied, weighted mean, all products)",REAL
IDN,ANY,ALL,2020,2.04,True,OK,"World Bank WDI TM.TAX.MRCH.WM.AR.ZS (tariff rate, applied, weighted mean, all products)",REAL
IDN,ANY,ALL,2021,1.83,True,OK,"World Bank WDI TM.TAX.MRCH.WM.AR.ZS (tariff rate, applied, weighted mean, all products)",REAL
IDN,ANY,ALL,2022,1.83,True,OK,"World Bank WDI TM.TAX.MRCH.WM.AR.ZS (tariff rate, applied, weighted mean, all products)",REAL
IND,ANY,ALL,1990,56.36,True,EXTREME_VALUE,"World Bank WDI TM.TAX.MRCH.WM.AR.ZS (tariff rate, applied, weighted mean, all products)",REAL
IND,ANY,ALL,1992,27.01,True,JUMP_GE_10PP,"World Bank WDI TM.TAX.MRCH.WM.AR.ZS (tariff rate, applied, weighted mean, all products)",REAL
IND,ANY,ALL,1996,23.72,True,OK,"World Bank WDI TM.TAX.MRCH.WM.AR.ZS (tariff rate, applied, weighted mean, all products)",REAL
IND,ANY,ALL,1997,20.13,True,OK,"World Bank WDI TM.TAX.MRCH.WM.AR.ZS (tariff rate, applied, weighted mean, all products)",REAL
IND,ANY,ALL,1999,28.51,True,OK,"World Bank WDI TM.TAX.MRCH.WM.AR.ZS (tariff rate, applied, weighted mean, all products)",REAL
IND,ANY,ALL,2000,23.36,True,OK,"World Bank WDI TM.TAX.MRCH.WM.AR.ZS (tariff rate, applied, weighted mean, all products)",REAL
IND,ANY,ALL,2001,26.51,True,OK,"World Bank WDI TM.TAX.MRCH.WM.AR.ZS (tariff rate, applied, weighted mean, all products)",REAL
IND,ANY,ALL,2002,23.08,True,OK,"World Bank WDI TM.TAX.MRCH.WM.AR.ZS (tariff rate, applied, weighted mean, all products)",REAL
IND,ANY,ALL,2003,21.45,True,OK,"World Bank WDI TM.TAX.MRCH.WM.AR.ZS (tariff rate, applied, weighted mean, all products)",REAL
IND,ANY,ALL,2004,22.96,True,OK,"World Bank WDI TM.TAX.MRCH.WM.AR.ZS (tariff rate, applied, weighted mean, all products)",REAL
IND,ANY,ALL,2005,13.9,True,OK,"World Bank WDI TM.TAX.MRCH.WM.AR.ZS (tariff rate, applied, weighted mean, all products)",REAL
IND,ANY,ALL,2006,8.99,True,OK,"World Bank WDI TM.TAX.MRCH.WM.AR.ZS (tariff rate, applied, weighted mean, all products)",REAL
IND,ANY,ALL,2007,11.99,True,OK,"World Bank WDI TM.TAX.MRCH.WM.AR.ZS (tariff rate, applied, weighted mean, all products)",REAL
IND,ANY,ALL,2008,5.98,True,OK,"World Bank WDI TM.TAX.MRCH.WM.AR.ZS (tariff rate, applied, weighted mean, all products)",REAL
IND,ANY,ALL,2009,6.84,True,OK,"World Bank WDI TM.TAX.MRCH.WM.AR.ZS (tariff rate, applied, weighted mean, all products)",REAL
IND,ANY,ALL,2010,6.1,True,OK,"World Bank WDI TM.TAX.MRCH.WM.AR.ZS (tariff rate, applied, weighted mean, all products)",REAL
IND,ANY,ALL,2011,7.33,True,OK,"World Bank WDI TM.TAX.MRCH.WM.AR.ZS (tariff rate, applied, weighted mean, all products)",REAL
IND,ANY,ALL,2012,6.32,True,OK,"World Bank WDI TM.TAX.MRCH.WM.AR.ZS (tariff rate, applied, weighted mean, all products)",REAL
IND,ANY,ALL,2013,6.34,True,OK,"World Bank WDI TM.TAX.MRCH.WM.AR.ZS (tariff rate, applied, weighted mean, all products)",REAL
IND,ANY,ALL,2015,7.32,True,OK,"World Bank WDI TM.TAX.MRCH.WM.AR.ZS (tariff rate, applied, weighted mean, all products)",REAL
IND,ANY,ALL,2016,6.35,True,OK,"World Bank WDI TM.TAX.MRCH.WM.AR.ZS (tariff rate, applied, weighted mean, all products)",REAL
IND,ANY,ALL,2017,5.78,True,OK,"World Bank WDI TM.TAX.MRCH.WM.AR.ZS (tariff rate, applied, weighted mean, all products)",REAL
IND,ANY,ALL,2018,4.88,True,OK,"World Bank WDI TM.TAX.MRCH.WM.AR.ZS (tariff rate, applied, weighted mean, all products)",REAL
IND,ANY,ALL,2019,6.59,True,OK,"World Bank WDI TM.TAX.MRCH.WM.AR.ZS (tariff rate, applied, weighted mean, all products)",REAL
IND,ANY,ALL,2020,6.19,True,OK,"World Bank WDI TM.TAX.MRCH.WM.AR.ZS (tariff rate, applied, weighted mean, all products)",REAL
IND,ANY,ALL,2021,5.87,True,OK,"World Bank WDI TM.TAX.MRCH.WM.AR.ZS (tariff rate, applied, weighted mean, all products)",REAL
IND,ANY,ALL,2022,4.59,True,OK,"World Bank WDI TM.TAX.MRCH.WM.AR.ZS (tariff rate, applied, weighted mean, all products)",REAL
IRL,ANY,ALL,2000,2.41,True,OK,"World Bank WDI TM.TAX.MRCH.WM.AR.ZS (tariff rate, applied, weighted mean, all products)",REAL
IRL,ANY,ALL,2001,3.37,True,OK,"World Bank WDI TM.TAX.MRCH.WM.AR.ZS (tariff rate, applied, weighted mean, all products)",REAL
IRL,ANY,ALL,2002,2.45,True,OK,"World Bank WDI TM.TAX.MRCH.WM.AR.ZS (tariff rate, applied, weighted mean, all products)",REAL
IRL,ANY,ALL,2003,2.52,True,OK,"World Bank WDI TM.TAX.MRCH.WM.AR.ZS (tariff rate, applied, weighted mean, all products)",REAL
IRL,ANY,ALL,2004,2.24,True,OK,"World Bank WDI TM.TAX.MRCH.WM.AR.ZS (tariff rate, applied, weighted mean, all products)",REAL
IRL,ANY,ALL,2005,2.46,True,OK,"World Bank WDI TM.TAX.MRCH.WM.AR.ZS (tariff rate, applied, weighted mean, all products)",REAL
IRL,ANY,ALL,2006,2.3,True,OK,"World Bank WDI TM.TAX.MRCH.WM.AR.ZS (tariff rate, applied, weighted mean, all products)",REAL
IRL,ANY,ALL,2007,2.24,True,OK,"World Bank WDI TM.TAX.MRCH.WM.AR.ZS (tariff rate, applied, weighted mean, all products)",REAL
IRL,ANY,ALL,2008,1.72,True,OK,"World Bank WDI TM.TAX.MRCH.WM.AR.ZS (tariff rate, applied, weighted mean, all products)",REAL
IRL,ANY,ALL,2009,1.85,True,OK,"World Bank WDI TM.TAX.MRCH.WM.AR.ZS (tariff rate, applied, weighted mean, all products)",REAL
IRL,ANY,ALL,2010,2.13,True,OK,"World Bank WDI TM.TAX.MRCH.WM.AR.ZS (tariff rate, applied, weighted mean, all products)",REAL
IRL,ANY,ALL,2011,1.59,True,OK,"World Bank WDI TM.TAX.MRCH.WM.AR.ZS (tariff rate, applied, weighted mean, all products)",REAL
IRL,ANY,ALL,2012,1.46,True,OK,"World Bank WDI TM.TAX.MRCH.WM.AR.ZS (tariff rate, applied, weighted mean, all products)",REAL
IRL,ANY,ALL,2013,1.49,True,OK,"World Bank WDI TM.TAX.MRCH.WM.AR.ZS (tariff rate, applied, weighted mean, all products)",REAL
IRL,ANY,ALL,2014,2.03,True,OK,"World Bank WDI TM.TAX.MRCH.WM.AR.ZS (tariff rate, applied, weighted mean, all products)",REAL
IRL,ANY,ALL,2015,2.02,True,OK,"World Bank WDI TM.TAX.MRCH.WM.AR.ZS (tariff rate, applied, weighted mean, all products)",REAL
IRL,ANY,ALL,2016,2.09,True,OK,"World Bank WDI TM.TAX.MRCH.WM.AR.ZS (tariff rate, applied, weighted mean, all products)",REAL
IRL,ANY,ALL,2017,1.96,True,OK,"World Bank WDI TM.TAX.MRCH.WM.AR.ZS (tariff rate, applied, weighted mean, all products)",REAL
IRL,ANY,ALL,2018,1.83,True,OK,"World Bank WDI TM.TAX.MRCH.WM.AR.ZS (tariff rate, applied, weighted mean, all products)",REAL
IRL,ANY,ALL,2019,1.84,True,OK,"World Bank WDI TM.TAX.MRCH.WM.AR.ZS (tariff rate, applied, weighted mean, all products)",REAL
IRL,ANY,ALL,2020,1.48,True,OK,"World Bank WDI TM.TAX.MRCH.WM.AR.ZS (tariff rate, applied, weighted mean, all products)",REAL
IRL,ANY,ALL,2021,1.39,True,OK,"World Bank WDI TM.TAX.MRCH.WM.AR.ZS (tariff rate, applied, weighted mean, all products)",REAL
IRL,ANY,ALL,2022,1.33,True,OK,"World Bank WDI TM.TAX.MRCH.WM.AR.ZS (tariff rate, applied, weighted mean, all products)",REAL
IRN,ANY,ALL,2000,22.74,True,OK,"World Bank WDI TM.TAX.MRCH.WM.AR.ZS (tariff rate, applied, weighted mean, all products)",REAL
IRN,ANY,ALL,2003,16.74,True,OK,"World Bank WDI TM.TAX.MRCH.WM.AR.ZS (tariff rate, applied, weighted mean, all products)",REAL
IRN,ANY,ALL,2004,13.84,True,OK,"World Bank WDI TM.TAX.MRCH.WM.AR.ZS (tariff rate, applied, weighted mean, all products)",REAL
IRN,ANY,ALL,2007,17.55,True,OK,"World Bank WDI TM.TAX.MRCH.WM.AR.ZS (tariff rate, applied, weighted mean, all products)",REAL
IRN,ANY,ALL,2008,14.28,True,OK,"World Bank WDI TM.TAX.MRCH.WM.AR.ZS (tariff rate, applied, weighted mean, all products)",REAL
IRN,ANY,ALL,2011,15.23,True,OK,"World Bank WDI TM.TAX.MRCH.WM.AR.ZS (tariff rate, applied, weighted mean, all products)",REAL
IRN,ANY,ALL,2019,15.43,True,OK,"World Bank WDI TM.TAX.MRCH.WM.AR.ZS (tariff rate, applied, weighted mean, all products)",REAL
IRN,ANY,ALL,2020,12.09,True,OK,"World Bank WDI TM.TAX.MRCH.WM.AR.ZS (tariff rate, applied, weighted mean, all products)",REAL
ISL,ANY,ALL,1993,3.41,True,OK,"World Bank WDI TM.TAX.MRCH.WM.AR.ZS (tariff rate, applied, weighted mean, all products)",REAL
ISL,ANY,ALL,1996,3.64,True,OK,"World Bank WDI TM.TAX.MRCH.WM.AR.ZS (tariff rate, applied, weighted mean, all products)",REAL
ISL,ANY,ALL,1998,4.51,True,OK,"World Bank WDI TM.TAX.MRCH.WM.AR.ZS (tariff rate, applied, weighted mean, all products)",REAL
ISL,ANY,ALL,1999,3.65,True,OK,"World Bank WDI TM.TAX.MRCH.WM.AR.ZS (tariff rate, applied, weighted mean, all products)",REAL
ISL,ANY,ALL,2000,4.72,True,OK,"World Bank WDI TM.TAX.MRCH.WM.AR.ZS (tariff rate, applied, weighted mean, all products)",REAL
ISL,ANY,ALL,2001,3.68,True,OK,"World Bank WDI TM.TAX.MRCH.WM.AR.ZS (tariff rate, applied, weighted mean, all products)",REAL
ISL,ANY,ALL,2003,4.31,True,OK,"World Bank WDI TM.TAX.MRCH.WM.AR.ZS (tariff rate, applied, weighted mean, all products)",REAL
ISL,ANY,ALL,2004,4.52,True,OK,"World Bank WDI TM.TAX.MRCH.WM.AR.ZS (tariff rate, applied, weighted mean, all products)",REAL
ISL,ANY,ALL,2005,4.24,True,OK,"World Bank WDI TM.TAX.MRCH.WM.AR.ZS (tariff rate, applied, weighted mean, all products)",REAL
ISL,ANY,ALL,2006,1.83,True,OK,"World Bank WDI TM.TAX.MRCH.WM.AR.ZS (tariff rate, applied, weighted mean, all products)",REAL
ISL,ANY,ALL,2007,1.9,True,OK,"World Bank WDI TM.TAX.MRCH.WM.AR.ZS (tariff rate, applied, weighted mean, all products)",REAL
ISL,ANY,ALL,2008,1.85,True,OK,"World Bank WDI TM.TAX.MRCH.WM.AR.ZS (tariff rate, applied, weighted mean, all products)",REAL
ISL,ANY,ALL,2009,1.65,True,OK,"World Bank WDI TM.TAX.MRCH.WM.AR.ZS (tariff rate, applied, weighted mean, all products)",REAL
ISL,ANY,ALL,2010,1.5,True,OK,"World Bank WDI TM.TAX.MRCH.WM.AR.ZS (tariff rate, applied, weighted mean, all products)",REAL
ISL,ANY,ALL,2011,1.58,True,OK,"World Bank WDI TM.TAX.MRCH.WM.AR.ZS (tariff rate, applied, weighted mean, all products)",REAL
ISL,ANY,ALL,2012,1.47,True,OK,"World Bank WDI TM.TAX.MRCH.WM.AR.ZS (tariff rate, applied, weighted mean, all products)",REAL
ISL,ANY,ALL,2013,1.66,True,OK,"World Bank WDI TM.TAX.MRCH.WM.AR.ZS (tariff rate, applied, weighted mean, all products)",REAL
ISL,ANY,ALL,2014,1.6,True,OK,"World Bank WDI TM.TAX.MRCH.WM.AR.ZS (tariff rate, applied, weighted mean, all products)",REAL
ISL,ANY,ALL,2015,1.42,True,OK,"World Bank WDI TM.TAX.MRCH.WM.AR.ZS (tariff rate, applied, weighted mean, all products)",REAL
ISL,ANY,ALL,2016,1.47,True,OK,"World Bank WDI TM.TAX.MRCH.WM.AR.ZS (tariff rate, applied, weighted mean, all products)",REAL
ISL,ANY,ALL,2017,1.57,True,OK,"World Bank WDI TM.TAX.MRCH.WM.AR.ZS (tariff rate, applied, weighted mean, all products)",REAL
ISL,ANY,ALL,2019,1.53,True,OK,"World Bank WDI TM.TAX.MRCH.WM.AR.ZS (tariff rate, applied, weighted mean, all products)",REAL
ISL,ANY,ALL,2021,1.51,True,OK,"World Bank WDI TM.TAX.MRCH.WM.AR.ZS (tariff rate, applied, weighted mean, all products)",REAL
ISL,ANY,ALL,2022,1.63,True,OK,"World Bank WDI TM.TAX.MRCH.WM.AR.ZS (tariff rate, applied, weighted mean, all products)",REAL
ISR,ANY,ALL,1993,3.79,True,OK,"World Bank WDI TM.TAX.MRCH.WM.AR.ZS (tariff rate, applied, weighted mean, all products)",REAL
ISR,ANY,ALL,1999,5.64,True,OK,"World Bank WDI TM.TAX.MRCH.WM.AR.ZS (tariff rate, applied, weighted mean, all products)",REAL
ISR,ANY,ALL,2000,3.83,True,OK,"World Bank WDI TM.TAX.MRCH.WM.AR.ZS (tariff rate, applied, weighted mean, all products)",REAL
ISR,ANY,ALL,2001,3.66,True,OK,"World Bank WDI TM.TAX.MRCH.WM.AR.ZS (tariff rate, applied, weighted mean, all products)",REAL
ISR,ANY,ALL,2002,3.47,True,OK,"World Bank WDI TM.TAX.MRCH.WM.AR.ZS (tariff rate, applied, weighted mean, all products)",REAL
ISR,ANY,ALL,2003,3.28,True,OK,"World Bank WDI TM.TAX.MRCH.WM.AR.ZS (tariff rate, applied, weighted mean, all products)",REAL
ISR,ANY,ALL,2004,1.22,True,OK,"World Bank WDI TM.TAX.MRCH.WM.AR.ZS (tariff rate, applied, weighted mean, all products)",REAL
ISR,ANY,ALL,2005,1.33,True,OK,"World Bank WDI TM.TAX.MRCH.WM.AR.ZS (tariff rate, applied, weighted mean, all products)",REAL
ISR,ANY,ALL,2006,2.42,True,OK,"World Bank WDI TM.TAX.MRCH.WM.AR.ZS (tariff rate, applied, weighted mean, all products)",REAL
ISR,ANY,ALL,2007,1.37,True,OK,"World Bank WDI TM.TAX.MRCH.WM.AR.ZS (tariff rate, applied, weighted mean, all products)",REAL
ISR,ANY,ALL,2008,1.54,True,OK,"World Bank WDI TM.TAX.MRCH.WM.AR.ZS (tariff rate, applied, weighted mean, all products)",REAL
ISR,ANY,ALL,2009,3.49,True,OK,"World Bank WDI TM.TAX.MRCH.WM.AR.ZS (tariff rate, applied, weighted mean, all products)",REAL
ISR,ANY,ALL,2011,2.94,True,OK,"World Bank WDI TM.TAX.MRCH.WM.AR.ZS (tariff rate, applied, weighted mean, all products)",REAL
ISR,ANY,ALL,2012,1.35,True,OK,"World Bank WDI TM.TAX.MRCH.WM.AR.ZS (tariff rate, applied, weighted mean, all products)",REAL
ISR,ANY,ALL,2013,1.42,True,OK,"World Bank WDI TM.TAX.MRCH.WM.AR.ZS (tariff rate, applied, weighted mean, all products)",REAL
ISR,ANY,ALL,2014,1.46,True,OK,"World Bank WDI TM.TAX.MRCH.WM.AR.ZS (tariff rate, applied, weighted mean, all products)",REAL
ISR,ANY,ALL,2015,2.83,True,OK,"World Bank WDI TM.TAX.MRCH.WM.AR.ZS (tariff rate, applied, weighted mean, all products)",REAL
ISR,ANY,ALL,2016,2.81,True,OK,"World Bank WDI TM.TAX.MRCH.WM.AR.ZS (tariff rate, applied, weighted mean, all products)",REAL
ISR,ANY,ALL,2017,1.85,True,OK,"World Bank WDI TM.TAX.MRCH.WM.AR.ZS (tariff rate, applied, weighted mean, all products)",REAL
ISR,ANY,ALL,2021,2.88,True,OK,"World Bank WDI TM.TAX.MRCH.WM.AR.ZS (tariff rate, applied, weighted mean, all products)",REAL
ISR,ANY,ALL,2022,2.62,True,OK,"World Bank WDI TM.TAX.MRCH.WM.AR.ZS (tariff rate, applied, weighted mean, all products)",REAL
ITA,ANY,ALL,2000,2.41,True,OK,"World Bank WDI TM.TAX.MRCH.WM.AR.ZS (tariff rate, applied, weighted mean, all products)",REAL
ITA,ANY,ALL,2001,3.37,True,OK,"World Bank WDI TM.TAX.MRCH.WM.AR.ZS (tariff rate, applied, weighted mean, all products)",REAL
ITA,ANY,ALL,2002,2.45,True,OK,"World Bank WDI TM.TAX.MRCH.WM.AR.ZS (tariff rate, applied, weighted mean, all products)",REAL
ITA,ANY,ALL,2003,2.52,True,OK,"World Bank WDI TM.TAX.MRCH.WM.AR.ZS (tariff rate, applied, weighted mean, all products)",REAL
ITA,ANY,ALL,2004,2.24,True,OK,"World Bank WDI TM.TAX.MRCH.WM.AR.ZS (tariff rate, applied, weighted mean, all products)",REAL
ITA,ANY,ALL,2005,2.46,True,OK,"World Bank WDI TM.TAX.MRCH.WM.AR.ZS (tariff rate, applied, weighted mean, all products)",REAL
ITA,ANY,ALL,2006,2.3,True,OK,"World Bank WDI TM.TAX.MRCH.WM.AR.ZS (tariff rate, applied, weighted mean, all products)",REAL
ITA,ANY,ALL,2007,2.24,True,OK,"World Bank WDI TM.TAX.MRCH.WM.AR.ZS (tariff rate, applied, weighted mean, all products)",REAL
ITA,ANY,ALL,2008,1.72,True,OK,"World Bank WDI TM.TAX.MRCH.WM.AR.ZS (tariff rate, applied, weighted mean, all products)",REAL
ITA,ANY,ALL,2009,1.85,True,OK,"World Bank WDI TM.TAX.MRCH.WM.AR.ZS (tariff rate, applied, weighted mean, all products)",REAL
ITA,ANY,ALL,2010,2.13,True,OK,"World Bank WDI TM.TAX.MRCH.WM.AR.ZS (tariff rate, applied, weighted mean, all products)",REAL
ITA,ANY,ALL,2011,1.59,True,OK,"World Bank WDI TM.TAX.MRCH.WM.AR.ZS (tariff rate, applied, weighted mean, all products)",REAL
ITA,ANY,ALL,2012,1.46,True,OK,"World Bank WDI TM.TAX.MRCH.WM.AR.ZS (tariff rate, applied, weighted mean, all products)",REAL
ITA,ANY,ALL,2013,1.49,True,OK,"World Bank WDI TM.TAX.MRCH.WM.AR.ZS (tariff rate, applied, weighted mean, all products)",REAL
ITA,ANY,ALL,2014,2.03,True,OK,"World Bank WDI TM.TAX.MRCH.WM.AR.ZS (tariff rate, applied, weighted mean, all products)",REAL
ITA,ANY,ALL,2015,2.02,True,OK,"World Bank WDI TM.TAX.MRCH.WM.AR.ZS (tariff rate, applied, weighted mean, all products)",REAL
ITA,ANY,ALL,2016,2.09,True,OK,"World Bank WDI TM.TAX.MRCH.WM.AR.ZS (tariff rate, applied, weighted mean, all products)",REAL
ITA,ANY,ALL,2017,1.96,True,OK,"World Bank WDI TM.TAX.MRCH.WM.AR.ZS (tariff rate, applied, weighted mean, all products)",REAL
ITA,ANY,ALL,2018,1.83,True,OK,"World Bank WDI TM.TAX.MRCH.WM.AR.ZS (tariff rate, applied, weighted mean, all products)",REAL
ITA,ANY,ALL,2019,1.84,True,OK,"World Bank WDI TM.TAX.MRCH.WM.AR.ZS (tariff rate, applied, weighted mean, all products)",REAL
ITA,ANY,ALL,2020,1.48,True,OK,"World Bank WDI TM.TAX.MRCH.WM.AR.ZS (tariff rate, applied, weighted mean, all products)",REAL
ITA,ANY,ALL,2021,1.39,True,OK,"World Bank WDI TM.TAX.MRCH.WM.AR.ZS (tariff rate, applied, weighted mean, all products)",REAL
ITA,ANY,ALL,2022,1.33,True,OK,"World Bank WDI TM.TAX.MRCH.WM.AR.ZS (tariff rate, applied, weighted mean, all products)",REAL
JAM,ANY,ALL,1996,17.85,True,OK,"World Bank WDI TM.TAX.MRCH.WM.AR.ZS (tariff rate, applied, weighted mean, all products)",REAL
JAM,ANY,ALL,1999,16.67,True,OK,"World Bank WDI TM.TAX.MRCH.WM.AR.ZS (tariff rate, applied, weighted mean, all products)",REAL
JAM,ANY,ALL,2000,9.85,True,OK,"World Bank WDI TM.TAX.MRCH.WM.AR.ZS (tariff rate, applied, weighted mean, all products)",REAL
JAM,ANY,ALL,2001,9.53,True,OK,"World Bank WDI TM.TAX.MRCH.WM.AR.ZS (tariff rate, applied, weighted mean, all products)",REAL
JAM,ANY,ALL,2002,9.83,True,OK,"World Bank WDI TM.TAX.MRCH.WM.AR.ZS (tariff rate, applied, weighted mean, all products)",REAL
JAM,ANY,ALL,2003,10.08,True,OK,"World Bank WDI TM.TAX.MRCH.WM.AR.ZS (tariff rate, applied, weighted mean, all products)",REAL
JAM,ANY,ALL,2004,9.43,True,OK,"World Bank WDI TM.TAX.MRCH.WM.AR.ZS (tariff rate, applied, weighted mean, all products)",REAL
JAM,ANY,ALL,2006,8.91,True,OK,"World Bank WDI TM.TAX.MRCH.WM.AR.ZS (tariff rate, applied, weighted mean, all products)",REAL
JAM,ANY,ALL,2007,8.92,True,OK,"World Bank WDI TM.TAX.MRCH.WM.AR.ZS (tariff rate, applied, weighted mean, all products)",REAL
JAM,ANY,ALL,2010,7.45,True,OK,"World Bank WDI TM.TAX.MRCH.WM.AR.ZS (tariff rate, applied, weighted mean, all products)",REAL
JAM,ANY,ALL,2011,7.34,True,OK,"World Bank WDI TM.TAX.MRCH.WM.AR.ZS (tariff rate, applied, weighted mean, all products)",REAL
JAM,ANY,ALL,2012,10.38,True,OK,"World Bank WDI TM.TAX.MRCH.WM.AR.ZS (tariff rate, applied, weighted mean, all products)",REAL
JAM,ANY,ALL,2013,9.59,True,OK,"World Bank WDI TM.TAX.MRCH.WM.AR.ZS (tariff rate, applied, weighted mean, all products)",REAL
JAM,ANY,ALL,2015,10.52,True,OK,"World Bank WDI TM.TAX.MRCH.WM.AR.ZS (tariff rate, applied, weighted mean, all products)",REAL
JAM,ANY,ALL,2016,10.84,True,OK,"World Bank WDI TM.TAX.MRCH.WM.AR.ZS (tariff rate, applied, weighted mean, all products)",REAL
JAM,ANY,ALL,2020,8.41,True,OK,"World Bank WDI TM.TAX.MRCH.WM.AR.ZS (tariff rate, applied, weighted mean, all products)",REAL
JAM,ANY,ALL,2021,8.61,True,OK,"World Bank WDI TM.TAX.MRCH.WM.AR.ZS (tariff rate, applied, weighted mean, all products)",REAL
JAM,ANY,ALL,2022,9.24,True,OK,"World Bank WDI TM.TAX.MRCH.WM.AR.ZS (tariff rate, applied, weighted mean, all products)",REAL
JOR,ANY,ALL,2000,18.92,True,OK,"World Bank WDI TM.TAX.MRCH.WM.AR.ZS (tariff rate, applied, weighted mean, all products)",REAL
JOR,ANY,ALL,2001,12.32,True,OK,"World Bank WDI TM.TAX.MRCH.WM.AR.ZS (tariff rate, applied, weighted mean, all products)",REAL
JOR,ANY,ALL,2002,12.66,True,OK,"World Bank WDI TM.TAX.MRCH.WM.AR.ZS (tariff rate, applied, weighted mean, all products)",REAL
JOR,ANY,ALL,2003,11.44,True,OK,"World Bank WDI TM.TAX.MRCH.WM.AR.ZS (tariff rate, applied, weighted mean, all products)",REAL
JOR,ANY,ALL,2004,11.23,True,OK,"World Bank WDI TM.TAX.MRCH.WM.AR.ZS (tariff rate, applied, weighted mean, all products)",REAL
JOR,ANY,ALL,2005,7.5,True,OK,"World Bank WDI TM.TAX.MRCH.WM.AR.ZS (tariff rate, applied, weighted mean, all products)",REAL
JOR,ANY,ALL,2006,5.63,True,OK,"World Bank WDI TM.TAX.MRCH.WM.AR.ZS (tariff rate, applied, weighted mean, all products)",REAL
JOR,ANY,ALL,2007,5.62,True,OK,"World Bank WDI TM.TAX.MRCH.WM.AR.ZS (tariff rate, applied, weighted mean, all products)",REAL
JOR,ANY,ALL,2008,5.09,True,OK,"World Bank WDI TM.TAX.MRCH.WM.AR.ZS (tariff rate, applied, weighted mean, all products)",REAL
JOR,ANY,ALL,2009,5.13,True,OK,"World Bank WDI TM.TAX.MRCH.WM.AR.ZS (tariff rate, applied, weighted mean, all products)",REAL
JOR,ANY,ALL,2010,8.46,True,OK,"World Bank WDI TM.TAX.MRCH.WM.AR.ZS (tariff rate, applied, weighted mean, all products)",REAL
JOR,ANY,ALL,2011,8.06,True,OK,"World Bank WDI TM.TAX.MRCH.WM.AR.ZS (tariff rate, applied, weighted mean, all products)",REAL
JOR,ANY,ALL,2012,8.1,True,OK,"World Bank WDI TM.TAX.MRCH.WM.AR.ZS (tariff rate, applied, weighted mean, all products)",REAL
JOR,ANY,ALL,2013,8.08,True,OK,"World Bank WDI TM.TAX.MRCH.WM.AR.ZS (tariff rate, applied, weighted mean, all products)",REAL
JOR,ANY,ALL,2014,4.0,True,OK,"World Bank WDI TM.TAX.MRCH.WM.AR.ZS (tariff rate, applied, weighted mean, all products)",REAL
JOR,ANY,ALL,2015,3.98,True,OK,"World Bank WDI TM.TAX.MRCH.WM.AR.ZS (tariff rate, applied, weighted mean, all products)",REAL
JOR,ANY,ALL,2016,4.32,True,OK,"World Bank WDI TM.TAX.MRCH.WM.AR.ZS (tariff rate, applied, weighted mean, all products)",REAL
JOR,ANY,ALL,2017,4.41,True,OK,"World Bank WDI TM.TAX.MRCH.WM.AR.ZS (tariff rate, applied, weighted mean, all products)",REAL
JOR,ANY,ALL,2020,3.98,True,OK,"World Bank WDI TM.TAX.MRCH.WM.AR.ZS (tariff rate, applied, weighted mean, all products)",REAL
JOR,ANY,ALL,2022,3.2,True,OK,"World Bank WDI TM.TAX.MRCH.WM.AR.ZS (tariff rate, applied, weighted mean, all products)",REAL
JPN,ANY,ALL,1988,4.12,True,OK,"World Bank WDI TM.TAX.MRCH.WM.AR.ZS (tariff rate, applied, weighted mean, all products)",REAL
JPN,ANY,ALL,1989,4.07,True,OK,"World Bank WDI TM.TAX.MRCH.WM.AR.ZS (tariff rate, applied, weighted mean, all products)",REAL
JPN,ANY,ALL,1990,3.61,True,OK,"World Bank WDI TM.TAX.MRCH.WM.AR.ZS (tariff rate, applied, weighted mean, all products)",REAL
JPN,ANY,ALL,1991,4.04,True,OK,"World Bank WDI TM.TAX.MRCH.WM.AR.ZS (tariff rate, applied, weighted mean, all products)",REAL
JPN,ANY,ALL,1992,4.24,True,OK,"World Bank WDI TM.TAX.MRCH.WM.AR.ZS (tariff rate, applied, weighted mean, all products)",REAL
JPN,ANY,ALL,1993,4.36,True,OK,"World Bank WDI TM.TAX.MRCH.WM.AR.ZS (tariff rate, applied, weighted mean, all products)",REAL
JPN,ANY,ALL,1994,4.3,True,OK,"World Bank WDI TM.TAX.MRCH.WM.AR.ZS (tariff rate, applied, weighted mean, all products)",REAL
JPN,ANY,ALL,1995,5.22,True,OK,"World Bank WDI TM.TAX.MRCH.WM.AR.ZS (tariff rate, applied, weighted mean, all products)",REAL
JPN,ANY,ALL,1996,5.59,True,OK,"World Bank WDI TM.TAX.MRCH.WM.AR.ZS (tariff rate, applied, weighted mean, all products)",REAL
JPN,ANY,ALL,1997,4.33,True,OK,"World Bank WDI TM.TAX.MRCH.WM.AR.ZS (tariff rate, applied, weighted mean, all products)",REAL
JPN,ANY,ALL,1998,4.17,True,OK,"World Bank WDI TM.TAX.MRCH.WM.AR.ZS (tariff rate, applied, weighted mean, all products)",REAL
JPN,ANY,ALL,1999,4.42,True,OK,"World Bank WDI TM.TAX.MRCH.WM.AR.ZS (tariff rate, applied, weighted mean, all products)",REAL
JPN,ANY,ALL,2000,4.49,True,OK,"World Bank WDI TM.TAX.MRCH.WM.AR.ZS (tariff rate, applied, weighted mean, all products)",REAL
JPN,ANY,ALL,2001,5.75,True,OK,"World Bank WDI TM.TAX.MRCH.WM.AR.ZS (tariff rate, applied, weighted mean, all products)",REAL
JPN,ANY,ALL,2002,5.52,True,OK,"World Bank WDI TM.TAX.MRCH.WM.AR.ZS (tariff rate, applied, weighted mean, all products)",REAL
JPN,ANY,ALL,2003,5.23,True,OK,"World Bank WDI TM.TAX.MRCH.WM.AR.ZS (tariff rate, applied, weighted mean, all products)",REAL
JPN,ANY,ALL,2004,4.0,True,OK,"World Bank WDI TM.TAX.MRCH.WM.AR.ZS (tariff rate, applied, weighted mean, all products)",REAL
JPN,ANY,ALL,2005,3.58,True,OK,"World Bank WDI TM.TAX.MRCH.WM.AR.ZS (tariff rate, applied, weighted mean, all products)",REAL
JPN,ANY,ALL,2006,2.82,True,OK,"World Bank WDI TM.TAX.MRCH.WM.AR.ZS (tariff rate, applied, weighted mean, all products)",REAL
JPN,ANY,ALL,2007,2.74,True,OK,"World Bank WDI TM.TAX.MRCH.WM.AR.ZS (tariff rate, applied, weighted mean, all products)",REAL
JPN,ANY,ALL,2008,2.49,True,OK,"World Bank WDI TM.TAX.MRCH.WM.AR.ZS (tariff rate, applied, weighted mean, all products)",REAL
JPN,ANY,ALL,2009,2.91,True,OK,"World Bank WDI TM.TAX.MRCH.WM.AR.ZS (tariff rate, applied, weighted mean, all products)",REAL
JPN,ANY,ALL,2010,2.2,True,OK,"World Bank WDI TM.TAX.MRCH.WM.AR.ZS (tariff rate, applied, weighted mean, all products)",REAL
JPN,ANY,ALL,2011,2.37,True,OK,"World Bank WDI TM.TAX.MRCH.WM.AR.ZS (tariff rate, applied, weighted mean, all products)",REAL
JPN,ANY,ALL,2012,2.27,True,OK,"World Bank WDI TM.TAX.MRCH.WM.AR.ZS (tariff rate, applied, weighted mean, all products)",REAL
JPN,ANY,ALL,2013,1.18,True,OK,"World Bank WDI TM.TAX.MRCH.WM.AR.ZS (tariff rate, applied, weighted mean, all products)",REAL
JPN,ANY,ALL,2014,2.29,True,OK,"World Bank WDI TM.TAX.MRCH.WM.AR.ZS (tariff rate, applied, weighted mean, all products)",REAL
JPN,ANY,ALL,2015,2.3,True,OK,"World Bank WDI TM.TAX.MRCH.WM.AR.ZS (tariff rate, applied, weighted mean, all products)",REAL
JPN,ANY,ALL,2016,2.55,True,OK,"World Bank WDI TM.TAX.MRCH.WM.AR.ZS (tariff rate, applied, weighted mean, all products)",REAL
JPN,ANY,ALL,2017,2.51,True,OK,"World Bank WDI TM.TAX.MRCH.WM.AR.ZS (tariff rate, applied, weighted mean, all products)",REAL
JPN,ANY,ALL,2018,2.45,True,OK,"World Bank WDI TM.TAX.MRCH.WM.AR.ZS (tariff rate, applied, weighted mean, all products)",REAL
JPN,ANY,ALL,2019,3.53,True,OK,"World Bank WDI TM.TAX.MRCH.WM.AR.ZS (tariff rate, applied, weighted mean, all products)",REAL
JPN,ANY,ALL,2020,2.22,True,OK,"World Bank WDI TM.TAX.MRCH.WM.AR.ZS (tariff rate, applied, weighted mean, all products)",REAL
JPN,ANY,ALL,2021,1.84,True,OK,"World Bank WDI TM.TAX.MRCH.WM.AR.ZS (tariff rate, applied, weighted mean, all products)",REAL
JPN,ANY,ALL,2022,1.64,True,OK,"World Bank WDI TM.TAX.MRCH.WM.AR.ZS (tariff rate, applied, weighted mean, all products)",REAL
KAZ,ANY,ALL,2004,1.91,True,OK,"World Bank WDI TM.TAX.MRCH.WM.AR.ZS (tariff rate, applied, weighted mean, all products)",REAL
KAZ,ANY,ALL,2008,2.22,True,OK,"World Bank WDI TM.TAX.MRCH.WM.AR.ZS (tariff rate, applied, weighted mean, all products)",REAL
KAZ,ANY,ALL,2010,4.4,True,OK,"World Bank WDI TM.TAX.MRCH.WM.AR.ZS (tariff rate, applied, weighted mean, all products)",REAL
KAZ,ANY,ALL,2011,3.2,True,OK,"World Bank WDI TM.TAX.MRCH.WM.AR.ZS (tariff rate, applied, weighted mean, all products)",REAL
KAZ,ANY,ALL,2012,3.68,True,OK,"World Bank WDI TM.TAX.MRCH.WM.AR.ZS (tariff rate, applied, weighted mean, all products)",REAL
KAZ,ANY,ALL,2013,3.75,True,OK,"World Bank WDI TM.TAX.MRCH.WM.AR.ZS (tariff rate, applied, weighted mean, all products)",REAL
KAZ,ANY,ALL,2014,3.46,True,OK,"World Bank WDI TM.TAX.MRCH.WM.AR.ZS (tariff rate, applied, weighted mean, all products)",REAL
KAZ,ANY,ALL,2015,4.85,True,OK,"World Bank WDI TM.TAX.MRCH.WM.AR.ZS (tariff rate, applied, weighted mean, all products)",REAL
KAZ,ANY,ALL,2016,2.55,True,OK,"World Bank WDI TM.TAX.MRCH.WM.AR.ZS (tariff rate, applied, weighted mean, all products)",REAL
KAZ,ANY,ALL,2017,2.39,True,OK,"World Bank WDI TM.TAX.MRCH.WM.AR.ZS (tariff rate, applied, weighted mean, all products)",REAL
KAZ,ANY,ALL,2018,2.37,True,OK,"World Bank WDI TM.TAX.MRCH.WM.AR.ZS (tariff rate, applied, weighted mean, all products)",REAL
KAZ,ANY,ALL,2019,2.32,True,OK,"World Bank WDI TM.TAX.MRCH.WM.AR.ZS (tariff rate, applied, weighted mean, all products)",REAL
KAZ,ANY,ALL,2020,1.96,True,OK,"World Bank WDI TM.TAX.MRCH.WM.AR.ZS (tariff rate, applied, weighted mean, all products)",REAL
KAZ,ANY,ALL,2021,2.17,True,OK,"World Bank WDI TM.TAX.MRCH.WM.AR.ZS (tariff rate, applied, weighted mean, all products)",REAL
KAZ,ANY,ALL,2022,2.9,True,OK,"World Bank WDI TM.TAX.MRCH.WM.AR.ZS (tariff rate, applied, weighted mean, all products)",REAL
KEN,ANY,ALL,1994,20.64,True,OK,"World Bank WDI TM.TAX.MRCH.WM.AR.ZS (tariff rate, applied, weighted mean, all products)",REAL
KEN,ANY,ALL,1999,12.86,True,OK,"World Bank WDI TM.TAX.MRCH.WM.AR.ZS (tariff rate, applied, weighted mean, all products)",REAL
KEN,ANY,ALL,2000,16.52,True,OK,"World Bank WDI TM.TAX.MRCH.WM.AR.ZS (tariff rate, applied, weighted mean, all products)",REAL
KEN,ANY,ALL,2001,15.0,True,OK,"World Bank WDI TM.TAX.MRCH.WM.AR.ZS (tariff rate, applied, weighted mean, all products)",REAL
KEN,ANY,ALL,2002,12.23,True,OK,"World Bank WDI TM.TAX.MRCH.WM.AR.ZS (tariff rate, applied, weighted mean, all products)",REAL
KEN,ANY,ALL,2004,10.44,True,OK,"World Bank WDI TM.TAX.MRCH.WM.AR.ZS (tariff rate, applied, weighted mean, all products)",REAL
KEN,ANY,ALL,2005,6.58,True,OK,"World Bank WDI TM.TAX.MRCH.WM.AR.ZS (tariff rate, applied, weighted mean, all products)",REAL
KEN,ANY,ALL,2006,6.32,True,OK,"World Bank WDI TM.TAX.MRCH.WM.AR.ZS (tariff rate, applied, weighted mean, all products)",REAL
KEN,ANY,ALL,2007,6.79,True,OK,"World Bank WDI TM.TAX.MRCH.WM.AR.ZS (tariff rate, applied, weighted mean, all products)",REAL
KEN,ANY,ALL,2008,7.35,True,OK,"World Bank WDI TM.TAX.MRCH.WM.AR.ZS (tariff rate, applied, weighted mean, all products)",REAL
KEN,ANY,ALL,2009,9.52,True,OK,"World Bank WDI TM.TAX.MRCH.WM.AR.ZS (tariff rate, applied, weighted mean, all products)",REAL
KEN,ANY,ALL,2010,7.32,True,OK,"World Bank WDI TM.TAX.MRCH.WM.AR.ZS (tariff rate, applied, weighted mean, all products)",REAL
KEN,ANY,ALL,2011,6.6,True,OK,"World Bank WDI TM.TAX.MRCH.WM.AR.ZS (tariff rate, applied, weighted mean, all products)",REAL
KEN,ANY,ALL,2012,12.38,True,OK,"World Bank WDI TM.TAX.MRCH.WM.AR.ZS (tariff rate, applied, weighted mean, all products)",REAL
KEN,ANY,ALL,2013,9.64,True,OK,"World Bank WDI TM.TAX.MRCH.WM.AR.ZS (tariff rate, applied, weighted mean, all products)",REAL
KEN,ANY,ALL,2014,10.55,True,OK,"World Bank WDI TM.TAX.MRCH.WM.AR.ZS (tariff rate, applied, weighted mean, all products)",REAL
KEN,ANY,ALL,2015,11.47,True,OK,"World Bank WDI TM.TAX.MRCH.WM.AR.ZS (tariff rate, applied, weighted mean, all products)",REAL
KEN,ANY,ALL,2016,12.25,True,OK,"World Bank WDI TM.TAX.MRCH.WM.AR.ZS (tariff rate, applied, weighted mean, all products)",REAL
KEN,ANY,ALL,2018,10.07,True,OK,"World Bank WDI TM.TAX.MRCH.WM.AR.ZS (tariff rate, applied, weighted mean, all products)",REAL
KEN,ANY,ALL,2019,11.48,True,OK,"World Bank WDI TM.TAX.MRCH.WM.AR.ZS (tariff rate, applied, weighted mean, all products)",REAL
KEN,ANY,ALL,2020,9.32,True,OK,"World Bank WDI TM.TAX.MRCH.WM.AR.ZS (tariff rate, applied, weighted mean, all products)",REAL
KEN,ANY,ALL,2021,9.3,True,OK,"World Bank WDI TM.TAX.MRCH.WM.AR.ZS (tariff rate, applied, weighted mean, all products)",REAL
KEN,ANY,ALL,2022,11.7,True,OK,"World Bank WDI TM.TAX.MRCH.WM.AR.ZS (tariff rate, applied, weighted mean, all products)",REAL
KGZ,ANY,ALL,1995,0.0,True,OK,"World Bank WDI TM.TAX.MRCH.WM.AR.ZS (tariff rate, applied, weighted mean, all products)",REAL
KGZ,ANY,ALL,2000,2.78,True,OK,"World Bank WDI TM.TAX.MRCH.WM.AR.ZS (tariff rate, applied, weighted mean, all products)",REAL
KGZ,ANY,ALL,2001,3.33,True,OK,"World Bank WDI TM.TAX.MRCH.WM.AR.ZS (tariff rate, applied, weighted mean, all products)",REAL
KGZ,ANY,ALL,2002,6.8,True,OK,"World Bank WDI TM.TAX.MRCH.WM.AR.ZS (tariff rate, applied, weighted mean, all products)",REAL
KGZ,ANY,ALL,2003,4.31,True,OK,"World Bank WDI TM.TAX.MRCH.WM.AR.ZS (tariff rate, applied, weighted mean, all products)",REAL
KGZ,ANY,ALL,2006,1.18,True,OK,"World Bank WDI TM.TAX.MRCH.WM.AR.ZS (tariff rate, applied, weighted mean, all products)",REAL
KGZ,ANY,ALL,2007,1.06,True,OK,"World Bank WDI TM.TAX.MRCH.WM.AR.ZS (tariff rate, applied, weighted mean, all products)",REAL
KGZ,ANY,ALL,2008,2.32,True,OK,"World Bank WDI TM.TAX.MRCH.WM.AR.ZS (tariff rate, applied, weighted mean, all products)",REAL
KGZ,ANY,ALL,2009,2.38,True,OK,"World Bank WDI TM.TAX.MRCH.WM.AR.ZS (tariff rate, applied, weighted mean, all products)",REAL
KGZ,ANY,ALL,2010,2.29,True,OK,"World Bank WDI TM.TAX.MRCH.WM.AR.ZS (tariff rate, applied, weighted mean, all products)",REAL
KGZ,ANY,ALL,2011,2.38,True,OK,"World Bank WDI TM.TAX.MRCH.WM.AR.ZS (tariff rate, applied, weighted mean, all products)",REAL
KGZ,ANY,ALL,2012,2.46,True,OK,"World Bank WDI TM.TAX.MRCH.WM.AR.ZS (tariff rate, applied, weighted mean, all products)",REAL
KGZ,ANY,ALL,2013,2.46,True,OK,"World Bank WDI TM.TAX.MRCH.WM.AR.ZS (tariff rate, applied, weighted mean, all products)",REAL
KGZ,ANY,ALL,2014,2.34,True,OK,"World Bank WDI TM.TAX.MRCH.WM.AR.ZS (tariff rate, applied, weighted mean, all products)",REAL
KGZ,ANY,ALL,2015,3.2,True,OK,"World Bank WDI TM.TAX.MRCH.WM.AR.ZS (tariff rate, applied, weighted mean, all products)",REAL
KGZ,ANY,ALL,2016,3.16,True,OK,"World Bank WDI TM.TAX.MRCH.WM.AR.ZS (tariff rate, applied, weighted mean, all products)",REAL
KGZ,ANY,ALL,2017,2.93,True,OK,"World Bank WDI TM.TAX.MRCH.WM.AR.ZS (tariff rate, applied, weighted mean, all products)",REAL
KGZ,ANY,ALL,2018,2.92,True,OK,"World Bank WDI TM.TAX.MRCH.WM.AR.ZS (tariff rate, applied, weighted mean, all products)",REAL
KGZ,ANY,ALL,2019,3.09,True,OK,"World Bank WDI TM.TAX.MRCH.WM.AR.ZS (tariff rate, applied, weighted mean, all products)",REAL
KGZ,ANY,ALL,2020,2.33,True,OK,"World Bank WDI TM.TAX.MRCH.WM.AR.ZS (tariff rate, applied, weighted mean, all products)",REAL
KGZ,ANY,ALL,2021,3.01,True,OK,"World Bank WDI TM.TAX.MRCH.WM.AR.ZS (tariff rate, applied, weighted mean, all products)",REAL
KHM,ANY,ALL,2001,16.43,True,OK,"World Bank WDI TM.TAX.MRCH.WM.AR.ZS (tariff rate, applied, weighted mean, all products)",REAL
KHM,ANY,ALL,2002,16.18,True,OK,"World Bank WDI TM.TAX.MRCH.WM.AR.ZS (tariff rate, applied, weighted mean, all products)",REAL
KHM,ANY,ALL,2003,16.29,True,OK,"World Bank WDI TM.TAX.MRCH.WM.AR.ZS (tariff rate, applied, weighted mean, all products)",REAL
KHM,ANY,ALL,2005,10.81,True,OK,"World Bank WDI TM.TAX.MRCH.WM.AR.ZS (tariff rate, applied, weighted mean, all products)",REAL
KHM,ANY,ALL,2006,10.46,True,OK,"World Bank WDI TM.TAX.MRCH.WM.AR.ZS (tariff rate, applied, weighted mean, all products)",REAL
KHM,ANY,ALL,2007,10.53,True,OK,"World Bank WDI TM.TAX.MRCH.WM.AR.ZS (tariff rate, applied, weighted mean, all products)",REAL
KHM,ANY,ALL,2008,9.91,True,OK,"World Bank WDI TM.TAX.MRCH.WM.AR.ZS (tariff rate, applied, weighted mean, all products)",REAL
KHM,ANY,ALL,2010,9.5,True,OK,"World Bank WDI TM.TAX.MRCH.WM.AR.ZS (tariff rate, applied, weighted mean, all products)",REAL
KHM,ANY,ALL,2011,8.94,True,OK,"World Bank WDI TM.TAX.MRCH.WM.AR.ZS (tariff rate, applied, weighted mean, all products)",REAL
KHM,ANY,ALL,2012,9.08,True,OK,"World Bank WDI TM.TAX.MRCH.WM.AR.ZS (tariff rate, applied, weighted mean, all products)",REAL
KHM,ANY,ALL,2014,4.85,True,OK,"World Bank WDI TM.TAX.MRCH.WM.AR.ZS (tariff rate, applied, weighted mean, all products)",REAL
KHM,ANY,ALL,2016,9.77,True,OK,"World Bank WDI TM.TAX.MRCH.WM.AR.ZS (tariff rate, applied, weighted mean, all products)",REAL
KHM,ANY,ALL,2020,6.21,True,OK,"World Bank WDI TM.TAX.MRCH.WM.AR.ZS (tariff rate, applied, weighted mean, all products)",REAL
KHM,ANY,ALL,2021,5.37,True,OK,"World Bank WDI TM.TAX.MRCH.WM.AR.ZS (tariff rate, applied, weighted mean, all products)",REAL
KHM,ANY,ALL,2022,7.2,True,OK,"World Bank WDI TM.TAX.MRCH.WM.AR.ZS (tariff rate, applied, weighted mean, all products)",REAL
KNA,ANY,ALL,1996,21.57,True,OK,"World Bank WDI TM.TAX.MRCH.WM.AR.ZS (tariff rate, applied, weighted mean, all products)",REAL
KNA,ANY,ALL,1999,17.87,True,OK,"World Bank WDI TM.TAX.MRCH.WM.AR.ZS (tariff rate, applied, weighted mean, all products)",REAL
KNA,ANY,ALL,2000,13.11,True,OK,"World Bank WDI TM.TAX.MRCH.WM.AR.ZS (tariff rate, applied, weighted mean, all products)",REAL
KNA,ANY,ALL,2001,12.61,True,OK,"World Bank WDI TM.TAX.MRCH.WM.AR.ZS (tariff rate, applied, weighted mean, all products)",REAL
KNA,ANY,ALL,2002,13.68,True,OK,"World Bank WDI TM.TAX.MRCH.WM.AR.ZS (tariff rate, applied, weighted mean, all products)",REAL
KNA,ANY,ALL,2003,13.71,True,OK,"World Bank WDI TM.TAX.MRCH.WM.AR.ZS (tariff rate, applied, weighted mean, all products)",REAL
KNA,ANY,ALL,2006,12.41,True,OK,"World Bank WDI TM.TAX.MRCH.WM.AR.ZS (tariff rate, applied, weighted mean, all products)",REAL
KNA,ANY,ALL,2007,12.32,True,OK,"World Bank WDI TM.TAX.MRCH.WM.AR.ZS (tariff rate, applied, weighted mean, all products)",REAL
KNA,ANY,ALL,2008,13.6,True,OK,"World Bank WDI TM.TAX.MRCH.WM.AR.ZS (tariff rate, applied, weighted mean, all products)",REAL
KNA,ANY,ALL,2009,15.11,True,OK,"World Bank WDI TM.TAX.MRCH.WM.AR.ZS (tariff rate, applied, weighted mean, all products)",REAL
KNA,ANY,ALL,2010,13.02,True,OK,"World Bank WDI TM.TAX.MRCH.WM.AR.ZS (tariff rate, applied, weighted mean, all products)",REAL
KNA,ANY,ALL,2011,12.46,True,OK,"World Bank WDI TM.TAX.MRCH.WM.AR.ZS (tariff rate, applied, weighted mean, all products)",REAL
KNA,ANY,ALL,2012,12.31,True,OK,"World Bank WDI TM.TAX.MRCH.WM.AR.ZS (tariff rate, applied, weighted mean, all products)",REAL
KNA,ANY,ALL,2013,12.31,True,OK,"World Bank WDI TM.TAX.MRCH.WM.AR.ZS (tariff rate, applied, weighted mean, all products)",REAL
KNA,ANY,ALL,2014,12.29,True,OK,"World Bank WDI TM.TAX.MRCH.WM.AR.ZS (tariff rate, applied, weighted mean, all products)",REAL
KNA,ANY,ALL,2015,12.29,True,OK,"World Bank WDI TM.TAX.MRCH.WM.AR.ZS (tariff rate, applied, weighted mean, all products)",REAL
KNA,ANY,ALL,2016,12.3,True,OK,"World Bank WDI TM.TAX.MRCH.WM.AR.ZS (tariff rate, applied, weighted mean, all products)",REAL
KNA,ANY,ALL,2017,21.08,True,OK,"World Bank WDI TM.TAX.MRCH.WM.AR.ZS (tariff rate, applied, weighted mean, all products)",REAL
KNA,ANY,ALL,2018,21.06,True,OK,"World Bank WDI TM.TAX.MRCH.WM.AR.ZS (tariff rate, applied, weighted mean, all products)",REAL
KNA,ANY,ALL,2019,21.09,True,OK,"World Bank WDI TM.TAX.MRCH.WM.AR.ZS (tariff rate, applied, weighted mean, all products)",REAL
KNA,ANY,ALL,2020,8.84,True,JUMP_GE_10PP,"World Bank WDI TM.TAX.MRCH.WM.AR.ZS (tariff rate, applied, weighted mean, all products)",REAL
KOR,ANY,ALL,1988,13.95,True,OK,"World Bank WDI TM.TAX.MRCH.WM.AR.ZS (tariff rate, applied, weighted mean, all products)",REAL
KOR,ANY,ALL,1989,10.61,True,OK,"World Bank WDI TM.TAX.MRCH.WM.AR.ZS (tariff rate, applied, weighted mean, all products)",REAL
KOR,ANY,ALL,1990,9.54,True,OK,"World Bank WDI TM.TAX.MRCH.WM.AR.ZS (tariff rate, applied, weighted mean, all products)",REAL
KOR,ANY,ALL,1992,8.53,True,OK,"World Bank WDI TM.TAX.MRCH.WM.AR.ZS (tariff rate, applied, weighted mean, all products)",REAL
KOR,ANY,ALL,1995,6.84,True,OK,"World Bank WDI TM.TAX.MRCH.WM.AR.ZS (tariff rate, applied, weighted mean, all products)",REAL
KOR,ANY,ALL,1996,15.02,True,OK,"World Bank WDI TM.TAX.MRCH.WM.AR.ZS (tariff rate, applied, weighted mean, all products)",REAL
KOR,ANY,ALL,1997,13.45,True,OK,"World Bank WDI TM.TAX.MRCH.WM.AR.ZS (tariff rate, applied, weighted mean, all products)",REAL
KOR,ANY,ALL,1998,13.61,True,OK,"World Bank WDI TM.TAX.MRCH.WM.AR.ZS (tariff rate, applied, weighted mean, all products)",REAL
KOR,ANY,ALL,1999,5.9,True,OK,"World Bank WDI TM.TAX.MRCH.WM.AR.ZS (tariff rate, applied, weighted mean, all products)",REAL
KOR,ANY,ALL,2000,9.55,True,OK,"World Bank WDI TM.TAX.MRCH.WM.AR.ZS (tariff rate, applied, weighted mean, all products)",REAL
KOR,ANY,ALL,2001,10.41,True,OK,"World Bank WDI TM.TAX.MRCH.WM.AR.ZS (tariff rate, applied, weighted mean, all products)",REAL
KOR,ANY,ALL,2002,9.98,True,OK,"World Bank WDI TM.TAX.MRCH.WM.AR.ZS (tariff rate, applied, weighted mean, all products)",REAL
KOR,ANY,ALL,2003,9.7,True,OK,"World Bank WDI TM.TAX.MRCH.WM.AR.ZS (tariff rate, applied, weighted mean, all products)",REAL
KOR,ANY,ALL,2004,9.25,True,OK,"World Bank WDI TM.TAX.MRCH.WM.AR.ZS (tariff rate, applied, weighted mean, all products)",REAL
KOR,ANY,ALL,2005,7.95,True,OK,"World Bank WDI TM.TAX.MRCH.WM.AR.ZS (tariff rate, applied, weighted mean, all products)",REAL
KOR,ANY,ALL,2006,7.43,True,OK,"World Bank WDI TM.TAX.MRCH.WM.AR.ZS (tariff rate, applied, weighted mean, all products)",REAL
KOR,ANY,ALL,2007,7.13,True,OK,"World Bank WDI TM.TAX.MRCH.WM.AR.ZS (tariff rate, applied, weighted mean, all products)",REAL
KOR,ANY,ALL,2008,8.26,True,OK,"World Bank WDI TM.TAX.MRCH.WM.AR.ZS (tariff rate, applied, weighted mean, all products)",REAL
KOR,ANY,ALL,2009,7.8,True,OK,"World Bank WDI TM.TAX.MRCH.WM.AR.ZS (tariff rate, applied, weighted mean, all products)",REAL
KOR,ANY,ALL,2010,7.19,True,OK,"World Bank WDI TM.TAX.MRCH.WM.AR.ZS (tariff rate, applied, weighted mean, all products)",REAL
KOR,ANY,ALL,2011,7.32,True,OK,"World Bank WDI TM.TAX.MRCH.WM.AR.ZS (tariff rate, applied, weighted mean, all products)",REAL
KOR,ANY,ALL,2012,7.59,True,OK,"World Bank WDI TM.TAX.MRCH.WM.AR.ZS (tariff rate, applied, weighted mean, all products)",REAL
KOR,ANY,ALL,2013,7.85,True,OK,"World Bank WDI TM.TAX.MRCH.WM.AR.ZS (tariff rate, applied, weighted mean, all products)",REAL
KOR,ANY,ALL,2014,6.1,True,OK,"World Bank WDI TM.TAX.MRCH.WM.AR.ZS (tariff rate, applied, weighted mean, all products)",REAL
KOR,ANY,ALL,2015,5.72,True,OK,"World Bank WDI TM.TAX.MRCH.WM.AR.ZS (tariff rate, applied, weighted mean, all products)",REAL
KOR,ANY,ALL,2016,8.67,True,OK,"World Bank WDI TM.TAX.MRCH.WM.AR.ZS (tariff rate, applied, weighted mean, all products)",REAL
KOR,ANY,ALL,2017,5.05,True,OK,"World Bank WDI TM.TAX.MRCH.WM.AR.ZS (tariff rate, applied, weighted mean, all products)",REAL
KOR,ANY,ALL,2018,4.83,True,OK,"World Bank WDI TM.TAX.MRCH.WM.AR.ZS (tariff rate, applied, weighted mean, all products)",REAL
KOR,ANY,ALL,2020,5.48,True,OK,"World Bank WDI TM.TAX.MRCH.WM.AR.ZS (tariff rate, applied, weighted mean, all products)",REAL
KOR,ANY,ALL,2021,4.85,True,OK,"World Bank WDI TM.TAX.MRCH.WM.AR.ZS (tariff rate, applied, weighted mean, all products)",REAL
KOR,ANY,ALL,2022,5.66,True,OK,"World Bank WDI TM.TAX.MRCH.WM.AR.ZS (tariff rate, applied, weighted mean, all products)",REAL
KWT,ANY,ALL,2002,4.3,True,OK,"World Bank WDI TM.TAX.MRCH.WM.AR.ZS (tariff rate, applied, weighted mean, all products)",REAL
KWT,ANY,ALL,2003,4.52,True,OK,"World Bank WDI TM.TAX.MRCH.WM.AR.ZS (tariff rate, applied, weighted mean, all products)",REAL
KWT,ANY,ALL,2004,4.52,True,OK,"World Bank WDI TM.TAX.MRCH.WM.AR.ZS (tariff rate, applied, weighted mean, all products)",REAL
KWT,ANY,ALL,2005,3.91,True,OK,"World Bank WDI TM.TAX.MRCH.WM.AR.ZS (tariff rate, applied, weighted mean, all products)",REAL
KWT,ANY,ALL,2006,3.74,True,OK,"World Bank WDI TM.TAX.MRCH.WM.AR.ZS (tariff rate, applied, weighted mean, all products)",REAL
KWT,ANY,ALL,2007,3.53,True,OK,"World Bank WDI TM.TAX.MRCH.WM.AR.ZS (tariff rate, applied, weighted mean, all products)",REAL
KWT,ANY,ALL,2008,3.98,True,OK,"World Bank WDI TM.TAX.MRCH.WM.AR.ZS (tariff rate, applied, weighted mean, all products)",REAL
KWT,ANY,ALL,2009,2.87,True,OK,"World Bank WDI TM.TAX.MRCH.WM.AR.ZS (tariff rate, applied, weighted mean, all products)",REAL
KWT,ANY,ALL,2010,3.94,True,OK,"World Bank WDI TM.TAX.MRCH.WM.AR.ZS (tariff rate, applied, weighted mean, all products)",REAL
KWT,ANY,ALL,2011,3.94,True,OK,"World Bank WDI TM.TAX.MRCH.WM.AR.ZS (tariff rate, applied, weighted mean, all products)",REAL
KWT,ANY,ALL,2012,4.15,True,OK,"World Bank WDI TM.TAX.MRCH.WM.AR.ZS (tariff rate, applied, weighted mean, all products)",REAL
KWT,ANY,ALL,2013,3.93,True,OK,"World Bank WDI TM.TAX.MRCH.WM.AR.ZS (tariff rate, applied, weighted mean, all products)",REAL
KWT,ANY,ALL,2014,3.14,True,OK,"World Bank WDI TM.TAX.MRCH.WM.AR.ZS (tariff rate, applied, weighted mean, all products)",REAL
KWT,ANY,ALL,2015,2.96,True,OK,"World Bank WDI TM.TAX.MRCH.WM.AR.ZS (tariff rate, applied, weighted mean, all products)",REAL
KWT,ANY,ALL,2016,2.96,True,OK,"World Bank WDI TM.TAX.MRCH.WM.AR.ZS (tariff rate, applied, weighted mean, all products)",REAL
KWT,ANY,ALL,2017,4.34,True,OK,"World Bank WDI TM.TAX.MRCH.WM.AR.ZS (tariff rate, applied, weighted mean, all products)",REAL
KWT,ANY,ALL,2018,4.77,True,OK,"World Bank WDI TM.TAX.MRCH.WM.AR.ZS (tariff rate, applied, weighted mean, all products)",REAL
KWT,ANY,ALL,2019,4.51,True,OK,"World Bank WDI TM.TAX.MRCH.WM.AR.ZS (tariff rate, applied, weighted mean, all products)",REAL
KWT,ANY,ALL,2020,3.01,True,OK,"World Bank WDI TM.TAX.MRCH.WM.AR.ZS (tariff rate, applied, weighted mean, all products)",REAL
KWT,ANY,ALL,2021,2.85,True,OK,"World Bank WDI TM.TAX.MRCH.WM.AR.ZS (tariff rate, applied, weighted mean, all products)",REAL
KWT,ANY,ALL,2022,4.01,True,OK,"World Bank WDI TM.TAX.MRCH.WM.AR.ZS (tariff rate, applied, weighted mean, all products)",REAL
LAO,ANY,ALL,2000,14.06,True,OK,"World Bank WDI TM.TAX.MRCH.WM.AR.ZS (tariff rate, applied, weighted mean, all products)",REAL
LAO,ANY,ALL,2001,12.97,True,OK,"World Bank WDI TM.TAX.MRCH.WM.AR.ZS (tariff rate, applied, weighted mean, all products)",REAL
LAO,ANY,ALL,2004,10.96,True,OK,"World Bank WDI TM.TAX.MRCH.WM.AR.ZS (tariff rate, applied, weighted mean, all products)",REAL
LAO,ANY,ALL,2005,9.95,True,OK,"World Bank WDI TM.TAX.MRCH.WM.AR.ZS (tariff rate, applied, weighted mean, all products)",REAL
LAO,ANY,ALL,2006,9.22,True,OK,"World Bank WDI TM.TAX.MRCH.WM.AR.ZS (tariff rate, applied, weighted mean, all products)",REAL
LAO,ANY,ALL,2007,8.09,True,OK,"World Bank WDI TM.TAX.MRCH.WM.AR.ZS (tariff rate, applied, weighted mean, all products)",REAL
LAO,ANY,ALL,2008,13.15,True,OK,"World Bank WDI TM.TAX.MRCH.WM.AR.ZS (tariff rate, applied, weighted mean, all products)",REAL
LAO,ANY,ALL,2014,3.38,True,OK,"World Bank WDI TM.TAX.MRCH.WM.AR.ZS (tariff rate, applied, weighted mean, all products)",REAL
LAO,ANY,ALL,2015,2.35,True,OK,"World Bank WDI TM.TAX.MRCH.WM.AR.ZS (tariff rate, applied, weighted mean, all products)",REAL
LAO,ANY,ALL,2016,1.65,True,OK,"World Bank WDI TM.TAX.MRCH.WM.AR.ZS (tariff rate, applied, weighted mean, all products)",REAL
LAO,ANY,ALL,2017,1.48,True,OK,"World Bank WDI TM.TAX.MRCH.WM.AR.ZS (tariff rate, applied, weighted mean, all products)",REAL
LAO,ANY,ALL,2018,0.73,True,OK,"World Bank WDI TM.TAX.MRCH.WM.AR.ZS (tariff rate, applied, weighted mean, all products)",REAL
LAO,ANY,ALL,2019,0.76,True,OK,"World Bank WDI TM.TAX.MRCH.WM.AR.ZS (tariff rate, applied, weighted mean, all products)",REAL
LAO,ANY,ALL,2020,0.97,True,OK,"World Bank WDI TM.TAX.MRCH.WM.AR.ZS (tariff rate, applied, weighted mean, all products)",REAL
LAO,ANY,ALL,2021,1.12,True,OK,"World Bank WDI TM.TAX.MRCH.WM.AR.ZS (tariff rate, applied, weighted mean, all products)",REAL
LAO,ANY,ALL,2022,1.41,True,OK,"World Bank WDI TM.TAX.MRCH.WM.AR.ZS (tariff rate, applied, weighted mean, all products)",REAL
LBN,ANY,ALL,1999,11.59,True,OK,"World Bank WDI TM.TAX.MRCH.WM.AR.ZS (tariff rate, applied, weighted mean, all products)",REAL
LBN,ANY,ALL,2000,16.94,True,OK,"World Bank WDI TM.TAX.MRCH.WM.AR.ZS (tariff rate, applied, weighted mean, all products)",REAL
LBN,ANY,ALL,2001,8.36,True,OK,"World Bank WDI TM.TAX.MRCH.WM.AR.ZS (tariff rate, applied, weighted mean, all products)",REAL
LBN,ANY,ALL,2002,27.08,True,JUMP_GE_10PP,"World Bank WDI TM.TAX.MRCH.WM.AR.ZS (tariff rate, applied, weighted mean, all products)",REAL
LBN,ANY,ALL,2004,5.33,True,JUMP_GE_10PP,"World Bank WDI TM.TAX.MRCH.WM.AR.ZS (tariff rate, applied, weighted mean, all products)",REAL
LBN,ANY,ALL,2005,6.13,True,OK,"World Bank WDI TM.TAX.MRCH.WM.AR.ZS (tariff rate, applied, weighted mean, all products)",REAL
LBN,ANY,ALL,2006,4.32,True,OK,"World Bank WDI TM.TAX.MRCH.WM.AR.ZS (tariff rate, applied, weighted mean, all products)",REAL
LBN,ANY,ALL,2007,4.79,True,OK,"World Bank WDI TM.TAX.MRCH.WM.AR.ZS (tariff rate, applied, weighted mean, all products)",REAL
LBN,ANY,ALL,2014,3.26,True,OK,"World Bank WDI TM.TAX.MRCH.WM.AR.ZS (tariff rate, applied, weighted mean, all products)",REAL
LBN,ANY,ALL,2015,3.39,True,OK,"World Bank WDI TM.TAX.MRCH.WM.AR.ZS (tariff rate, applied, weighted mean, all products)",REAL
LBN,ANY,ALL,2016,2.98,True,OK,"World Bank WDI TM.TAX.MRCH.WM.AR.ZS (tariff rate, applied, weighted mean, all products)",REAL
LBN,ANY,ALL,2017,3.76,True,OK,"World Bank WDI TM.TAX.MRCH.WM.AR.ZS (tariff rate, applied, weighted mean, all products)",REAL
LBN,ANY,ALL,2018,1.05,True,OK,"World Bank WDI TM.TAX.MRCH.WM.AR.ZS (tariff rate, applied, weighted mean, all products)",REAL
LBN,ANY,ALL,2019,3.33,True,OK,"World Bank WDI TM.TAX.MRCH.WM.AR.ZS (tariff rate, applied, weighted mean, all products)",REAL
LBN,ANY,ALL,2020,2.83,True,OK,"World Bank WDI TM.TAX.MRCH.WM.AR.ZS (tariff rate, applied, weighted mean, all products)",REAL
LBR,ANY,ALL,2012,13.11,True,OK,"World Bank WDI TM.TAX.MRCH.WM.AR.ZS (tariff rate, applied, weighted mean, all products)",REAL
LBR,ANY,ALL,2013,12.2,True,OK,"World Bank WDI TM.TAX.MRCH.WM.AR.ZS (tariff rate, applied, weighted mean, all products)",REAL
LBR,ANY,ALL,2014,12.18,True,OK,"World Bank WDI TM.TAX.MRCH.WM.AR.ZS (tariff rate, applied, weighted mean, all products)",REAL
LBR,ANY,ALL,2018,9.54,True,OK,"World Bank WDI TM.TAX.MRCH.WM.AR.ZS (tariff rate, applied, weighted mean, all products)",REAL
LBR,ANY,ALL,2020,6.6,True,OK,"World Bank WDI TM.TAX.MRCH.WM.AR.ZS (tariff rate, applied, weighted mean, all products)",REAL
LBR,ANY,ALL,2021,6.64,True,OK,"World Bank WDI TM.TAX.MRCH.WM.AR.ZS (tariff rate, applied, weighted mean, all products)",REAL
LBR,ANY,ALL,2022,6.22,True,OK,"World Bank WDI TM.TAX.MRCH.WM.AR.ZS (tariff rate, applied, weighted mean, all products)",REAL
LBY,ANY,ALL,1996,35.63,True,OK,"World Bank WDI TM.TAX.MRCH.WM.AR.ZS (tariff rate, applied, weighted mean, all products)",REAL
LBY,ANY,ALL,2002,30.73,True,OK,"World Bank WDI TM.TAX.MRCH.WM.AR.ZS (tariff rate, applied, weighted mean, all products)",REAL
LBY,ANY,ALL,2006,0.0,True,JUMP_GE_10PP,"World Bank WDI TM.TAX.MRCH.WM.AR.ZS (tariff rate, applied, weighted mean, all products)",REAL
LBY,ANY,ALL,2020,4.54,True,OK,"World Bank WDI TM.TAX.MRCH.WM.AR.ZS (tariff rate, applied, weighted mean, all products)",REAL
LBY,ANY,ALL,2021,4.03,True,OK,"World Bank WDI TM.TAX.MRCH.WM.AR.ZS (tariff rate, applied, weighted mean, all products)",REAL
LCA,ANY,ALL,1996,18.52,True,OK,"World Bank WDI TM.TAX.MRCH.WM.AR.ZS (tariff rate, applied, weighted mean, all products)",REAL
LCA,ANY,ALL,1999,16.3,True,OK,"World Bank WDI TM.TAX.MRCH.WM.AR.ZS (tariff rate, applied, weighted mean, all products)",REAL
LCA,ANY,ALL,2000,16.34,True,OK,"World Bank WDI TM.TAX.MRCH.WM.AR.ZS (tariff rate, applied, weighted mean, all products)",REAL
LCA,ANY,ALL,2001,12.22,True,OK,"World Bank WDI TM.TAX.MRCH.WM.AR.ZS (tariff rate, applied, weighted mean, all products)",REAL
LCA,ANY,ALL,2002,12.69,True,OK,"World Bank WDI TM.TAX.MRCH.WM.AR.ZS (tariff rate, applied, weighted mean, all products)",REAL
LCA,ANY,ALL,2003,12.78,True,OK,"World Bank WDI TM.TAX.MRCH.WM.AR.ZS (tariff rate, applied, weighted mean, all products)",REAL
LCA,ANY,ALL,2005,13.76,True,OK,"World Bank WDI TM.TAX.MRCH.WM.AR.ZS (tariff rate, applied, weighted mean, all products)",REAL
LCA,ANY,ALL,2006,9.43,True,OK,"World Bank WDI TM.TAX.MRCH.WM.AR.ZS (tariff rate, applied, weighted mean, all products)",REAL
LCA,ANY,ALL,2007,9.0,True,OK,"World Bank WDI TM.TAX.MRCH.WM.AR.ZS (tariff rate, applied, weighted mean, all products)",REAL
LCA,ANY,ALL,2010,5.92,True,OK,"World Bank WDI TM.TAX.MRCH.WM.AR.ZS (tariff rate, applied, weighted mean, all products)",REAL
LCA,ANY,ALL,2011,5.8,True,OK,"World Bank WDI TM.TAX.MRCH.WM.AR.ZS (tariff rate, applied, weighted mean, all products)",REAL
LCA,ANY,ALL,2012,6.75,True,OK,"World Bank WDI TM.TAX.MRCH.WM.AR.ZS (tariff rate, applied, weighted mean, all products)",REAL
LCA,ANY,ALL,2013,10.55,True,OK,"World Bank WDI TM.TAX.MRCH.WM.AR.ZS (tariff rate, applied, weighted mean, all products)",REAL
LCA,ANY,ALL,2014,8.11,True,OK,"World Bank WDI TM.TAX.MRCH.WM.AR.ZS (tariff rate, applied, weighted mean, all products)",REAL
LCA,ANY,ALL,2015,7.84,True,OK,"World Bank WDI TM.TAX.MRCH.WM.AR.ZS (tariff rate, applied, weighted mean, all products)",REAL
LCA,ANY,ALL,2016,9.25,True,OK,"World Bank WDI TM.TAX.MRCH.WM.AR.ZS (tariff rate, applied, weighted mean, all products)",REAL
LCA,ANY,ALL,2019,16.7,True,OK,"World Bank WDI TM.TAX.MRCH.WM.AR.ZS (tariff rate, applied, weighted mean, all products)",REAL
LCA,ANY,ALL,2020,9.08,True,OK,"World Bank WDI TM.TAX.MRCH.WM.AR.ZS (tariff rate, applied, weighted mean, all products)",REAL
LKA,ANY,ALL,1990,28.96,True,OK,"World Bank WDI TM.TAX.MRCH.WM.AR.ZS (tariff rate, applied, weighted mean, all products)",REAL
LKA,ANY,ALL,1993,31.22,True,OK,"World Bank WDI TM.TAX.MRCH.WM.AR.ZS (tariff rate, applied, weighted mean, all products)",REAL
LKA,ANY,ALL,1994,31.16,True,OK,"World Bank WDI TM.TAX.MRCH.WM.AR.ZS (tariff rate, applied, weighted mean, all products)",REAL
LKA,ANY,ALL,1997,25.88,True,OK,"World Bank WDI TM.TAX.MRCH.WM.AR.ZS (tariff rate, applied, weighted mean, all products)",REAL
LKA,ANY,ALL,1998,9.89,True,JUMP_GE_10PP,"World Bank WDI TM.TAX.MRCH.WM.AR.ZS (tariff rate, applied, weighted mean, all products)",REAL
LKA,ANY,ALL,2000,6.78,True,OK,"World Bank WDI TM.TAX.MRCH.WM.AR.ZS (tariff rate, applied, weighted mean, all products)",REAL
LKA,ANY,ALL,2001,6.55,True,OK,"World Bank WDI TM.TAX.MRCH.WM.AR.ZS (tariff rate, applied, weighted mean, all products)",REAL
LKA,ANY,ALL,2003,6.27,True,OK,"World Bank WDI TM.TAX.MRCH.WM.AR.ZS (tariff rate, applied, weighted mean, all products)",REAL
LKA,ANY,ALL,2004,6.73,True,OK,"World Bank WDI TM.TAX.MRCH.WM.AR.ZS (tariff rate, applied, weighted mean, all products)",REAL
LKA,ANY,ALL,2005,7.56,True,OK,"World Bank WDI TM.TAX.MRCH.WM.AR.ZS (tariff rate, applied, weighted mean, all products)",REAL
LKA,ANY,ALL,2006,7.23,True,OK,"World Bank WDI TM.TAX.MRCH.WM.AR.ZS (tariff rate, applied, weighted mean, all products)",REAL
LKA,ANY,ALL,2007,7.19,True,OK,"World Bank WDI TM.TAX.MRCH.WM.AR.ZS (tariff rate, applied, weighted mean, all products)",REAL
LKA,ANY,ALL,2008,7.12,True,OK,"World Bank WDI TM.TAX.MRCH.WM.AR.ZS (tariff rate, applied, weighted mean, all products)",REAL
LKA,ANY,ALL,2009,7.21,True,OK,"World Bank WDI TM.TAX.MRCH.WM.AR.ZS (tariff rate, applied, weighted mean, all products)",REAL
LKA,ANY,ALL,2010,8.04,True,OK,"World Bank WDI TM.TAX.MRCH.WM.AR.ZS (tariff rate, applied, weighted mean, all products)",REAL
LKA,ANY,ALL,2011,7.68,True,OK,"World Bank WDI TM.TAX.MRCH.WM.AR.ZS (tariff rate, applied, weighted mean, all products)",REAL
LKA,ANY,ALL,2012,7.05,True,OK,"World Bank WDI TM.TAX.MRCH.WM.AR.ZS (tariff rate, applied, weighted mean, all products)",REAL
LKA,ANY,ALL,2014,7.09,True,OK,"World Bank WDI TM.TAX.MRCH.WM.AR.ZS (tariff rate, applied, weighted mean, all products)",REAL
LKA,ANY,ALL,2015,4.43,True,OK,"World Bank WDI TM.TAX.MRCH.WM.AR.ZS (tariff rate, applied, weighted mean, all products)",REAL
LKA,ANY,ALL,2017,8.72,True,OK,"World Bank WDI TM.TAX.MRCH.WM.AR.ZS (tariff rate, applied, weighted mean, all products)",REAL
LKA,ANY,ALL,2018,12.08,True,OK,"World Bank WDI TM.TAX.MRCH.WM.AR.ZS (tariff rate, applied, weighted mean, all products)",REAL
LKA,ANY,ALL,2019,13.3,True,OK,"World Bank WDI TM.TAX.MRCH.WM.AR.ZS (tariff rate, applied, weighted mean, all products)",REAL
LKA,ANY,ALL,2020,6.28,True,OK,"World Bank WDI TM.TAX.MRCH.WM.AR.ZS (tariff rate, applied, weighted mean, all products)",REAL
LKA,ANY,ALL,2021,4.36,True,OK,"World Bank WDI TM.TAX.MRCH.WM.AR.ZS (tariff rate, applied, weighted mean, all products)",REAL
LSO,ANY,ALL,2001,1.38,True,OK,"World Bank WDI TM.TAX.MRCH.WM.AR.ZS (tariff rate, applied, weighted mean, all products)",REAL
LSO,ANY,ALL,2004,16.35,True,JUMP_GE_10PP,"World Bank WDI TM.TAX.MRCH.WM.AR.ZS (tariff rate, applied, weighted mean, all products)",REAL
LSO,ANY,ALL,2005,16.74,True,OK,"World Bank WDI TM.TAX.MRCH.WM.AR.ZS (tariff rate, applied, weighted mean, all products)",REAL
LSO,ANY,ALL,2006,15.67,True,OK,"World Bank WDI TM.TAX.MRCH.WM.AR.ZS (tariff rate, applied, weighted mean, all products)",REAL
LSO,ANY,ALL,2007,13.58,True,OK,"World Bank WDI TM.TAX.MRCH.WM.AR.ZS (tariff rate, applied, weighted mean, all products)",REAL
LSO,ANY,ALL,2008,12.06,True,OK,"World Bank WDI TM.TAX.MRCH.WM.AR.ZS (tariff rate, applied, weighted mean, all products)",REAL
LSO,ANY,ALL,2009,10.32,True,OK,"World Bank WDI TM.TAX.MRCH.WM.AR.ZS (tariff rate, applied, weighted mean, all products)",REAL
LSO,ANY,ALL,2010,10.56,True,OK,"World Bank WDI TM.TAX.MRCH.WM.AR.ZS (tariff rate, applied, weighted mean, all products)",REAL
LSO,ANY,ALL,2011,13.16,True,OK,"World Bank WDI TM.TAX.MRCH.WM.AR.ZS (tariff rate, applied, weighted mean, all products)",REAL
LSO,ANY,ALL,2012,13.08,True,OK,"World Bank WDI TM.TAX.MRCH.WM.AR.ZS (tariff rate, applied, weighted mean, all products)",REAL
LSO,ANY,ALL,2013,1.37,True,JUMP_GE_10PP,"World Bank WDI TM.TAX.MRCH.WM.AR.ZS (tariff rate, applied, weighted mean, all products)",REAL
LSO,ANY,ALL,2014,2.43,True,OK,"World Bank WDI TM.TAX.MRCH.WM.AR.ZS (tariff rate, applied, weighted mean, all products)",REAL
LSO,ANY,ALL,2015,2.79,True,OK,"World Bank WDI TM.TAX.MRCH.WM.AR.ZS (tariff rate, applied, weighted mean, all products)",REAL
LSO,ANY,ALL,2016,2.01,True,OK,"World Bank WDI TM.TAX.MRCH.WM.AR.ZS (tariff rate, applied, weighted mean, all products)",REAL
LSO,ANY,ALL,2017,1.43,True,OK,"World Bank WDI TM.TAX.MRCH.WM.AR.ZS (tariff rate, applied, weighted mean, all products)",REAL
LSO,ANY,ALL,2018,3.36,True,OK,"World Bank WDI TM.TAX.MRCH.WM.AR.ZS (tariff rate, applied, weighted mean, all products)",REAL
LSO,ANY,ALL,2019,3.35,True,OK,"World Bank WDI TM.TAX.MRCH.WM.AR.ZS (tariff rate, applied, weighted mean, all products)",REAL
LSO,ANY,ALL,2020,3.31,True,OK,"World Bank WDI TM.TAX.MRCH.WM.AR.ZS (tariff rate, applied, weighted mean, all products)",REAL
LSO,ANY,ALL,2021,3.35,True,OK,"World Bank WDI TM.TAX.MRCH.WM.AR.ZS (tariff rate, applied, weighted mean, all products)",REAL
LSO,ANY,ALL,2022,3.36,True,OK,"World Bank WDI TM.TAX.MRCH.WM.AR.ZS (tariff rate, applied, weighted mean, all products)",REAL
LTU,ANY,ALL,1995,2.55,True,OK,"World Bank WDI TM.TAX.MRCH.WM.AR.ZS (tariff rate, applied, weighted mean, all products)",REAL
LTU,ANY,ALL,1997,2.28,True,OK,"World Bank WDI TM.TAX.MRCH.WM.AR.ZS (tariff rate, applied, weighted mean, all products)",REAL
LTU,ANY,ALL,2002,0.63,True,OK,"World Bank WDI TM.TAX.MRCH.WM.AR.ZS (tariff rate, applied, weighted mean, all products)",REAL
LTU,ANY,ALL,2003,0.66,True,OK,"World Bank WDI TM.TAX.MRCH.WM.AR.ZS (tariff rate, applied, weighted mean, all products)",REAL
LTU,ANY,ALL,2004,2.24,True,OK,"World Bank WDI TM.TAX.MRCH.WM.AR.ZS (tariff rate, applied, weighted mean, all products)",REAL
LTU,ANY,ALL,2005,2.46,True,OK,"World Bank WDI TM.TAX.MRCH.WM.AR.ZS (tariff rate, applied, weighted mean, all products)",REAL
LTU,ANY,ALL,2006,2.3,True,OK,"World Bank WDI TM.TAX.MRCH.WM.AR.ZS (tariff rate, applied, weighted mean, all products)",REAL
LTU,ANY,ALL,2007,2.24,True,OK,"World Bank WDI TM.TAX.MRCH.WM.AR.ZS (tariff rate, applied, weighted mean, all products)",REAL
LTU,ANY,ALL,2008,1.72,True,OK,"World Bank WDI TM.TAX.MRCH.WM.AR.ZS (tariff rate, applied, weighted mean, all products)",REAL
LTU,ANY,ALL,2009,1.85,True,OK,"World Bank WDI TM.TAX.MRCH.WM.AR.ZS (tariff rate, applied, weighted mean, all products)",REAL
LTU,ANY,ALL,2010,2.13,True,OK,"World Bank WDI TM.TAX.MRCH.WM.AR.ZS (tariff rate, applied, weighted mean, all products)",REAL
LTU,ANY,ALL,2011,1.59,True,OK,"World Bank WDI TM.TAX.MRCH.WM.AR.ZS (tariff rate, applied, weighted mean, all products)",REAL
LTU,ANY,ALL,2012,1.46,True,OK,"World Bank WDI TM.TAX.MRCH.WM.AR.ZS (tariff rate, applied, weighted mean, all products)",REAL
LTU,ANY,ALL,2013,1.49,True,OK,"World Bank WDI TM.TAX.MRCH.WM.AR.ZS (tariff rate, applied, weighted mean, all products)",REAL
LTU,ANY,ALL,2014,2.03,True,OK,"World Bank WDI TM.TAX.MRCH.WM.AR.ZS (tariff rate, applied, weighted mean, all products)",REAL
LTU,ANY,ALL,2015,2.02,True,OK,"World Bank WDI TM.TAX.MRCH.WM.AR.ZS (tariff rate, applied, weighted mean, all products)",REAL
LTU,ANY,ALL,2016,2.09,True,OK,"World Bank WDI TM.TAX.MRCH.WM.AR.ZS (tariff rate, applied, weighted mean, all products)",REAL
LTU,ANY,ALL,2017,1.96,True,OK,"World Bank WDI TM.TAX.MRCH.WM.AR.ZS (tariff rate, applied, weighted mean, all products)",REAL
LTU,ANY,ALL,2018,1.83,True,OK,"World Bank WDI TM.TAX.MRCH.WM.AR.ZS (tariff rate, applied, weighted mean, all products)",REAL
LTU,ANY,ALL,2019,1.84,True,OK,"World Bank WDI TM.TAX.MRCH.WM.AR.ZS (tariff rate, applied, weighted mean, all products)",REAL
LTU,ANY,ALL,2020,1.48,True,OK,"World Bank WDI TM.TAX.MRCH.WM.AR.ZS (tariff rate, applied, weighted mean, all products)",REAL
LTU,ANY,ALL,2021,1.39,True,OK,"World Bank WDI TM.TAX.MRCH.WM.AR.ZS (tariff rate, applied, weighted mean, all products)",REAL
LTU,ANY,ALL,2022,1.33,True,OK,"World Bank WDI TM.TAX.MRCH.WM.AR.ZS (tariff rate, applied, weighted mean, all products)",REAL
LVA,ANY,ALL,1996,2.18,True,OK,"World Bank WDI TM.TAX.MRCH.WM.AR.ZS (tariff rate, applied, weighted mean, all products)",REAL
LVA,ANY,ALL,1997,3.21,True,OK,"World Bank WDI TM.TAX.MRCH.WM.AR.ZS (tariff rate, applied, weighted mean, all products)",REAL
LVA,ANY,ALL,2001,2.56,True,OK,"World Bank WDI TM.TAX.MRCH.WM.AR.ZS (tariff rate, applied, weighted mean, all products)",REAL
LVA,ANY,ALL,2004,2.24,True,OK,"World Bank WDI TM.TAX.MRCH.WM.AR.ZS (tariff rate, applied, weighted mean, all products)",REAL
LVA,ANY,ALL,2005,2.46,True,OK,"World Bank WDI TM.TAX.MRCH.WM.AR.ZS (tariff rate, applied, weighted mean, all products)",REAL
LVA,ANY,ALL,2006,2.3,True,OK,"World Bank WDI TM.TAX.MRCH.WM.AR.ZS (tariff rate, applied, weighted mean, all products)",REAL
LVA,ANY,ALL,2007,2.24,True,OK,"World Bank WDI TM.TAX.MRCH.WM.AR.ZS (tariff rate, applied, weighted mean, all products)",REAL
LVA,ANY,ALL,2008,1.72,True,OK,"World Bank WDI TM.TAX.MRCH.WM.AR.ZS (tariff rate, applied, weighted mean, all products)",REAL
LVA,ANY,ALL,2009,1.85,True,OK,"World Bank WDI TM.TAX.MRCH.WM.AR.ZS (tariff rate, applied, weighted mean, all products)",REAL
LVA,ANY,ALL,2010,2.13,True,OK,"World Bank WDI TM.TAX.MRCH.WM.AR.ZS (tariff rate, applied, weighted mean, all products)",REAL
LVA,ANY,ALL,2011,1.59,True,OK,"World Bank WDI TM.TAX.MRCH.WM.AR.ZS (tariff rate, applied, weighted mean, all products)",REAL
LVA,ANY,ALL,2012,1.46,True,OK,"World Bank WDI TM.TAX.MRCH.WM.AR.ZS (tariff rate, applied, weighted mean, all products)",REAL
LVA,ANY,ALL,2013,1.49,True,OK,"World Bank WDI TM.TAX.MRCH.WM.AR.ZS (tariff rate, applied, weighted mean, all products)",REAL
LVA,ANY,ALL,2014,2.03,True,OK,"World Bank WDI TM.TAX.MRCH.WM.AR.ZS (tariff rate, applied, weighted mean, all products)",REAL
LVA,ANY,ALL,2015,2.02,True,OK,"World Bank WDI TM.TAX.MRCH.WM.AR.ZS (tariff rate, applied, weighted mean, all products)",REAL
LVA,ANY,ALL,2016,2.09,True,OK,"World Bank WDI TM.TAX.MRCH.WM.AR.ZS (tariff rate, applied, weighted mean, all products)",REAL
LVA,ANY,ALL,2017,1.96,True,OK,"World Bank WDI TM.TAX.MRCH.WM.AR.ZS (tariff rate, applied, weighted mean, all products)",REAL
LVA,ANY,ALL,2018,1.83,True,OK,"World Bank WDI TM.TAX.MRCH.WM.AR.ZS (tariff rate, applied, weighted mean, all products)",REAL
LVA,ANY,ALL,2019,1.84,True,OK,"World Bank WDI TM.TAX.MRCH.WM.AR.ZS (tariff rate, applied, weighted mean, all products)",REAL
LVA,ANY,ALL,2020,1.48,True,OK,"World Bank WDI TM.TAX.MRCH.WM.AR.ZS (tariff rate, applied, weighted mean, all products)",REAL
LVA,ANY,ALL,2021,1.39,True,OK,"World Bank WDI TM.TAX.MRCH.WM.AR.ZS (tariff rate, applied, weighted mean, all products)",REAL
LVA,ANY,ALL,2022,1.33,True,OK,"World Bank WDI TM.TAX.MRCH.WM.AR.ZS (tariff rate, applied, weighted mean, all products)",REAL
MAC,ANY,ALL,1996,0.0,True,OK,"World Bank WDI TM.TAX.MRCH.WM.AR.ZS (tariff rate, applied, weighted mean, all products)",REAL
MAC,ANY,ALL,1997,0.0,True,OK,"World Bank WDI TM.TAX.MRCH.WM.AR.ZS (tariff rate, applied, weighted mean, all products)",REAL
MAC,ANY,ALL,1998,0.0,True,OK,"World Bank WDI TM.TAX.MRCH.WM.AR.ZS (tariff rate, applied, weighted mean, all products)",REAL
MAC,ANY,ALL,1999,0.0,True,OK,"World Bank WDI TM.TAX.MRCH.WM.AR.ZS (tariff rate, applied, weighted mean, all products)",REAL
MAC,ANY,ALL,2000,0.0,True,OK,"World Bank WDI TM.TAX.MRCH.WM.AR.ZS (tariff rate, applied, weighted mean, all products)",REAL
MAC,ANY,ALL,2001,0.0,True,OK,"World Bank WDI TM.TAX.MRCH.WM.AR.ZS (tariff rate, applied, weighted mean, all products)",REAL
MAC,ANY,ALL,2002,0.0,True,OK,"World Bank WDI TM.TAX.MRCH.WM.AR.ZS (tariff rate, applied, weighted mean, all products)",REAL
MAC,ANY,ALL,2003,0.0,True,OK,"World Bank WDI TM.TAX.MRCH.WM.AR.ZS (tariff rate, applied, weighted mean, all products)",REAL
MAC,ANY,ALL,2004,0.0,True,OK,"World Bank WDI TM.TAX.MRCH.WM.AR.ZS (tariff rate, applied, weighted mean, all products)",REAL
MAC,ANY,ALL,2005,0.0,True,OK,"World Bank WDI TM.TAX.MRCH.WM.AR.ZS (tariff rate, applied, weighted mean, all products)",REAL
MAC,ANY,ALL,2006,0.0,True,OK,"World Bank WDI TM.TAX.MRCH.WM.AR.ZS (tariff rate, applied, weighted mean, all products)",REAL
MAC,ANY,ALL,2007,0.0,True,OK,"World Bank WDI TM.TAX.MRCH.WM.AR.ZS (tariff rate, applied, weighted mean, all products)",REAL
MAC,ANY,ALL,2008,0.0,True,OK,"World Bank WDI TM.TAX.MRCH.WM.AR.ZS (tariff rate, applied, weighted mean, all products)",REAL
MAC,ANY,ALL,2009,0.0,True,OK,"World Bank WDI TM.TAX.MRCH.WM.AR.ZS (tariff rate, applied, weighted mean, all products)",REAL
MAC,ANY,ALL,2010,0.0,True,OK,"World Bank WDI TM.TAX.MRCH.WM.AR.ZS (tariff rate, applied, weighted mean, all products)",REAL
MAC,ANY,ALL,2011,0.0,True,OK,"World Bank WDI TM.TAX.MRCH.WM.AR.ZS (tariff rate, applied, weighted mean, all products)",REAL
MAC,ANY,ALL,2012,0.0,True,OK,"World Bank WDI TM.TAX.MRCH.WM.AR.ZS (tariff rate, applied, weighted mean, all products)",REAL
MAC,ANY,ALL,2013,0.0,True,OK,"World Bank WDI TM.TAX.MRCH.WM.AR.ZS (tariff rate, applied, weighted mean, all products)",REAL
MAC,ANY,ALL,2014,0.0,True,OK,"World Bank WDI TM.TAX.MRCH.WM.AR.ZS (tariff rate, applied, weighted mean, all products)",REAL
MAC,ANY,ALL,2015,0.0,True,OK,"World Bank WDI TM.TAX.MRCH.WM.AR.ZS (tariff rate, applied, weighted mean, all products)",REAL
MAC,ANY,ALL,2016,0.0,True,OK,"World Bank WDI TM.TAX.MRCH.WM.AR.ZS (tariff rate, applied, weighted mean, all products)",REAL
MAC,ANY,ALL,2017,0.0,True,OK,"World Bank WDI TM.TAX.MRCH.WM.AR.ZS (tariff rate, applied, weighted mean, all products)",REAL
MAC,ANY,ALL,2018,0.0,True,OK,"World Bank WDI TM.TAX.MRCH.WM.AR.ZS (tariff rate, applied, weighted mean, all products)",REAL
MAC,ANY,ALL,2019,0.0,True,OK,"World Bank WDI TM.TAX.MRCH.WM.AR.ZS (tariff rate, applied, weighted mean, all products)",REAL
MAC,ANY,ALL,2020,0.0,True,OK,"World Bank WDI TM.TAX.MRCH.WM.AR.ZS (tariff rate, applied, weighted mean, all products)",REAL
MAC,ANY,ALL,2021,0.0,True,OK,"World Bank WDI TM.TAX.MRCH.WM.AR.ZS (tariff rate, applied, weighted mean, all products)",REAL
MAC,ANY,ALL,2022,0.0,True,OK,"World Bank WDI TM.TAX.MRCH.WM.AR.ZS (tariff rate, applied, weighted mean, all products)",REAL
MAR,ANY,ALL,1993,45.44,True,OK,"World Bank WDI TM.TAX.MRCH.WM.AR.ZS (tariff rate, applied, weighted mean, all products)",REAL
MAR,ANY,ALL,1997,17.31,True,JUMP_GE_10PP,"World Bank WDI TM.TAX.MRCH.WM.AR.ZS (tariff rate, applied, weighted mean, all products)",REAL
MAR,ANY,ALL,2000,25.42,True,OK,"World Bank WDI TM.TAX.MRCH.WM.AR.ZS (tariff rate, applied, weighted mean, all products)",REAL
MAR,ANY,ALL,2001,24.8,True,OK,"World Bank WDI TM.TAX.MRCH.WM.AR.ZS (tariff rate, applied, weighted mean, all products)",REAL
MAR,ANY,ALL,2002,24.49,True,OK,"World Bank WDI TM.TAX.MRCH.WM.AR.ZS (tariff rate, applied, weighted mean, all products)",REAL
MAR,ANY,ALL,2003,24.88,True,OK,"World Bank WDI TM.TAX.MRCH.WM.AR.ZS (tariff rate, applied, weighted mean, all products)",REAL
MAR,ANY,ALL,2005,13.54,True,JUMP_GE_10PP,"World Bank WDI TM.TAX.MRCH.WM.AR.ZS (tariff rate, applied, weighted mean, all products)",REAL
MAR,ANY,ALL,2006,10.82,True,OK,"World Bank WDI TM.TAX.MRCH.WM.AR.ZS (tariff rate, applied, weighted mean, all products)",REAL
MAR,ANY,ALL,2007,10.04,True,OK,"World Bank WDI TM.TAX.MRCH.WM.AR.ZS (tariff rate, applied, weighted mean, all products)",REAL
MAR,ANY,ALL,2008,8.85,True,OK,"World Bank WDI TM.TAX.MRCH.WM.AR.ZS (tariff rate, applied, weighted mean, all products)",REAL
MAR,ANY,ALL,2009,7.62,True,OK,"World Bank WDI TM.TAX.MRCH.WM.AR.ZS (tariff rate, applied, weighted mean, all products)",REAL
MAR,ANY,ALL,2010,13.01,True,OK,"World Bank WDI TM.TAX.MRCH.WM.AR.ZS (tariff rate, applied, weighted mean, all products)",REAL
MAR,ANY,ALL,2011,11.71,True,OK,"World Bank WDI TM.TAX.MRCH.WM.AR.ZS (tariff rate, applied, weighted mean, all products)",REAL
MAR,ANY,ALL,2012,4.11,True,OK,"World Bank WDI TM.TAX.MRCH.WM.AR.ZS (tariff rate, applied, weighted mean, all products)",REAL
MAR,ANY,ALL,2014,3.02,True,OK,"World Bank WDI TM.TAX.MRCH.WM.AR.ZS (tariff rate, applied, weighted mean, all products)",REAL
MAR,ANY,ALL,2015,3.42,True,OK,"World Bank WDI TM.TAX.MRCH.WM.AR.ZS (tariff rate, applied, weighted mean, all products)",REAL
MAR,ANY,ALL,2016,3.78,True,OK,"World Bank WDI TM.TAX.MRCH.WM.AR.ZS (tariff rate, applied, weighted mean, all products)",REAL
MAR,ANY,ALL,2017,3.86,True,OK,"World Bank WDI TM.TAX.MRCH.WM.AR.ZS (tariff rate, applied, weighted mean, all products)",REAL
MAR,ANY,ALL,2019,3.6,True,OK,"World Bank WDI TM.TAX.MRCH.WM.AR.ZS (tariff rate, applied, weighted mean, all products)",REAL
MAR,ANY,ALL,2020,3.61,True,OK,"World Bank WDI TM.TAX.MRCH.WM.AR.ZS (tariff rate, applied, weighted mean, all products)",REAL
MAR,ANY,ALL,2021,4.23,True,OK,"World Bank WDI TM.TAX.MRCH.WM.AR.ZS (tariff rate, applied, weighted mean, all products)",REAL
MDA,ANY,ALL,1996,1.89,True,OK,"World Bank WDI TM.TAX.MRCH.WM.AR.ZS (tariff rate, applied, weighted mean, all products)",REAL
MDA,ANY,ALL,2000,2.34,True,OK,"World Bank WDI TM.TAX.MRCH.WM.AR.ZS (tariff rate, applied, weighted mean, all products)",REAL
MDA,ANY,ALL,2001,2.9,True,OK,"World Bank WDI TM.TAX.MRCH.WM.AR.ZS (tariff rate, applied, weighted mean, all products)",REAL
MDA,ANY,ALL,2003,3.37,True,OK,"World Bank WDI TM.TAX.MRCH.WM.AR.ZS (tariff rate, applied, weighted mean, all products)",REAL
MDA,ANY,ALL,2004,3.08,True,OK,"World Bank WDI TM.TAX.MRCH.WM.AR.ZS (tariff rate, applied, weighted mean, all products)",REAL
MDA,ANY,ALL,2005,3.23,True,OK,"World Bank WDI TM.TAX.MRCH.WM.AR.ZS (tariff rate, applied, weighted mean, all products)",REAL
MDA,ANY,ALL,2006,1.68,True,OK,"World Bank WDI TM.TAX.MRCH.WM.AR.ZS (tariff rate, applied, weighted mean, all products)",REAL
MDA,ANY,ALL,2007,2.7,True,OK,"World Bank WDI TM.TAX.MRCH.WM.AR.ZS (tariff rate, applied, weighted mean, all products)",REAL
MDA,ANY,ALL,2008,2.02,True,OK,"World Bank WDI TM.TAX.MRCH.WM.AR.ZS (tariff rate, applied, weighted mean, all products)",REAL
MDA,ANY,ALL,2009,3.21,True,OK,"World Bank WDI TM.TAX.MRCH.WM.AR.ZS (tariff rate, applied, weighted mean, all products)",REAL
MDA,ANY,ALL,2010,2.28,True,OK,"World Bank WDI TM.TAX.MRCH.WM.AR.ZS (tariff rate, applied, weighted mean, all products)",REAL
MDA,ANY,ALL,2011,3.35,True,OK,"World Bank WDI TM.TAX.MRCH.WM.AR.ZS (tariff rate, applied, weighted mean, all products)",REAL
MDA,ANY,ALL,2012,2.61,True,OK,"World Bank WDI TM.TAX.MRCH.WM.AR.ZS (tariff rate, applied, weighted mean, all products)",REAL
MDA,ANY,ALL,2013,5.71,True,OK,"World Bank WDI TM.TAX.MRCH.WM.AR.ZS (tariff rate, applied, weighted mean, all products)",REAL
MDA,ANY,ALL,2014,2.53,True,OK,"World Bank WDI TM.TAX.MRCH.WM.AR.ZS (tariff rate, applied, weighted mean, all products)",REAL
MDA,ANY,ALL,2015,3.39,True,OK,"World Bank WDI TM.TAX.MRCH.WM.AR.ZS (tariff rate, applied, weighted mean, all products)",REAL
MDA,ANY,ALL,2016,3.54,True,OK,"World Bank WDI TM.TAX.MRCH.WM.AR.ZS (tariff rate, applied, weighted mean, all products)",REAL
MDA,ANY,ALL,2020,1.26,True,OK,"World Bank WDI TM.TAX.MRCH.WM.AR.ZS (tariff rate, applied, weighted mean, all products)",REAL
MDA,ANY,ALL,2021,1.2,True,OK,"World Bank WDI TM.TAX.MRCH.WM.AR.ZS (tariff rate, applied, weighted mean, all products)",REAL
MDA,ANY,ALL,2022,1.16,True,OK,"World Bank WDI TM.TAX.MRCH.WM.AR.ZS (tariff rate, applied, weighted mean, all products)",REAL
MDG,ANY,ALL,1995,5.18,True,OK,"World Bank WDI TM.TAX.MRCH.WM.AR.ZS (tariff rate, applied, weighted mean, all products)",REAL
MDG,ANY,ALL,1996,4.6,True,OK,"World Bank WDI TM.TAX.MRCH.WM.AR.ZS (tariff rate, applied, weighted mean, all products)",REAL
MDG,ANY,ALL,1997,5.31,True,OK,"World Bank WDI TM.TAX.MRCH.WM.AR.ZS (tariff rate, applied, weighted mean, all products)",REAL
MDG,ANY,ALL,1998,4.73,True,OK,"World Bank WDI TM.TAX.MRCH.WM.AR.ZS (tariff rate, applied, weighted mean, all products)",REAL
MDG,ANY,ALL,2000,4.5,True,OK,"World Bank WDI TM.TAX.MRCH.WM.AR.ZS (tariff rate, applied, weighted mean, all products)",REAL
MDG,ANY,ALL,2001,3.47,True,OK,"World Bank WDI TM.TAX.MRCH.WM.AR.ZS (tariff rate, applied, weighted mean, all products)",REAL
MDG,ANY,ALL,2002,2.72,True,OK,"World Bank WDI TM.TAX.MRCH.WM.AR.ZS (tariff rate, applied, weighted mean, all products)",REAL
MDG,ANY,ALL,2003,3.32,True,OK,"World Bank WDI TM.TAX.MRCH.WM.AR.ZS (tariff rate, applied, weighted mean, all products)",REAL
MDG,ANY,ALL,2004,1.74,True,OK,"World Bank WDI TM.TAX.MRCH.WM.AR.ZS (tariff rate, applied, weighted mean, all products)",REAL
MDG,ANY,ALL,2005,5.89,True,OK,"World Bank WDI TM.TAX.MRCH.WM.AR.ZS (tariff rate, applied, weighted mean, all products)",REAL
MDG,ANY,ALL,2006,9.54,True,OK,"World Bank WDI TM.TAX.MRCH.WM.AR.ZS (tariff rate, applied, weighted mean, all products)",REAL
MDG,ANY,ALL,2007,8.48,True,OK,"World Bank WDI TM.TAX.MRCH.WM.AR.ZS (tariff rate, applied, weighted mean, all products)",REAL
MDG,ANY,ALL,2008,8.51,True,OK,"World Bank WDI TM.TAX.MRCH.WM.AR.ZS (tariff rate, applied, weighted mean, all products)",REAL
MDG,ANY,ALL,2009,7.89,True,OK,"World Bank WDI TM.TAX.MRCH.WM.AR.ZS (tariff rate, applied, weighted mean, all products)",REAL
MDG,ANY,ALL,2010,6.32,True,OK,"World Bank WDI TM.TAX.MRCH.WM.AR.ZS (tariff rate, applied, weighted mean, all products)",REAL
MDG,ANY,ALL,2011,6.37,True,OK,"World Bank WDI TM.TAX.MRCH.WM.AR.ZS (tariff rate, applied, weighted mean, all products)",REAL
MDG,ANY,ALL,2012,6.18,True,OK,"World Bank WDI TM.TAX.MRCH.WM.AR.ZS (tariff rate, applied, weighted mean, all products)",REAL
MDG,ANY,ALL,2013,6.39,True,OK,"World Bank WDI TM.TAX.MRCH.WM.AR.ZS (tariff rate, applied, weighted mean, all products)",REAL
MDG,ANY,ALL,2014,5.99,True,OK,"World Bank WDI TM.TAX.MRCH.WM.AR.ZS (tariff rate, applied, weighted mean, all products)",REAL
MDG,ANY,ALL,2015,9.35,True,OK,"World Bank WDI TM.TAX.MRCH.WM.AR.ZS (tariff rate, applied, weighted mean, all products)",REAL
MDG,ANY,ALL,2016,7.86,True,OK,"World Bank WDI TM.TAX.MRCH.WM.AR.ZS (tariff rate, applied, weighted mean, all products)",REAL
MDG,ANY,ALL,2017,6.83,True,OK,"World Bank WDI TM.TAX.MRCH.WM.AR.ZS (tariff rate, applied, weighted mean, all products)",REAL
MDG,ANY,ALL,2018,7.74,True,OK,"World Bank WDI TM.TAX.MRCH.WM.AR.ZS (tariff rate, applied, weighted mean, all products)",REAL
MDG,ANY,ALL,2019,7.54,True,OK,"World Bank WDI TM.TAX.MRCH.WM.AR.ZS (tariff rate, applied, weighted mean, all products)",REAL
MDG,ANY,ALL,2020,7.2,True,OK,"World Bank WDI TM.TAX.MRCH.WM.AR.ZS (tariff rate, applied, weighted mean, all products)",REAL
MDG,ANY,ALL,2021,7.51,True,OK,"World Bank WDI TM.TAX.MRCH.WM.AR.ZS (tariff rate, applied, weighted mean, all products)",REAL
MDG,ANY,ALL,2022,8.74,True,OK,"World Bank WDI TM.TAX.MRCH.WM.AR.ZS (tariff rate, applied, weighted mean, all products)",REAL
MDV,ANY,ALL,2000,20.45,True,OK,"World Bank WDI TM.TAX.MRCH.WM.AR.ZS (tariff rate, applied, weighted mean, all products)",REAL
MDV,ANY,ALL,2001,20.22,True,OK,"World Bank WDI TM.TAX.MRCH.WM.AR.ZS (tariff rate, applied, weighted mean, all products)",REAL
MDV,ANY,ALL,2002,19.87,True,OK,"World Bank WDI TM.TAX.MRCH.WM.AR.ZS (tariff rate, applied, weighted mean, all products)",REAL
MDV,ANY,ALL,2003,20.68,True,OK,"World Bank WDI TM.TAX.MRCH.WM.AR.ZS (tariff rate, applied, weighted mean, all products)",REAL
MDV,ANY,ALL,2004,19.84,True,OK,"World Bank WDI TM.TAX.MRCH.WM.AR.ZS (tariff rate, applied, weighted mean, all products)",REAL
MDV,ANY,ALL,2005,21.09,True,OK,"World Bank WDI TM.TAX.MRCH.WM.AR.ZS (tariff rate, applied, weighted mean, all products)",REAL
MDV,ANY,ALL,2006,21.23,True,OK,"World Bank WDI TM.TAX.MRCH.WM.AR.ZS (tariff rate, applied, weighted mean, all products)",REAL
MDV,ANY,ALL,2008,20.25,True,OK,"World Bank WDI TM.TAX.MRCH.WM.AR.ZS (tariff rate, applied, weighted mean, all products)",REAL
MDV,ANY,ALL,2009,19.91,True,OK,"World Bank WDI TM.TAX.MRCH.WM.AR.ZS (tariff rate, applied, weighted mean, all products)",REAL
MDV,ANY,ALL,2010,19.71,True,OK,"World Bank WDI TM.TAX.MRCH.WM.AR.ZS (tariff rate, applied, weighted mean, all products)",REAL
MDV,ANY,ALL,2011,20.75,True,OK,"World Bank WDI TM.TAX.MRCH.WM.AR.ZS (tariff rate, applied, weighted mean, all products)",REAL
MDV,ANY,ALL,2012,6.45,True,JUMP_GE_10PP,"World Bank WDI TM.TAX.MRCH.WM.AR.ZS (tariff rate, applied, weighted mean, all products)",REAL
MDV,ANY,ALL,2013,6.96,True,OK,"World Bank WDI TM.TAX.MRCH.WM.AR.ZS (tariff rate, applied, weighted mean, all products)",REAL
MDV,ANY,ALL,2014,7.59,True,OK,"World Bank WDI TM.TAX.MRCH.WM.AR.ZS (tariff rate, applied, weighted mean, all products)",REAL
MDV,ANY,ALL,2015,11.13,True,OK,"World Bank WDI TM.TAX.MRCH.WM.AR.ZS (tariff rate, applied, weighted mean, all products)",REAL
MDV,ANY,ALL,2016,11.16,True,OK,"World Bank WDI TM.TAX.MRCH.WM.AR.ZS (tariff rate, applied, weighted mean, all products)",REAL
MDV,ANY,ALL,2017,12.04,True,OK,"World Bank WDI TM.TAX.MRCH.WM.AR.ZS (tariff rate, applied, weighted mean, all products)",REAL
MDV,ANY,ALL,2018,11.39,True,OK,"World Bank WDI TM.TAX.MRCH.WM.AR.ZS (tariff rate, applied, weighted mean, all products)",REAL
MDV,ANY,ALL,2019,18.39,True,OK,"World Bank WDI TM.TAX.MRCH.WM.AR.ZS (tariff rate, applied, weighted mean, all products)",REAL
MDV,ANY,ALL,2020,11.55,True,OK,"World Bank WDI TM.TAX.MRCH.WM.AR.ZS (tariff rate, applied, weighted mean, all products)",REAL
MDV,ANY,ALL,2021,10.55,True,OK,"World Bank WDI TM.TAX.MRCH.WM.AR.ZS (tariff rate, applied, weighted mean, all products)",REAL
MDV,ANY,ALL,2022,11.12,True,OK,"World Bank WDI TM.TAX.MRCH.WM.AR.ZS (tariff rate, applied, weighted mean, all products)",REAL
MEX,ANY,ALL,1991,11.91,True,OK,"World Bank WDI TM.TAX.MRCH.WM.AR.ZS (tariff rate, applied, weighted mean, all products)",REAL
MEX,ANY,ALL,1995,7.25,True,OK,"World Bank WDI TM.TAX.MRCH.WM.AR.ZS (tariff rate, applied, weighted mean, all products)",REAL
MEX,ANY,ALL,1996,14.02,True,OK,"World Bank WDI TM.TAX.MRCH.WM.AR.ZS (tariff rate, applied, weighted mean, all products)",REAL
MEX,ANY,ALL,1997,13.08,True,OK,"World Bank WDI TM.TAX.MRCH.WM.AR.ZS (tariff rate, applied, weighted mean, all products)",REAL
MEX,ANY,ALL,1998,13.05,True,OK,"World Bank WDI TM.TAX.MRCH.WM.AR.ZS (tariff rate, applied, weighted mean, all products)",REAL
MEX,ANY,ALL,1999,6.59,True,OK,"World Bank WDI TM.TAX.MRCH.WM.AR.ZS (tariff rate, applied, weighted mean, all products)",REAL
MEX,ANY,ALL,2000,15.15,True,OK,"World Bank WDI TM.TAX.MRCH.WM.AR.ZS (tariff rate, applied, weighted mean, all products)",REAL
MEX,ANY,ALL,2001,15.24,True,OK,"World Bank WDI TM.TAX.MRCH.WM.AR.ZS (tariff rate, applied, weighted mean, all products)",REAL
MEX,ANY,ALL,2002,5.03,True,JUMP_GE_10PP,"World Bank WDI TM.TAX.MRCH.WM.AR.ZS (tariff rate, applied, weighted mean, all products)",REAL
MEX,ANY,ALL,2003,15.44,True,JUMP_GE_10PP,"World Bank WDI TM.TAX.MRCH.WM.AR.ZS (tariff rate, applied, weighted mean, all products)",REAL
MEX,ANY,ALL,2004,3.0,True,JUMP_GE_10PP,"World Bank WDI TM.TAX.MRCH.WM.AR.ZS (tariff rate, applied, weighted mean, all products)",REAL
MEX,ANY,ALL,2005,3.0,True,OK,"World Bank WDI TM.TAX.MRCH.WM.AR.ZS (tariff rate, applied, weighted mean, all products)",REAL
MEX,ANY,ALL,2006,2.39,True,OK,"World Bank WDI TM.TAX.MRCH.WM.AR.ZS (tariff rate, applied, weighted mean, all products)",REAL
MEX,ANY,ALL,2007,2.41,True,OK,"World Bank WDI TM.TAX.MRCH.WM.AR.ZS (tariff rate, applied, weighted mean, all products)",REAL
MEX,ANY,ALL,2008,1.87,True,OK,"World Bank WDI TM.TAX.MRCH.WM.AR.ZS (tariff rate, applied, weighted mean, all products)",REAL
MEX,ANY,ALL,2009,1.61,True,OK,"World Bank WDI TM.TAX.MRCH.WM.AR.ZS (tariff rate, applied, weighted mean, all products)",REAL
MEX,ANY,ALL,2010,5.37,True,OK,"World Bank WDI TM.TAX.MRCH.WM.AR.ZS (tariff rate, applied, weighted mean, all products)",REAL
MEX,ANY,ALL,2011,5.37,True,OK,"World Bank WDI TM.TAX.MRCH.WM.AR.ZS (tariff rate, applied, weighted mean, all products)",REAL
MEX,ANY,ALL,2012,5.17,True,OK,"World Bank WDI TM.TAX.MRCH.WM.AR.ZS (tariff rate, applied, weighted mean, all products)",REAL
MEX,ANY,ALL,2013,4.87,True,OK,"World Bank WDI TM.TAX.MRCH.WM.AR.ZS (tariff rate, applied, weighted mean, all products)",REAL
MEX,ANY,ALL,2014,1.02,True,OK,"World Bank WDI TM.TAX.MRCH.WM.AR.ZS (tariff rate, applied, weighted mean, all products)",REAL
MEX,ANY,ALL,2015,4.45,True,OK,"World Bank WDI TM.TAX.MRCH.WM.AR.ZS (tariff rate, applied, weighted mean, all products)",REAL
MEX,ANY,ALL,2016,4.35,True,OK,"World Bank WDI TM.TAX.MRCH.WM.AR.ZS (tariff rate, applied, weighted mean, all products)",REAL
MEX,ANY,ALL,2017,1.24,True,OK,"World Bank WDI TM.TAX.MRCH.WM.AR.ZS (tariff rate, applied, weighted mean, all products)",REAL
MEX,ANY,ALL,2018,1.21,True,OK,"World Bank WDI TM.TAX.MRCH.WM.AR.ZS (tariff rate, applied, weighted mean, all products)",REAL
MEX,ANY,ALL,2022,1.62,True,OK,"World Bank WDI TM.TAX.MRCH.WM.AR.ZS (tariff rate, applied, weighted mean, all products)",REAL
MKD,ANY,ALL,2001,9.29,True,OK,"World Bank WDI TM.TAX.MRCH.WM.AR.ZS (tariff rate, applied, weighted mean, all products)",REAL
MKD,ANY,ALL,2002,7.74,True,OK,"World Bank WDI TM.TAX.MRCH.WM.AR.ZS (tariff rate, applied, weighted mean, all products)",REAL
MKD,ANY,ALL,2004,8.09,True,OK,"World Bank WDI TM.TAX.MRCH.WM.AR.ZS (tariff rate, applied, weighted mean, all products)",REAL
MKD,ANY,ALL,2005,3.71,True,OK,"World Bank WDI TM.TAX.MRCH.WM.AR.ZS (tariff rate, applied, weighted mean, all products)",REAL
MKD,ANY,ALL,2006,4.45,True,OK,"World Bank WDI TM.TAX.MRCH.WM.AR.ZS (tariff rate, applied, weighted mean, all products)",REAL
MKD,ANY,ALL,2007,5.76,True,OK,"World Bank WDI TM.TAX.MRCH.WM.AR.ZS (tariff rate, applied, weighted mean, all products)",REAL
MKD,ANY,ALL,2008,3.59,True,OK,"World Bank WDI TM.TAX.MRCH.WM.AR.ZS (tariff rate, applied, weighted mean, all products)",REAL
MKD,ANY,ALL,2009,3.39,True,OK,"World Bank WDI TM.TAX.MRCH.WM.AR.ZS (tariff rate, applied, weighted mean, all products)",REAL
MKD,ANY,ALL,2010,2.92,True,OK,"World Bank WDI TM.TAX.MRCH.WM.AR.ZS (tariff rate, applied, weighted mean, all products)",REAL
MKD,ANY,ALL,2011,2.22,True,OK,"World Bank WDI TM.TAX.MRCH.WM.AR.ZS (tariff rate, applied, weighted mean, all products)",REAL
MKD,ANY,ALL,2012,2.07,True,OK,"World Bank WDI TM.TAX.MRCH.WM.AR.ZS (tariff rate, applied, weighted mean, all products)",REAL
MKD,ANY,ALL,2013,7.14,True,OK,"World Bank WDI TM.TAX.MRCH.WM.AR.ZS (tariff rate, applied, weighted mean, all products)",REAL
MKD,ANY,ALL,2014,2.26,True,OK,"World Bank WDI TM.TAX.MRCH.WM.AR.ZS (tariff rate, applied, weighted mean, all products)",REAL
MKD,ANY,ALL,2015,1.21,True,OK,"World Bank WDI TM.TAX.MRCH.WM.AR.ZS (tariff rate, applied, weighted mean, all products)",REAL
MKD,ANY,ALL,2016,3.96,True,OK,"World Bank WDI TM.TAX.MRCH.WM.AR.ZS (tariff rate, applied, weighted mean, all products)",REAL
MKD,ANY,ALL,2017,1.92,True,OK,"World Bank WDI TM.TAX.MRCH.WM.AR.ZS (tariff rate, applied, weighted mean, all products)",REAL
MKD,ANY,ALL,2018,1.94,True,OK,"World Bank WDI TM.TAX.MRCH.WM.AR.ZS (tariff rate, applied, weighted mean, all products)",REAL
MKD,ANY,ALL,2019,1.94,True,OK,"World Bank WDI TM.TAX.MRCH.WM.AR.ZS (tariff rate, applied, weighted mean, all products)",REAL
MKD,ANY,ALL,2020,1.74,True,OK,"World Bank WDI TM.TAX.MRCH.WM.AR.ZS (tariff rate, applied, weighted mean, all products)",REAL
MKD,ANY,ALL,2021,2.38,True,OK,"World Bank WDI TM.TAX.MRCH.WM.AR.ZS (tariff rate, applied, weighted mean, all products)",REAL
MKD,ANY,ALL,2022,2.34,True,OK,"World Bank WDI TM.TAX.MRCH.WM.AR.ZS (tariff rate, applied, weighted mean, all products)",REAL
MLI,ANY,ALL,1995,2.94,True,OK,"World Bank WDI TM.TAX.MRCH.WM.AR.ZS (tariff rate, applied, weighted mean, all products)",REAL
MLI,ANY,ALL,1996,10.35,True,OK,"World Bank WDI TM.TAX.MRCH.WM.AR.ZS (tariff rate, applied, weighted mean, all products)",REAL
MLI,ANY,ALL,1997,10.35,True,OK,"World Bank WDI TM.TAX.MRCH.WM.AR.ZS (tariff rate, applied, weighted mean, all products)",REAL
MLI,ANY,ALL,1998,10.35,True,OK,"World Bank WDI TM.TAX.MRCH.WM.AR.ZS (tariff rate, applied, weighted mean, all products)",REAL
MLI,ANY,ALL,1999,6.68,True,OK,"World Bank WDI TM.TAX.MRCH.WM.AR.ZS (tariff rate, applied, weighted mean, all products)",REAL
MLI,ANY,ALL,2001,10.64,True,OK,"World Bank WDI TM.TAX.MRCH.WM.AR.ZS (tariff rate, applied, weighted mean, all products)",REAL
MLI,ANY,ALL,2002,10.77,True,OK,"World Bank WDI TM.TAX.MRCH.WM.AR.ZS (tariff rate, applied, weighted mean, all products)",REAL
MLI,ANY,ALL,2003,10.9,True,OK,"World Bank WDI TM.TAX.MRCH.WM.AR.ZS (tariff rate, applied, weighted mean, all products)",REAL
MLI,ANY,ALL,2004,10.96,True,OK,"World Bank WDI TM.TAX.MRCH.WM.AR.ZS (tariff rate, applied, weighted mean, all products)",REAL
MLI,ANY,ALL,2005,10.41,True,OK,"World Bank WDI TM.TAX.MRCH.WM.AR.ZS (tariff rate, applied, weighted mean, all products)",REAL
MLI,ANY,ALL,2006,8.31,True,OK,"World Bank WDI TM.TAX.MRCH.WM.AR.ZS (tariff rate, applied, weighted mean, all products)",REAL
MLI,ANY,ALL,2007,8.44,True,OK,"World Bank WDI TM.TAX.MRCH.WM.AR.ZS (tariff rate, applied, weighted mean, all products)",REAL
MLI,ANY,ALL,2008,8.44,True,OK,"World Bank WDI TM.TAX.MRCH.WM.AR.ZS (tariff rate, applied, weighted mean, all products)",REAL
MLI,ANY,ALL,2009,8.46,True,OK,"World Bank WDI TM.TAX.MRCH.WM.AR.ZS (tariff rate, applied, weighted mean, all products)",REAL
MLI,ANY,ALL,2010,8.46,True,OK,"World Bank WDI TM.TAX.MRCH.WM.AR.ZS (tariff rate, applied, weighted mean, all products)",REAL
MLI,ANY,ALL,2011,7.78,True,OK,"World Bank WDI TM.TAX.MRCH.WM.AR.ZS (tariff rate, applied, weighted mean, all products)",REAL
MLI,ANY,ALL,2012,7.43,True,OK,"World Bank WDI TM.TAX.MRCH.WM.AR.ZS (tariff rate, applied, weighted mean, all products)",REAL
MLI,ANY,ALL,2013,7.43,True,OK,"World Bank WDI TM.TAX.MRCH.WM.AR.ZS (tariff rate, applied, weighted mean, all products)",REAL
MLI,ANY,ALL,2014,7.43,True,OK,"World Bank WDI TM.TAX.MRCH.WM.AR.ZS (tariff rate, applied, weighted mean, all products)",REAL
MLI,ANY,ALL,2015,6.22,True,OK,"World Bank WDI TM.TAX.MRCH.WM.AR.ZS (tariff rate, applied, weighted mean, all products)",REAL
MLI,ANY,ALL,2016,6.22,True,OK,"World Bank WDI TM.TAX.MRCH.WM.AR.ZS (tariff rate, applied, weighted mean, all products)",REAL
MLI,ANY,ALL,2017,10.04,True,OK,"World Bank WDI TM.TAX.MRCH.WM.AR.ZS (tariff rate, applied, weighted mean, all products)",REAL
MLI,ANY,ALL,2018,9.42,True,OK,"World Bank WDI TM.TAX.MRCH.WM.AR.ZS (tariff rate, applied, weighted mean, all products)",REAL
MLI,ANY,ALL,2019,7.23,True,OK,"World Bank WDI TM.TAX.MRCH.WM.AR.ZS (tariff rate, applied, weighted mean, all products)",REAL
MLI,ANY,ALL,2020,9.24,True,OK,"World Bank WDI TM.TAX.MRCH.WM.AR.ZS (tariff rate, applied, weighted mean, all products)",REAL
MLI,ANY,ALL,2021,7.88,True,OK,"World Bank WDI TM.TAX.MRCH.WM.AR.ZS (tariff rate, applied, weighted mean, all products)",REAL
MLI,ANY,ALL,2022,8.9,True,OK,"World Bank WDI TM.TAX.MRCH.WM.AR.ZS (tariff rate, applied, weighted mean, all products)",REAL
MLT,ANY,ALL,1997,8.71,True,OK,"World Bank WDI TM.TAX.MRCH.WM.AR.ZS (tariff rate, applied, weighted mean, all products)",REAL
MLT,ANY,ALL,2000,9.71,True,OK,"World Bank WDI TM.TAX.MRCH.WM.AR.ZS (tariff rate, applied, weighted mean, all products)",REAL
MLT,ANY,ALL,2002,5.94,True,OK,"World Bank WDI TM.TAX.MRCH.WM.AR.ZS (tariff rate, applied, weighted mean, all products)",REAL
MLT,ANY,ALL,2003,5.65,True,OK,"World Bank WDI TM.TAX.MRCH.WM.AR.ZS (tariff rate, applied, weighted mean, all products)",REAL
MLT,ANY,ALL,2004,2.24,True,OK,"World Bank WDI TM.TAX.MRCH.WM.AR.ZS (tariff rate, applied, weighted mean, all products)",REAL
MLT,ANY,ALL,2005,2.46,True,OK,"World Bank WDI TM.TAX.MRCH.WM.AR.ZS (tariff rate, applied, weighted mean, all products)",REAL
MLT,ANY,ALL,2006,2.3,True,OK,"World Bank WDI TM.TAX.MRCH.WM.AR.ZS (tariff rate, applied, weighted mean, all products)",REAL
MLT,ANY,ALL,2007,2.24,True,OK,"World Bank WDI TM.TAX.MRCH.WM.AR.ZS (tariff rate, applied, weighted mean, all products)",REAL
MLT,ANY,ALL,2008,1.72,True,OK,"World Bank WDI TM.TAX.MRCH.WM.AR.ZS (tariff rate, applied, weighted mean, all products)",REAL
MLT,ANY,ALL,2009,1.85,True,OK,"World Bank WDI TM.TAX.MRCH.WM.AR.ZS (tariff rate, applied, weighted mean, all products)",REAL
MLT,ANY,ALL,2010,2.13,True,OK,"World Bank WDI TM.TAX.MRCH.WM.AR.ZS (tariff rate, applied, weighted mean, all products)",REAL
MLT,ANY,ALL,2011,1.59,True,OK,"World Bank WDI TM.TAX.MRCH.WM.AR.ZS (tariff rate, applied, weighted mean, all products)",REAL
MLT,ANY,ALL,2012,1.46,True,OK,"World Bank WDI TM.TAX.MRCH.WM.AR.ZS (tariff rate, applied, weighted mean, all products)",REAL
MLT,ANY,ALL,2013,1.49,True,OK,"World Bank WDI TM.TAX.MRCH.WM.AR.ZS (tariff rate, applied, weighted mean, all products)",REAL
MLT,ANY,ALL,2014,2.03,True,OK,"World Bank WDI TM.TAX.MRCH.WM.AR.ZS (tariff rate, applied, weighted mean, all products)",REAL
MLT,ANY,ALL,2015,2.02,True,OK,"World Bank WDI TM.TAX.MRCH.WM.AR.ZS (tariff rate, applied, weighted mean, all products)",REAL
MLT,ANY,ALL,2016,2.09,True,OK,"World Bank WDI TM.TAX.MRCH.WM.AR.ZS (tariff rate, applied, weighted mean, all products)",REAL
MLT,ANY,ALL,2017,1.96,True,OK,"World Bank WDI TM.TAX.MRCH.WM.AR.ZS (tariff rate, applied, weighted mean, all products)",REAL
MLT,ANY,ALL,2018,1.83,True,OK,"World Bank WDI TM.TAX.MRCH.WM.AR.ZS (tariff rate, applied, weighted mean, all products)",REAL
MLT,ANY,ALL,2019,1.84,True,OK,"World Bank WDI TM.TAX.MRCH.WM.AR.ZS (tariff rate, applied, weighted mean, all products)",REAL
MLT,ANY,ALL,2021,1.39,True,OK,"World Bank WDI TM.TAX.MRCH.WM.AR.ZS (tariff rate, applied, weighted mean, all products)",REAL
MLT,ANY,ALL,2022,1.33,True,OK,"World Bank WDI TM.TAX.MRCH.WM.AR.ZS (tariff rate, applied, weighted mean, all products)",REAL
MMR,ANY,ALL,1996,4.13,True,OK,"World Bank WDI TM.TAX.MRCH.WM.AR.ZS (tariff rate, applied, weighted mean, all products)",REAL
MMR,ANY,ALL,1997,4.13,True,OK,"World Bank WDI TM.TAX.MRCH.WM.AR.ZS (tariff rate, applied, weighted mean, all products)",REAL
MMR,ANY,ALL,1998,4.13,True,OK,"World Bank WDI TM.TAX.MRCH.WM.AR.ZS (tariff rate, applied, weighted mean, all products)",REAL
MMR,ANY,ALL,1999,4.13,True,OK,"World Bank WDI TM.TAX.MRCH.WM.AR.ZS (tariff rate, applied, weighted mean, all products)",REAL
MMR,ANY,ALL,2000,4.13,True,OK,"World Bank WDI TM.TAX.MRCH.WM.AR.ZS (tariff rate, applied, weighted mean, all products)",REAL
MMR,ANY,ALL,2001,3.98,True,OK,"World Bank WDI TM.TAX.MRCH.WM.AR.ZS (tariff rate, applied, weighted mean, all products)",REAL
MMR,ANY,ALL,2002,3.98,True,OK,"World Bank WDI TM.TAX.MRCH.WM.AR.ZS (tariff rate, applied, weighted mean, all products)",REAL
MMR,ANY,ALL,2003,3.9,True,OK,"World Bank WDI TM.TAX.MRCH.WM.AR.ZS (tariff rate, applied, weighted mean, all products)",REAL
MMR,ANY,ALL,2004,3.68,True,OK,"World Bank WDI TM.TAX.MRCH.WM.AR.ZS (tariff rate, applied, weighted mean, all products)",REAL
MMR,ANY,ALL,2005,2.86,True,OK,"World Bank WDI TM.TAX.MRCH.WM.AR.ZS (tariff rate, applied, weighted mean, all products)",REAL
MMR,ANY,ALL,2006,2.83,True,OK,"World Bank WDI TM.TAX.MRCH.WM.AR.ZS (tariff rate, applied, weighted mean, all products)",REAL
MMR,ANY,ALL,2007,2.78,True,OK,"World Bank WDI TM.TAX.MRCH.WM.AR.ZS (tariff rate, applied, weighted mean, all products)",REAL
MMR,ANY,ALL,2008,2.75,True,OK,"World Bank WDI TM.TAX.MRCH.WM.AR.ZS (tariff rate, applied, weighted mean, all products)",REAL
MMR,ANY,ALL,2010,2.43,True,OK,"World Bank WDI TM.TAX.MRCH.WM.AR.ZS (tariff rate, applied, weighted mean, all products)",REAL
MMR,ANY,ALL,2011,1.99,True,OK,"World Bank WDI TM.TAX.MRCH.WM.AR.ZS (tariff rate, applied, weighted mean, all products)",REAL
MMR,ANY,ALL,2012,4.86,True,OK,"World Bank WDI TM.TAX.MRCH.WM.AR.ZS (tariff rate, applied, weighted mean, all products)",REAL
MMR,ANY,ALL,2013,4.07,True,OK,"World Bank WDI TM.TAX.MRCH.WM.AR.ZS (tariff rate, applied, weighted mean, all products)",REAL
MMR,ANY,ALL,2015,1.72,True,OK,"World Bank WDI TM.TAX.MRCH.WM.AR.ZS (tariff rate, applied, weighted mean, all products)",REAL
MMR,ANY,ALL,2019,1.81,True,OK,"World Bank WDI TM.TAX.MRCH.WM.AR.ZS (tariff rate, applied, weighted mean, all products)",REAL
MMR,ANY,ALL,2021,1.04,True,OK,"World Bank WDI TM.TAX.MRCH.WM.AR.ZS (tariff rate, applied, weighted mean, all products)",REAL
MMR,ANY,ALL,2022,0.82,True,OK,"World Bank WDI TM.TAX.MRCH.WM.AR.ZS (tariff rate, applied, weighted mean, all products)",REAL
MNE,ANY,ALL,2007,5.46,True,OK,"World Bank WDI TM.TAX.MRCH.WM.AR.ZS (tariff rate, applied, weighted mean, all products)",REAL
MNE,ANY,ALL,2008,5.75,True,OK,"World Bank WDI TM.TAX.MRCH.WM.AR.ZS (tariff rate, applied, weighted mean, all products)",REAL
MNE,ANY,ALL,2009,6.73,True,OK,"World Bank WDI TM.TAX.MRCH.WM.AR.ZS (tariff rate, applied, weighted mean, all products)",REAL
MNE,ANY,ALL,2010,6.88,True,OK,"World Bank WDI TM.TAX.MRCH.WM.AR.ZS (tariff rate, applied, weighted mean, all products)",REAL
MNE,ANY,ALL,2011,6.16,True,OK,"World Bank WDI TM.TAX.MRCH.WM.AR.ZS (tariff rate, applied, weighted mean, all products)",REAL
MNE,ANY,ALL,2012,5.79,True,OK,"World Bank WDI TM.TAX.MRCH.WM.AR.ZS (tariff rate, applied, weighted mean, all products)",REAL
MNE,ANY,ALL,2013,3.96,True,OK,"World Bank WDI TM.TAX.MRCH.WM.AR.ZS (tariff rate, applied, weighted mean, all products)",REAL
MNE,ANY,ALL,2014,3.63,True,OK,"World Bank WDI TM.TAX.MRCH.WM.AR.ZS (tariff rate, applied, weighted mean, all products)",REAL
MNE,ANY,ALL,2015,3.69,True,OK,"World Bank WDI TM.TAX.MRCH.WM.AR.ZS (tariff rate, applied, weighted mean, all products)",REAL
MNE,ANY,ALL,2016,3.01,True,OK,"World Bank WDI TM.TAX.MRCH.WM.AR.ZS (tariff rate, applied, weighted mean, all products)",REAL
MNE,ANY,ALL,2017,3.07,True,OK,"World Bank WDI TM.TAX.MRCH.WM.AR.ZS (tariff rate, applied, weighted mean, all products)",REAL
MNE,ANY,ALL,2018,2.84,True,OK,"World Bank WDI TM.TAX.MRCH.WM.AR.ZS (tariff rate, applied, weighted mean, all products)",REAL
MNE,ANY,ALL,2019,0.99,True,OK,"World Bank WDI TM.TAX.MRCH.WM.AR.ZS (tariff rate, applied, weighted mean, all products)",REAL
MNE,ANY,ALL,2020,2.59,True,OK,"World Bank WDI TM.TAX.MRCH.WM.AR.ZS (tariff rate, applied, weighted mean, all products)",REAL
MNE,ANY,ALL,2021,3.19,True,OK,"World Bank WDI TM.TAX.MRCH.WM.AR.ZS (tariff rate, applied, weighted mean, all products)",REAL
MNE,ANY,ALL,2022,2.9,True,OK,"World Bank WDI TM.TAX.MRCH.WM.AR.ZS (tariff rate, applied, weighted mean, all products)",REAL
MNG,ANY,ALL,1999,0.09,True,OK,"World Bank WDI TM.TAX.MRCH.WM.AR.ZS (tariff rate, applied, weighted mean, all products)",REAL
MNG,ANY,ALL,2000,5.04,True,OK,"World Bank WDI TM.TAX.MRCH.WM.AR.ZS (tariff rate, applied, weighted mean, all products)",REAL
MNG,ANY,ALL,2001,6.95,True,OK,"World Bank WDI TM.TAX.MRCH.WM.AR.ZS (tariff rate, applied, weighted mean, all products)",REAL
MNG,ANY,ALL,2002,6.98,True,OK,"World Bank WDI TM.TAX.MRCH.WM.AR.ZS (tariff rate, applied, weighted mean, all products)",REAL
MNG,ANY,ALL,2003,5.03,True,OK,"World Bank WDI TM.TAX.MRCH.WM.AR.ZS (tariff rate, applied, weighted mean, all products)",REAL
MNG,ANY,ALL,2004,5.02,True,OK,"World Bank WDI TM.TAX.MRCH.WM.AR.ZS (tariff rate, applied, weighted mean, all products)",REAL
MNG,ANY,ALL,2005,4.29,True,OK,"World Bank WDI TM.TAX.MRCH.WM.AR.ZS (tariff rate, applied, weighted mean, all products)",REAL
MNG,ANY,ALL,2006,4.4,True,OK,"World Bank WDI TM.TAX.MRCH.WM.AR.ZS (tariff rate, applied, weighted mean, all products)",REAL
MNG,ANY,ALL,2007,5.1,True,OK,"World Bank WDI TM.TAX.MRCH.WM.AR.ZS (tariff rate, applied, weighted mean, all products)",REAL
MNG,ANY,ALL,2008,5.1,True,OK,"World Bank WDI TM.TAX.MRCH.WM.AR.ZS (tariff rate, applied, weighted mean, all products)",REAL
MNG,ANY,ALL,2009,5.1,True,OK,"World Bank WDI TM.TAX.MRCH.WM.AR.ZS (tariff rate, applied, weighted mean, all products)",REAL
MNG,ANY,ALL,2010,5.03,True,OK,"World Bank WDI TM.TAX.MRCH.WM.AR.ZS (tariff rate, applied, weighted mean, all products)",REAL
MNG,ANY,ALL,2011,5.03,True,OK,"World Bank WDI TM.TAX.MRCH.WM.AR.ZS (tariff rate, applied, weighted mean, all products)",REAL
MNG,ANY,ALL,2013,5.03,True,OK,"World Bank WDI TM.TAX.MRCH.WM.AR.ZS (tariff rate, applied, weighted mean, all products)",REAL
MNG,ANY,ALL,2015,4.57,True,OK,"World Bank WDI TM.TAX.MRCH.WM.AR.ZS (tariff rate, applied, weighted mean, all products)",REAL
MNG,ANY,ALL,2017,5.52,True,OK,"World Bank WDI TM.TAX.MRCH.WM.AR.ZS (tariff rate, applied, weighted mean, all products)",REAL
MNG,ANY,ALL,2018,5.26,True,OK,"World Bank WDI TM.TAX.MRCH.WM.AR.ZS (tariff rate, applied, weighted mean, all products)",REAL
MNG,ANY,ALL,2019,5.31,True,OK,"World Bank WDI TM.TAX.MRCH.WM.AR.ZS (tariff rate, applied, weighted mean, all products)",REAL
MNG,ANY,ALL,2020,5.3,True,OK,"World Bank WDI TM.TAX.MRCH.WM.AR.ZS (tariff rate, applied, weighted mean, all products)",REAL
MNG,ANY,ALL,2021,5.28,True,OK,"World Bank WDI TM.TAX.MRCH.WM.AR.ZS (tariff rate, applied, weighted mean, all products)",REAL
MNG,ANY,ALL,2022,5.35,True,OK,"World Bank WDI TM.TAX.MRCH.WM.AR.ZS (tariff rate, applied, weighted mean, all products)",REAL
MOZ,ANY,ALL,2001,11.37,True,OK,"World Bank WDI TM.TAX.MRCH.WM.AR.ZS (tariff rate, applied, weighted mean, all products)",REAL
MOZ,ANY,ALL,2002,8.43,True,OK,"World Bank WDI TM.TAX.MRCH.WM.AR.ZS (tariff rate, applied, weighted mean, all products)",REAL
MOZ,ANY,ALL,2003,8.4,True,OK,"World Bank WDI TM.TAX.MRCH.WM.AR.ZS (tariff rate, applied, weighted mean, all products)",REAL
MOZ,ANY,ALL,2005,8.09,True,OK,"World Bank WDI TM.TAX.MRCH.WM.AR.ZS (tariff rate, applied, weighted mean, all products)",REAL
MOZ,ANY,ALL,2006,7.31,True,OK,"World Bank WDI TM.TAX.MRCH.WM.AR.ZS (tariff rate, applied, weighted mean, all products)",REAL
MOZ,ANY,ALL,2007,7.74,True,OK,"World Bank WDI TM.TAX.MRCH.WM.AR.ZS (tariff rate, applied, weighted mean, all products)",REAL
MOZ,ANY,ALL,2008,7.07,True,OK,"World Bank WDI TM.TAX.MRCH.WM.AR.ZS (tariff rate, applied, weighted mean, all products)",REAL
MOZ,ANY,ALL,2009,4.82,True,OK,"World Bank WDI TM.TAX.MRCH.WM.AR.ZS (tariff rate, applied, weighted mean, all products)",REAL
MOZ,ANY,ALL,2010,4.77,True,OK,"World Bank WDI TM.TAX.MRCH.WM.AR.ZS (tariff rate, applied, weighted mean, all products)",REAL
MOZ,ANY,ALL,2011,7.09,True,OK,"World Bank WDI TM.TAX.MRCH.WM.AR.ZS (tariff rate, applied, weighted mean, all products)",REAL
MOZ,ANY,ALL,2012,4.77,True,OK,"World Bank WDI TM.TAX.MRCH.WM.AR.ZS (tariff rate, applied, weighted mean, all products)",REAL
MOZ,ANY,ALL,2014,4.17,True,OK,"World Bank WDI TM.TAX.MRCH.WM.AR.ZS (tariff rate, applied, weighted mean, all products)",REAL
MOZ,ANY,ALL,2016,3.55,True,OK,"World Bank WDI TM.TAX.MRCH.WM.AR.ZS (tariff rate, applied, weighted mean, all products)",REAL
MOZ,ANY,ALL,2018,4.18,True,OK,"World Bank WDI TM.TAX.MRCH.WM.AR.ZS (tariff rate, applied, weighted mean, all products)",REAL
MOZ,ANY,ALL,2020,4.14,True,OK,"World Bank WDI TM.TAX.MRCH.WM.AR.ZS (tariff rate, applied, weighted mean, all products)",REAL
MOZ,ANY,ALL,2021,4.19,True,OK,"World Bank WDI TM.TAX.MRCH.WM.AR.ZS (tariff rate, applied, weighted mean, all products)",REAL
MRT,ANY,ALL,2001,9.92,True,OK,"World Bank WDI TM.TAX.MRCH.WM.AR.ZS (tariff rate, applied, weighted mean, all products)",REAL
MRT,ANY,ALL,2006,9.9,True,OK,"World Bank WDI TM.TAX.MRCH.WM.AR.ZS (tariff rate, applied, weighted mean, all products)",REAL
MRT,ANY,ALL,2007,9.46,True,OK,"World Bank WDI TM.TAX.MRCH.WM.AR.ZS (tariff rate, applied, weighted mean, all products)",REAL
MRT,ANY,ALL,2008,9.29,True,OK,"World Bank WDI TM.TAX.MRCH.WM.AR.ZS (tariff rate, applied, weighted mean, all products)",REAL
MRT,ANY,ALL,2009,8.68,True,OK,"World Bank WDI TM.TAX.MRCH.WM.AR.ZS (tariff rate, applied, weighted mean, all products)",REAL
MRT,ANY,ALL,2010,7.94,True,OK,"World Bank WDI TM.TAX.MRCH.WM.AR.ZS (tariff rate, applied, weighted mean, all products)",REAL
MRT,ANY,ALL,2011,8.05,True,OK,"World Bank WDI TM.TAX.MRCH.WM.AR.ZS (tariff rate, applied, weighted mean, all products)",REAL
MRT,ANY,ALL,2014,8.62,True,OK,"World Bank WDI TM.TAX.MRCH.WM.AR.ZS (tariff rate, applied, weighted mean, all products)",REAL
MRT,ANY,ALL,2015,8.67,True,OK,"World Bank WDI TM.TAX.MRCH.WM.AR.ZS (tariff rate, applied, weighted mean, all products)",REAL
MRT,ANY,ALL,2018,8.03,True,OK,"World Bank WDI TM.TAX.MRCH.WM.AR.ZS (tariff rate, applied, weighted mean, all products)",REAL
MRT,ANY,ALL,2019,8.03,True,OK,"World Bank WDI TM.TAX.MRCH.WM.AR.ZS (tariff rate, applied, weighted mean, all products)",REAL
MRT,ANY,ALL,2020,12.19,True,OK,"World Bank WDI TM.TAX.MRCH.WM.AR.ZS (tariff rate, applied, weighted mean, all products)",REAL
MRT,ANY,ALL,2021,8.32,True,OK,"World Bank WDI TM.TAX.MRCH.WM.AR.ZS (tariff rate, applied, weighted mean, all products)",REAL
MRT,ANY,ALL,2022,8.68,True,OK,"World Bank WDI TM.TAX.MRCH.WM.AR.ZS (tariff rate, applied, weighted mean, all products)",REAL
MUS,ANY,ALL,1995,23.54,True,OK,"World Bank WDI TM.TAX.MRCH.WM.AR.ZS (tariff rate, applied, weighted mean, all products)",REAL
MUS,ANY,ALL,1996,17.99,True,OK,"World Bank WDI TM.TAX.MRCH.WM.AR.ZS (tariff rate, applied, weighted mean, all products)",REAL
MUS,ANY,ALL,1997,19.24,True,OK,"World Bank WDI TM.TAX.MRCH.WM.AR.ZS (tariff rate, applied, weighted mean, all products)",REAL
MUS,ANY,ALL,1998,23.83,True,OK,"World Bank WDI TM.TAX.MRCH.WM.AR.ZS (tariff rate, applied, weighted mean, all products)",REAL
MUS,ANY,ALL,1999,19.98,True,OK,"World Bank WDI TM.TAX.MRCH.WM.AR.ZS (tariff rate, applied, weighted mean, all products)",REAL
MUS,ANY,ALL,2000,11.72,True,OK,"World Bank WDI TM.TAX.MRCH.WM.AR.ZS (tariff rate, applied, weighted mean, all products)",REAL
MUS,ANY,ALL,2001,12.01,True,OK,"World Bank WDI TM.TAX.MRCH.WM.AR.ZS (tariff rate, applied, weighted mean, all products)",REAL
MUS,ANY,ALL,2002,12.94,True,OK,"World Bank WDI TM.TAX.MRCH.WM.AR.ZS (tariff rate, applied, weighted mean, all products)",REAL
MUS,ANY,ALL,2004,12.02,True,OK,"World Bank WDI TM.TAX.MRCH.WM.AR.ZS (tariff rate, applied, weighted mean, all products)",REAL
MUS,ANY,ALL,2005,4.65,True,OK,"World Bank WDI TM.TAX.MRCH.WM.AR.ZS (tariff rate, applied, weighted mean, all products)",REAL
MUS,ANY,ALL,2006,1.68,True,OK,"World Bank WDI TM.TAX.MRCH.WM.AR.ZS (tariff rate, applied, weighted mean, all products)",REAL
MUS,ANY,ALL,2007,2.18,True,OK,"World Bank WDI TM.TAX.MRCH.WM.AR.ZS (tariff rate, applied, weighted mean, all products)",REAL
MUS,ANY,ALL,2008,2.16,True,OK,"World Bank WDI TM.TAX.MRCH.WM.AR.ZS (tariff rate, applied, weighted mean, all products)",REAL
MUS,ANY,ALL,2009,1.16,True,OK,"World Bank WDI TM.TAX.MRCH.WM.AR.ZS (tariff rate, applied, weighted mean, all products)",REAL
MUS,ANY,ALL,2010,1.13,True,OK,"World Bank WDI TM.TAX.MRCH.WM.AR.ZS (tariff rate, applied, weighted mean, all products)",REAL
MUS,ANY,ALL,2011,0.81,True,OK,"World Bank WDI TM.TAX.MRCH.WM.AR.ZS (tariff rate, applied, weighted mean, all products)",REAL
MUS,ANY,ALL,2012,0.91,True,OK,"World Bank WDI TM.TAX.MRCH.WM.AR.ZS (tariff rate, applied, weighted mean, all products)",REAL
MUS,ANY,ALL,2013,0.98,True,OK,"World Bank WDI TM.TAX.MRCH.WM.AR.ZS (tariff rate, applied, weighted mean, all products)",REAL
MUS,ANY,ALL,2014,0.69,True,OK,"World Bank WDI TM.TAX.MRCH.WM.AR.ZS (tariff rate, applied, weighted mean, all products)",REAL
MUS,ANY,ALL,2015,0.68,True,OK,"World Bank WDI TM.TAX.MRCH.WM.AR.ZS (tariff rate, applied, weighted mean, all products)",REAL
MUS,ANY,ALL,2016,0.79,True,OK,"World Bank WDI TM.TAX.MRCH.WM.AR.ZS (tariff rate, applied, weighted mean, all products)",REAL
MUS,ANY,ALL,2017,0.87,True,OK,"World Bank WDI TM.TAX.MRCH.WM.AR.ZS (tariff rate, applied, weighted mean, all products)",REAL
MUS,ANY,ALL,2018,0.81,True,OK,"World Bank WDI TM.TAX.MRCH.WM.AR.ZS (tariff rate, applied, weighted mean, all products)",REAL
MUS,ANY,ALL,2019,1.1,True,OK,"World Bank WDI TM.TAX.MRCH.WM.AR.ZS (tariff rate, applied, weighted mean, all products)",REAL
MUS,ANY,ALL,2020,0.92,True,OK,"World Bank WDI TM.TAX.MRCH.WM.AR.ZS (tariff rate, applied, weighted mean, all products)",REAL
MUS,ANY,ALL,2021,1.27,True,OK,"World Bank WDI TM.TAX.MRCH.WM.AR.ZS (tariff rate, applied, weighted mean, all products)",REAL
MUS,ANY,ALL,2022,1.2,True,OK,"World Bank WDI TM.TAX.MRCH.WM.AR.ZS (tariff rate, applied, weighted mean, all products)",REAL
MWI,ANY,ALL,1994,22.31,True,OK,"World Bank WDI TM.TAX.MRCH.WM.AR.ZS (tariff rate, applied, weighted mean, all products)",REAL
MWI,ANY,ALL,1996,17.75,True,OK,"World Bank WDI TM.TAX.MRCH.WM.AR.ZS (tariff rate, applied, weighted mean, all products)",REAL
MWI,ANY,ALL,1997,20.77,True,OK,"World Bank WDI TM.TAX.MRCH.WM.AR.ZS (tariff rate, applied, weighted mean, all products)",REAL
MWI,ANY,ALL,1998,12.74,True,OK,"World Bank WDI TM.TAX.MRCH.WM.AR.ZS (tariff rate, applied, weighted mean, all products)",REAL
MWI,ANY,ALL,2000,12.39,True,OK,"World Bank WDI TM.TAX.MRCH.WM.AR.ZS (tariff rate, applied, weighted mean, all products)",REAL
MWI,ANY,ALL,2001,9.88,True,OK,"World Bank WDI TM.TAX.MRCH.WM.AR.ZS (tariff rate, applied, weighted mean, all products)",REAL
MWI,ANY,ALL,2003,11.13,True,OK,"World Bank WDI TM.TAX.MRCH.WM.AR.ZS (tariff rate, applied, weighted mean, all products)",REAL
MWI,ANY,ALL,2006,8.11,True,OK,"World Bank WDI TM.TAX.MRCH.WM.AR.ZS (tariff rate, applied, weighted mean, all products)",REAL
MWI,ANY,ALL,2008,5.96,True,OK,"World Bank WDI TM.TAX.MRCH.WM.AR.ZS (tariff rate, applied, weighted mean, all products)",REAL
MWI,ANY,ALL,2009,8.44,True,OK,"World Bank WDI TM.TAX.MRCH.WM.AR.ZS (tariff rate, applied, weighted mean, all products)",REAL
MWI,ANY,ALL,2010,6.41,True,OK,"World Bank WDI TM.TAX.MRCH.WM.AR.ZS (tariff rate, applied, weighted mean, all products)",REAL
MWI,ANY,ALL,2011,6.08,True,OK,"World Bank WDI TM.TAX.MRCH.WM.AR.ZS (tariff rate, applied, weighted mean, all products)",REAL
MWI,ANY,ALL,2012,5.73,True,OK,"World Bank WDI TM.TAX.MRCH.WM.AR.ZS (tariff rate, applied, weighted mean, all products)",REAL
MWI,ANY,ALL,2013,3.8,True,OK,"World Bank WDI TM.TAX.MRCH.WM.AR.ZS (tariff rate, applied, weighted mean, all products)",REAL
MWI,ANY,ALL,2014,4.25,True,OK,"World Bank WDI TM.TAX.MRCH.WM.AR.ZS (tariff rate, applied, weighted mean, all products)",REAL
MWI,ANY,ALL,2015,4.24,True,OK,"World Bank WDI TM.TAX.MRCH.WM.AR.ZS (tariff rate, applied, weighted mean, all products)",REAL
MWI,ANY,ALL,2016,4.77,True,OK,"World Bank WDI TM.TAX.MRCH.WM.AR.ZS (tariff rate, applied, weighted mean, all products)",REAL
MWI,ANY,ALL,2019,4.24,True,OK,"World Bank WDI TM.TAX.MRCH.WM.AR.ZS (tariff rate, applied, weighted mean, all products)",REAL
MWI,ANY,ALL,2020,6.18,True,OK,"World Bank WDI TM.TAX.MRCH.WM.AR.ZS (tariff rate, applied, weighted mean, all products)",REAL
MWI,ANY,ALL,2021,5.95,True,OK,"World Bank WDI TM.TAX.MRCH.WM.AR.ZS (tariff rate, applied, weighted mean, all products)",REAL
MYS,ANY,ALL,1988,14.4,True,OK,"World Bank WDI TM.TAX.MRCH.WM.AR.ZS (tariff rate, applied, weighted mean, all products)",REAL
MYS,ANY,ALL,1991,10.84,True,OK,"World Bank WDI TM.TAX.MRCH.WM.AR.ZS (tariff rate, applied, weighted mean, all products)",REAL
MYS,ANY,ALL,1993,9.33,True,OK,"World Bank WDI TM.TAX.MRCH.WM.AR.ZS (tariff rate, applied, weighted mean, all products)",REAL
MYS,ANY,ALL,1996,6.27,True,OK,"World Bank WDI TM.TAX.MRCH.WM.AR.ZS (tariff rate, applied, weighted mean, all products)",REAL
MYS,ANY,ALL,1997,5.37,True,OK,"World Bank WDI TM.TAX.MRCH.WM.AR.ZS (tariff rate, applied, weighted mean, all products)",REAL
MYS,ANY,ALL,1998,5.23,True,OK,"World Bank WDI TM.TAX.MRCH.WM.AR.ZS (tariff rate, applied, weighted mean, all products)",REAL
MYS,ANY,ALL,1999,5.14,True,OK,"World Bank WDI TM.TAX.MRCH.WM.AR.ZS (tariff rate, applied, weighted mean, all products)",REAL
MYS,ANY,ALL,2000,4.81,True,OK,"World Bank WDI TM.TAX.MRCH.WM.AR.ZS (tariff rate, applied, weighted mean, all products)",REAL
MYS,ANY,ALL,2001,5.06,True,OK,"World Bank WDI TM.TAX.MRCH.WM.AR.ZS (tariff rate, applied, weighted mean, all products)",REAL
MYS,ANY,ALL,2002,4.2,True,OK,"World Bank WDI TM.TAX.MRCH.WM.AR.ZS (tariff rate, applied, weighted mean, all products)",REAL
MYS,ANY,ALL,2003,4.57,True,OK,"World Bank WDI TM.TAX.MRCH.WM.AR.ZS (tariff rate, applied, weighted mean, all products)",REAL
MYS,ANY,ALL,2004,5.37,True,OK,"World Bank WDI TM.TAX.MRCH.WM.AR.ZS (tariff rate, applied, weighted mean, all products)",REAL
MYS,ANY,ALL,2005,4.27,True,OK,"World Bank WDI TM.TAX.MRCH.WM.AR.ZS (tariff rate, applied, weighted mean, all products)",REAL
MYS,ANY,ALL,2006,3.68,True,OK,"World Bank WDI TM.TAX.MRCH.WM.AR.ZS (tariff rate, applied, weighted mean, all products)",REAL
MYS,ANY,ALL,2007,3.71,True,OK,"World Bank WDI TM.TAX.MRCH.WM.AR.ZS (tariff rate, applied, weighted mean, all products)",REAL
MYS,ANY,ALL,2008,3.89,True,OK,"World Bank WDI TM.TAX.MRCH.WM.AR.ZS (tariff rate, applied, weighted mean, all products)",REAL
MYS,ANY,ALL,2009,3.55,True,OK,"World Bank WDI TM.TAX.MRCH.WM.AR.ZS (tariff rate, applied, weighted mean, all products)",REAL
MYS,ANY,ALL,2010,3.12,True,OK,"World Bank WDI TM.TAX.MRCH.WM.AR.ZS (tariff rate, applied, weighted mean, all products)",REAL
MYS,ANY,ALL,2011,4.17,True,OK,"World Bank WDI TM.TAX.MRCH.WM.AR.ZS (tariff rate, applied, weighted mean, all products)",REAL
MYS,ANY,ALL,2012,4.41,True,OK,"World Bank WDI TM.TAX.MRCH.WM.AR.ZS (tariff rate, applied, weighted mean, all products)",REAL
MYS,ANY,ALL,2013,4.44,True,OK,"World Bank WDI TM.TAX.MRCH.WM.AR.ZS (tariff rate, applied, weighted mean, all products)",REAL
MYS,ANY,ALL,2014,1.28,True,OK,"World Bank WDI TM.TAX.MRCH.WM.AR.ZS (tariff rate, applied, weighted mean, all products)",REAL
MYS,ANY,ALL,2016,4.02,True,OK,"World Bank WDI TM.TAX.MRCH.WM.AR.ZS (tariff rate, applied, weighted mean, all products)",REAL
MYS,ANY,ALL,2020,3.6,True,OK,"World Bank WDI TM.TAX.MRCH.WM.AR.ZS (tariff rate, applied, weighted mean, all products)",REAL
MYS,ANY,ALL,2021,3.62,True,OK,"World Bank WDI TM.TAX.MRCH.WM.AR.ZS (tariff rate, applied, weighted mean, all products)",REAL
MYS,ANY,ALL,2022,3.42,True,OK,"World Bank WDI TM.TAX.MRCH.WM.AR.ZS (tariff rate, applied, weighted mean, all products)",REAL
NAM,ANY,ALL,2001,0.74,True,OK,"World Bank WDI TM.TAX.MRCH.WM.AR.ZS (tariff rate, applied, weighted mean, all products)",REAL
NAM,ANY,ALL,2002,1.11,True,OK,"World Bank WDI TM.TAX.MRCH.WM.AR.ZS (tariff rate, applied, weighted mean, all products)",REAL
NAM,ANY,ALL,2004,0.88,True,OK,"World Bank WDI TM.TAX.MRCH.WM.AR.ZS (tariff rate, applied, weighted mean, all products)",REAL
NAM,ANY,ALL,2005,0.96,True,OK,"World Bank WDI TM.TAX.MRCH.WM.AR.ZS (tariff rate, applied, weighted mean, all products)",REAL
NAM,ANY,ALL,2006,0.97,True,OK,"World Bank WDI TM.TAX.MRCH.WM.AR.ZS (tariff rate, applied, weighted mean, all products)",REAL
NAM,ANY,ALL,2007,1.15,True,OK,"World Bank WDI TM.TAX.MRCH.WM.AR.ZS (tariff rate, applied, weighted mean, all products)",REAL
NAM,ANY,ALL,2008,1.75,True,OK,"World Bank WDI TM.TAX.MRCH.WM.AR.ZS (tariff rate, applied, weighted mean, all products)",REAL
NAM,ANY,ALL,2009,1.77,True,OK,"World Bank WDI TM.TAX.MRCH.WM.AR.ZS (tariff rate, applied, weighted mean, all products)",REAL
NAM,ANY,ALL,2010,1.33,True,OK,"World Bank WDI TM.TAX.MRCH.WM.AR.ZS (tariff rate, applied, weighted mean, all products)",REAL
NAM,ANY,ALL,2011,1.07,True,OK,"World Bank WDI TM.TAX.MRCH.WM.AR.ZS (tariff rate, applied, weighted mean, all products)",REAL
NAM,ANY,ALL,2012,0.61,True,OK,"World Bank WDI TM.TAX.MRCH.WM.AR.ZS (tariff rate, applied, weighted mean, all products)",REAL
NAM,ANY,ALL,2013,0.75,True,OK,"World Bank WDI TM.TAX.MRCH.WM.AR.ZS (tariff rate, applied, weighted mean, all products)",REAL
NAM,ANY,ALL,2014,0.7,True,OK,"World Bank WDI TM.TAX.MRCH.WM.AR.ZS (tariff rate, applied, weighted mean, all products)",REAL
NAM,ANY,ALL,2015,0.9,True,OK,"World Bank WDI TM.TAX.MRCH.WM.AR.ZS (tariff rate, applied, weighted mean, all products)",REAL
NAM,ANY,ALL,2016,1.03,True,OK,"World Bank WDI TM.TAX.MRCH.WM.AR.ZS (tariff rate, applied, weighted mean, all products)",REAL
NAM,ANY,ALL,2017,0.91,True,OK,"World Bank WDI TM.TAX.MRCH.WM.AR.ZS (tariff rate, applied, weighted mean, all products)",REAL
NAM,ANY,ALL,2018,1.0,True,OK,"World Bank WDI TM.TAX.MRCH.WM.AR.ZS (tariff rate, applied, weighted mean, all products)",REAL
NAM,ANY,ALL,2019,1.1,True,OK,"World Bank WDI TM.TAX.MRCH.WM.AR.ZS (tariff rate, applied, weighted mean, all products)",REAL
NAM,ANY,ALL,2020,1.26,True,OK,"World Bank WDI TM.TAX.MRCH.WM.AR.ZS (tariff rate, applied, weighted mean, all products)",REAL
NAM,ANY,ALL,2021,1.32,True,OK,"World Bank WDI TM.TAX.MRCH.WM.AR.ZS (tariff rate, applied, weighted mean, all products)",REAL
NAM,ANY,ALL,2022,3.58,True,OK,"World Bank WDI TM.TAX.MRCH.WM.AR.ZS (tariff rate, applied, weighted mean, all products)",REAL
NER,ANY,ALL,2001,13.66,True,OK,"World Bank WDI TM.TAX.MRCH.WM.AR.ZS (tariff rate, applied, weighted mean, all products)",REAL
NER,ANY,ALL,2002,12.81,True,OK,"World Bank WDI TM.TAX.MRCH.WM.AR.ZS (tariff rate, applied, weighted mean, all products)",REAL
NER,ANY,ALL,2003,12.67,True,OK,"World Bank WDI TM.TAX.MRCH.WM.AR.ZS (tariff rate, applied, weighted mean, all products)",REAL
NER,ANY,ALL,2004,11.69,True,OK,"World Bank WDI TM.TAX.MRCH.WM.AR.ZS (tariff rate, applied, weighted mean, all products)",REAL
NER,ANY,ALL,2005,11.99,True,OK,"World Bank WDI TM.TAX.MRCH.WM.AR.ZS (tariff rate, applied, weighted mean, all products)",REAL
NER,ANY,ALL,2006,9.58,True,OK,"World Bank WDI TM.TAX.MRCH.WM.AR.ZS (tariff rate, applied, weighted mean, all products)",REAL
NER,ANY,ALL,2007,9.41,True,OK,"World Bank WDI TM.TAX.MRCH.WM.AR.ZS (tariff rate, applied, weighted mean, all products)",REAL
NER,ANY,ALL,2008,9.41,True,OK,"World Bank WDI TM.TAX.MRCH.WM.AR.ZS (tariff rate, applied, weighted mean, all products)",REAL
NER,ANY,ALL,2009,9.41,True,OK,"World Bank WDI TM.TAX.MRCH.WM.AR.ZS (tariff rate, applied, weighted mean, all products)",REAL
NER,ANY,ALL,2010,10.31,True,OK,"World Bank WDI TM.TAX.MRCH.WM.AR.ZS (tariff rate, applied, weighted mean, all products)",REAL
NER,ANY,ALL,2011,9.7,True,OK,"World Bank WDI TM.TAX.MRCH.WM.AR.ZS (tariff rate, applied, weighted mean, all products)",REAL
NER,ANY,ALL,2012,9.56,True,OK,"World Bank WDI TM.TAX.MRCH.WM.AR.ZS (tariff rate, applied, weighted mean, all products)",REAL
NER,ANY,ALL,2013,10.21,True,OK,"World Bank WDI TM.TAX.MRCH.WM.AR.ZS (tariff rate, applied, weighted mean, all products)",REAL
NER,ANY,ALL,2014,9.28,True,OK,"World Bank WDI TM.TAX.MRCH.WM.AR.ZS (tariff rate, applied, weighted mean, all products)",REAL
NER,ANY,ALL,2015,8.07,True,OK,"World Bank WDI TM.TAX.MRCH.WM.AR.ZS (tariff rate, applied, weighted mean, all products)",REAL
NER,ANY,ALL,2016,8.21,True,OK,"World Bank WDI TM.TAX.MRCH.WM.AR.ZS (tariff rate, applied, weighted mean, all products)",REAL
NER,ANY,ALL,2017,11.92,True,OK,"World Bank WDI TM.TAX.MRCH.WM.AR.ZS (tariff rate, applied, weighted mean, all products)",REAL
NER,ANY,ALL,2018,11.02,True,OK,"World Bank WDI TM.TAX.MRCH.WM.AR.ZS (tariff rate, applied, weighted mean, all products)",REAL
NER,ANY,ALL,2019,9.27,True,OK,"World Bank WDI TM.TAX.MRCH.WM.AR.ZS (tariff rate, applied, weighted mean, all products)",REAL
NER,ANY,ALL,2020,8.06,True,OK,"World Bank WDI TM.TAX.MRCH.WM.AR.ZS (tariff rate, applied, weighted mean, all products)",REAL
NER,ANY,ALL,2021,8.46,True,OK,"World Bank WDI TM.TAX.MRCH.WM.AR.ZS (tariff rate, applied, weighted mean, all products)",REAL
NER,ANY,ALL,2022,8.36,True,OK,"World Bank WDI TM.TAX.MRCH.WM.AR.ZS (tariff rate, applied, weighted mean, all products)",REAL
NGA,ANY,ALL,1988,23.8,True,OK,"World Bank WDI TM.TAX.MRCH.WM.AR.ZS (tariff rate, applied, weighted mean, all products)",REAL
NGA,ANY,ALL,1989,24.69,True,OK,"World Bank WDI TM.TAX.MRCH.WM.AR.ZS (tariff rate, applied, weighted mean, all products)",REAL
NGA,ANY,ALL,1990,24.83,True,OK,"World Bank WDI TM.TAX.MRCH.WM.AR.ZS (tariff rate, applied, weighted mean, all products)",REAL
NGA,ANY,ALL,1992,25.32,True,OK,"World Bank WDI TM.TAX.MRCH.WM.AR.ZS (tariff rate, applied, weighted mean, all products)",REAL
NGA,ANY,ALL,1995,91.27,True,EXTREME_VALUE;JUMP_GE_10PP,"World Bank WDI TM.TAX.MRCH.WM.AR.ZS (tariff rate, applied, weighted mean, all products)",REAL
NGA,ANY,ALL,1996,16.06,True,JUMP_GE_10PP,"World Bank WDI TM.TAX.MRCH.WM.AR.ZS (tariff rate, applied, weighted mean, all products)",REAL
NGA,ANY,ALL,1997,16.21,True,OK,"World Bank WDI TM.TAX.MRCH.WM.AR.ZS (tariff rate, applied, weighted mean, all products)",REAL
NGA,ANY,ALL,1998,16.21,True,OK,"World Bank WDI TM.TAX.MRCH.WM.AR.ZS (tariff rate, applied, weighted mean, all products)",REAL
NGA,ANY,ALL,1999,19.77,True,OK,"World Bank WDI TM.TAX.MRCH.WM.AR.ZS (tariff rate, applied, weighted mean, all products)",REAL
NGA,ANY,ALL,2000,19.99,True,OK,"World Bank WDI TM.TAX.MRCH.WM.AR.ZS (tariff rate, applied, weighted mean, all products)",REAL
NGA,ANY,ALL,2001,21.47,True,OK,"World Bank WDI TM.TAX.MRCH.WM.AR.ZS (tariff rate, applied, weighted mean, all products)",REAL
NGA,ANY,ALL,2002,18.45,True,OK,"World Bank WDI TM.TAX.MRCH.WM.AR.ZS (tariff rate, applied, weighted mean, all products)",REAL
NGA,ANY,ALL,2003,20.62,True,OK,"World Bank WDI TM.TAX.MRCH.WM.AR.ZS (tariff rate, applied, weighted mean, all products)",REAL
NGA,ANY,ALL,2005,9.34,True,JUMP_GE_10PP,"World Bank WDI TM.TAX.MRCH.WM.AR.ZS (tariff rate, applied, weighted mean, all products)",REAL
NGA,ANY,ALL,2006,9.4,True,OK,"World Bank WDI TM.TAX.MRCH.WM.AR.ZS (tariff rate, applied, weighted mean, all products)",REAL
NGA,ANY,ALL,2008,9.79,True,OK,"World Bank WDI TM.TAX.MRCH.WM.AR.ZS (tariff rate, applied, weighted mean, all products)",REAL
NGA,ANY,ALL,2009,9.83,True,OK,"World Bank WDI TM.TAX.MRCH.WM.AR.ZS (tariff rate, applied, weighted mean, all products)",REAL
NGA,ANY,ALL,2010,10.7,True,OK,"World Bank WDI TM.TAX.MRCH.WM.AR.ZS (tariff rate, applied, weighted mean, all products)",REAL
NGA,ANY,ALL,2011,10.15,True,OK,"World Bank WDI TM.TAX.MRCH.WM.AR.ZS (tariff rate, applied, weighted mean, all products)",REAL
NGA,ANY,ALL,2013,10.07,True,OK,"World Bank WDI TM.TAX.MRCH.WM.AR.ZS (tariff rate, applied, weighted mean, all products)",REAL
NGA,ANY,ALL,2014,11.34,True,OK,"World Bank WDI TM.TAX.MRCH.WM.AR.ZS (tariff rate, applied, weighted mean, all products)",REAL
NGA,ANY,ALL,2015,8.22,True,OK,"World Bank WDI TM.TAX.MRCH.WM.AR.ZS (tariff rate, applied, weighted mean, all products)",REAL
NGA,ANY,ALL,2016,8.52,True,OK,"World Bank WDI TM.TAX.MRCH.WM.AR.ZS (tariff rate, applied, weighted mean, all products)",REAL
NGA,ANY,ALL,2020,12.37,True,OK,"World Bank WDI TM.TAX.MRCH.WM.AR.ZS (tariff rate, applied, weighted mean, all products)",REAL
NGA,ANY,ALL,2021,12.2,True,OK,"World Bank WDI TM.TAX.MRCH.WM.AR.ZS (tariff rate, applied, weighted mean, all products)",REAL
NGA,ANY,ALL,2022,9.34,True,OK,"World Bank WDI TM.TAX.MRCH.WM.AR.ZS (tariff rate, applied, weighted mean, all products)",REAL
NIC,ANY,ALL,1995,5.55,True,OK,"World Bank WDI TM.TAX.MRCH.WM.AR.ZS (tariff rate, applied, weighted mean, all products)",REAL
NIC,ANY,ALL,1996,8.26,True,OK,"World Bank WDI TM.TAX.MRCH.WM.AR.ZS (tariff rate, applied, weighted mean, all products)",REAL
NIC,ANY,ALL,1997,5.94,True,OK,"World Bank WDI TM.TAX.MRCH.WM.AR.ZS (tariff rate, applied, weighted mean, all products)",REAL
NIC,ANY,ALL,1998,4.53,True,OK,"World Bank WDI TM.TAX.MRCH.WM.AR.ZS (tariff rate, applied, weighted mean, all products)",REAL
NIC,ANY,ALL,1999,8.27,True,OK,"World Bank WDI TM.TAX.MRCH.WM.AR.ZS (tariff rate, applied, weighted mean, all products)",REAL
NIC,ANY,ALL,2000,2.87,True,OK,"World Bank WDI TM.TAX.MRCH.WM.AR.ZS (tariff rate, applied, weighted mean, all products)",REAL
NIC,ANY,ALL,2001,3.12,True,OK,"World Bank WDI TM.TAX.MRCH.WM.AR.ZS (tariff rate, applied, weighted mean, all products)",REAL
NIC,ANY,ALL,2002,2.89,True,OK,"World Bank WDI TM.TAX.MRCH.WM.AR.ZS (tariff rate, applied, weighted mean, all products)",REAL
NIC,ANY,ALL,2003,2.93,True,OK,"World Bank WDI TM.TAX.MRCH.WM.AR.ZS (tariff rate, applied, weighted mean, all products)",REAL
NIC,ANY,ALL,2004,3.76,True,OK,"World Bank WDI TM.TAX.MRCH.WM.AR.ZS (tariff rate, applied, weighted mean, all products)",REAL
NIC,ANY,ALL,2005,5.46,True,OK,"World Bank WDI TM.TAX.MRCH.WM.AR.ZS (tariff rate, applied, weighted mean, all products)",REAL
NIC,ANY,ALL,2006,4.13,True,OK,"World Bank WDI TM.TAX.MRCH.WM.AR.ZS (tariff rate, applied, weighted mean, all products)",REAL
NIC,ANY,ALL,2007,3.59,True,OK,"World Bank WDI TM.TAX.MRCH.WM.AR.ZS (tariff rate, applied, weighted mean, all products)",REAL
NIC,ANY,ALL,2008,4.4,True,OK,"World Bank WDI TM.TAX.MRCH.WM.AR.ZS (tariff rate, applied, weighted mean, all products)",REAL
NIC,ANY,ALL,2009,2.37,True,OK,"World Bank WDI TM.TAX.MRCH.WM.AR.ZS (tariff rate, applied, weighted mean, all products)",REAL
NIC,ANY,ALL,2010,2.1,True,OK,"World Bank WDI TM.TAX.MRCH.WM.AR.ZS (tariff rate, applied, weighted mean, all products)",REAL
NIC,ANY,ALL,2011,2.88,True,OK,"World Bank WDI TM.TAX.MRCH.WM.AR.ZS (tariff rate, applied, weighted mean, all products)",REAL
NIC,ANY,ALL,2012,2.87,True,OK,"World Bank WDI TM.TAX.MRCH.WM.AR.ZS (tariff rate, applied, weighted mean, all products)",REAL
NIC,ANY,ALL,2013,1.74,True,OK,"World Bank WDI TM.TAX.MRCH.WM.AR.ZS (tariff rate, applied, weighted mean, all products)",REAL
NIC,ANY,ALL,2014,1.95,True,OK,"World Bank WDI TM.TAX.MRCH.WM.AR.ZS (tariff rate, applied, weighted mean, all products)",REAL
NIC,ANY,ALL,2015,1.93,True,OK,"World Bank WDI TM.TAX.MRCH.WM.AR.ZS (tariff rate, applied, weighted mean, all products)",REAL
NIC,ANY,ALL,2016,2.17,True,OK,"World Bank WDI TM.TAX.MRCH.WM.AR.ZS (tariff rate, applied, weighted mean, all products)",REAL
NIC,ANY,ALL,2017,2.33,True,OK,"World Bank WDI TM.TAX.MRCH.WM.AR.ZS (tariff rate, applied, weighted mean, all products)",REAL
NIC,ANY,ALL,2018,1.95,True,OK,"World Bank WDI TM.TAX.MRCH.WM.AR.ZS (tariff rate, applied, weighted mean, all products)",REAL
NIC,ANY,ALL,2019,1.86,True,OK,"World Bank WDI TM.TAX.MRCH.WM.AR.ZS (tariff rate, applied, weighted mean, all products)",REAL
NIC,ANY,ALL,2020,1.84,True,OK,"World Bank WDI TM.TAX.MRCH.WM.AR.ZS (tariff rate, applied, weighted mean, all products)",REAL
NIC,ANY,ALL,2021,1.96,True,OK,"World Bank WDI TM.TAX.MRCH.WM.AR.ZS (tariff rate, applied, weighted mean, all products)",REAL
NIC,ANY,ALL,2022,2.04,True,OK,"World Bank WDI TM.TAX.MRCH.WM.AR.ZS (tariff rate, applied, weighted mean, all products)",REAL
NLD,ANY,ALL,2000,2.41,True,OK,"World Bank WDI TM.TAX.MRCH.WM.AR.ZS (tariff rate, applied, weighted mean, all products)",REAL
NLD,ANY,ALL,2001,3.37,True,OK,"World Bank WDI TM.TAX.MRCH.WM.AR.ZS (tariff rate, applied, weighted mean, all products)",REAL
NLD,ANY,ALL,2002,2.45,True,OK,"World Bank WDI TM.TAX.MRCH.WM.AR.ZS (tariff rate, applied, weighted mean, all products)",REAL
NLD,ANY,ALL,2003,2.52,True,OK,"World Bank WDI TM.TAX.MRCH.WM.AR.ZS (tariff rate, applied, weighted mean, all products)",REAL
NLD,ANY,ALL,2004,2.24,True,OK,"World Bank WDI TM.TAX.MRCH.WM.AR.ZS (tariff rate, applied, weighted mean, all products)",REAL
NLD,ANY,ALL,2005,2.46,True,OK,"World Bank WDI TM.TAX.MRCH.WM.AR.ZS (tariff rate, applied, weighted mean, all products)",REAL
NLD,ANY,ALL,2006,2.3,True,OK,"World Bank WDI TM.TAX.MRCH.WM.AR.ZS (tariff rate, applied, weighted mean, all products)",REAL
NLD,ANY,ALL,2007,2.24,True,OK,"World Bank WDI TM.TAX.MRCH.WM.AR.ZS (tariff rate, applied, weighted mean, all products)",REAL
NLD,ANY,ALL,2008,1.72,True,OK,"World Bank WDI TM.TAX.MRCH.WM.AR.ZS (tariff rate, applied, weighted mean, all products)",REAL
NLD,ANY,ALL,2009,1.85,True,OK,"World Bank WDI TM.TAX.MRCH.WM.AR.ZS (tariff rate, applied, weighted mean, all products)",REAL
NLD,ANY,ALL,2010,2.13,True,OK,"World Bank WDI TM.TAX.MRCH.WM.AR.ZS (tariff rate, applied, weighted mean, all products)",REAL
NLD,ANY,ALL,2011,1.59,True,OK,"World Bank WDI TM.TAX.MRCH.WM.AR.ZS (tariff rate, applied, weighted mean, all products)",REAL
NLD,ANY,ALL,2012,1.46,True,OK,"World Bank WDI TM.TAX.MRCH.WM.AR.ZS (tariff rate, applied, weighted mean, all products)",REAL
NLD,ANY,ALL,2013,1.49,True,OK,"World Bank WDI TM.TAX.MRCH.WM.AR.ZS (tariff rate, applied, weighted mean, all products)",REAL
NLD,ANY,ALL,2014,2.03,True,OK,"World Bank WDI TM.TAX.MRCH.WM.AR.ZS (tariff rate, applied, weighted mean, all products)",REAL
NLD,ANY,ALL,2015,2.02,True,OK,"World Bank WDI TM.TAX.MRCH.WM.AR.ZS (tariff rate, applied, weighted mean, all products)",REAL
NLD,ANY,ALL,2016,2.09,True,OK,"World Bank WDI TM.TAX.MRCH.WM.AR.ZS (tariff rate, applied, weighted mean, all products)",REAL
NLD,ANY,ALL,2017,1.96,True,OK,"World Bank WDI TM.TAX.MRCH.WM.AR.ZS (tariff rate, applied, weighted mean, all products)",REAL
NLD,ANY,ALL,2018,1.83,True,OK,"World Bank WDI TM.TAX.MRCH.WM.AR.ZS (tariff rate, applied, weighted mean, all products)",REAL
NLD,ANY,ALL,2019,1.84,True,OK,"World Bank WDI TM.TAX.MRCH.WM.AR.ZS (tariff rate, applied, weighted mean, all products)",REAL
NLD,ANY,ALL,2020,1.48,True,OK,"World Bank WDI TM.TAX.MRCH.WM.AR.ZS (tariff rate, applied, weighted mean, all products)",REAL
NLD,ANY,ALL,2021,1.39,True,OK,"World Bank WDI TM.TAX.MRCH.WM.AR.ZS (tariff rate, applied, weighted mean, all products)",REAL
NLD,ANY,ALL,2022,1.33,True,OK,"World Bank WDI TM.TAX.MRCH.WM.AR.ZS (tariff rate, applied, weighted mean, all products)",REAL
NOR,ANY,ALL,1988,0.87,True,OK,"World Bank WDI TM.TAX.MRCH.WM.AR.ZS (tariff rate, applied, weighted mean, all products)",REAL
NOR,ANY,ALL,1993,1.26,True,OK,"World Bank WDI TM.TAX.MRCH.WM.AR.ZS (tariff rate, applied, weighted mean, all products)",REAL
NOR,ANY,ALL,1995,6.45,True,OK,"World Bank WDI TM.TAX.MRCH.WM.AR.ZS (tariff rate, applied, weighted mean, all products)",REAL
NOR,ANY,ALL,1996,2.41,True,OK,"World Bank WDI TM.TAX.MRCH.WM.AR.ZS (tariff rate, applied, weighted mean, all products)",REAL
NOR,ANY,ALL,1997,4.42,True,OK,"World Bank WDI TM.TAX.MRCH.WM.AR.ZS (tariff rate, applied, weighted mean, all products)",REAL
NOR,ANY,ALL,1998,3.61,True,OK,"World Bank WDI TM.TAX.MRCH.WM.AR.ZS (tariff rate, applied, weighted mean, all products)",REAL
NOR,ANY,ALL,1999,2.49,True,OK,"World Bank WDI TM.TAX.MRCH.WM.AR.ZS (tariff rate, applied, weighted mean, all products)",REAL
NOR,ANY,ALL,2000,3.45,True,OK,"World Bank WDI TM.TAX.MRCH.WM.AR.ZS (tariff rate, applied, weighted mean, all products)",REAL
NOR,ANY,ALL,2001,3.11,True,OK,"World Bank WDI TM.TAX.MRCH.WM.AR.ZS (tariff rate, applied, weighted mean, all products)",REAL
NOR,ANY,ALL,2002,2.65,True,OK,"World Bank WDI TM.TAX.MRCH.WM.AR.ZS (tariff rate, applied, weighted mean, all products)",REAL
NOR,ANY,ALL,2003,2.45,True,OK,"World Bank WDI TM.TAX.MRCH.WM.AR.ZS (tariff rate, applied, weighted mean, all products)",REAL
NOR,ANY,ALL,2004,2.79,True,OK,"World Bank WDI TM.TAX.MRCH.WM.AR.ZS (tariff rate, applied, weighted mean, all products)",REAL
NOR,ANY,ALL,2005,2.87,True,OK,"World Bank WDI TM.TAX.MRCH.WM.AR.ZS (tariff rate, applied, weighted mean, all products)",REAL
NOR,ANY,ALL,2006,2.35,True,OK,"World Bank WDI TM.TAX.MRCH.WM.AR.ZS (tariff rate, applied, weighted mean, all products)",REAL
NOR,ANY,ALL,2007,2.57,True,OK,"World Bank WDI TM.TAX.MRCH.WM.AR.ZS (tariff rate, applied, weighted mean, all products)",REAL
NOR,ANY,ALL,2008,2.46,True,OK,"World Bank WDI TM.TAX.MRCH.WM.AR.ZS (tariff rate, applied, weighted mean, all products)",REAL
NOR,ANY,ALL,2009,2.33,True,OK,"World Bank WDI TM.TAX.MRCH.WM.AR.ZS (tariff rate, applied, weighted mean, all products)",REAL
NOR,ANY,ALL,2010,3.04,True,OK,"World Bank WDI TM.TAX.MRCH.WM.AR.ZS (tariff rate, applied, weighted mean, all products)",REAL
NOR,ANY,ALL,2011,3.35,True,OK,"World Bank WDI TM.TAX.MRCH.WM.AR.ZS (tariff rate, applied, weighted mean, all products)",REAL
NOR,ANY,ALL,2012,3.57,True,OK,"World Bank WDI TM.TAX.MRCH.WM.AR.ZS (tariff rate, applied, weighted mean, all products)",REAL
NOR,ANY,ALL,2013,3.82,True,OK,"World Bank WDI TM.TAX.MRCH.WM.AR.ZS (tariff rate, applied, weighted mean, all products)",REAL
NOR,ANY,ALL,2014,3.0,True,OK,"World Bank WDI TM.TAX.MRCH.WM.AR.ZS (tariff rate, applied, weighted mean, all products)",REAL
NOR,ANY,ALL,2015,3.52,True,OK,"World Bank WDI TM.TAX.MRCH.WM.AR.ZS (tariff rate, applied, weighted mean, all products)",REAL
NOR,ANY,ALL,2016,3.41,True,OK,"World Bank WDI TM.TAX.MRCH.WM.AR.ZS (tariff rate, applied, weighted mean, all products)",REAL
NOR,ANY,ALL,2017,3.13,True,OK,"World Bank WDI TM.TAX.MRCH.WM.AR.ZS (tariff rate, applied, weighted mean, all products)",REAL
NOR,ANY,ALL,2018,3.2,True,OK,"World Bank WDI TM.TAX.MRCH.WM.AR.ZS (tariff rate, applied, weighted mean, all products)",REAL
NOR,ANY,ALL,2019,2.62,True,OK,"World Bank WDI TM.TAX.MRCH.WM.AR.ZS (tariff rate, applied, weighted mean, all products)",REAL
NOR,ANY,ALL,2020,2.8,True,OK,"World Bank WDI TM.TAX.MRCH.WM.AR.ZS (tariff rate, applied, weighted mean, all products)",REAL
NOR,ANY,ALL,2021,3.0,True,OK,"World Bank WDI TM.TAX.MRCH.WM.AR.ZS (tariff rate, applied, weighted mean, all products)",REAL
NOR,ANY,ALL,2022,2.31,True,OK,"World Bank WDI TM.TAX.MRCH.WM.AR.ZS (tariff rate, applied, weighted mean, all products)",REAL
NPL,ANY,ALL,1993,15.96,True,OK,"World Bank WDI TM.TAX.MRCH.WM.AR.ZS (tariff rate, applied, weighted mean, all products)",REAL
NPL,ANY,ALL,1998,20.09,True,OK,"World Bank WDI TM.TAX.MRCH.WM.AR.ZS (tariff rate, applied, weighted mean, all products)",REAL
NPL,ANY,ALL,1999,14.01,True,OK,"World Bank WDI TM.TAX.MRCH.WM.AR.ZS (tariff rate, applied, weighted mean, all products)",REAL
NPL,ANY,ALL,2000,16.84,True,OK,"World Bank WDI TM.TAX.MRCH.WM.AR.ZS (tariff rate, applied, weighted mean, all products)",REAL
NPL,ANY,ALL,2002,15.45,True,OK,"World Bank WDI TM.TAX.MRCH.WM.AR.ZS (tariff rate, applied, weighted mean, all products)",REAL
NPL,ANY,ALL,2003,15.86,True,OK,"World Bank WDI TM.TAX.MRCH.WM.AR.ZS (tariff rate, applied, weighted mean, all products)",REAL
NPL,ANY,ALL,2004,15.49,True,OK,"World Bank WDI TM.TAX.MRCH.WM.AR.ZS (tariff rate, applied, weighted mean, all products)",REAL
NPL,ANY,ALL,2005,15.4,True,OK,"World Bank WDI TM.TAX.MRCH.WM.AR.ZS (tariff rate, applied, weighted mean, all products)",REAL
NPL,ANY,ALL,2006,13.13,True,OK,"World Bank WDI TM.TAX.MRCH.WM.AR.ZS (tariff rate, applied, weighted mean, all products)",REAL
NPL,ANY,ALL,2007,13.29,True,OK,"World Bank WDI TM.TAX.MRCH.WM.AR.ZS (tariff rate, applied, weighted mean, all products)",REAL
NPL,ANY,ALL,2008,421.5,True,EXTREME_VALUE;JUMP_GE_10PP,"World Bank WDI TM.TAX.MRCH.WM.AR.ZS (tariff rate, applied, weighted mean, all products)",REAL
NPL,ANY,ALL,2009,12.65,True,JUMP_GE_10PP,"World Bank WDI TM.TAX.MRCH.WM.AR.ZS (tariff rate, applied, weighted mean, all products)",REAL
NPL,ANY,ALL,2010,13.05,True,OK,"World Bank WDI TM.TAX.MRCH.WM.AR.ZS (tariff rate, applied, weighted mean, all products)",REAL
NPL,ANY,ALL,2011,12.45,True,OK,"World Bank WDI TM.TAX.MRCH.WM.AR.ZS (tariff rate, applied, weighted mean, all products)",REAL
NPL,ANY,ALL,2012,12.45,True,OK,"World Bank WDI TM.TAX.MRCH.WM.AR.ZS (tariff rate, applied, weighted mean, all products)",REAL
NPL,ANY,ALL,2013,15.04,True,OK,"World Bank WDI TM.TAX.MRCH.WM.AR.ZS (tariff rate, applied, weighted mean, all products)",REAL
NPL,ANY,ALL,2014,10.55,True,OK,"World Bank WDI TM.TAX.MRCH.WM.AR.ZS (tariff rate, applied, weighted mean, all products)",REAL
NPL,ANY,ALL,2015,12.31,True,OK,"World Bank WDI TM.TAX.MRCH.WM.AR.ZS (tariff rate, applied, weighted mean, all products)",REAL
NPL,ANY,ALL,2016,12.35,True,OK,"World Bank WDI TM.TAX.MRCH.WM.AR.ZS (tariff rate, applied, weighted mean, all products)",REAL
NPL,ANY,ALL,2018,12.36,True,OK,"World Bank WDI TM.TAX.MRCH.WM.AR.ZS (tariff rate, applied, weighted mean, all products)",REAL
NPL,ANY,ALL,2019,14.22,True,OK,"World Bank WDI TM.TAX.MRCH.WM.AR.ZS (tariff rate, applied, weighted mean, all products)",REAL
NPL,ANY,ALL,2020,11.6,True,OK,"World Bank WDI TM.TAX.MRCH.WM.AR.ZS (tariff rate, applied, weighted mean, all products)",REAL
NPL,ANY,ALL,2021,11.99,True,OK,"World Bank WDI TM.TAX.MRCH.WM.AR.ZS (tariff rate, applied, weighted mean, all products)",REAL
NPL,ANY,ALL,2022,11.2,True,OK,"World Bank WDI TM.TAX.MRCH.WM.AR.ZS (tariff rate, applied, weighted mean, all products)",REAL
NRU,ANY,ALL,2016,11.69,True,OK,"World Bank WDI TM.TAX.MRCH.WM.AR.ZS (tariff rate, applied, weighted mean, all products)",REAL
NRU,ANY,ALL,2017,11.27,True,OK,"World Bank WDI TM.TAX.MRCH.WM.AR.ZS (tariff rate, applied, weighted mean, all products)",REAL
NRU,ANY,ALL,2018,10.51,True,OK,"World Bank WDI TM.TAX.MRCH.WM.AR.ZS (tariff rate, applied, weighted mean, all products)",REAL
NRU,ANY,ALL,2019,15.59,True,OK,"World Bank WDI TM.TAX.MRCH.WM.AR.ZS (tariff rate, applied, weighted mean, all products)",REAL
NRU,ANY,ALL,2020,14.39,True,OK,"World Bank WDI TM.TAX.MRCH.WM.AR.ZS (tariff rate, applied, weighted mean, all products)",REAL
NRU,ANY,ALL,2021,14.07,True,OK,"World Bank WDI TM.TAX.MRCH.WM.AR.ZS (tariff rate, applied, weighted mean, all products)",REAL
NZL,ANY,ALL,1992,11.24,True,OK,"World Bank WDI TM.TAX.MRCH.WM.AR.ZS (tariff rate, applied, weighted mean, all products)",REAL
NZL,ANY,ALL,1993,9.02,True,OK,"World Bank WDI TM.TAX.MRCH.WM.AR.ZS (tariff rate, applied, weighted mean, all products)",REAL
NZL,ANY,ALL,1996,4.83,True,OK,"World Bank WDI TM.TAX.MRCH.WM.AR.ZS (tariff rate, applied, weighted mean, all products)",REAL
NZL,ANY,ALL,1997,4.15,True,OK,"World Bank WDI TM.TAX.MRCH.WM.AR.ZS (tariff rate, applied, weighted mean, all products)",REAL
NZL,ANY,ALL,1998,3.57,True,OK,"World Bank WDI TM.TAX.MRCH.WM.AR.ZS (tariff rate, applied, weighted mean, all products)",REAL
NZL,ANY,ALL,1999,3.0,True,OK,"World Bank WDI TM.TAX.MRCH.WM.AR.ZS (tariff rate, applied, weighted mean, all products)",REAL
NZL,ANY,ALL,2000,2.37,True,OK,"World Bank WDI TM.TAX.MRCH.WM.AR.ZS (tariff rate, applied, weighted mean, all products)",REAL
NZL,ANY,ALL,2001,3.61,True,OK,"World Bank WDI TM.TAX.MRCH.WM.AR.ZS (tariff rate, applied, weighted mean, all products)",REAL
NZL,ANY,ALL,2002,3.85,True,OK,"World Bank WDI TM.TAX.MRCH.WM.AR.ZS (tariff rate, applied, weighted mean, all products)",REAL
NZL,ANY,ALL,2003,4.21,True,OK,"World Bank WDI TM.TAX.MRCH.WM.AR.ZS (tariff rate, applied, weighted mean, all products)",REAL
NZL,ANY,ALL,2004,4.32,True,OK,"World Bank WDI TM.TAX.MRCH.WM.AR.ZS (tariff rate, applied, weighted mean, all products)",REAL
NZL,ANY,ALL,2005,4.14,True,OK,"World Bank WDI TM.TAX.MRCH.WM.AR.ZS (tariff rate, applied, weighted mean, all products)",REAL
NZL,ANY,ALL,2006,4.52,True,OK,"World Bank WDI TM.TAX.MRCH.WM.AR.ZS (tariff rate, applied, weighted mean, all products)",REAL
NZL,ANY,ALL,2007,2.62,True,OK,"World Bank WDI TM.TAX.MRCH.WM.AR.ZS (tariff rate, applied, weighted mean, all products)",REAL
NZL,ANY,ALL,2008,1.82,True,OK,"World Bank WDI TM.TAX.MRCH.WM.AR.ZS (tariff rate, applied, weighted mean, all products)",REAL
NZL,ANY,ALL,2009,1.68,True,OK,"World Bank WDI TM.TAX.MRCH.WM.AR.ZS (tariff rate, applied, weighted mean, all products)",REAL
NZL,ANY,ALL,2010,5.53,True,OK,"World Bank WDI TM.TAX.MRCH.WM.AR.ZS (tariff rate, applied, weighted mean, all products)",REAL
NZL,ANY,ALL,2011,2.11,True,OK,"World Bank WDI TM.TAX.MRCH.WM.AR.ZS (tariff rate, applied, weighted mean, all products)",REAL
NZL,ANY,ALL,2012,2.32,True,OK,"World Bank WDI TM.TAX.MRCH.WM.AR.ZS (tariff rate, applied, weighted mean, all products)",REAL
NZL,ANY,ALL,2013,1.38,True,OK,"World Bank WDI TM.TAX.MRCH.WM.AR.ZS (tariff rate, applied, weighted mean, all products)",REAL
NZL,ANY,ALL,2014,1.31,True,OK,"World Bank WDI TM.TAX.MRCH.WM.AR.ZS (tariff rate, applied, weighted mean, all products)",REAL
NZL,ANY,ALL,2015,1.32,True,OK,"World Bank WDI TM.TAX.MRCH.WM.AR.ZS (tariff rate, applied, weighted mean, all products)",REAL
NZL,ANY,ALL,2016,1.27,True,OK,"World Bank WDI TM.TAX.MRCH.WM.AR.ZS (tariff rate, applied, weighted mean, all products)",REAL
NZL,ANY,ALL,2017,1.35,True,OK,"World Bank WDI TM.TAX.MRCH.WM.AR.ZS (tariff rate, applied, weighted mean, all products)",REAL
NZL,ANY,ALL,2019,0.91,True,OK,"World Bank WDI TM.TAX.MRCH.WM.AR.ZS (tariff rate, applied, weighted mean, all products)",REAL
NZL,ANY,ALL,2020,0.85,True,OK,"World Bank WDI TM.TAX.MRCH.WM.AR.ZS (tariff rate, applied, weighted mean, all products)",REAL
NZL,ANY,ALL,2021,0.86,True,OK,"World Bank WDI TM.TAX.MRCH.WM.AR.ZS (tariff rate, applied, weighted mean, all products)",REAL
NZL,ANY,ALL,2022,1.7,True,OK,"World Bank WDI TM.TAX.MRCH.WM.AR.ZS (tariff rate, applied, weighted mean, all products)",REAL
OMN,ANY,ALL,1992,7.43,True,OK,"World Bank WDI TM.TAX.MRCH.WM.AR.ZS (tariff rate, applied, weighted mean, all products)",REAL
OMN,ANY,ALL,1997,4.49,True,OK,"World Bank WDI TM.TAX.MRCH.WM.AR.ZS (tariff rate, applied, weighted mean, all products)",REAL
OMN,ANY,ALL,2001,12.73,True,OK,"World Bank WDI TM.TAX.MRCH.WM.AR.ZS (tariff rate, applied, weighted mean, all products)",REAL
OMN,ANY,ALL,2002,13.65,True,OK,"World Bank WDI TM.TAX.MRCH.WM.AR.ZS (tariff rate, applied, weighted mean, all products)",REAL
OMN,ANY,ALL,2003,5.07,True,OK,"World Bank WDI TM.TAX.MRCH.WM.AR.ZS (tariff rate, applied, weighted mean, all products)",REAL
OMN,ANY,ALL,2004,4.68,True,OK,"World Bank WDI TM.TAX.MRCH.WM.AR.ZS (tariff rate, applied, weighted mean, all products)",REAL
OMN,ANY,ALL,2005,3.22,True,OK,"World Bank WDI TM.TAX.MRCH.WM.AR.ZS (tariff rate, applied, weighted mean, all products)",REAL
OMN,ANY,ALL,2006,3.4,True,OK,"World Bank WDI TM.TAX.MRCH.WM.AR.ZS (tariff rate, applied, weighted mean, all products)",REAL
OMN,ANY,ALL,2007,3.29,True,OK,"World Bank WDI TM.TAX.MRCH.WM.AR.ZS (tariff rate, applied, weighted mean, all products)",REAL
OMN,ANY,ALL,2008,2.75,True,OK,"World Bank WDI TM.TAX.MRCH.WM.AR.ZS (tariff rate, applied, weighted mean, all products)",REAL
OMN,ANY,ALL,2009,2.91,True,OK,"World Bank WDI TM.TAX.MRCH.WM.AR.ZS (tariff rate, applied, weighted mean, all products)",REAL
OMN,ANY,ALL,2012,2.34,True,OK,"World Bank WDI TM.TAX.MRCH.WM.AR.ZS (tariff rate, applied, weighted mean, all products)",REAL
OMN,ANY,ALL,2013,2.45,True,OK,"World Bank WDI TM.TAX.MRCH.WM.AR.ZS (tariff rate, applied, weighted mean, all products)",REAL
OMN,ANY,ALL,2014,2.41,True,OK,"World Bank WDI TM.TAX.MRCH.WM.AR.ZS (tariff rate, applied, weighted mean, all products)",REAL
OMN,ANY,ALL,2015,1.9,True,OK,"World Bank WDI TM.TAX.MRCH.WM.AR.ZS (tariff rate, applied, weighted mean, all products)",REAL
OMN,ANY,ALL,2016,1.46,True,OK,"World Bank WDI TM.TAX.MRCH.WM.AR.ZS (tariff rate, applied, weighted mean, all products)",REAL
OMN,ANY,ALL,2017,1.73,True,OK,"World Bank WDI TM.TAX.MRCH.WM.AR.ZS (tariff rate, applied, weighted mean, all products)",REAL
OMN,ANY,ALL,2018,1.73,True,OK,"World Bank WDI TM.TAX.MRCH.WM.AR.ZS (tariff rate, applied, weighted mean, all products)",REAL
OMN,ANY,ALL,2019,1.71,True,OK,"World Bank WDI TM.TAX.MRCH.WM.AR.ZS (tariff rate, applied, weighted mean, all products)",REAL
OMN,ANY,ALL,2020,1.71,True,OK,"World Bank WDI TM.TAX.MRCH.WM.AR.ZS (tariff rate, applied, weighted mean, all products)",REAL
OMN,ANY,ALL,2021,2.0,True,OK,"World Bank WDI TM.TAX.MRCH.WM.AR.ZS (tariff rate, applied, weighted mean, all products)",REAL
OMN,ANY,ALL,2022,2.14,True,OK,"World Bank WDI TM.TAX.MRCH.WM.AR.ZS (tariff rate, applied, weighted mean, all products)",REAL
PAK,ANY,ALL,1995,44.94,True,OK,"World Bank WDI TM.TAX.MRCH.WM.AR.ZS (tariff rate, applied, weighted mean, all products)",REAL
PAK,ANY,ALL,1998,40.69,True,OK,"World Bank WDI TM.TAX.MRCH.WM.AR.ZS (tariff rate, applied, weighted mean, all products)",REAL
PAK,ANY,ALL,1999,23.13,True,JUMP_GE_10PP,"World Bank WDI TM.TAX.MRCH.WM.AR.ZS (tariff rate, applied, weighted mean, all products)",REAL
PAK,ANY,ALL,2000,23.12,True,OK,"World Bank WDI TM.TAX.MRCH.WM.AR.ZS (tariff rate, applied, weighted mean, all products)",REAL
PAK,ANY,ALL,2001,20.62,True,OK,"World Bank WDI TM.TAX.MRCH.WM.AR.ZS (tariff rate, applied, weighted mean, all products)",REAL
PAK,ANY,ALL,2002,17.39,True,OK,"World Bank WDI TM.TAX.MRCH.WM.AR.ZS (tariff rate, applied, weighted mean, all products)",REAL
PAK,ANY,ALL,2003,16.71,True,OK,"World Bank WDI TM.TAX.MRCH.WM.AR.ZS (tariff rate, applied, weighted mean, all products)",REAL
PAK,ANY,ALL,2004,13.02,True,OK,"World Bank WDI TM.TAX.MRCH.WM.AR.ZS (tariff rate, applied, weighted mean, all products)",REAL
PAK,ANY,ALL,2005,13.0,True,OK,"World Bank WDI TM.TAX.MRCH.WM.AR.ZS (tariff rate, applied, weighted mean, all products)",REAL
PAK,ANY,ALL,2006,12.71,True,OK,"World Bank WDI TM.TAX.MRCH.WM.AR.ZS (tariff rate, applied, weighted mean, all products)",REAL
PAK,ANY,ALL,2007,12.11,True,OK,"World Bank WDI TM.TAX.MRCH.WM.AR.ZS (tariff rate, applied, weighted mean, all products)",REAL
PAK,ANY,ALL,2008,9.5,True,OK,"World Bank WDI TM.TAX.MRCH.WM.AR.ZS (tariff rate, applied, weighted mean, all products)",REAL
PAK,ANY,ALL,2009,9.88,True,OK,"World Bank WDI TM.TAX.MRCH.WM.AR.ZS (tariff rate, applied, weighted mean, all products)",REAL
PAK,ANY,ALL,2010,10.2,True,OK,"World Bank WDI TM.TAX.MRCH.WM.AR.ZS (tariff rate, applied, weighted mean, all products)",REAL
PAK,ANY,ALL,2011,9.02,True,OK,"World Bank WDI TM.TAX.MRCH.WM.AR.ZS (tariff rate, applied, weighted mean, all products)",REAL
PAK,ANY,ALL,2012,9.02,True,OK,"World Bank WDI TM.TAX.MRCH.WM.AR.ZS (tariff rate, applied, weighted mean, all products)",REAL
PAK,ANY,ALL,2013,9.41,True,OK,"World Bank WDI TM.TAX.MRCH.WM.AR.ZS (tariff rate, applied, weighted mean, all products)",REAL
PAK,ANY,ALL,2014,8.92,True,OK,"World Bank WDI TM.TAX.MRCH.WM.AR.ZS (tariff rate, applied, weighted mean, all products)",REAL
PAK,ANY,ALL,2015,9.58,True,OK,"World Bank WDI TM.TAX.MRCH.WM.AR.ZS (tariff rate, applied, weighted mean, all products)",REAL
PAK,ANY,ALL,2016,10.09,True,OK,"World Bank WDI TM.TAX.MRCH.WM.AR.ZS (tariff rate, applied, weighted mean, all products)",REAL
PAK,ANY,ALL,2018,9.45,True,OK,"World Bank WDI TM.TAX.MRCH.WM.AR.ZS (tariff rate, applied, weighted mean, all products)",REAL
PAK,ANY,ALL,2019,8.69,True,OK,"World Bank WDI TM.TAX.MRCH.WM.AR.ZS (tariff rate, applied, weighted mean, all products)",REAL
PAK,ANY,ALL,2020,8.67,True,OK,"World Bank WDI TM.TAX.MRCH.WM.AR.ZS (tariff rate, applied, weighted mean, all products)",REAL
PAK,ANY,ALL,2021,9.03,True,OK,"World Bank WDI TM.TAX.MRCH.WM.AR.ZS (tariff rate, applied, weighted mean, all products)",REAL
PAK,ANY,ALL,2022,7.61,True,OK,"World Bank WDI TM.TAX.MRCH.WM.AR.ZS (tariff rate, applied, weighted mean, all products)",REAL
PAN,ANY,ALL,1997,10.62,True,OK,"World Bank WDI TM.TAX.MRCH.WM.AR.ZS (tariff rate, applied, weighted mean, all products)",REAL
PAN,ANY,ALL,1998,8.69,True,OK,"World Bank WDI TM.TAX.MRCH.WM.AR.ZS (tariff rate, applied, weighted mean, all products)",REAL
PAN,ANY,ALL,1999,7.83,True,OK,"World Bank WDI TM.TAX.MRCH.WM.AR.ZS (tariff rate, applied, weighted mean, all products)",REAL
PAN,ANY,ALL,2000,7.19,True,OK,"World Bank WDI TM.TAX.MRCH.WM.AR.ZS (tariff rate, applied, weighted mean, all products)",REAL
PAN,ANY,ALL,2001,6.86,True,OK,"World Bank WDI TM.TAX.MRCH.WM.AR.ZS (tariff rate, applied, weighted mean, all products)",REAL
PAN,ANY,ALL,2002,7.46,True,OK,"World Bank WDI TM.TAX.MRCH.WM.AR.ZS (tariff rate, applied, weighted mean, all products)",REAL
PAN,ANY,ALL,2003,7.89,True,OK,"World Bank WDI TM.TAX.MRCH.WM.AR.ZS (tariff rate, applied, weighted mean, all products)",REAL
PAN,ANY,ALL,2004,7.63,True,OK,"World Bank WDI TM.TAX.MRCH.WM.AR.ZS (tariff rate, applied, weighted mean, all products)",REAL
PAN,ANY,ALL,2005,6.91,True,OK,"World Bank WDI TM.TAX.MRCH.WM.AR.ZS (tariff rate, applied, weighted mean, all products)",REAL
PAN,ANY,ALL,2006,7.6,True,OK,"World Bank WDI TM.TAX.MRCH.WM.AR.ZS (tariff rate, applied, weighted mean, all products)",REAL
PAN,ANY,ALL,2007,7.54,True,OK,"World Bank WDI TM.TAX.MRCH.WM.AR.ZS (tariff rate, applied, weighted mean, all products)",REAL
PAN,ANY,ALL,2008,7.24,True,OK,"World Bank WDI TM.TAX.MRCH.WM.AR.ZS (tariff rate, applied, weighted mean, all products)",REAL
PAN,ANY,ALL,2009,7.04,True,OK,"World Bank WDI TM.TAX.MRCH.WM.AR.ZS (tariff rate, applied, weighted mean, all products)",REAL
PAN,ANY,ALL,2010,6.93,True,OK,"World Bank WDI TM.TAX.MRCH.WM.AR.ZS (tariff rate, applied, weighted mean, all products)",REAL
PAN,ANY,ALL,2011,5.76,True,OK,"World Bank WDI TM.TAX.MRCH.WM.AR.ZS (tariff rate, applied, weighted mean, all products)",REAL
PAN,ANY,ALL,2012,6.13,True,OK,"World Bank WDI TM.TAX.MRCH.WM.AR.ZS (tariff rate, applied, weighted mean, all products)",REAL
PAN,ANY,ALL,2013,6.08,True,OK,"World Bank WDI TM.TAX.MRCH.WM.AR.ZS (tariff rate, applied, weighted mean, all products)",REAL
PAN,ANY,ALL,2015,5.41,True,OK,"World Bank WDI TM.TAX.MRCH.WM.AR.ZS (tariff rate, applied, weighted mean, all products)",REAL
PAN,ANY,ALL,2020,5.77,True,OK,"World Bank WDI TM.TAX.MRCH.WM.AR.ZS (tariff rate, applied, weighted mean, all products)",REAL
PAN,ANY,ALL,2021,6.43,True,OK,"World Bank WDI TM.TAX.MRCH.WM.AR.ZS (tariff rate, applied, weighted mean, all products)",REAL
PAN,ANY,ALL,2022,5.93,True,OK,"World Bank WDI TM.TAX.MRCH.WM.AR.ZS (tariff rate, applied, weighted mean, all products)",REAL
PER,ANY,ALL,1993,16.39,True,OK,"World Bank WDI TM.TAX.MRCH.WM.AR.ZS (tariff rate, applied, weighted mean, all products)",REAL
PER,ANY,ALL,1995,15.34,True,OK,"World Bank WDI TM.TAX.MRCH.WM.AR.ZS (tariff rate, applied, weighted mean, all products)",REAL
PER,ANY,ALL,1997,12.7,True,OK,"World Bank WDI TM.TAX.MRCH.WM.AR.ZS (tariff rate, applied, weighted mean, all products)",REAL
PER,ANY,ALL,1998,12.71,True,OK,"World Bank WDI TM.TAX.MRCH.WM.AR.ZS (tariff rate, applied, weighted mean, all products)",REAL
PER,ANY,ALL,1999,12.65,True,OK,"World Bank WDI TM.TAX.MRCH.WM.AR.ZS (tariff rate, applied, weighted mean, all products)",REAL
PER,ANY,ALL,2000,12.82,True,OK,"World Bank WDI TM.TAX.MRCH.WM.AR.ZS (tariff rate, applied, weighted mean, all products)",REAL
PER,ANY,ALL,2001,11.32,True,OK,"World Bank WDI TM.TAX.MRCH.WM.AR.ZS (tariff rate, applied, weighted mean, all products)",REAL
PER,ANY,ALL,2002,9.92,True,OK,"World Bank WDI TM.TAX.MRCH.WM.AR.ZS (tariff rate, applied, weighted mean, all products)",REAL
PER,ANY,ALL,2003,9.5,True,OK,"World Bank WDI TM.TAX.MRCH.WM.AR.ZS (tariff rate, applied, weighted mean, all products)",REAL
PER,ANY,ALL,2004,8.7,True,OK,"World Bank WDI TM.TAX.MRCH.WM.AR.ZS (tariff rate, applied, weighted mean, all products)",REAL
PER,ANY,ALL,2005,8.33,True,OK,"World Bank WDI TM.TAX.MRCH.WM.AR.ZS (tariff rate, applied, weighted mean, all products)",REAL
PER,ANY,ALL,2006,5.25,True,OK,"World Bank WDI TM.TAX.MRCH.WM.AR.ZS (tariff rate, applied, weighted mean, all products)",REAL
PER,ANY,ALL,2007,5.18,True,OK,"World Bank WDI TM.TAX.MRCH.WM.AR.ZS (tariff rate, applied, weighted mean, all products)",REAL
PER,ANY,ALL,2008,2.09,True,OK,"World Bank WDI TM.TAX.MRCH.WM.AR.ZS (tariff rate, applied, weighted mean, all products)",REAL
PER,ANY,ALL,2009,2.24,True,OK,"World Bank WDI TM.TAX.MRCH.WM.AR.ZS (tariff rate, applied, weighted mean, all products)",REAL
PER,ANY,ALL,2010,2.52,True,OK,"World Bank WDI TM.TAX.MRCH.WM.AR.ZS (tariff rate, applied, weighted mean, all products)",REAL
PER,ANY,ALL,2011,1.51,True,OK,"World Bank WDI TM.TAX.MRCH.WM.AR.ZS (tariff rate, applied, weighted mean, all products)",REAL
PER,ANY,ALL,2013,1.52,True,OK,"World Bank WDI TM.TAX.MRCH.WM.AR.ZS (tariff rate, applied, weighted mean, all products)",REAL
PER,ANY,ALL,2014,1.43,True,OK,"World Bank WDI TM.TAX.MRCH.WM.AR.ZS (tariff rate, applied, weighted mean, all products)",REAL
PER,ANY,ALL,2015,1.8,True,OK,"World Bank WDI TM.TAX.MRCH.WM.AR.ZS (tariff rate, applied, weighted mean, all products)",REAL
PER,ANY,ALL,2017,0.8,True,OK,"World Bank WDI TM.TAX.MRCH.WM.AR.ZS (tariff rate, applied, weighted mean, all products)",REAL
PER,ANY,ALL,2018,0.71,True,OK,"World Bank WDI TM.TAX.MRCH.WM.AR.ZS (tariff rate, applied, weighted mean, all products)",REAL
PER,ANY,ALL,2019,0.73,True,OK,"World Bank WDI TM.TAX.MRCH.WM.AR.ZS (tariff rate, applied, weighted mean, all products)",REAL
PER,ANY,ALL,2020,0.66,True,OK,"World Bank WDI TM.TAX.MRCH.WM.AR.ZS (tariff rate, applied, weighted mean, all products)",REAL
PER,ANY,ALL,2021,0.65,True,OK,"World Bank WDI TM.TAX.MRCH.WM.AR.ZS (tariff rate, applied, weighted mean, all products)",REAL
PER,ANY,ALL,2022,0.66,True,OK,"World Bank WDI TM.TAX.MRCH.WM.AR.ZS (tariff rate, applied, weighted mean, all products)",REAL
PHL,ANY,ALL,1988,22.5,True,OK,"World Bank WDI TM.TAX.MRCH.WM.AR.ZS (tariff rate, applied, weighted mean, all products)",REAL
PHL,ANY,ALL,1989,22.51,True,OK,"World Bank WDI TM.TAX.MRCH.WM.AR.ZS (tariff rate, applied, weighted mean, all products)",REAL
PHL,ANY,ALL,1990,14.79,True,OK,"World Bank WDI TM.TAX.MRCH.WM.AR.ZS (tariff rate, applied, weighted mean, all products)",REAL
PHL,ANY,ALL,1992,14.72,True,OK,"World Bank WDI TM.TAX.MRCH.WM.AR.ZS (tariff rate, applied, weighted mean, all products)",REAL
PHL,ANY,ALL,1993,15.56,True,OK,"World Bank WDI TM.TAX.MRCH.WM.AR.ZS (tariff rate, applied, weighted mean, all products)",REAL
PHL,ANY,ALL,1994,15.22,True,OK,"World Bank WDI TM.TAX.MRCH.WM.AR.ZS (tariff rate, applied, weighted mean, all products)",REAL
PHL,ANY,ALL,1995,14.65,True,OK,"World Bank WDI TM.TAX.MRCH.WM.AR.ZS (tariff rate, applied, weighted mean, all products)",REAL
PHL,ANY,ALL,1996,8.53,True,OK,"World Bank WDI TM.TAX.MRCH.WM.AR.ZS (tariff rate, applied, weighted mean, all products)",REAL
PHL,ANY,ALL,1997,7.56,True,OK,"World Bank WDI TM.TAX.MRCH.WM.AR.ZS (tariff rate, applied, weighted mean, all products)",REAL
PHL,ANY,ALL,1998,6.37,True,OK,"World Bank WDI TM.TAX.MRCH.WM.AR.ZS (tariff rate, applied, weighted mean, all products)",REAL
PHL,ANY,ALL,1999,6.09,True,OK,"World Bank WDI TM.TAX.MRCH.WM.AR.ZS (tariff rate, applied, weighted mean, all products)",REAL
PHL,ANY,ALL,2000,3.77,True,OK,"World Bank WDI TM.TAX.MRCH.WM.AR.ZS (tariff rate, applied, weighted mean, all products)",REAL
PHL,ANY,ALL,2001,3.47,True,OK,"World Bank WDI TM.TAX.MRCH.WM.AR.ZS (tariff rate, applied, weighted mean, all products)",REAL
PHL,ANY,ALL,2002,2.62,True,OK,"World Bank WDI TM.TAX.MRCH.WM.AR.ZS (tariff rate, applied, weighted mean, all products)",REAL
PHL,ANY,ALL,2003,2.44,True,OK,"World Bank WDI TM.TAX.MRCH.WM.AR.ZS (tariff rate, applied, weighted mean, all products)",REAL
PHL,ANY,ALL,2004,2.86,True,OK,"World Bank WDI TM.TAX.MRCH.WM.AR.ZS (tariff rate, applied, weighted mean, all products)",REAL
PHL,ANY,ALL,2005,3.14,True,OK,"World Bank WDI TM.TAX.MRCH.WM.AR.ZS (tariff rate, applied, weighted mean, all products)",REAL
PHL,ANY,ALL,2006,3.1,True,OK,"World Bank WDI TM.TAX.MRCH.WM.AR.ZS (tariff rate, applied, weighted mean, all products)",REAL
PHL,ANY,ALL,2007,2.78,True,OK,"World Bank WDI TM.TAX.MRCH.WM.AR.ZS (tariff rate, applied, weighted mean, all products)",REAL
PHL,ANY,ALL,2008,4.1,True,OK,"World Bank WDI TM.TAX.MRCH.WM.AR.ZS (tariff rate, applied, weighted mean, all products)",REAL
PHL,ANY,ALL,2009,3.98,True,OK,"World Bank WDI TM.TAX.MRCH.WM.AR.ZS (tariff rate, applied, weighted mean, all products)",REAL
PHL,ANY,ALL,2010,3.96,True,OK,"World Bank WDI TM.TAX.MRCH.WM.AR.ZS (tariff rate, applied, weighted mean, all products)",REAL
PHL,ANY,ALL,2011,1.98,True,OK,"World Bank WDI TM.TAX.MRCH.WM.AR.ZS (tariff rate, applied, weighted mean, all products)",REAL
PHL,ANY,ALL,2012,1.85,True,OK,"World Bank WDI TM.TAX.MRCH.WM.AR.ZS (tariff rate, applied, weighted mean, all products)",REAL
PHL,ANY,ALL,2013,1.86,True,OK,"World Bank WDI TM.TAX.MRCH.WM.AR.ZS (tariff rate, applied, weighted mean, all products)",REAL
PHL,ANY,ALL,2015,1.75,True,OK,"World Bank WDI TM.TAX.MRCH.WM.AR.ZS (tariff rate, applied, weighted mean, all products)",REAL
PHL,ANY,ALL,2016,4.17,True,OK,"World Bank WDI TM.TAX.MRCH.WM.AR.ZS (tariff rate, applied, weighted mean, all products)",REAL
PHL,ANY,ALL,2017,1.66,True,OK,"World Bank WDI TM.TAX.MRCH.WM.AR.ZS (tariff rate, applied, weighted mean, all products)",REAL
PHL,ANY,ALL,2018,2.11,True,OK,"World Bank WDI TM.TAX.MRCH.WM.AR.ZS (tariff rate, applied, weighted mean, all products)",REAL
PHL,ANY,ALL,2019,1.68,True,OK,"World Bank WDI TM.TAX.MRCH.WM.AR.ZS (tariff rate, applied, weighted mean, all products)",REAL
PHL,ANY,ALL,2020,1.67,True,OK,"World Bank WDI TM.TAX.MRCH.WM.AR.ZS (tariff rate, applied, weighted mean, all products)",REAL
PHL,ANY,ALL,2021,1.73,True,OK,"World Bank WDI TM.TAX.MRCH.WM.AR.ZS (tariff rate, applied, weighted mean, all products)",REAL
PHL,ANY,ALL,2022,1.76,True,OK,"World Bank WDI TM.TAX.MRCH.WM.AR.ZS (tariff rate, applied, weighted mean, all products)",REAL
PLW,ANY,ALL,2005,1.76,True,OK,"World Bank WDI TM.TAX.MRCH.WM.AR.ZS (tariff rate, applied, weighted mean, all products)",REAL
PLW,ANY,ALL,2006,1.76,True,OK,"World Bank WDI TM.TAX.MRCH.WM.AR.ZS (tariff rate, applied, weighted mean, all products)",REAL
PLW,ANY,ALL,2010,6.76,True,OK,"World Bank WDI TM.TAX.MRCH.WM.AR.ZS (tariff rate, applied, weighted mean, all products)",REAL
PLW,ANY,ALL,2011,6.54,True,OK,"World Bank WDI TM.TAX.MRCH.WM.AR.ZS (tariff rate, applied, weighted mean, all products)",REAL
PLW,ANY,ALL,2012,6.4,True,OK,"World Bank WDI TM.TAX.MRCH.WM.AR.ZS (tariff rate, applied, weighted mean, all products)",REAL
PLW,ANY,ALL,2015,7.69,True,OK,"World Bank WDI TM.TAX.MRCH.WM.AR.ZS (tariff rate, applied, weighted mean, all products)",REAL
PLW,ANY,ALL,2016,7.8,True,OK,"World Bank WDI TM.TAX.MRCH.WM.AR.ZS (tariff rate, applied, weighted mean, all products)",REAL
PLW,ANY,ALL,2017,29.88,True,JUMP_GE_10PP,"World Bank WDI TM.TAX.MRCH.WM.AR.ZS (tariff rate, applied, weighted mean, all products)",REAL
PLW,ANY,ALL,2018,34.63,True,OK,"World Bank WDI TM.TAX.MRCH.WM.AR.ZS (tariff rate, applied, weighted mean, all products)",REAL
PLW,ANY,ALL,2019,118.21,True,EXTREME_VALUE;JUMP_GE_10PP,"World Bank WDI TM.TAX.MRCH.WM.AR.ZS (tariff rate, applied, weighted mean, all products)",REAL
PLW,ANY,ALL,2020,9.6,True,JUMP_GE_10PP,"World Bank WDI TM.TAX.MRCH.WM.AR.ZS (tariff rate, applied, weighted mean, all products)",REAL
PLW,ANY,ALL,2021,9.49,True,OK,"World Bank WDI TM.TAX.MRCH.WM.AR.ZS (tariff rate, applied, weighted mean, all products)",REAL
PNG,ANY,ALL,1997,15.6,True,OK,"World Bank WDI TM.TAX.MRCH.WM.AR.ZS (tariff rate, applied, weighted mean, all products)",REAL
PNG,ANY,ALL,1999,15.66,True,OK,"World Bank WDI TM.TAX.MRCH.WM.AR.ZS (tariff rate, applied, weighted mean, all products)",REAL
PNG,ANY,ALL,2000,3.13,True,JUMP_GE_10PP,"World Bank WDI TM.TAX.MRCH.WM.AR.ZS (tariff rate, applied, weighted mean, all products)",REAL
PNG,ANY,ALL,2001,3.09,True,OK,"World Bank WDI TM.TAX.MRCH.WM.AR.ZS (tariff rate, applied, weighted mean, all products)",REAL
PNG,ANY,ALL,2002,2.95,True,OK,"World Bank WDI TM.TAX.MRCH.WM.AR.ZS (tariff rate, applied, weighted mean, all products)",REAL
PNG,ANY,ALL,2003,2.3,True,OK,"World Bank WDI TM.TAX.MRCH.WM.AR.ZS (tariff rate, applied, weighted mean, all products)",REAL
PNG,ANY,ALL,2004,2.1,True,OK,"World Bank WDI TM.TAX.MRCH.WM.AR.ZS (tariff rate, applied, weighted mean, all products)",REAL
PNG,ANY,ALL,2005,2.13,True,OK,"World Bank WDI TM.TAX.MRCH.WM.AR.ZS (tariff rate, applied, weighted mean, all products)",REAL
PNG,ANY,ALL,2006,1.89,True,OK,"World Bank WDI TM.TAX.MRCH.WM.AR.ZS (tariff rate, applied, weighted mean, all products)",REAL
PNG,ANY,ALL,2007,1.59,True,OK,"World Bank WDI TM.TAX.MRCH.WM.AR.ZS (tariff rate, applied, weighted mean, all products)",REAL
PNG,ANY,ALL,2008,2.77,True,OK,"World Bank WDI TM.TAX.MRCH.WM.AR.ZS (tariff rate, applied, weighted mean, all products)",REAL
PNG,ANY,ALL,2009,2.72,True,OK,"World Bank WDI TM.TAX.MRCH.WM.AR.ZS (tariff rate, applied, weighted mean, all products)",REAL
PNG,ANY,ALL,2010,2.67,True,OK,"World Bank WDI TM.TAX.MRCH.WM.AR.ZS (tariff rate, applied, weighted mean, all products)",REAL
PNG,ANY,ALL,2012,2.57,True,OK,"World Bank WDI TM.TAX.MRCH.WM.AR.ZS (tariff rate, applied, weighted mean, all products)",REAL
PNG,ANY,ALL,2013,2.59,True,OK,"World Bank WDI TM.TAX.MRCH.WM.AR.ZS (tariff rate, applied, weighted mean, all products)",REAL
PNG,ANY,ALL,2018,4.58,True,OK,"World Bank WDI TM.TAX.MRCH.WM.AR.ZS (tariff rate, applied, weighted mean, all products)",REAL
PNG,ANY,ALL,2019,7.75,True,OK,"World Bank WDI TM.TAX.MRCH.WM.AR.ZS (tariff rate, applied, weighted mean, all products)",REAL
PNG,ANY,ALL,2020,3.63,True,OK,"World Bank WDI TM.TAX.MRCH.WM.AR.ZS (tariff rate, applied, weighted mean, all products)",REAL
PNG,ANY,ALL,2021,3.58,True,OK,"World Bank WDI TM.TAX.MRCH.WM.AR.ZS (tariff rate, applied, weighted mean, all products)",REAL
POL,ANY,ALL,1991,9.45,True,OK,"World Bank WDI TM.TAX.MRCH.WM.AR.ZS (tariff rate, applied, weighted mean, all products)",REAL
POL,ANY,ALL,1992,9.61,True,OK,"World Bank WDI TM.TAX.MRCH.WM.AR.ZS (tariff rate, applied, weighted mean, all products)",REAL
POL,ANY,ALL,1995,6.07,True,OK,"World Bank WDI TM.TAX.MRCH.WM.AR.ZS (tariff rate, applied, weighted mean, all products)",REAL
POL,ANY,ALL,1996,8.5,True,OK,"World Bank WDI TM.TAX.MRCH.WM.AR.ZS (tariff rate, applied, weighted mean, all products)",REAL
POL,ANY,ALL,1997,8.63,True,OK,"World Bank WDI TM.TAX.MRCH.WM.AR.ZS (tariff rate, applied, weighted mean, all products)",REAL
POL,ANY,ALL,1998,6.39,True,OK,"World Bank WDI TM.TAX.MRCH.WM.AR.ZS (tariff rate, applied, weighted mean, all products)",REAL
POL,ANY,ALL,1999,4.19,True,OK,"World Bank WDI TM.TAX.MRCH.WM.AR.ZS (tariff rate, applied, weighted mean, all products)",REAL
POL,ANY,ALL,2000,2.87,True,OK,"World Bank WDI TM.TAX.MRCH.WM.AR.ZS (tariff rate, applied, weighted mean, all products)",REAL
POL,ANY,ALL,2001,3.12,True,OK,"World Bank WDI TM.TAX.MRCH.WM.AR.ZS (tariff rate, applied, weighted mean, all products)",REAL
POL,ANY,ALL,2002,3.8,True,OK,"World Bank WDI TM.TAX.MRCH.WM.AR.ZS (tariff rate, applied, weighted mean, all products)",REAL
POL,ANY,ALL,2003,2.36,True,OK,"World Bank WDI TM.TAX.MRCH.WM.AR.ZS (tariff rate, applied, weighted mean, all products)",REAL
POL,ANY,ALL,2004,2.24,True,OK,"World Bank WDI TM.TAX.MRCH.WM.AR.ZS (tariff rate, applied, weighted mean, all products)",REAL
POL,ANY,ALL,2005,2.46,True,OK,"World Bank WDI TM.TAX.MRCH.WM.AR.ZS (tariff rate, applied, weighted mean, all products)",REAL
POL,ANY,ALL,2006,2.3,True,OK,"World Bank WDI TM.TAX.MRCH.WM.AR.ZS (tariff rate, applied, weighted mean, all products)",REAL
POL,ANY,ALL,2007,2.24,True,OK,"World Bank WDI TM.TAX.MRCH.WM.AR.ZS (tariff rate, applied, weighted mean, all products)",REAL
POL,ANY,ALL,2008,1.72,True,OK,"World Bank WDI TM.TAX.MRCH.WM.AR.ZS (tariff rate, applied, weighted mean, all products)",REAL
POL,ANY,ALL,2009,1.85,True,OK,"World Bank WDI TM.TAX.MRCH.WM.AR.ZS (tariff rate, applied, weighted mean, all products)",REAL
POL,ANY,ALL,2010,2.13,True,OK,"World Bank WDI TM.TAX.MRCH.WM.AR.ZS (tariff rate, applied, weighted mean, all products)",REAL
POL,ANY,ALL,2011,1.59,True,OK,"World Bank WDI TM.TAX.MRCH.WM.AR.ZS (tariff rate, applied, weighted mean, all products)",REAL
POL,ANY,ALL,2012,1.46,True,OK,"World Bank WDI TM.TAX.MRCH.WM.AR.ZS (tariff rate, applied, weighted mean, all products)",REAL
POL,ANY,ALL,2013,1.49,True,OK,"World Bank WDI TM.TAX.MRCH.WM.AR.ZS (tariff rate, applied, weighted mean, all products)",REAL
POL,ANY,ALL,2014,2.03,True,OK,"World Bank WDI TM.TAX.MRCH.WM.AR.ZS (tariff rate, applied, weighted mean, all products)",REAL
POL,ANY,ALL,2015,2.02,True,OK,"World Bank WDI TM.TAX.MRCH.WM.AR.ZS (tariff rate, applied, weighted mean, all products)",REAL
POL,ANY,ALL,2016,2.09,True,OK,"World Bank WDI TM.TAX.MRCH.WM.AR.ZS (tariff rate, applied, weighted mean, all products)",REAL
POL,ANY,ALL,2017,1.96,True,OK,"World Bank WDI TM.TAX.MRCH.WM.AR.ZS (tariff rate, applied, weighted mean, all products)",REAL
POL,ANY,ALL,2018,1.83,True,OK,"World Bank WDI TM.TAX.MRCH.WM.AR.ZS (tariff rate, applied, weighted mean, all products)",REAL
POL,ANY,ALL,2019,1.84,True,OK,"World Bank WDI TM.TAX.MRCH.WM.AR.ZS (tariff rate, applied, weighted mean, all products)",REAL
POL,ANY,ALL,2020,1.48,True,OK,"World Bank WDI TM.TAX.MRCH.WM.AR.ZS (tariff rate, applied, weighted mean, all products)",REAL
POL,ANY,ALL,2021,1.39,True,OK,"World Bank WDI TM.TAX.MRCH.WM.AR.ZS (tariff rate, applied, weighted mean, all products)",REAL
POL,ANY,ALL,2022,1.33,True,OK,"World Bank WDI TM.TAX.MRCH.WM.AR.ZS (tariff rate, applied, weighted mean, all products)",REAL
PRT,ANY,ALL,2000,2.41,True,OK,"World Bank WDI TM.TAX.MRCH.WM.AR.ZS (tariff rate, applied, weighted mean, all products)",REAL
PRT,ANY,ALL,2001,3.37,True,OK,"World Bank WDI TM.TAX.MRCH.WM.AR.ZS (tariff rate, applied, weighted mean, all products)",REAL
PRT,ANY,ALL,2002,2.45,True,OK,"World Bank WDI TM.TAX.MRCH.WM.AR.ZS (tariff rate, applied, weighted mean, all products)",REAL
PRT,ANY,ALL,2003,2.52,True,OK,"World Bank WDI TM.TAX.MRCH.WM.AR.ZS (tariff rate, applied, weighted mean, all products)",REAL
PRT,ANY,ALL,2004,2.24,True,OK,"World Bank WDI TM.TAX.MRCH.WM.AR.ZS (tariff rate, applied, weighted mean, all products)",REAL
PRT,ANY,ALL,2005,2.46,True,OK,"World Bank WDI TM.TAX.MRCH.WM.AR.ZS (tariff rate, applied, weighted mean, all products)",REAL
PRT,ANY,ALL,2006,2.3,True,OK,"World Bank WDI TM.TAX.MRCH.WM.AR.ZS (tariff rate, applied, weighted mean, all products)",REAL
PRT,ANY,ALL,2007,2.24,True,OK,"World Bank WDI TM.TAX.MRCH.WM.AR.ZS (tariff rate, applied, weighted mean, all products)",REAL
PRT,ANY,ALL,2008,1.72,True,OK,"World Bank WDI TM.TAX.MRCH.WM.AR.ZS (tariff rate, applied, weighted mean, all products)",REAL
PRT,ANY,ALL,2009,1.85,True,OK,"World Bank WDI TM.TAX.MRCH.WM.AR.ZS (tariff rate, applied, weighted mean, all products)",REAL
PRT,ANY,ALL,2010,2.13,True,OK,"World Bank WDI TM.TAX.MRCH.WM.AR.ZS (tariff rate, applied, weighted mean, all products)",REAL
PRT,ANY,ALL,2011,1.59,True,OK,"World Bank WDI TM.TAX.MRCH.WM.AR.ZS (tariff rate, applied, weighted mean, all products)",REAL
PRT,ANY,ALL,2012,1.46,True,OK,"World Bank WDI TM.TAX.MRCH.WM.AR.ZS (tariff rate, applied, weighted mean, all products)",REAL
PRT,ANY,ALL,2013,1.49,True,OK,"World Bank WDI TM.TAX.MRCH.WM.AR.ZS (tariff rate, applied, weighted mean, all products)",REAL
PRT,ANY,ALL,2014,2.03,True,OK,"World Bank WDI TM.TAX.MRCH.WM.AR.ZS (tariff rate, applied, weighted mean, all products)",REAL
PRT,ANY,ALL,2015,2.02,True,OK,"World Bank WDI TM.TAX.MRCH.WM.AR.ZS (tariff rate, applied, weighted mean, all products)",REAL
PRT,ANY,ALL,2016,2.09,True,OK,"World Bank WDI TM.TAX.MRCH.WM.AR.ZS (tariff rate, applied, weighted mean, all products)",REAL
PRT,ANY,ALL,2017,1.96,True,OK,"World Bank WDI TM.TAX.MRCH.WM.AR.ZS (tariff rate, applied, weighted mean, all products)",REAL
PRT,ANY,ALL,2018,1.83,True,OK,"World Bank WDI TM.TAX.MRCH.WM.AR.ZS (tariff rate, applied, weighted mean, all products)",REAL
PRT,ANY,ALL,2019,1.84,True,OK,"World Bank WDI TM.TAX.MRCH.WM.AR.ZS (tariff rate, applied, weighted mean, all products)",REAL
PRT,ANY,ALL,2020,1.48,True,OK,"World Bank WDI TM.TAX.MRCH.WM.AR.ZS (tariff rate, applied, weighted mean, all products)",REAL
PRT,ANY,ALL,2021,1.39,True,OK,"World Bank WDI TM.TAX.MRCH.WM.AR.ZS (tariff rate, applied, weighted mean, all products)",REAL
PRT,ANY,ALL,2022,1.33,True,OK,"World Bank WDI TM.TAX.MRCH.WM.AR.ZS (tariff rate, applied, weighted mean, all products)",REAL
PRY,ANY,ALL,1991,11.85,True,OK,"World Bank WDI TM.TAX.MRCH.WM.AR.ZS (tariff rate, applied, weighted mean, all products)",REAL
PRY,ANY,ALL,1994,8.02,True,OK,"World Bank WDI TM.TAX.MRCH.WM.AR.ZS (tariff rate, applied, weighted mean, all products)",REAL
PRY,ANY,ALL,1995,6.35,True,OK,"World Bank WDI TM.TAX.MRCH.WM.AR.ZS (tariff rate, applied, weighted mean, all products)",REAL
PRY,ANY,ALL,1996,10.45,True,OK,"World Bank WDI TM.TAX.MRCH.WM.AR.ZS (tariff rate, applied, weighted mean, all products)",REAL
PRY,ANY,ALL,1997,9.46,True,OK,"World Bank WDI TM.TAX.MRCH.WM.AR.ZS (tariff rate, applied, weighted mean, all products)",REAL
PRY,ANY,ALL,1998,11.46,True,OK,"World Bank WDI TM.TAX.MRCH.WM.AR.ZS (tariff rate, applied, weighted mean, all products)",REAL
PRY,ANY,ALL,1999,6.2,True,OK,"World Bank WDI TM.TAX.MRCH.WM.AR.ZS (tariff rate, applied, weighted mean, all products)",REAL
PRY,ANY,ALL,2000,10.25,True,OK,"World Bank WDI TM.TAX.MRCH.WM.AR.ZS (tariff rate, applied, weighted mean, all products)",REAL
PRY,ANY,ALL,2001,10.74,True,OK,"World Bank WDI TM.TAX.MRCH.WM.AR.ZS (tariff rate, applied, weighted mean, all products)",REAL
PRY,ANY,ALL,2002,9.94,True,OK,"World Bank WDI TM.TAX.MRCH.WM.AR.ZS (tariff rate, applied, weighted mean, all products)",REAL
PRY,ANY,ALL,2003,9.85,True,OK,"World Bank WDI TM.TAX.MRCH.WM.AR.ZS (tariff rate, applied, weighted mean, all products)",REAL
PRY,ANY,ALL,2004,5.12,True,OK,"World Bank WDI TM.TAX.MRCH.WM.AR.ZS (tariff rate, applied, weighted mean, all products)",REAL
PRY,ANY,ALL,2005,4.61,True,OK,"World Bank WDI TM.TAX.MRCH.WM.AR.ZS (tariff rate, applied, weighted mean, all products)",REAL
PRY,ANY,ALL,2006,2.4,True,OK,"World Bank WDI TM.TAX.MRCH.WM.AR.ZS (tariff rate, applied, weighted mean, all products)",REAL
PRY,ANY,ALL,2007,3.34,True,OK,"World Bank WDI TM.TAX.MRCH.WM.AR.ZS (tariff rate, applied, weighted mean, all products)",REAL
PRY,ANY,ALL,2008,3.59,True,OK,"World Bank WDI TM.TAX.MRCH.WM.AR.ZS (tariff rate, applied, weighted mean, all products)",REAL
PRY,ANY,ALL,2009,3.45,True,OK,"World Bank WDI TM.TAX.MRCH.WM.AR.ZS (tariff rate, applied, weighted mean, all products)",REAL
PRY,ANY,ALL,2010,3.95,True,OK,"World Bank WDI TM.TAX.MRCH.WM.AR.ZS (tariff rate, applied, weighted mean, all products)",REAL
PRY,ANY,ALL,2011,4.27,True,OK,"World Bank WDI TM.TAX.MRCH.WM.AR.ZS (tariff rate, applied, weighted mean, all products)",REAL
PRY,ANY,ALL,2012,4.18,True,OK,"World Bank WDI TM.TAX.MRCH.WM.AR.ZS (tariff rate, applied, weighted mean, all products)",REAL
PRY,ANY,ALL,2013,4.42,True,OK,"World Bank WDI TM.TAX.MRCH.WM.AR.ZS (tariff rate, applied, weighted mean, all products)",REAL
PRY,ANY,ALL,2014,4.2,True,OK,"World Bank WDI TM.TAX.MRCH.WM.AR.ZS (tariff rate, applied, weighted mean, all products)",REAL
PRY,ANY,ALL,2015,4.43,True,OK,"World Bank WDI TM.TAX.MRCH.WM.AR.ZS (tariff rate, applied, weighted mean, all products)",REAL
PRY,ANY,ALL,2016,4.21,True,OK,"World Bank WDI TM.TAX.MRCH.WM.AR.ZS (tariff rate, applied, weighted mean, all products)",REAL
PRY,ANY,ALL,2017,4.8,True,OK,"World Bank WDI TM.TAX.MRCH.WM.AR.ZS (tariff rate, applied, weighted mean, all products)",REAL
PRY,ANY,ALL,2018,4.98,True,OK,"World Bank WDI TM.TAX.MRCH.WM.AR.ZS (tariff rate, applied, weighted mean, all products)",REAL
PRY,ANY,ALL,2019,4.98,True,OK,"World Bank WDI TM.TAX.MRCH.WM.AR.ZS (tariff rate, applied, weighted mean, all products)",REAL
PRY,ANY,ALL,2020,4.05,True,OK,"World Bank WDI TM.TAX.MRCH.WM.AR.ZS (tariff rate, applied, weighted mean, all products)",REAL
PRY,ANY,ALL,2021,4.49,True,OK,"World Bank WDI TM.TAX.MRCH.WM.AR.ZS (tariff rate, applied, weighted mean, all products)",REAL
PRY,ANY,ALL,2022,4.63,True,OK,"World Bank WDI TM.TAX.MRCH.WM.AR.ZS (tariff rate, applied, weighted mean, all products)",REAL
PSE,ANY,ALL,2013,3.34,True,OK,"World Bank WDI TM.TAX.MRCH.WM.AR.ZS (tariff rate, applied, weighted mean, all products)",REAL
PSE,ANY,ALL,2014,3.33,True,OK,"World Bank WDI TM.TAX.MRCH.WM.AR.ZS (tariff rate, applied, weighted mean, all products)",REAL
PSE,ANY,ALL,2015,2.15,True,OK,"World Bank WDI TM.TAX.MRCH.WM.AR.ZS (tariff rate, applied, weighted mean, all products)",REAL
PSE,ANY,ALL,2016,1.12,True,OK,"World Bank WDI TM.TAX.MRCH.WM.AR.ZS (tariff rate, applied, weighted mean, all products)",REAL
PSE,ANY,ALL,2017,2.18,True,OK,"World Bank WDI TM.TAX.MRCH.WM.AR.ZS (tariff rate, applied, weighted mean, all products)",REAL
PYF,ANY,ALL,2008,3.93,True,OK,"World Bank WDI TM.TAX.MRCH.WM.AR.ZS (tariff rate, applied, weighted mean, all products)",REAL
PYF,ANY,ALL,2009,4.36,True,OK,"World Bank WDI TM.TAX.MRCH.WM.AR.ZS (tariff rate, applied, weighted mean, all products)",REAL
PYF,ANY,ALL,2011,4.21,True,OK,"World Bank WDI TM.TAX.MRCH.WM.AR.ZS (tariff rate, applied, weighted mean, all products)",REAL
PYF,ANY,ALL,2012,3.89,True,OK,"World Bank WDI TM.TAX.MRCH.WM.AR.ZS (tariff rate, applied, weighted mean, all products)",REAL
PYF,ANY,ALL,2013,3.99,True,OK,"World Bank WDI TM.TAX.MRCH.WM.AR.ZS (tariff rate, applied, weighted mean, all products)",REAL
PYF,ANY,ALL,2014,3.99,True,OK,"World Bank WDI TM.TAX.MRCH.WM.AR.ZS (tariff rate, applied, weighted mean, all products)",REAL
PYF,ANY,ALL,2015,5.08,True,OK,"World Bank WDI TM.TAX.MRCH.WM.AR.ZS (tariff rate, applied, weighted mean, all products)",REAL
PYF,ANY,ALL,2016,5.36,True,OK,"World Bank WDI TM.TAX.MRCH.WM.AR.ZS (tariff rate, applied, weighted mean, all products)",REAL
PYF,ANY,ALL,2017,5.05,True,OK,"World Bank WDI TM.TAX.MRCH.WM.AR.ZS (tariff rate, applied, weighted mean, all products)",REAL
PYF,ANY,ALL,2018,5.05,True,OK,"World Bank WDI TM.TAX.MRCH.WM.AR.ZS (tariff rate, applied, weighted mean, all products)",REAL
PYF,ANY,ALL,2019,4.62,True,OK,"World Bank WDI TM.TAX.MRCH.WM.AR.ZS (tariff rate, applied, weighted mean, all products)",REAL
PYF,ANY,ALL,2020,4.83,True,OK,"World Bank WDI TM.TAX.MRCH.WM.AR.ZS (tariff rate, applied, weighted mean, all products)",REAL
PYF,ANY,ALL,2021,5.75,True,OK,"World Bank WDI TM.TAX.MRCH.WM.AR.ZS (tariff rate, applied, weighted mean, all products)",REAL
QAT,ANY,ALL,2002,4.28,True,OK,"World Bank WDI TM.TAX.MRCH.WM.AR.ZS (tariff rate, applied, weighted mean, all products)",REAL
QAT,ANY,ALL,2003,4.98,True,OK,"World Bank WDI TM.TAX.MRCH.WM.AR.ZS (tariff rate, applied, weighted mean, all products)",REAL
QAT,ANY,ALL,2004,5.12,True,OK,"World Bank WDI TM.TAX.MRCH.WM.AR.ZS (tariff rate, applied, weighted mean, all products)",REAL
QAT,ANY,ALL,2005,4.3,True,OK,"World Bank WDI TM.TAX.MRCH.WM.AR.ZS (tariff rate, applied, weighted mean, all products)",REAL
QAT,ANY,ALL,2006,4.28,True,OK,"World Bank WDI TM.TAX.MRCH.WM.AR.ZS (tariff rate, applied, weighted mean, all products)",REAL
QAT,ANY,ALL,2007,3.68,True,OK,"World Bank WDI TM.TAX.MRCH.WM.AR.ZS (tariff rate, applied, weighted mean, all products)",REAL
QAT,ANY,ALL,2008,3.7,True,OK,"World Bank WDI TM.TAX.MRCH.WM.AR.ZS (tariff rate, applied, weighted mean, all products)",REAL
QAT,ANY,ALL,2009,4.28,True,OK,"World Bank WDI TM.TAX.MRCH.WM.AR.ZS (tariff rate, applied, weighted mean, all products)",REAL
QAT,ANY,ALL,2010,4.42,True,OK,"World Bank WDI TM.TAX.MRCH.WM.AR.ZS (tariff rate, applied, weighted mean, all products)",REAL
QAT,ANY,ALL,2011,4.42,True,OK,"World Bank WDI TM.TAX.MRCH.WM.AR.ZS (tariff rate, applied, weighted mean, all products)",REAL
QAT,ANY,ALL,2012,4.0,True,OK,"World Bank WDI TM.TAX.MRCH.WM.AR.ZS (tariff rate, applied, weighted mean, all products)",REAL
QAT,ANY,ALL,2013,4.1,True,OK,"World Bank WDI TM.TAX.MRCH.WM.AR.ZS (tariff rate, applied, weighted mean, all products)",REAL
QAT,ANY,ALL,2014,3.42,True,OK,"World Bank WDI TM.TAX.MRCH.WM.AR.ZS (tariff rate, applied, weighted mean, all products)",REAL
QAT,ANY,ALL,2015,3.37,True,OK,"World Bank WDI TM.TAX.MRCH.WM.AR.ZS (tariff rate, applied, weighted mean, all products)",REAL
QAT,ANY,ALL,2016,3.37,True,OK,"World Bank WDI TM.TAX.MRCH.WM.AR.ZS (tariff rate, applied, weighted mean, all products)",REAL
QAT,ANY,ALL,2017,4.22,True,OK,"World Bank WDI TM.TAX.MRCH.WM.AR.ZS (tariff rate, applied, weighted mean, all products)",REAL
QAT,ANY,ALL,2018,3.68,True,OK,"World Bank WDI TM.TAX.MRCH.WM.AR.ZS (tariff rate, applied, weighted mean, all products)",REAL
QAT,ANY,ALL,2019,3.47,True,OK,"World Bank WDI TM.TAX.MRCH.WM.AR.ZS (tariff rate, applied, weighted mean, all products)",REAL
QAT,ANY,ALL,2020,3.55,True,OK,"World Bank WDI TM.TAX.MRCH.WM.AR.ZS (tariff rate, applied, weighted mean, all products)",REAL
QAT,ANY,ALL,2021,3.53,True,OK,"World Bank WDI TM.TAX.MRCH.WM.AR.ZS (tariff rate, applied, weighted mean, all products)",REAL
QAT,ANY,ALL,2022,3.69,True,OK,"World Bank WDI TM.TAX.MRCH.WM.AR.ZS (tariff rate, applied, weighted mean, all products)",REAL
ROU,ANY,ALL,1991,11.87,True,OK,"World Bank WDI TM.TAX.MRCH.WM.AR.ZS (tariff rate, applied, weighted mean, all products)",REAL
ROU,ANY,ALL,1999,7.31,True,OK,"World Bank WDI TM.TAX.MRCH.WM.AR.ZS (tariff rate, applied, weighted mean, all products)",REAL
ROU,ANY,ALL,2001,8.26,True,OK,"World Bank WDI TM.TAX.MRCH.WM.AR.ZS (tariff rate, applied, weighted mean, all products)",REAL
ROU,ANY,ALL,2004,3.31,True,OK,"World Bank WDI TM.TAX.MRCH.WM.AR.ZS (tariff rate, applied, weighted mean, all products)",REAL
ROU,ANY,ALL,2005,3.09,True,OK,"World Bank WDI TM.TAX.MRCH.WM.AR.ZS (tariff rate, applied, weighted mean, all products)",REAL
ROU,ANY,ALL,2007,2.24,True,OK,"World Bank WDI TM.TAX.MRCH.WM.AR.ZS (tariff rate, applied, weighted mean, all products)",REAL
ROU,ANY,ALL,2008,1.72,True,OK,"World Bank WDI TM.TAX.MRCH.WM.AR.ZS (tariff rate, applied, weighted mean, all products)",REAL
ROU,ANY,ALL,2009,1.85,True,OK,"World Bank WDI TM.TAX.MRCH.WM.AR.ZS (tariff rate, applied, weighted mean, all products)",REAL
ROU,ANY,ALL,2010,2.13,True,OK,"World Bank WDI TM.TAX.MRCH.WM.AR.ZS (tariff rate, applied, weighted mean, all products)",REAL
ROU,ANY,ALL,2011,1.59,True,OK,"World Bank WDI TM.TAX.MRCH.WM.AR.ZS (tariff rate, applied, weighted mean, all products)",REAL
ROU,ANY,ALL,2012,1.46,True,OK,"World Bank WDI TM.TAX.MRCH.WM.AR.ZS (tariff rate, applied, weighted mean, all products)",REAL
ROU,ANY,ALL,2013,1.49,True,OK,"World Bank WDI TM.TAX.MRCH.WM.AR.ZS (tariff rate, applied, weighted mean, all products)",REAL
ROU,ANY,ALL,2014,2.03,True,OK,"World Bank WDI TM.TAX.MRCH.WM.AR.ZS (tariff rate, applied, weighted mean, all products)",REAL
ROU,ANY,ALL,2015,2.02,True,OK,"World Bank WDI TM.TAX.MRCH.WM.AR.ZS (tariff rate, applied, weighted mean, all products)",REAL
ROU,ANY,ALL,2016,2.09,True,OK,"World Bank WDI TM.TAX.MRCH.WM.AR.ZS (tariff rate, applied, weighted mean, all products)",REAL
ROU,ANY,ALL,2017,1.96,True,OK,"World Bank WDI TM.TAX.MRCH.WM.AR.ZS (tariff rate, applied, weighted mean, all products)",REAL
ROU,ANY,ALL,2018,1.83,True,OK,"World Bank WDI TM.TAX.MRCH.WM.AR.ZS (tariff rate, applied, weighted mean, all products)",REAL
ROU,ANY,ALL,2019,1.84,True,OK,"World Bank WDI TM.TAX.MRCH.WM.AR.ZS (tariff rate, applied, weighted mean, all products)",REAL
ROU,ANY,ALL,2020,1.48,True,OK,"World Bank WDI TM.TAX.MRCH.WM.AR.ZS (tariff rate, applied, weighted mean, all products)",REAL
ROU,ANY,ALL,2021,1.39,True,OK,"World Bank WDI TM.TAX.MRCH.WM.AR.ZS (tariff rate, applied, weighted mean, all products)",REAL
ROU,ANY,ALL,2022,1.33,True,OK,"World Bank WDI TM.TAX.MRCH.WM.AR.ZS (tariff rate, applied, weighted mean, all products)",REAL
RUS,ANY,ALL,1993,6.25,True,OK,"World Bank WDI TM.TAX.MRCH.WM.AR.ZS (tariff rate, applied, weighted mean, all products)",REAL
RUS,ANY,ALL,1994,9.21,True,OK,"World Bank WDI TM.TAX.MRCH.WM.AR.ZS (tariff rate, applied, weighted mean, all products)",REAL
RUS,ANY,ALL,1996,9.64,True,OK,"World Bank WDI TM.TAX.MRCH.WM.AR.ZS (tariff rate, applied, weighted mean, all products)",REAL
RUS,ANY,ALL,1997,11.28,True,OK,"World Bank WDI TM.TAX.MRCH.WM.AR.ZS (tariff rate, applied, weighted mean, all products)",REAL
RUS,ANY,ALL,2001,10.78,True,OK,"World Bank WDI TM.TAX.MRCH.WM.AR.ZS (tariff rate, applied, weighted mean, all products)",REAL
RUS,ANY,ALL,2002,10.8,True,OK,"World Bank WDI TM.TAX.MRCH.WM.AR.ZS (tariff rate, applied, weighted mean, all products)",REAL
RUS,ANY,ALL,2005,10.48,True,OK,"World Bank WDI TM.TAX.MRCH.WM.AR.ZS (tariff rate, applied, weighted mean, all products)",REAL
RUS,ANY,ALL,2007,7.26,True,OK,"World Bank WDI TM.TAX.MRCH.WM.AR.ZS (tariff rate, applied, weighted mean, all products)",REAL
RUS,ANY,ALL,2008,8.59,True,OK,"World Bank WDI TM.TAX.MRCH.WM.AR.ZS (tariff rate, applied, weighted mean, all products)",REAL
RUS,ANY,ALL,2009,8.12,True,OK,"World Bank WDI TM.TAX.MRCH.WM.AR.ZS (tariff rate, applied, weighted mean, all products)",REAL
RUS,ANY,ALL,2010,5.2,True,OK,"World Bank WDI TM.TAX.MRCH.WM.AR.ZS (tariff rate, applied, weighted mean, all products)",REAL
RUS,ANY,ALL,2011,7.24,True,OK,"World Bank WDI TM.TAX.MRCH.WM.AR.ZS (tariff rate, applied, weighted mean, all products)",REAL
RUS,ANY,ALL,2012,6.84,True,OK,"World Bank WDI TM.TAX.MRCH.WM.AR.ZS (tariff rate, applied, weighted mean, all products)",REAL
RUS,ANY,ALL,2013,6.21,True,OK,"World Bank WDI TM.TAX.MRCH.WM.AR.ZS (tariff rate, applied, weighted mean, all products)",REAL
RUS,ANY,ALL,2014,5.37,True,OK,"World Bank WDI TM.TAX.MRCH.WM.AR.ZS (tariff rate, applied, weighted mean, all products)",REAL
RUS,ANY,ALL,2015,3.08,True,OK,"World Bank WDI TM.TAX.MRCH.WM.AR.ZS (tariff rate, applied, weighted mean, all products)",REAL
RUS,ANY,ALL,2016,3.62,True,OK,"World Bank WDI TM.TAX.MRCH.WM.AR.ZS (tariff rate, applied, weighted mean, all products)",REAL
RUS,ANY,ALL,2017,3.61,True,OK,"World Bank WDI TM.TAX.MRCH.WM.AR.ZS (tariff rate, applied, weighted mean, all products)",REAL
RUS,ANY,ALL,2018,3.51,True,OK,"World Bank WDI TM.TAX.MRCH.WM.AR.ZS (tariff rate, applied, weighted mean, all products)",REAL
RUS,ANY,ALL,2019,5.34,True,OK,"World Bank WDI TM.TAX.MRCH.WM.AR.ZS (tariff rate, applied, weighted mean, all products)",REAL
RUS,ANY,ALL,2020,4.07,True,OK,"World Bank WDI TM.TAX.MRCH.WM.AR.ZS (tariff rate, applied, weighted mean, all products)",REAL
RUS,ANY,ALL,2021,4.17,True,OK,"World Bank WDI TM.TAX.MRCH.WM.AR.ZS (tariff rate, applied, weighted mean, all products)",REAL
RWA,ANY,ALL,1993,25.33,True,OK,"World Bank WDI TM.TAX.MRCH.WM.AR.ZS (tariff rate, applied, weighted mean, all products)",REAL
RWA,ANY,ALL,2000,9.03,True,JUMP_GE_10PP,"World Bank WDI TM.TAX.MRCH.WM.AR.ZS (tariff rate, applied, weighted mean, all products)",REAL
RWA,ANY,ALL,2001,7.64,True,OK,"World Bank WDI TM.TAX.MRCH.WM.AR.ZS (tariff rate, applied, weighted mean, all products)",REAL
RWA,ANY,ALL,2002,20.12,True,JUMP_GE_10PP,"World Bank WDI TM.TAX.MRCH.WM.AR.ZS (tariff rate, applied, weighted mean, all products)",REAL
RWA,ANY,ALL,2003,8.33,True,JUMP_GE_10PP,"World Bank WDI TM.TAX.MRCH.WM.AR.ZS (tariff rate, applied, weighted mean, all products)",REAL
RWA,ANY,ALL,2005,14.18,True,OK,"World Bank WDI TM.TAX.MRCH.WM.AR.ZS (tariff rate, applied, weighted mean, all products)",REAL
RWA,ANY,ALL,2006,12.45,True,OK,"World Bank WDI TM.TAX.MRCH.WM.AR.ZS (tariff rate, applied, weighted mean, all products)",REAL
RWA,ANY,ALL,2008,12.91,True,OK,"World Bank WDI TM.TAX.MRCH.WM.AR.ZS (tariff rate, applied, weighted mean, all products)",REAL
RWA,ANY,ALL,2009,7.45,True,OK,"World Bank WDI TM.TAX.MRCH.WM.AR.ZS (tariff rate, applied, weighted mean, all products)",REAL
RWA,ANY,ALL,2010,8.03,True,OK,"World Bank WDI TM.TAX.MRCH.WM.AR.ZS (tariff rate, applied, weighted mean, all products)",REAL
RWA,ANY,ALL,2011,6.82,True,OK,"World Bank WDI TM.TAX.MRCH.WM.AR.ZS (tariff rate, applied, weighted mean, all products)",REAL
RWA,ANY,ALL,2012,9.41,True,OK,"World Bank WDI TM.TAX.MRCH.WM.AR.ZS (tariff rate, applied, weighted mean, all products)",REAL
RWA,ANY,ALL,2013,8.7,True,OK,"World Bank WDI TM.TAX.MRCH.WM.AR.ZS (tariff rate, applied, weighted mean, all products)",REAL
RWA,ANY,ALL,2014,8.9,True,OK,"World Bank WDI TM.TAX.MRCH.WM.AR.ZS (tariff rate, applied, weighted mean, all products)",REAL
RWA,ANY,ALL,2015,9.75,True,OK,"World Bank WDI TM.TAX.MRCH.WM.AR.ZS (tariff rate, applied, weighted mean, all products)",REAL
RWA,ANY,ALL,2016,7.33,True,OK,"World Bank WDI TM.TAX.MRCH.WM.AR.ZS (tariff rate, applied, weighted mean, all products)",REAL
RWA,ANY,ALL,2018,4.08,True,OK,"World Bank WDI TM.TAX.MRCH.WM.AR.ZS (tariff rate, applied, weighted mean, all products)",REAL
RWA,ANY,ALL,2019,9.55,True,OK,"World Bank WDI TM.TAX.MRCH.WM.AR.ZS (tariff rate, applied, weighted mean, all products)",REAL
RWA,ANY,ALL,2020,10.19,True,OK,"World Bank WDI TM.TAX.MRCH.WM.AR.ZS (tariff rate, applied, weighted mean, all products)",REAL
RWA,ANY,ALL,2021,11.97,True,OK,"World Bank WDI TM.TAX.MRCH.WM.AR.ZS (tariff rate, applied, weighted mean, all products)",REAL
RWA,ANY,ALL,2022,11.11,True,OK,"World Bank WDI TM.TAX.MRCH.WM.AR.ZS (tariff rate, applied, weighted mean, all products)",REAL
SAU,ANY,ALL,1994,10.72,True,OK,"World Bank WDI TM.TAX.MRCH.WM.AR.ZS (tariff rate, applied, weighted mean, all products)",REAL
SAU,ANY,ALL,1999,11.5,True,OK,"World Bank WDI TM.TAX.MRCH.WM.AR.ZS (tariff rate, applied, weighted mean, all products)",REAL
SAU,ANY,ALL,2000,12.48,True,OK,"World Bank WDI TM.TAX.MRCH.WM.AR.ZS (tariff rate, applied, weighted mean, all products)",REAL
SAU,ANY,ALL,2001,11.12,True,OK,"World Bank WDI TM.TAX.MRCH.WM.AR.ZS (tariff rate, applied, weighted mean, all products)",REAL
SAU,ANY,ALL,2002,6.53,True,OK,"World Bank WDI TM.TAX.MRCH.WM.AR.ZS (tariff rate, applied, weighted mean, all products)",REAL
SAU,ANY,ALL,2003,7.28,True,OK,"World Bank WDI TM.TAX.MRCH.WM.AR.ZS (tariff rate, applied, weighted mean, all products)",REAL
SAU,ANY,ALL,2004,7.01,True,OK,"World Bank WDI TM.TAX.MRCH.WM.AR.ZS (tariff rate, applied, weighted mean, all products)",REAL
SAU,ANY,ALL,2005,4.05,True,OK,"World Bank WDI TM.TAX.MRCH.WM.AR.ZS (tariff rate, applied, weighted mean, all products)",REAL
SAU,ANY,ALL,2006,4.12,True,OK,"World Bank WDI TM.TAX.MRCH.WM.AR.ZS (tariff rate, applied, weighted mean, all products)",REAL
SAU,ANY,ALL,2007,3.77,True,OK,"World Bank WDI TM.TAX.MRCH.WM.AR.ZS (tariff rate, applied, weighted mean, all products)",REAL
SAU,ANY,ALL,2008,3.25,True,OK,"World Bank WDI TM.TAX.MRCH.WM.AR.ZS (tariff rate, applied, weighted mean, all products)",REAL
SAU,ANY,ALL,2009,3.13,True,OK,"World Bank WDI TM.TAX.MRCH.WM.AR.ZS (tariff rate, applied, weighted mean, all products)",REAL
SAU,ANY,ALL,2011,4.16,True,OK,"World Bank WDI TM.TAX.MRCH.WM.AR.ZS (tariff rate, applied, weighted mean, all products)",REAL
SAU,ANY,ALL,2012,3.57,True,OK,"World Bank WDI TM.TAX.MRCH.WM.AR.ZS (tariff rate, applied, weighted mean, all products)",REAL
SAU,ANY,ALL,2013,3.57,True,OK,"World Bank WDI TM.TAX.MRCH.WM.AR.ZS (tariff rate, applied, weighted mean, all products)",REAL
SAU,ANY,ALL,2014,3.39,True,OK,"World Bank WDI TM.TAX.MRCH.WM.AR.ZS (tariff rate, applied, weighted mean, all products)",REAL
SAU,ANY,ALL,2015,4.45,True,OK,"World Bank WDI TM.TAX.MRCH.WM.AR.ZS (tariff rate, applied, weighted mean, all products)",REAL
SAU,ANY,ALL,2017,4.85,True,OK,"World Bank WDI TM.TAX.MRCH.WM.AR.ZS (tariff rate, applied, weighted mean, all products)",REAL
SAU,ANY,ALL,2020,4.23,True,OK,"World Bank WDI TM.TAX.MRCH.WM.AR.ZS (tariff rate, applied, weighted mean, all products)",REAL
SAU,ANY,ALL,2022,5.4,True,OK,"World Bank WDI TM.TAX.MRCH.WM.AR.ZS (tariff rate, applied, weighted mean, all products)",REAL
SDN,ANY,ALL,1996,3.66,True,OK,"World Bank WDI TM.TAX.MRCH.WM.AR.ZS (tariff rate, applied, weighted mean, all products)",REAL
SDN,ANY,ALL,2002,17.02,True,JUMP_GE_10PP,"World Bank WDI TM.TAX.MRCH.WM.AR.ZS (tariff rate, applied, weighted mean, all products)",REAL
SDN,ANY,ALL,2006,10.19,True,OK,"World Bank WDI TM.TAX.MRCH.WM.AR.ZS (tariff rate, applied, weighted mean, all products)",REAL
SDN,ANY,ALL,2008,8.22,True,OK,"World Bank WDI TM.TAX.MRCH.WM.AR.ZS (tariff rate, applied, weighted mean, all products)",REAL
SDN,ANY,ALL,2009,15.02,True,OK,"World Bank WDI TM.TAX.MRCH.WM.AR.ZS (tariff rate, applied, weighted mean, all products)",REAL
SDN,ANY,ALL,2010,12.9,True,OK,"World Bank WDI TM.TAX.MRCH.WM.AR.ZS (tariff rate, applied, weighted mean, all products)",REAL
SDN,ANY,ALL,2011,11.95,True,OK,"World Bank WDI TM.TAX.MRCH.WM.AR.ZS (tariff rate, applied, weighted mean, all products)",REAL
SDN,ANY,ALL,2012,12.12,True,OK,"World Bank WDI TM.TAX.MRCH.WM.AR.ZS (tariff rate, applied, weighted mean, all products)",REAL
SDN,ANY,ALL,2013,12.14,True,OK,"World Bank WDI TM.TAX.MRCH.WM.AR.ZS (tariff rate, applied, weighted mean, all products)",REAL
SDN,ANY,ALL,2017,14.01,True,OK,"World Bank WDI TM.TAX.MRCH.WM.AR.ZS (tariff rate, applied, weighted mean, all products)",REAL
SDN,ANY,ALL,2020,0.0,True,JUMP_GE_10PP,"World Bank WDI TM.TAX.MRCH.WM.AR.ZS (tariff rate, applied, weighted mean, all products)",REAL
SDN,ANY,ALL,2021,0.0,True,OK,"World Bank WDI TM.TAX.MRCH.WM.AR.ZS (tariff rate, applied, weighted mean, all products)",REAL
SEN,ANY,ALL,2001,9.4,True,OK,"World Bank WDI TM.TAX.MRCH.WM.AR.ZS (tariff rate, applied, weighted mean, all products)",REAL
SEN,ANY,ALL,2002,8.26,True,OK,"World Bank WDI TM.TAX.MRCH.WM.AR.ZS (tariff rate, applied, weighted mean, all products)",REAL
SEN,ANY,ALL,2003,9.12,True,OK,"World Bank WDI TM.TAX.MRCH.WM.AR.ZS (tariff rate, applied, weighted mean, all products)",REAL
SEN,ANY,ALL,2004,9.25,True,OK,"World Bank WDI TM.TAX.MRCH.WM.AR.ZS (tariff rate, applied, weighted mean, all products)",REAL
SEN,ANY,ALL,2005,9.2,True,OK,"World Bank WDI TM.TAX.MRCH.WM.AR.ZS (tariff rate, applied, weighted mean, all products)",REAL
SEN,ANY,ALL,2006,9.35,True,OK,"World Bank WDI TM.TAX.MRCH.WM.AR.ZS (tariff rate, applied, weighted mean, all products)",REAL
SEN,ANY,ALL,2007,8.49,True,OK,"World Bank WDI TM.TAX.MRCH.WM.AR.ZS (tariff rate, applied, weighted mean, all products)",REAL
SEN,ANY,ALL,2008,8.49,True,OK,"World Bank WDI TM.TAX.MRCH.WM.AR.ZS (tariff rate, applied, weighted mean, all products)",REAL
SEN,ANY,ALL,2009,9.0,True,OK,"World Bank WDI TM.TAX.MRCH.WM.AR.ZS (tariff rate, applied, weighted mean, all products)",REAL
SEN,ANY,ALL,2010,8.85,True,OK,"World Bank WDI TM.TAX.MRCH.WM.AR.ZS (tariff rate, applied, weighted mean, all products)",REAL
SEN,ANY,ALL,2011,8.51,True,OK,"World Bank WDI TM.TAX.MRCH.WM.AR.ZS (tariff rate, applied, weighted mean, all products)",REAL
SEN,ANY,ALL,2012,8.08,True,OK,"World Bank WDI TM.TAX.MRCH.WM.AR.ZS (tariff rate, applied, weighted mean, all products)",REAL
SEN,ANY,ALL,2013,8.08,True,OK,"World Bank WDI TM.TAX.MRCH.WM.AR.ZS (tariff rate, applied, weighted mean, all products)",REAL
SEN,ANY,ALL,2014,8.46,True,OK,"World Bank WDI TM.TAX.MRCH.WM.AR.ZS (tariff rate, applied, weighted mean, all products)",REAL
SEN,ANY,ALL,2015,8.62,True,OK,"World Bank WDI TM.TAX.MRCH.WM.AR.ZS (tariff rate, applied, weighted mean, all products)",REAL
SEN,ANY,ALL,2016,8.75,True,OK,"World Bank WDI TM.TAX.MRCH.WM.AR.ZS (tariff rate, applied, weighted mean, all products)",REAL
SEN,ANY,ALL,2017,12.3,True,OK,"World Bank WDI TM.TAX.MRCH.WM.AR.ZS (tariff rate, applied, weighted mean, all products)",REAL
SEN,ANY,ALL,2018,11.52,True,OK,"World Bank WDI TM.TAX.MRCH.WM.AR.ZS (tariff rate, applied, weighted mean, all products)",REAL
SEN,ANY,ALL,2019,9.12,True,OK,"World Bank WDI TM.TAX.MRCH.WM.AR.ZS (tariff rate, applied, weighted mean, all products)",REAL
SEN,ANY,ALL,2020,9.07,True,OK,"World Bank WDI TM.TAX.MRCH.WM.AR.ZS (tariff rate, applied, weighted mean, all products)",REAL
SEN,ANY,ALL,2021,8.88,True,OK,"World Bank WDI TM.TAX.MRCH.WM.AR.ZS (tariff rate, applied, weighted mean, all products)",REAL
SEN,ANY,ALL,2022,8.4,True,OK,"World Bank WDI TM.TAX.MRCH.WM.AR.ZS (tariff rate, applied, weighted mean, all products)",REAL
SGP,ANY,ALL,1989,3.26,True,OK,"World Bank WDI TM.TAX.MRCH.WM.AR.ZS (tariff rate, applied, weighted mean, all products)",REAL
SGP,ANY,ALL,1995,0.33,True,OK,"World Bank WDI TM.TAX.MRCH.WM.AR.ZS (tariff rate, applied, weighted mean, all products)",REAL
SGP,ANY,ALL,1996,0.05,True,OK,"World Bank WDI TM.TAX.MRCH.WM.AR.ZS (tariff rate, applied, weighted mean, all products)",REAL
SGP,ANY,ALL,1997,0.05,True,OK,"World Bank WDI TM.TAX.MRCH.WM.AR.ZS (tariff rate, applied, weighted mean, all products)",REAL
SGP,ANY,ALL,1998,0.05,True,OK,"World Bank WDI TM.TAX.MRCH.WM.AR.ZS (tariff rate, applied, weighted mean, all products)",REAL
SGP,ANY,ALL,1999,0.05,True,OK,"World Bank WDI TM.TAX.MRCH.WM.AR.ZS (tariff rate, applied, weighted mean, all products)",REAL
SGP,ANY,ALL,2000,0.04,True,OK,"World Bank WDI TM.TAX.MRCH.WM.AR.ZS (tariff rate, applied, weighted mean, all products)",REAL
SGP,ANY,ALL,2001,0.04,True,OK,"World Bank WDI TM.TAX.MRCH.WM.AR.ZS (tariff rate, applied, weighted mean, all products)",REAL
SGP,ANY,ALL,2002,0.04,True,OK,"World Bank WDI TM.TAX.MRCH.WM.AR.ZS (tariff rate, applied, weighted mean, all products)",REAL
SGP,ANY,ALL,2003,0.02,True,OK,"World Bank WDI TM.TAX.MRCH.WM.AR.ZS (tariff rate, applied, weighted mean, all products)",REAL
SGP,ANY,ALL,2004,0.0,True,OK,"World Bank WDI TM.TAX.MRCH.WM.AR.ZS (tariff rate, applied, weighted mean, all products)",REAL
SGP,ANY,ALL,2005,0.03,True,OK,"World Bank WDI TM.TAX.MRCH.WM.AR.ZS (tariff rate, applied, weighted mean, all products)",REAL
SGP,ANY,ALL,2006,0.01,True,OK,"World Bank WDI TM.TAX.MRCH.WM.AR.ZS (tariff rate, applied, weighted mean, all products)",REAL
SGP,ANY,ALL,2007,0.01,True,OK,"World Bank WDI TM.TAX.MRCH.WM.AR.ZS (tariff rate, applied, weighted mean, all products)",REAL
SGP,ANY,ALL,2008,0.05,True,OK,"World Bank WDI TM.TAX.MRCH.WM.AR.ZS (tariff rate, applied, weighted mean, all products)",REAL
SGP,ANY,ALL,2009,0.06,True,OK,"World Bank WDI TM.TAX.MRCH.WM.AR.ZS (tariff rate, applied, weighted mean, all products)",REAL
SGP,ANY,ALL,2010,0.05,True,OK,"World Bank WDI TM.TAX.MRCH.WM.AR.ZS (tariff rate, applied, weighted mean, all products)",REAL
SGP,ANY,ALL,2011,0.16,True,OK,"World Bank WDI TM.TAX.MRCH.WM.AR.ZS (tariff rate, applied, weighted mean, all products)",REAL
SGP,ANY,ALL,2012,0.06,True,OK,"World Bank WDI TM.TAX.MRCH.WM.AR.ZS (tariff rate, applied, weighted mean, all products)",REAL
SGP,ANY,ALL,2013,0.07,True,OK,"World Bank WDI TM.TAX.MRCH.WM.AR.ZS (tariff rate, applied, weighted mean, all products)",REAL
SGP,ANY,ALL,2014,0.07,True,OK,"World Bank WDI TM.TAX.MRCH.WM.AR.ZS (tariff rate, applied, weighted mean, all products)",REAL
SGP,ANY,ALL,2015,0.07,True,OK,"World Bank WDI TM.TAX.MRCH.WM.AR.ZS (tariff rate, applied, weighted mean, all products)",REAL
SGP,ANY,ALL,2016,0.07,True,OK,"World Bank WDI TM.TAX.MRCH.WM.AR.ZS (tariff rate, applied, weighted mean, all products)",REAL
SGP,ANY,ALL,2017,0.07,True,OK,"World Bank WDI TM.TAX.MRCH.WM.AR.ZS (tariff rate, applied, weighted mean, all products)",REAL
SGP,ANY,ALL,2018,0.24,True,OK,"World Bank WDI TM.TAX.MRCH.WM.AR.ZS (tariff rate, applied, weighted mean, all products)",REAL
SGP,ANY,ALL,2019,0.39,True,OK,"World Bank WDI TM.TAX.MRCH.WM.AR.ZS (tariff rate, applied, weighted mean, all products)",REAL
SGP,ANY,ALL,2020,0.05,True,OK,"World Bank WDI TM.TAX.MRCH.WM.AR.ZS (tariff rate, applied, weighted mean, all products)",REAL
SGP,ANY,ALL,2021,0.0,True,OK,"World Bank WDI TM.TAX.MRCH.WM.AR.ZS (tariff rate, applied, weighted mean, all products)",REAL
SGP,ANY,ALL,2022,0.0,True,OK,"World Bank WDI TM.TAX.MRCH.WM.AR.ZS (tariff rate, applied, weighted mean, all products)",REAL
SLB,ANY,ALL,2008,14.6,True,OK,"World Bank WDI TM.TAX.MRCH.WM.AR.ZS (tariff rate, applied, weighted mean, all products)",REAL
SLB,ANY,ALL,2015,35.65,True,JUMP_GE_10PP,"World Bank WDI TM.TAX.MRCH.WM.AR.ZS (tariff rate, applied, weighted mean, all products)",REAL
SLB,ANY,ALL,2016,14.08,True,JUMP_GE_10PP,"World Bank WDI TM.TAX.MRCH.WM.AR.ZS (tariff rate, applied, weighted mean, all products)",REAL
SLB,ANY,ALL,2017,18.49,True,OK,"World Bank WDI TM.TAX.MRCH.WM.AR.ZS (tariff rate, applied, weighted mean, all products)",REAL
SLB,ANY,ALL,2018,30.28,True,JUMP_GE_10PP,"World Bank WDI TM.TAX.MRCH.WM.AR.ZS (tariff rate, applied, weighted mean, all products)",REAL
SLB,ANY,ALL,2019,17.52,True,JUMP_GE_10PP,"World Bank WDI TM.TAX.MRCH.WM.AR.ZS (tariff rate, applied, weighted mean, all products)",REAL
SLB,ANY,ALL,2020,13.62,True,OK,"World Bank WDI TM.TAX.MRCH.WM.AR.ZS (tariff rate, applied, weighted mean, all products)",REAL
SLB,ANY,ALL,2021,14.31,True,OK,"World Bank WDI TM.TAX.MRCH.WM.AR.ZS (tariff rate, applied, weighted mean, all products)",REAL
SLB,ANY,ALL,2022,20.66,True,OK,"World Bank WDI TM.TAX.MRCH.WM.AR.ZS (tariff rate, applied, weighted mean, all products)",REAL
SLE,ANY,ALL,2004,15.32,True,OK,"World Bank WDI TM.TAX.MRCH.WM.AR.ZS (tariff rate, applied, weighted mean, all products)",REAL
SLE,ANY,ALL,2006,14.33,True,OK,"World Bank WDI TM.TAX.MRCH.WM.AR.ZS (tariff rate, applied, weighted mean, all products)",REAL
SLE,ANY,ALL,2010,10.26,True,OK,"World Bank WDI TM.TAX.MRCH.WM.AR.ZS (tariff rate, applied, weighted mean, all products)",REAL
SLE,ANY,ALL,2011,9.81,True,OK,"World Bank WDI TM.TAX.MRCH.WM.AR.ZS (tariff rate, applied, weighted mean, all products)",REAL
SLE,ANY,ALL,2012,10.31,True,OK,"World Bank WDI TM.TAX.MRCH.WM.AR.ZS (tariff rate, applied, weighted mean, all products)",REAL
SLE,ANY,ALL,2020,14.05,True,OK,"World Bank WDI TM.TAX.MRCH.WM.AR.ZS (tariff rate, applied, weighted mean, all products)",REAL
SLE,ANY,ALL,2021,14.22,True,OK,"World Bank WDI TM.TAX.MRCH.WM.AR.ZS (tariff rate, applied, weighted mean, all products)",REAL
SLE,ANY,ALL,2022,13.65,True,OK,"World Bank WDI TM.TAX.MRCH.WM.AR.ZS (tariff rate, applied, weighted mean, all products)",REAL
SLV,ANY,ALL,1995,9.15,True,OK,"World Bank WDI TM.TAX.MRCH.WM.AR.ZS (tariff rate, applied, weighted mean, all products)",REAL
SLV,ANY,ALL,1996,7.72,True,OK,"World Bank WDI TM.TAX.MRCH.WM.AR.ZS (tariff rate, applied, weighted mean, all products)",REAL
SLV,ANY,ALL,1997,7.37,True,OK,"World Bank WDI TM.TAX.MRCH.WM.AR.ZS (tariff rate, applied, weighted mean, all products)",REAL
SLV,ANY,ALL,1998,6.34,True,OK,"World Bank WDI TM.TAX.MRCH.WM.AR.ZS (tariff rate, applied, weighted mean, all products)",REAL
SLV,ANY,ALL,1999,6.38,True,OK,"World Bank WDI TM.TAX.MRCH.WM.AR.ZS (tariff rate, applied, weighted mean, all products)",REAL
SLV,ANY,ALL,2000,6.84,True,OK,"World Bank WDI TM.TAX.MRCH.WM.AR.ZS (tariff rate, applied, weighted mean, all products)",REAL
SLV,ANY,ALL,2001,6.89,True,OK,"World Bank WDI TM.TAX.MRCH.WM.AR.ZS (tariff rate, applied, weighted mean, all products)",REAL
SLV,ANY,ALL,2002,4.35,True,OK,"World Bank WDI TM.TAX.MRCH.WM.AR.ZS (tariff rate, applied, weighted mean, all products)",REAL
SLV,ANY,ALL,2003,6.99,True,OK,"World Bank WDI TM.TAX.MRCH.WM.AR.ZS (tariff rate, applied, weighted mean, all products)",REAL
SLV,ANY,ALL,2004,4.2,True,OK,"World Bank WDI TM.TAX.MRCH.WM.AR.ZS (tariff rate, applied, weighted mean, all products)",REAL
SLV,ANY,ALL,2005,7.48,True,OK,"World Bank WDI TM.TAX.MRCH.WM.AR.ZS (tariff rate, applied, weighted mean, all products)",REAL
SLV,ANY,ALL,2006,3.93,True,OK,"World Bank WDI TM.TAX.MRCH.WM.AR.ZS (tariff rate, applied, weighted mean, all products)",REAL
SLV,ANY,ALL,2007,4.82,True,OK,"World Bank WDI TM.TAX.MRCH.WM.AR.ZS (tariff rate, applied, weighted mean, all products)",REAL
SLV,ANY,ALL,2008,3.02,True,OK,"World Bank WDI TM.TAX.MRCH.WM.AR.ZS (tariff rate, applied, weighted mean, all products)",REAL
SLV,ANY,ALL,2009,2.43,True,OK,"World Bank WDI TM.TAX.MRCH.WM.AR.ZS (tariff rate, applied, weighted mean, all products)",REAL
SLV,ANY,ALL,2010,4.79,True,OK,"World Bank WDI TM.TAX.MRCH.WM.AR.ZS (tariff rate, applied, weighted mean, all products)",REAL
SLV,ANY,ALL,2011,4.8,True,OK,"World Bank WDI TM.TAX.MRCH.WM.AR.ZS (tariff rate, applied, weighted mean, all products)",REAL
SLV,ANY,ALL,2012,2.28,True,OK,"World Bank WDI TM.TAX.MRCH.WM.AR.ZS (tariff rate, applied, weighted mean, all products)",REAL
SLV,ANY,ALL,2013,2.12,True,OK,"World Bank WDI TM.TAX.MRCH.WM.AR.ZS (tariff rate, applied, weighted mean, all products)",REAL
SLV,ANY,ALL,2014,1.75,True,OK,"World Bank WDI TM.TAX.MRCH.WM.AR.ZS (tariff rate, applied, weighted mean, all products)",REAL
SLV,ANY,ALL,2015,1.79,True,OK,"World Bank WDI TM.TAX.MRCH.WM.AR.ZS (tariff rate, applied, weighted mean, all products)",REAL
SLV,ANY,ALL,2017,2.07,True,OK,"World Bank WDI TM.TAX.MRCH.WM.AR.ZS (tariff rate, applied, weighted mean, all products)",REAL
SLV,ANY,ALL,2018,1.94,True,OK,"World Bank WDI TM.TAX.MRCH.WM.AR.ZS (tariff rate, applied, weighted mean, all products)",REAL
SLV,ANY,ALL,2019,2.04,True,OK,"World Bank WDI TM.TAX.MRCH.WM.AR.ZS (tariff rate, applied, weighted mean, all products)",REAL
SLV,ANY,ALL,2020,1.91,True,OK,"World Bank WDI TM.TAX.MRCH.WM.AR.ZS (tariff rate, applied, weighted mean, all products)",REAL
SLV,ANY,ALL,2021,1.88,True,OK,"World Bank WDI TM.TAX.MRCH.WM.AR.ZS (tariff rate, applied, weighted mean, all products)",REAL
SLV,ANY,ALL,2022,2.16,True,OK,"World Bank WDI TM.TAX.MRCH.WM.AR.ZS (tariff rate, applied, weighted mean, all products)",REAL
SRB,ANY,ALL,2001,5.8,True,OK,"World Bank WDI TM.TAX.MRCH.WM.AR.ZS (tariff rate, applied, weighted mean, all products)",REAL
SRB,ANY,ALL,2002,7.88,True,OK,"World Bank WDI TM.TAX.MRCH.WM.AR.ZS (tariff rate, applied, weighted mean, all products)",REAL
SRB,ANY,ALL,2005,6.03,True,OK,"World Bank WDI TM.TAX.MRCH.WM.AR.ZS (tariff rate, applied, weighted mean, all products)",REAL
SRB,ANY,ALL,2007,5.63,True,OK,"World Bank WDI TM.TAX.MRCH.WM.AR.ZS (tariff rate, applied, weighted mean, all products)",REAL
SRB,ANY,ALL,2008,5.51,True,OK,"World Bank WDI TM.TAX.MRCH.WM.AR.ZS (tariff rate, applied, weighted mean, all products)",REAL
SRB,ANY,ALL,2009,3.56,True,OK,"World Bank WDI TM.TAX.MRCH.WM.AR.ZS (tariff rate, applied, weighted mean, all products)",REAL
SRB,ANY,ALL,2010,2.79,True,OK,"World Bank WDI TM.TAX.MRCH.WM.AR.ZS (tariff rate, applied, weighted mean, all products)",REAL
SRB,ANY,ALL,2011,2.36,True,OK,"World Bank WDI TM.TAX.MRCH.WM.AR.ZS (tariff rate, applied, weighted mean, all products)",REAL
SRB,ANY,ALL,2013,4.82,True,OK,"World Bank WDI TM.TAX.MRCH.WM.AR.ZS (tariff rate, applied, weighted mean, all products)",REAL
SRB,ANY,ALL,2015,1.29,True,OK,"World Bank WDI TM.TAX.MRCH.WM.AR.ZS (tariff rate, applied, weighted mean, all products)",REAL
SRB,ANY,ALL,2016,1.37,True,OK,"World Bank WDI TM.TAX.MRCH.WM.AR.ZS (tariff rate, applied, weighted mean, all products)",REAL
SRB,ANY,ALL,2017,1.41,True,OK,"World Bank WDI TM.TAX.MRCH.WM.AR.ZS (tariff rate, applied, weighted mean, all products)",REAL
SRB,ANY,ALL,2018,1.44,True,OK,"World Bank WDI TM.TAX.MRCH.WM.AR.ZS (tariff rate, applied, weighted mean, all products)",REAL
SRB,ANY,ALL,2021,1.72,True,OK,"World Bank WDI TM.TAX.MRCH.WM.AR.ZS (tariff rate, applied, weighted mean, all products)",REAL
STP,ANY,ALL,2013,8.02,True,OK,"World Bank WDI TM.TAX.MRCH.WM.AR.ZS (tariff rate, applied, weighted mean, all products)",REAL
STP,ANY,ALL,2014,8.24,True,OK,"World Bank WDI TM.TAX.MRCH.WM.AR.ZS (tariff rate, applied, weighted mean, all products)",REAL
STP,ANY,ALL,2015,9.07,True,OK,"World Bank WDI TM.TAX.MRCH.WM.AR.ZS (tariff rate, applied, weighted mean, all products)",REAL
STP,ANY,ALL,2016,10.44,True,OK,"World Bank WDI TM.TAX.MRCH.WM.AR.ZS (tariff rate, applied, weighted mean, all products)",REAL
STP,ANY,ALL,2018,9.46,True,OK,"World Bank WDI TM.TAX.MRCH.WM.AR.ZS (tariff rate, applied, weighted mean, all products)",REAL
STP,ANY,ALL,2019,9.97,True,OK,"World Bank WDI TM.TAX.MRCH.WM.AR.ZS (tariff rate, applied, weighted mean, all products)",REAL
SUR,ANY,ALL,1996,16.7,True,OK,"World Bank WDI TM.TAX.MRCH.WM.AR.ZS (tariff rate, applied, weighted mean, all products)",REAL
SUR,ANY,ALL,1999,14.0,True,OK,"World Bank WDI TM.TAX.MRCH.WM.AR.ZS (tariff rate, applied, weighted mean, all products)",REAL
SUR,ANY,ALL,2000,12.17,True,OK,"World Bank WDI TM.TAX.MRCH.WM.AR.ZS (tariff rate, applied, weighted mean, all products)",REAL
SUR,ANY,ALL,2007,10.12,True,OK,"World Bank WDI TM.TAX.MRCH.WM.AR.ZS (tariff rate, applied, weighted mean, all products)",REAL
SUR,ANY,ALL,2009,10.78,True,OK,"World Bank WDI TM.TAX.MRCH.WM.AR.ZS (tariff rate, applied, weighted mean, all products)",REAL
SUR,ANY,ALL,2010,10.79,True,OK,"World Bank WDI TM.TAX.MRCH.WM.AR.ZS (tariff rate, applied, weighted mean, all products)",REAL
SUR,ANY,ALL,2011,9.8,True,OK,"World Bank WDI TM.TAX.MRCH.WM.AR.ZS (tariff rate, applied, weighted mean, all products)",REAL
SUR,ANY,ALL,2012,7.61,True,OK,"World Bank WDI TM.TAX.MRCH.WM.AR.ZS (tariff rate, applied, weighted mean, all products)",REAL
SUR,ANY,ALL,2013,7.61,True,OK,"World Bank WDI TM.TAX.MRCH.WM.AR.ZS (tariff rate, applied, weighted mean, all products)",REAL
SUR,ANY,ALL,2018,10.54,True,OK,"World Bank WDI TM.TAX.MRCH.WM.AR.ZS (tariff rate, applied, weighted mean, all products)",REAL
SUR,ANY,ALL,2019,8.72,True,OK,"World Bank WDI TM.TAX.MRCH.WM.AR.ZS (tariff rate, applied, weighted mean, all products)",REAL
SUR,ANY,ALL,2020,8.72,True,OK,"World Bank WDI TM.TAX.MRCH.WM.AR.ZS (tariff rate, applied, weighted mean, all products)",REAL
SUR,ANY,ALL,2021,8.43,True,OK,"World Bank WDI TM.TAX.MRCH.WM.AR.ZS (tariff rate, applied, weighted mean, all products)",REAL
SUR,ANY,ALL,2022,7.8,True,OK,"World Bank WDI TM.TAX.MRCH.WM.AR.ZS (tariff rate, applied, weighted mean, all products)",REAL
SVK,ANY,ALL,2002,4.61,True,OK,"World Bank WDI TM.TAX.MRCH.WM.AR.ZS (tariff rate, applied, weighted mean, all products)",REAL
SVK,ANY,ALL,2004,2.24,True,OK,"World Bank WDI TM.TAX.MRCH.WM.AR.ZS (tariff rate, applied, weighted mean, all products)",REAL
SVK,ANY,ALL,2005,2.46,True,OK,"World Bank WDI TM.TAX.MRCH.WM.AR.ZS (tariff rate, applied, weighted mean, all products)",REAL
SVK,ANY,ALL,2006,2.3,True,OK,"World Bank WDI TM.TAX.MRCH.WM.AR.ZS (tariff rate, applied, weighted mean, all products)",REAL
SVK,ANY,ALL,2007,2.24,True,OK,"World Bank WDI TM.TAX.MRCH.WM.AR.ZS (tariff rate, applied, weighted mean, all products)",REAL
SVK,ANY,ALL,2008,1.72,True,OK,"World Bank WDI TM.TAX.MRCH.WM.AR.ZS (tariff rate, applied, weighted mean, all products)",REAL
SVK,ANY,ALL,2009,1.85,True,OK,"World Bank WDI TM.TAX.MRCH.WM.AR.ZS (tariff rate, applied, weighted mean, all products)",REAL
SVK,ANY,ALL,2010,2.13,True,OK,"World Bank WDI TM.TAX.MRCH.WM.AR.ZS (tariff rate, applied, weighted mean, all products)",REAL
SVK,ANY,ALL,2011,1.59,True,OK,"World Bank WDI TM.TAX.MRCH.WM.AR.ZS (tariff rate, applied, weighted mean, all products)",REAL
SVK,ANY,ALL,2012,1.46,True,OK,"World Bank WDI TM.TAX.MRCH.WM.AR.ZS (tariff rate, applied, weighted mean, all products)",REAL
SVK,ANY,ALL,2013,1.49,True,OK,"World Bank WDI TM.TAX.MRCH.WM.AR.ZS (tariff rate, applied, weighted mean, all products)",REAL
SVK,ANY,ALL,2014,2.03,True,OK,"World Bank WDI TM.TAX.MRCH.WM.AR.ZS (tariff rate, applied, weighted mean, all products)",REAL
SVK,ANY,ALL,2015,2.02,True,OK,"World Bank WDI TM.TAX.MRCH.WM.AR.ZS (tariff rate, applied, weighted mean, all products)",REAL
SVK,ANY,ALL,2016,2.09,True,OK,"World Bank WDI TM.TAX.MRCH.WM.AR.ZS (tariff rate, applied, weighted mean, all products)",REAL
SVK,ANY,ALL,2017,1.96,True,OK,"World Bank WDI TM.TAX.MRCH.WM.AR.ZS (tariff rate, applied, weighted mean, all products)",REAL
SVK,ANY,ALL,2018,1.83,True,OK,"World Bank WDI TM.TAX.MRCH.WM.AR.ZS (tariff rate, applied, weighted mean, all products)",REAL
SVK,ANY,ALL,2019,1.84,True,OK,"World Bank WDI TM.TAX.MRCH.WM.AR.ZS (tariff rate, applied, weighted mean, all products)",REAL
SVK,ANY,ALL,2020,1.48,True,OK,"World Bank WDI TM.TAX.MRCH.WM.AR.ZS (tariff rate, applied, weighted mean, all products)",REAL
SVK,ANY,ALL,2021,1.39,True,OK,"World Bank WDI TM.TAX.MRCH.WM.AR.ZS (tariff rate, applied, weighted mean, all products)",REAL
SVK,ANY,ALL,2022,1.33,True,OK,"World Bank WDI TM.TAX.MRCH.WM.AR.ZS (tariff rate, applied, weighted mean, all products)",REAL
SVN,ANY,ALL,1999,11.38,True,OK,"World Bank WDI TM.TAX.MRCH.WM.AR.ZS (tariff rate, applied, weighted mean, all products)",REAL
SVN,ANY,ALL,2001,10.0,True,OK,"World Bank WDI TM.TAX.MRCH.WM.AR.ZS (tariff rate, applied, weighted mean, all products)",REAL
SVN,ANY,ALL,2002,1.65,True,OK,"World Bank WDI TM.TAX.MRCH.WM.AR.ZS (tariff rate, applied, weighted mean, all products)",REAL
SVN,ANY,ALL,2003,1.72,True,OK,"World Bank WDI TM.TAX.MRCH.WM.AR.ZS (tariff rate, applied, weighted mean, all products)",REAL
SVN,ANY,ALL,2004,2.24,True,OK,"World Bank WDI TM.TAX.MRCH.WM.AR.ZS (tariff rate, applied, weighted mean, all products)",REAL
SVN,ANY,ALL,2005,2.46,True,OK,"World Bank WDI TM.TAX.MRCH.WM.AR.ZS (tariff rate, applied, weighted mean, all products)",REAL
SVN,ANY,ALL,2006,2.3,True,OK,"World Bank WDI TM.TAX.MRCH.WM.AR.ZS (tariff rate, applied, weighted mean, all products)",REAL
SVN,ANY,ALL,2007,2.24,True,OK,"World Bank WDI TM.TAX.MRCH.WM.AR.ZS (tariff rate, applied, weighted mean, all products)",REAL
SVN,ANY,ALL,2008,1.72,True,OK,"World Bank WDI TM.TAX.MRCH.WM.AR.ZS (tariff rate, applied, weighted mean, all products)",REAL
SVN,ANY,ALL,2009,1.85,True,OK,"World Bank WDI TM.TAX.MRCH.WM.AR.ZS (tariff rate, applied, weighted mean, all products)",REAL
SVN,ANY,ALL,2010,2.13,True,OK,"World Bank WDI TM.TAX.MRCH.WM.AR.ZS (tariff rate, applied, weighted mean, all products)",REAL
SVN,ANY,ALL,2011,1.59,True,OK,"World Bank WDI TM.TAX.MRCH.WM.AR.ZS (tariff rate, applied, weighted mean, all products)",REAL
SVN,ANY,ALL,2012,1.46,True,OK,"World Bank WDI TM.TAX.MRCH.WM.AR.ZS (tariff rate, applied, weighted mean, all products)",REAL
SVN,ANY,ALL,2013,1.49,True,OK,"World Bank WDI TM.TAX.MRCH.WM.AR.ZS (tariff rate, applied, weighted mean, all products)",REAL
SVN,ANY,ALL,2014,2.03,True,OK,"World Bank WDI TM.TAX.MRCH.WM.AR.ZS (tariff rate, applied, weighted mean, all products)",REAL
SVN,ANY,ALL,2015,2.02,True,OK,"World Bank WDI TM.TAX.MRCH.WM.AR.ZS (tariff rate, applied, weighted mean, all products)",REAL
SVN,ANY,ALL,2016,2.09,True,OK,"World Bank WDI TM.TAX.MRCH.WM.AR.ZS (tariff rate, applied, weighted mean, all products)",REAL
SVN,ANY,ALL,2017,1.96,True,OK,"World Bank WDI TM.TAX.MRCH.WM.AR.ZS (tariff rate, applied, weighted mean, all products)",REAL
SVN,ANY,ALL,2018,1.83,True,OK,"World Bank WDI TM.TAX.MRCH.WM.AR.ZS (tariff rate, applied, weighted mean, all products)",REAL
SVN,ANY,ALL,2019,1.84,True,OK,"World Bank WDI TM.TAX.MRCH.WM.AR.ZS (tariff rate, applied, weighted mean, all products)",REAL
SVN,ANY,ALL,2020,1.48,True,OK,"World Bank WDI TM.TAX.MRCH.WM.AR.ZS (tariff rate, applied, weighted mean, all products)",REAL
SVN,ANY,ALL,2021,1.39,True,OK,"World Bank WDI TM.TAX.MRCH.WM.AR.ZS (tariff rate, applied, weighted mean, all products)",REAL
SVN,ANY,ALL,2022,1.33,True,OK,"World Bank WDI TM.TAX.MRCH.WM.AR.ZS (tariff rate, applied, weighted mean, all products)",REAL
SWE,ANY,ALL,1988,0.99,True,OK,"World Bank WDI TM.TAX.MRCH.WM.AR.ZS (tariff rate, applied, weighted mean, all products)",REAL
SWE,ANY,ALL,1989,4.31,True,OK,"World Bank WDI TM.TAX.MRCH.WM.AR.ZS (tariff rate, applied, weighted mean, all products)",REAL
SWE,ANY,ALL,2000,2.41,True,OK,"World Bank WDI TM.TAX.MRCH.WM.AR.ZS (tariff rate, applied, weighted mean, all products)",REAL
SWE,ANY,ALL,2001,3.37,True,OK,"World Bank WDI TM.TAX.MRCH.WM.AR.ZS (tariff rate, applied, weighted mean, all products)",REAL
SWE,ANY,ALL,2002,2.45,True,OK,"World Bank WDI TM.TAX.MRCH.WM.AR.ZS (tariff rate, applied, weighted mean, all products)",REAL
SWE,ANY,ALL,2003,2.52,True,OK,"World Bank WDI TM.TAX.MRCH.WM.AR.ZS (tariff rate, applied, weighted mean, all products)",REAL
SWE,ANY,ALL,2004,2.24,True,OK,"World Bank WDI TM.TAX.MRCH.WM.AR.ZS (tariff rate, applied, weighted mean, all products)",REAL
SWE,ANY,ALL,2005,2.46,True,OK,"World Bank WDI TM.TAX.MRCH.WM.AR.ZS (tariff rate, applied, weighted mean, all products)",REAL
SWE,ANY,ALL,2006,2.3,True,OK,"World Bank WDI TM.TAX.MRCH.WM.AR.ZS (tariff rate, applied, weighted mean, all products)",REAL
SWE,ANY,ALL,2007,2.24,True,OK,"World Bank WDI TM.TAX.MRCH.WM.AR.ZS (tariff rate, applied, weighted mean, all products)",REAL
SWE,ANY,ALL,2008,1.72,True,OK,"World Bank WDI TM.TAX.MRCH.WM.AR.ZS (tariff rate, applied, weighted mean, all products)",REAL
SWE,ANY,ALL,2009,1.85,True,OK,"World Bank WDI TM.TAX.MRCH.WM.AR.ZS (tariff rate, applied, weighted mean, all products)",REAL
SWE,ANY,ALL,2010,2.13,True,OK,"World Bank WDI TM.TAX.MRCH.WM.AR.ZS (tariff rate, applied, weighted mean, all products)",REAL
SWE,ANY,ALL,2011,1.59,True,OK,"World Bank WDI TM.TAX.MRCH.WM.AR.ZS (tariff rate, applied, weighted mean, all products)",REAL
SWE,ANY,ALL,2012,1.46,True,OK,"World Bank WDI TM.TAX.MRCH.WM.AR.ZS (tariff rate, applied, weighted mean, all products)",REAL
SWE,ANY,ALL,2013,1.49,True,OK,"World Bank WDI TM.TAX.MRCH.WM.AR.ZS (tariff rate, applied, weighted mean, all products)",REAL
SWE,ANY,ALL,2014,2.03,True,OK,"World Bank WDI TM.TAX.MRCH.WM.AR.ZS (tariff rate, applied, weighted mean, all products)",REAL
SWE,ANY,ALL,2015,2.02,True,OK,"World Bank WDI TM.TAX.MRCH.WM.AR.ZS (tariff rate, applied, weighted mean, all products)",REAL
SWE,ANY,ALL,2016,2.09,True,OK,"World Bank WDI TM.TAX.MRCH.WM.AR.ZS (tariff rate, applied, weighted mean, all products)",REAL
SWE,ANY,ALL,2017,1.96,True,OK,"World Bank WDI TM.TAX.MRCH.WM.AR.ZS (tariff rate, applied, weighted mean, all products)",REAL
SWE,ANY,ALL,2018,1.83,True,OK,"World Bank WDI TM.TAX.MRCH.WM.AR.ZS (tariff rate, applied, weighted mean, all products)",REAL
SWE,ANY,ALL,2019,1.84,True,OK,"World Bank WDI TM.TAX.MRCH.WM.AR.ZS (tariff rate, applied, weighted mean, all products)",REAL
SWE,ANY,ALL,2020,1.48,True,OK,"World Bank WDI TM.TAX.MRCH.WM.AR.ZS (tariff rate, applied, weighted mean, all products)",REAL
SWE,ANY,ALL,2021,1.39,True,OK,"World Bank WDI TM.TAX.MRCH.WM.AR.ZS (tariff rate, applied, weighted mean, all products)",REAL
SWE,ANY,ALL,2022,1.33,True,OK,"World Bank WDI TM.TAX.MRCH.WM.AR.ZS (tariff rate, applied, weighted mean, all products)",REAL
SWZ,ANY,ALL,2001,2.6,True,OK,"World Bank WDI TM.TAX.MRCH.WM.AR.ZS (tariff rate, applied, weighted mean, all products)",REAL
SWZ,ANY,ALL,2002,8.78,True,OK,"World Bank WDI TM.TAX.MRCH.WM.AR.ZS (tariff rate, applied, weighted mean, all products)",REAL
SWZ,ANY,ALL,2004,10.45,True,OK,"World Bank WDI TM.TAX.MRCH.WM.AR.ZS (tariff rate, applied, weighted mean, all products)",REAL
SWZ,ANY,ALL,2005,9.44,True,OK,"World Bank WDI TM.TAX.MRCH.WM.AR.ZS (tariff rate, applied, weighted mean, all products)",REAL
SWZ,ANY,ALL,2006,8.67,True,OK,"World Bank WDI TM.TAX.MRCH.WM.AR.ZS (tariff rate, applied, weighted mean, all products)",REAL
SWZ,ANY,ALL,2007,8.32,True,OK,"World Bank WDI TM.TAX.MRCH.WM.AR.ZS (tariff rate, applied, weighted mean, all products)",REAL
SWZ,ANY,ALL,2008,5.95,True,OK,"World Bank WDI TM.TAX.MRCH.WM.AR.ZS (tariff rate, applied, weighted mean, all products)",REAL
SWZ,ANY,ALL,2009,9.53,True,OK,"World Bank WDI TM.TAX.MRCH.WM.AR.ZS (tariff rate, applied, weighted mean, all products)",REAL
SWZ,ANY,ALL,2010,5.05,True,OK,"World Bank WDI TM.TAX.MRCH.WM.AR.ZS (tariff rate, applied, weighted mean, all products)",REAL
SWZ,ANY,ALL,2011,9.03,True,OK,"World Bank WDI TM.TAX.MRCH.WM.AR.ZS (tariff rate, applied, weighted mean, all products)",REAL
SWZ,ANY,ALL,2012,5.47,True,OK,"World Bank WDI TM.TAX.MRCH.WM.AR.ZS (tariff rate, applied, weighted mean, all products)",REAL
SWZ,ANY,ALL,2013,0.52,True,OK,"World Bank WDI TM.TAX.MRCH.WM.AR.ZS (tariff rate, applied, weighted mean, all products)",REAL
SWZ,ANY,ALL,2014,0.58,True,OK,"World Bank WDI TM.TAX.MRCH.WM.AR.ZS (tariff rate, applied, weighted mean, all products)",REAL
SWZ,ANY,ALL,2015,0.99,True,OK,"World Bank WDI TM.TAX.MRCH.WM.AR.ZS (tariff rate, applied, weighted mean, all products)",REAL
SWZ,ANY,ALL,2016,1.18,True,OK,"World Bank WDI TM.TAX.MRCH.WM.AR.ZS (tariff rate, applied, weighted mean, all products)",REAL
SWZ,ANY,ALL,2017,0.66,True,OK,"World Bank WDI TM.TAX.MRCH.WM.AR.ZS (tariff rate, applied, weighted mean, all products)",REAL
SWZ,ANY,ALL,2018,1.48,True,OK,"World Bank WDI TM.TAX.MRCH.WM.AR.ZS (tariff rate, applied, weighted mean, all products)",REAL
SWZ,ANY,ALL,2019,2.38,True,OK,"World Bank WDI TM.TAX.MRCH.WM.AR.ZS (tariff rate, applied, weighted mean, all products)",REAL
SWZ,ANY,ALL,2020,2.27,True,OK,"World Bank WDI TM.TAX.MRCH.WM.AR.ZS (tariff rate, applied, weighted mean, all products)",REAL
SWZ,ANY,ALL,2021,2.14,True,OK,"World Bank WDI TM.TAX.MRCH.WM.AR.ZS (tariff rate, applied, weighted mean, all products)",REAL
SWZ,ANY,ALL,2022,2.98,True,OK,"World Bank WDI TM.TAX.MRCH.WM.AR.ZS (tariff rate, applied, weighted mean, all products)",REAL
SYC,ANY,ALL,2000,26.92,True,OK,"World Bank WDI TM.TAX.MRCH.WM.AR.ZS (tariff rate, applied, weighted mean, all products)",REAL
SYC,ANY,ALL,2001,32.53,True,OK,"World Bank WDI TM.TAX.MRCH.WM.AR.ZS (tariff rate, applied, weighted mean, all products)",REAL
SYC,ANY,ALL,2005,32.6,True,OK,"World Bank WDI TM.TAX.MRCH.WM.AR.ZS (tariff rate, applied, weighted mean, all products)",REAL
SYC,ANY,ALL,2006,32.58,True,OK,"World Bank WDI TM.TAX.MRCH.WM.AR.ZS (tariff rate, applied, weighted mean, all products)",REAL
SYC,ANY,ALL,2007,30.07,True,OK,"World Bank WDI TM.TAX.MRCH.WM.AR.ZS (tariff rate, applied, weighted mean, all products)",REAL
SYC,ANY,ALL,2015,2.82,True,JUMP_GE_10PP,"World Bank WDI TM.TAX.MRCH.WM.AR.ZS (tariff rate, applied, weighted mean, all products)",REAL
SYC,ANY,ALL,2016,4.32,True,OK,"World Bank WDI TM.TAX.MRCH.WM.AR.ZS (tariff rate, applied, weighted mean, all products)",REAL
SYC,ANY,ALL,2017,3.7,True,OK,"World Bank WDI TM.TAX.MRCH.WM.AR.ZS (tariff rate, applied, weighted mean, all products)",REAL
SYC,ANY,ALL,2018,2.09,True,OK,"World Bank WDI TM.TAX.MRCH.WM.AR.ZS (tariff rate, applied, weighted mean, all products)",REAL
SYC,ANY,ALL,2019,20.28,True,JUMP_GE_10PP,"World Bank WDI TM.TAX.MRCH.WM.AR.ZS (tariff rate, applied, weighted mean, all products)",REAL
SYC,ANY,ALL,2020,1.47,True,JUMP_GE_10PP,"World Bank WDI TM.TAX.MRCH.WM.AR.ZS (tariff rate, applied, weighted mean, all products)",REAL
SYC,ANY,ALL,2021,1.07,True,OK,"World Bank WDI TM.TAX.MRCH.WM.AR.ZS (tariff rate, applied, weighted mean, all products)",REAL
SYC,ANY,ALL,2022,1.27,True,OK,"World Bank WDI TM.TAX.MRCH.WM.AR.ZS (tariff rate, applied, weighted mean, all products)",REAL
SYR,ANY,ALL,2002,15.5,True,OK,"World Bank WDI TM.TAX.MRCH.WM.AR.ZS (tariff rate, applied, weighted mean, all products)",REAL
SYR,ANY,ALL,2009,6.3,True,OK,"World Bank WDI TM.TAX.MRCH.WM.AR.ZS (tariff rate, applied, weighted mean, all products)",REAL
SYR,ANY,ALL,2010,7.23,True,OK,"World Bank WDI TM.TAX.MRCH.WM.AR.ZS (tariff rate, applied, weighted mean, all products)",REAL
SYR,ANY,ALL,2013,14.18,True,OK,"World Bank WDI TM.TAX.MRCH.WM.AR.ZS (tariff rate, applied, weighted mean, all products)",REAL
SYR,ANY,ALL,2020,9.21,True,OK,"World Bank WDI TM.TAX.MRCH.WM.AR.ZS (tariff rate, applied, weighted mean, all products)",REAL
TCD,ANY,ALL,1995,14.58,True,OK,"World Bank WDI TM.TAX.MRCH.WM.AR.ZS (tariff rate, applied, weighted mean, all products)",REAL
TCD,ANY,ALL,1997,14.58,True,OK,"World Bank WDI TM.TAX.MRCH.WM.AR.ZS (tariff rate, applied, weighted mean, all products)",REAL
TCD,ANY,ALL,2001,13.07,True,OK,"World Bank WDI TM.TAX.MRCH.WM.AR.ZS (tariff rate, applied, weighted mean, all products)",REAL
TCD,ANY,ALL,2002,14.38,True,OK,"World Bank WDI TM.TAX.MRCH.WM.AR.ZS (tariff rate, applied, weighted mean, all products)",REAL
TCD,ANY,ALL,2003,14.05,True,OK,"World Bank WDI TM.TAX.MRCH.WM.AR.ZS (tariff rate, applied, weighted mean, all products)",REAL
TCD,ANY,ALL,2004,12.69,True,OK,"World Bank WDI TM.TAX.MRCH.WM.AR.ZS (tariff rate, applied, weighted mean, all products)",REAL
TCD,ANY,ALL,2005,13.63,True,OK,"World Bank WDI TM.TAX.MRCH.WM.AR.ZS (tariff rate, applied, weighted mean, all products)",REAL
TCD,ANY,ALL,2006,14.52,True,OK,"World Bank WDI TM.TAX.MRCH.WM.AR.ZS (tariff rate, applied, weighted mean, all products)",REAL
TCD,ANY,ALL,2007,13.27,True,OK,"World Bank WDI TM.TAX.MRCH.WM.AR.ZS (tariff rate, applied, weighted mean, all products)",REAL
TCD,ANY,ALL,2008,14.51,True,OK,"World Bank WDI TM.TAX.MRCH.WM.AR.ZS (tariff rate, applied, weighted mean, all products)",REAL
TCD,ANY,ALL,2009,14.27,True,OK,"World Bank WDI TM.TAX.MRCH.WM.AR.ZS (tariff rate, applied, weighted mean, all products)",REAL
TCD,ANY,ALL,2010,14.69,True,OK,"World Bank WDI TM.TAX.MRCH.WM.AR.ZS (tariff rate, applied, weighted mean, all products)",REAL
TCD,ANY,ALL,2011,15.13,True,OK,"World Bank WDI TM.TAX.MRCH.WM.AR.ZS (tariff rate, applied, weighted mean, all products)",REAL
TCD,ANY,ALL,2013,14.16,True,OK,"World Bank WDI TM.TAX.MRCH.WM.AR.ZS (tariff rate, applied, weighted mean, all products)",REAL
TCD,ANY,ALL,2015,13.92,True,OK,"World Bank WDI TM.TAX.MRCH.WM.AR.ZS (tariff rate, applied, weighted mean, all products)",REAL
TCD,ANY,ALL,2016,16.36,True,OK,"World Bank WDI TM.TAX.MRCH.WM.AR.ZS (tariff rate, applied, weighted mean, all products)",REAL
TCD,ANY,ALL,2022,16.8,True,OK,"World Bank WDI TM.TAX.MRCH.WM.AR.ZS (tariff rate, applied, weighted mean, all products)",REAL
TGO,ANY,ALL,1996,13.79,True,OK,"World Bank WDI TM.TAX.MRCH.WM.AR.ZS (tariff rate, applied, weighted mean, all products)",REAL
TGO,ANY,ALL,1997,14.58,True,OK,"World Bank WDI TM.TAX.MRCH.WM.AR.ZS (tariff rate, applied, weighted mean, all products)",REAL
TGO,ANY,ALL,1999,14.99,True,OK,"World Bank WDI TM.TAX.MRCH.WM.AR.ZS (tariff rate, applied, weighted mean, all products)",REAL
TGO,ANY,ALL,2000,11.36,True,OK,"World Bank WDI TM.TAX.MRCH.WM.AR.ZS (tariff rate, applied, weighted mean, all products)",REAL
TGO,ANY,ALL,2001,10.91,True,OK,"World Bank WDI TM.TAX.MRCH.WM.AR.ZS (tariff rate, applied, weighted mean, all products)",REAL
TGO,ANY,ALL,2002,10.2,True,OK,"World Bank WDI TM.TAX.MRCH.WM.AR.ZS (tariff rate, applied, weighted mean, all products)",REAL
TGO,ANY,ALL,2003,10.78,True,OK,"World Bank WDI TM.TAX.MRCH.WM.AR.ZS (tariff rate, applied, weighted mean, all products)",REAL
TGO,ANY,ALL,2004,10.79,True,OK,"World Bank WDI TM.TAX.MRCH.WM.AR.ZS (tariff rate, applied, weighted mean, all products)",REAL
TGO,ANY,ALL,2005,10.4,True,OK,"World Bank WDI TM.TAX.MRCH.WM.AR.ZS (tariff rate, applied, weighted mean, all products)",REAL
TGO,ANY,ALL,2006,10.82,True,OK,"World Bank WDI TM.TAX.MRCH.WM.AR.ZS (tariff rate, applied, weighted mean, all products)",REAL
TGO,ANY,ALL,2007,10.59,True,OK,"World Bank WDI TM.TAX.MRCH.WM.AR.ZS (tariff rate, applied, weighted mean, all products)",REAL
TGO,ANY,ALL,2008,10.59,True,OK,"World Bank WDI TM.TAX.MRCH.WM.AR.ZS (tariff rate, applied, weighted mean, all products)",REAL
TGO,ANY,ALL,2009,10.51,True,OK,"World Bank WDI TM.TAX.MRCH.WM.AR.ZS (tariff rate, applied, weighted mean, all products)",REAL
TGO,ANY,ALL,2010,10.44,True,OK,"World Bank WDI TM.TAX.MRCH.WM.AR.ZS (tariff rate, applied, weighted mean, all products)",REAL
TGO,ANY,ALL,2011,11.06,True,OK,"World Bank WDI TM.TAX.MRCH.WM.AR.ZS (tariff rate, applied, weighted mean, all products)",REAL
TGO,ANY,ALL,2012,9.37,True,OK,"World Bank WDI TM.TAX.MRCH.WM.AR.ZS (tariff rate, applied, weighted mean, all products)",REAL
TGO,ANY,ALL,2013,9.36,True,OK,"World Bank WDI TM.TAX.MRCH.WM.AR.ZS (tariff rate, applied, weighted mean, all products)",REAL
TGO,ANY,ALL,2014,9.35,True,OK,"World Bank WDI TM.TAX.MRCH.WM.AR.ZS (tariff rate, applied, weighted mean, all products)",REAL
TGO,ANY,ALL,2015,9.73,True,OK,"World Bank WDI TM.TAX.MRCH.WM.AR.ZS (tariff rate, applied, weighted mean, all products)",REAL
TGO,ANY,ALL,2016,9.48,True,OK,"World Bank WDI TM.TAX.MRCH.WM.AR.ZS (tariff rate, applied, weighted mean, all products)",REAL
TGO,ANY,ALL,2017,13.43,True,OK,"World Bank WDI TM.TAX.MRCH.WM.AR.ZS (tariff rate, applied, weighted mean, all products)",REAL
TGO,ANY,ALL,2018,12.85,True,OK,"World Bank WDI TM.TAX.MRCH.WM.AR.ZS (tariff rate, applied, weighted mean, all products)",REAL
TGO,ANY,ALL,2019,10.98,True,OK,"World Bank WDI TM.TAX.MRCH.WM.AR.ZS (tariff rate, applied, weighted mean, all products)",REAL
TGO,ANY,ALL,2020,10.98,True,OK,"World Bank WDI TM.TAX.MRCH.WM.AR.ZS (tariff rate, applied, weighted mean, all products)",REAL
TGO,ANY,ALL,2021,10.73,True,OK,"World Bank WDI TM.TAX.MRCH.WM.AR.ZS (tariff rate, applied, weighted mean, all products)",REAL
TGO,ANY,ALL,2022,13.56,True,OK,"World Bank WDI TM.TAX.MRCH.WM.AR.ZS (tariff rate, applied, weighted mean, all products)",REAL
THA,ANY,ALL,1989,33.65,True,OK,"World Bank WDI TM.TAX.MRCH.WM.AR.ZS (tariff rate, applied, weighted mean, all products)",REAL
THA,ANY,ALL,1991,33.63,True,OK,"World Bank WDI TM.TAX.MRCH.WM.AR.ZS (tariff rate, applied, weighted mean, all products)",REAL
THA,ANY,ALL,1993,36.64,True,OK,"World Bank WDI TM.TAX.MRCH.WM.AR.ZS (tariff rate, applied, weighted mean, all products)",REAL
THA,ANY,ALL,1995,14.86,True,JUMP_GE_10PP,"World Bank WDI TM.TAX.MRCH.WM.AR.ZS (tariff rate, applied, weighted mean, all products)",REAL
THA,ANY,ALL,1999,33.51,True,JUMP_GE_10PP,"World Bank WDI TM.TAX.MRCH.WM.AR.ZS (tariff rate, applied, weighted mean, all products)",REAL
THA,ANY,ALL,2000,9.54,True,JUMP_GE_10PP,"World Bank WDI TM.TAX.MRCH.WM.AR.ZS (tariff rate, applied, weighted mean, all products)",REAL
THA,ANY,ALL,2001,8.33,True,OK,"World Bank WDI TM.TAX.MRCH.WM.AR.ZS (tariff rate, applied, weighted mean, all products)",REAL
THA,ANY,ALL,2003,8.27,True,OK,"World Bank WDI TM.TAX.MRCH.WM.AR.ZS (tariff rate, applied, weighted mean, all products)",REAL
THA,ANY,ALL,2004,6.03,True,OK,"World Bank WDI TM.TAX.MRCH.WM.AR.ZS (tariff rate, applied, weighted mean, all products)",REAL
THA,ANY,ALL,2005,4.81,True,OK,"World Bank WDI TM.TAX.MRCH.WM.AR.ZS (tariff rate, applied, weighted mean, all products)",REAL
THA,ANY,ALL,2006,4.62,True,OK,"World Bank WDI TM.TAX.MRCH.WM.AR.ZS (tariff rate, applied, weighted mean, all products)",REAL
THA,ANY,ALL,2007,4.32,True,OK,"World Bank WDI TM.TAX.MRCH.WM.AR.ZS (tariff rate, applied, weighted mean, all products)",REAL
THA,ANY,ALL,2008,4.27,True,OK,"World Bank WDI TM.TAX.MRCH.WM.AR.ZS (tariff rate, applied, weighted mean, all products)",REAL
THA,ANY,ALL,2009,4.76,True,OK,"World Bank WDI TM.TAX.MRCH.WM.AR.ZS (tariff rate, applied, weighted mean, all products)",REAL
THA,ANY,ALL,2010,5.0,True,OK,"World Bank WDI TM.TAX.MRCH.WM.AR.ZS (tariff rate, applied, weighted mean, all products)",REAL
THA,ANY,ALL,2011,4.85,True,OK,"World Bank WDI TM.TAX.MRCH.WM.AR.ZS (tariff rate, applied, weighted mean, all products)",REAL
THA,ANY,ALL,2013,6.06,True,OK,"World Bank WDI TM.TAX.MRCH.WM.AR.ZS (tariff rate, applied, weighted mean, all products)",REAL
THA,ANY,ALL,2014,3.53,True,OK,"World Bank WDI TM.TAX.MRCH.WM.AR.ZS (tariff rate, applied, weighted mean, all products)",REAL
THA,ANY,ALL,2015,3.52,True,OK,"World Bank WDI TM.TAX.MRCH.WM.AR.ZS (tariff rate, applied, weighted mean, all products)",REAL
THA,ANY,ALL,2021,3.15,True,OK,"World Bank WDI TM.TAX.MRCH.WM.AR.ZS (tariff rate, applied, weighted mean, all products)",REAL
THA,ANY,ALL,2022,3.67,True,OK,"World Bank WDI TM.TAX.MRCH.WM.AR.ZS (tariff rate, applied, weighted mean, all products)",REAL
TJK,ANY,ALL,2006,3.97,True,OK,"World Bank WDI TM.TAX.MRCH.WM.AR.ZS (tariff rate, applied, weighted mean, all products)",REAL
TJK,ANY,ALL,2010,5.94,True,OK,"World Bank WDI TM.TAX.MRCH.WM.AR.ZS (tariff rate, applied, weighted mean, all products)",REAL
TJK,ANY,ALL,2012,5.22,True,OK,"World Bank WDI TM.TAX.MRCH.WM.AR.ZS (tariff rate, applied, weighted mean, all products)",REAL
TJK,ANY,ALL,2013,5.69,True,OK,"World Bank WDI TM.TAX.MRCH.WM.AR.ZS (tariff rate, applied, weighted mean, all products)",REAL
TJK,ANY,ALL,2014,5.56,True,OK,"World Bank WDI TM.TAX.MRCH.WM.AR.ZS (tariff rate, applied, weighted mean, all products)",REAL
TJK,ANY,ALL,2015,7.18,True,OK,"World Bank WDI TM.TAX.MRCH.WM.AR.ZS (tariff rate, applied, weighted mean, all products)",REAL
TJK,ANY,ALL,2016,5.7,True,OK,"World Bank WDI TM.TAX.MRCH.WM.AR.ZS (tariff rate, applied, weighted mean, all products)",REAL
TJK,ANY,ALL,2017,4.98,True,OK,"World Bank WDI TM.TAX.MRCH.WM.AR.ZS (tariff rate, applied, weighted mean, all products)",REAL
TJK,ANY,ALL,2020,3.93,True,OK,"World Bank WDI TM.TAX.MRCH.WM.AR.ZS (tariff rate, applied, weighted mean, all products)",REAL
TJK,ANY,ALL,2021,2.31,True,OK,"World Bank WDI TM.TAX.MRCH.WM.AR.ZS (tariff rate, applied, weighted mean, all products)",REAL
TKM,ANY,ALL,1998,0.0,True,OK,"World Bank WDI TM.TAX.MRCH.WM.AR.ZS (tariff rate, applied, weighted mean, all products)",REAL
TKM,ANY,ALL,2002,2.88,True,OK,"World Bank WDI TM.TAX.MRCH.WM.AR.ZS (tariff rate, applied, weighted mean, all products)",REAL
TLS,ANY,ALL,2011,2.5,True,OK,"World Bank WDI TM.TAX.MRCH.WM.AR.ZS (tariff rate, applied, weighted mean, all products)",REAL
TLS,ANY,ALL,2012,2.5,True,OK,"World Bank WDI TM.TAX.MRCH.WM.AR.ZS (tariff rate, applied, weighted mean, all products)",REAL
TLS,ANY,ALL,2013,2.5,True,OK,"World Bank WDI TM.TAX.MRCH.WM.AR.ZS (tariff rate, applied, weighted mean, all products)",REAL
TLS,ANY,ALL,2014,2.5,True,OK,"World Bank WDI TM.TAX.MRCH.WM.AR.ZS (tariff rate, applied, weighted mean, all products)",REAL
TLS,ANY,ALL,2015,2.5,True,OK,"World Bank WDI TM.TAX.MRCH.WM.AR.ZS (tariff rate, applied, weighted mean, all products)",REAL
TLS,ANY,ALL,2016,2.5,True,OK,"World Bank WDI TM.TAX.MRCH.WM.AR.ZS (tariff rate, applied, weighted mean, all products)",REAL
TLS,ANY,ALL,2020,2.53,True,OK,"World Bank WDI TM.TAX.MRCH.WM.AR.ZS (tariff rate, applied, weighted mean, all products)",REAL
TLS,ANY,ALL,2021,2.53,True,OK,"World Bank WDI TM.TAX.MRCH.WM.AR.ZS (tariff rate, applied, weighted mean, all products)",REAL
TON,ANY,ALL,2009,4.71,True,OK,"World Bank WDI TM.TAX.MRCH.WM.AR.ZS (tariff rate, applied, weighted mean, all products)",REAL
TON,ANY,ALL,2010,5.12,True,OK,"World Bank WDI TM.TAX.MRCH.WM.AR.ZS (tariff rate, applied, weighted mean, all products)",REAL
TON,ANY,ALL,2011,5.58,True,OK,"World Bank WDI TM.TAX.MRCH.WM.AR.ZS (tariff rate, applied, weighted mean, all products)",REAL
TON,ANY,ALL,2012,5.5,True,OK,"World Bank WDI TM.TAX.MRCH.WM.AR.ZS (tariff rate, applied, weighted mean, all products)",REAL
TON,ANY,ALL,2013,5.17,True,OK,"World Bank WDI TM.TAX.MRCH.WM.AR.ZS (tariff rate, applied, weighted mean, all products)",REAL
TON,ANY,ALL,2015,5.72,True,OK,"World Bank WDI TM.TAX.MRCH.WM.AR.ZS (tariff rate, applied, weighted mean, all products)",REAL
TON,ANY,ALL,2016,5.74,True,OK,"World Bank WDI TM.TAX.MRCH.WM.AR.ZS (tariff rate, applied, weighted mean, all products)",REAL
TON,ANY,ALL,2017,5.53,True,OK,"World Bank WDI TM.TAX.MRCH.WM.AR.ZS (tariff rate, applied, weighted mean, all products)",REAL
TON,ANY,ALL,2020,6.56,True,OK,"World Bank WDI TM.TAX.MRCH.WM.AR.ZS (tariff rate, applied, weighted mean, all products)",REAL
TON,ANY,ALL,2021,6.59,True,OK,"World Bank WDI TM.TAX.MRCH.WM.AR.ZS (tariff rate, applied, weighted mean, all products)",REAL
TON,ANY,ALL,2022,6.44,True,OK,"World Bank WDI TM.TAX.MRCH.WM.AR.ZS (tariff rate, applied, weighted mean, all products)",REAL
TTO,ANY,ALL,1991,13.15,True,OK,"World Bank WDI TM.TAX.MRCH.WM.AR.ZS (tariff rate, applied, weighted mean, all products)",REAL
TTO,ANY,ALL,1992,15.09,True,OK,"World Bank WDI TM.TAX.MRCH.WM.AR.ZS (tariff rate, applied, weighted mean, all products)",REAL
TTO,ANY,ALL,1996,7.18,True,OK,"World Bank WDI TM.TAX.MRCH.WM.AR.ZS (tariff rate, applied, weighted mean, all products)",REAL
TTO,ANY,ALL,1999,17.85,True,JUMP_GE_10PP,"World Bank WDI TM.TAX.MRCH.WM.AR.ZS (tariff rate, applied, weighted mean, all products)",REAL
TTO,ANY,ALL,2001,6.56,True,JUMP_GE_10PP,"World Bank WDI TM.TAX.MRCH.WM.AR.ZS (tariff rate, applied, weighted mean, all products)",REAL
TTO,ANY,ALL,2002,4.92,True,OK,"World Bank WDI TM.TAX.MRCH.WM.AR.ZS (tariff rate, applied, weighted mean, all products)",REAL
TTO,ANY,ALL,2003,5.46,True,OK,"World Bank WDI TM.TAX.MRCH.WM.AR.ZS (tariff rate, applied, weighted mean, all products)",REAL
TTO,ANY,ALL,2004,6.23,True,OK,"World Bank WDI TM.TAX.MRCH.WM.AR.ZS (tariff rate, applied, weighted mean, all products)",REAL
TTO,ANY,ALL,2005,8.3,True,OK,"World Bank WDI TM.TAX.MRCH.WM.AR.ZS (tariff rate, applied, weighted mean, all products)",REAL
TTO,ANY,ALL,2006,12.26,True,OK,"World Bank WDI TM.TAX.MRCH.WM.AR.ZS (tariff rate, applied, weighted mean, all products)",REAL
TTO,ANY,ALL,2007,10.34,True,OK,"World Bank WDI TM.TAX.MRCH.WM.AR.ZS (tariff rate, applied, weighted mean, all products)",REAL
TTO,ANY,ALL,2008,13.99,True,OK,"World Bank WDI TM.TAX.MRCH.WM.AR.ZS (tariff rate, applied, weighted mean, all products)",REAL
TTO,ANY,ALL,2010,8.61,True,OK,"World Bank WDI TM.TAX.MRCH.WM.AR.ZS (tariff rate, applied, weighted mean, all products)",REAL
TTO,ANY,ALL,2011,8.62,True,OK,"World Bank WDI TM.TAX.MRCH.WM.AR.ZS (tariff rate, applied, weighted mean, all products)",REAL
TTO,ANY,ALL,2012,8.66,True,OK,"World Bank WDI TM.TAX.MRCH.WM.AR.ZS (tariff rate, applied, weighted mean, all products)",REAL
TTO,ANY,ALL,2013,8.63,True,OK,"World Bank WDI TM.TAX.MRCH.WM.AR.ZS (tariff rate, applied, weighted mean, all products)",REAL
TTO,ANY,ALL,2021,8.87,True,OK,"World Bank WDI TM.TAX.MRCH.WM.AR.ZS (tariff rate, applied, weighted mean, all products)",REAL
TTO,ANY,ALL,2022,7.51,True,OK,"World Bank WDI TM.TAX.MRCH.WM.AR.ZS (tariff rate, applied, weighted mean, all products)",REAL
TUN,ANY,ALL,1990,25.87,True,OK,"World Bank WDI TM.TAX.MRCH.WM.AR.ZS (tariff rate, applied, weighted mean, all products)",REAL
TUN,ANY,ALL,1992,26.02,True,OK,"World Bank WDI TM.TAX.MRCH.WM.AR.ZS (tariff rate, applied, weighted mean, all products)",REAL
TUN,ANY,ALL,1995,27.36,True,OK,"World Bank WDI TM.TAX.MRCH.WM.AR.ZS (tariff rate, applied, weighted mean, all products)",REAL
TUN,ANY,ALL,1998,25.67,True,OK,"World Bank WDI TM.TAX.MRCH.WM.AR.ZS (tariff rate, applied, weighted mean, all products)",REAL
TUN,ANY,ALL,2000,23.38,True,OK,"World Bank WDI TM.TAX.MRCH.WM.AR.ZS (tariff rate, applied, weighted mean, all products)",REAL
TUN,ANY,ALL,2002,26.38,True,OK,"World Bank WDI TM.TAX.MRCH.WM.AR.ZS (tariff rate, applied, weighted mean, all products)",REAL
TUN,ANY,ALL,2003,22.15,True,OK,"World Bank WDI TM.TAX.MRCH.WM.AR.ZS (tariff rate, applied, weighted mean, all products)",REAL
TUN,ANY,ALL,2004,22.4,True,OK,"World Bank WDI TM.TAX.MRCH.WM.AR.ZS (tariff rate, applied, weighted mean, all products)",REAL
TUN,ANY,ALL,2005,8.77,True,JUMP_GE_10PP,"World Bank WDI TM.TAX.MRCH.WM.AR.ZS (tariff rate, applied, weighted mean, all products)",REAL
TUN,ANY,ALL,2006,18.26,True,OK,"World Bank WDI TM.TAX.MRCH.WM.AR.ZS (tariff rate, applied, weighted mean, all products)",REAL
TUN,ANY,ALL,2008,15.93,True,OK,"World Bank WDI TM.TAX.MRCH.WM.AR.ZS (tariff rate, applied, weighted mean, all products)",REAL
TUN,ANY,ALL,2009,18.61,True,OK,"World Bank WDI TM.TAX.MRCH.WM.AR.ZS (tariff rate, applied, weighted mean, all products)",REAL
TUN,ANY,ALL,2010,13.77,True,OK,"World Bank WDI TM.TAX.MRCH.WM.AR.ZS (tariff rate, applied, weighted mean, all products)",REAL
TUN,ANY,ALL,2011,14.46,True,OK,"World Bank WDI TM.TAX.MRCH.WM.AR.ZS (tariff rate, applied, weighted mean, all products)",REAL
TUN,ANY,ALL,2012,12.58,True,OK,"World Bank WDI TM.TAX.MRCH.WM.AR.ZS (tariff rate, applied, weighted mean, all products)",REAL
TUN,ANY,ALL,2013,4.12,True,OK,"World Bank WDI TM.TAX.MRCH.WM.AR.ZS (tariff rate, applied, weighted mean, all products)",REAL
TUN,ANY,ALL,2015,3.94,True,OK,"World Bank WDI TM.TAX.MRCH.WM.AR.ZS (tariff rate, applied, weighted mean, all products)",REAL
TUN,ANY,ALL,2016,9.35,True,OK,"World Bank WDI TM.TAX.MRCH.WM.AR.ZS (tariff rate, applied, weighted mean, all products)",REAL
TUR,ANY,ALL,1993,6.1,True,OK,"World Bank WDI TM.TAX.MRCH.WM.AR.ZS (tariff rate, applied, weighted mean, all products)",REAL
TUR,ANY,ALL,1995,6.74,True,OK,"World Bank WDI TM.TAX.MRCH.WM.AR.ZS (tariff rate, applied, weighted mean, all products)",REAL
TUR,ANY,ALL,1996,3.19,True,OK,"World Bank WDI TM.TAX.MRCH.WM.AR.ZS (tariff rate, applied, weighted mean, all products)",REAL
TUR,ANY,ALL,1997,5.65,True,OK,"World Bank WDI TM.TAX.MRCH.WM.AR.ZS (tariff rate, applied, weighted mean, all products)",REAL
TUR,ANY,ALL,1998,3.2,True,OK,"World Bank WDI TM.TAX.MRCH.WM.AR.ZS (tariff rate, applied, weighted mean, all products)",REAL
TUR,ANY,ALL,1999,5.34,True,OK,"World Bank WDI TM.TAX.MRCH.WM.AR.ZS (tariff rate, applied, weighted mean, all products)",REAL
TUR,ANY,ALL,2000,2.38,True,OK,"World Bank WDI TM.TAX.MRCH.WM.AR.ZS (tariff rate, applied, weighted mean, all products)",REAL
TUR,ANY,ALL,2001,1.95,True,OK,"World Bank WDI TM.TAX.MRCH.WM.AR.ZS (tariff rate, applied, weighted mean, all products)",REAL
TUR,ANY,ALL,2002,1.84,True,OK,"World Bank WDI TM.TAX.MRCH.WM.AR.ZS (tariff rate, applied, weighted mean, all products)",REAL
TUR,ANY,ALL,2003,1.92,True,OK,"World Bank WDI TM.TAX.MRCH.WM.AR.ZS (tariff rate, applied, weighted mean, all products)",REAL
TUR,ANY,ALL,2004,2.18,True,OK,"World Bank WDI TM.TAX.MRCH.WM.AR.ZS (tariff rate, applied, weighted mean, all products)",REAL
TUR,ANY,ALL,2005,1.5,True,OK,"World Bank WDI TM.TAX.MRCH.WM.AR.ZS (tariff rate, applied, weighted mean, all products)",REAL
TUR,ANY,ALL,2006,1.47,True,OK,"World Bank WDI TM.TAX.MRCH.WM.AR.ZS (tariff rate, applied, weighted mean, all products)",REAL
TUR,ANY,ALL,2007,2.06,True,OK,"World Bank WDI TM.TAX.MRCH.WM.AR.ZS (tariff rate, applied, weighted mean, all products)",REAL
TUR,ANY,ALL,2008,1.97,True,OK,"World Bank WDI TM.TAX.MRCH.WM.AR.ZS (tariff rate, applied, weighted mean, all products)",REAL
TUR,ANY,ALL,2009,2.21,True,OK,"World Bank WDI TM.TAX.MRCH.WM.AR.ZS (tariff rate, applied, weighted mean, all products)",REAL
TUR,ANY,ALL,2010,2.35,True,OK,"World Bank WDI TM.TAX.MRCH.WM.AR.ZS (tariff rate, applied, weighted mean, all products)",REAL
TUR,ANY,ALL,2011,2.65,True,OK,"World Bank WDI TM.TAX.MRCH.WM.AR.ZS (tariff rate, applied, weighted mean, all products)",REAL
TUR,ANY,ALL,2013,2.78,True,OK,"World Bank WDI TM.TAX.MRCH.WM.AR.ZS (tariff rate, applied, weighted mean, all products)",REAL
TUR,ANY,ALL,2015,3.19,True,OK,"World Bank WDI TM.TAX.MRCH.WM.AR.ZS (tariff rate, applied, weighted mean, all products)",REAL
TUR,ANY,ALL,2016,2.74,True,OK,"World Bank WDI TM.TAX.MRCH.WM.AR.ZS (tariff rate, applied, weighted mean, all products)",REAL
TUR,ANY,ALL,2017,3.45,True,OK,"World Bank WDI TM.TAX.MRCH.WM.AR.ZS (tariff rate, applied, weighted mean, all products)",REAL
TUR,ANY,ALL,2018,2.5,True,OK,"World Bank WDI TM.TAX.MRCH.WM.AR.ZS (tariff rate, applied, weighted mean, all products)",REAL
TUR,ANY,ALL,2019,3.13,True,OK,"World Bank WDI TM.TAX.MRCH.WM.AR.ZS (tariff rate, applied, weighted mean, all products)",REAL
TUR,ANY,ALL,2020,2.85,True,OK,"World Bank WDI TM.TAX.MRCH.WM.AR.ZS (tariff rate, applied, weighted mean, all products)",REAL
TUR,ANY,ALL,2021,3.22,True,OK,"World Bank WDI TM.TAX.MRCH.WM.AR.ZS (tariff rate, applied, weighted mean, all products)",REAL
TUR,ANY,ALL,2022,4.31,True,OK,"World Bank WDI TM.TAX.MRCH.WM.AR.ZS (tariff rate, applied, weighted mean, all products)",REAL
TUV,ANY,ALL,2010,1.59,True,OK,"World Bank WDI TM.TAX.MRCH.WM.AR.ZS (tariff rate, applied, weighted mean, all products)",REAL
TUV,ANY,ALL,2017,2.43,True,OK,"World Bank WDI TM.TAX.MRCH.WM.AR.ZS (tariff rate, applied, weighted mean, all products)",REAL
TZA,ANY,ALL,1993,15.62,True,OK,"World Bank WDI TM.TAX.MRCH.WM.AR.ZS (tariff rate, applied, weighted mean, all products)",REAL
TZA,ANY,ALL,1997,18.29,True,OK,"World Bank WDI TM.TAX.MRCH.WM.AR.ZS (tariff rate, applied, weighted mean, all products)",REAL
TZA,ANY,ALL,1998,18.31,True,OK,"World Bank WDI TM.TAX.MRCH.WM.AR.ZS (tariff rate, applied, weighted mean, all products)",REAL
TZA,ANY,ALL,2000,13.07,True,OK,"World Bank WDI TM.TAX.MRCH.WM.AR.ZS (tariff rate, applied, weighted mean, all products)",REAL
TZA,ANY,ALL,2003,8.38,True,OK,"World Bank WDI TM.TAX.MRCH.WM.AR.ZS (tariff rate, applied, weighted mean, all products)",REAL
TZA,ANY,ALL,2005,7.85,True,OK,"World Bank WDI TM.TAX.MRCH.WM.AR.ZS (tariff rate, applied, weighted mean, all products)",REAL
TZA,ANY,ALL,2006,7.4,True,OK,"World Bank WDI TM.TAX.MRCH.WM.AR.ZS (tariff rate, applied, weighted mean, all products)",REAL
TZA,ANY,ALL,2007,7.21,True,OK,"World Bank WDI TM.TAX.MRCH.WM.AR.ZS (tariff rate, applied, weighted mean, all products)",REAL
TZA,ANY,ALL,2008,7.89,True,OK,"World Bank WDI TM.TAX.MRCH.WM.AR.ZS (tariff rate, applied, weighted mean, all products)",REAL
TZA,ANY,ALL,2009,8.8,True,OK,"World Bank WDI TM.TAX.MRCH.WM.AR.ZS (tariff rate, applied, weighted mean, all products)",REAL
TZA,ANY,ALL,2010,8.97,True,OK,"World Bank WDI TM.TAX.MRCH.WM.AR.ZS (tariff rate, applied, weighted mean, all products)",REAL
TZA,ANY,ALL,2011,7.6,True,OK,"World Bank WDI TM.TAX.MRCH.WM.AR.ZS (tariff rate, applied, weighted mean, all products)",REAL
TZA,ANY,ALL,2012,9.03,True,OK,"World Bank WDI TM.TAX.MRCH.WM.AR.ZS (tariff rate, applied, weighted mean, all products)",REAL
TZA,ANY,ALL,2013,8.37,True,OK,"World Bank WDI TM.TAX.MRCH.WM.AR.ZS (tariff rate, applied, weighted mean, all products)",REAL
TZA,ANY,ALL,2014,8.33,True,OK,"World Bank WDI TM.TAX.MRCH.WM.AR.ZS (tariff rate, applied, weighted mean, all products)",REAL
TZA,ANY,ALL,2015,7.28,True,OK,"World Bank WDI TM.TAX.MRCH.WM.AR.ZS (tariff rate, applied, weighted mean, all products)",REAL
TZA,ANY,ALL,2016,8.62,True,OK,"World Bank WDI TM.TAX.MRCH.WM.AR.ZS (tariff rate, applied, weighted mean, all products)",REAL
TZA,ANY,ALL,2018,8.55,True,OK,"World Bank WDI TM.TAX.MRCH.WM.AR.ZS (tariff rate, applied, weighted mean, all products)",REAL
TZA,ANY,ALL,2019,8.37,True,OK,"World Bank WDI TM.TAX.MRCH.WM.AR.ZS (tariff rate, applied, weighted mean, all products)",REAL
TZA,ANY,ALL,2020,8.94,True,OK,"World Bank WDI TM.TAX.MRCH.WM.AR.ZS (tariff rate, applied, weighted mean, all products)",REAL
TZA,ANY,ALL,2021,8.67,True,OK,"World Bank WDI TM.TAX.MRCH.WM.AR.ZS (tariff rate, applied, weighted mean, all products)",REAL
TZA,ANY,ALL,2022,8.64,True,OK,"World Bank WDI TM.TAX.MRCH.WM.AR.ZS (tariff rate, applied, weighted mean, all products)",REAL
UGA,ANY,ALL,1994,13.53,True,OK,"World Bank WDI TM.TAX.MRCH.WM.AR.ZS (tariff rate, applied, weighted mean, all products)",REAL
UGA,ANY,ALL,2000,6.01,True,OK,"World Bank WDI TM.TAX.MRCH.WM.AR.ZS (tariff rate, applied, weighted mean, all products)",REAL
UGA,ANY,ALL,2001,6.09,True,OK,"World Bank WDI TM.TAX.MRCH.WM.AR.ZS (tariff rate, applied, weighted mean, all products)",REAL
UGA,ANY,ALL,2002,5.98,True,OK,"World Bank WDI TM.TAX.MRCH.WM.AR.ZS (tariff rate, applied, weighted mean, all products)",REAL
UGA,ANY,ALL,2003,5.53,True,OK,"World Bank WDI TM.TAX.MRCH.WM.AR.ZS (tariff rate, applied, weighted mean, all products)",REAL
UGA,ANY,ALL,2004,5.32,True,OK,"World Bank WDI TM.TAX.MRCH.WM.AR.ZS (tariff rate, applied, weighted mean, all products)",REAL
UGA,ANY,ALL,2005,8.98,True,OK,"World Bank WDI TM.TAX.MRCH.WM.AR.ZS (tariff rate, applied, weighted mean, all products)",REAL
UGA,ANY,ALL,2006,7.71,True,OK,"World Bank WDI TM.TAX.MRCH.WM.AR.ZS (tariff rate, applied, weighted mean, all products)",REAL
UGA,ANY,ALL,2007,8.44,True,OK,"World Bank WDI TM.TAX.MRCH.WM.AR.ZS (tariff rate, applied, weighted mean, all products)",REAL
UGA,ANY,ALL,2008,8.75,True,OK,"World Bank WDI TM.TAX.MRCH.WM.AR.ZS (tariff rate, applied, weighted mean, all products)",REAL
UGA,ANY,ALL,2009,9.22,True,OK,"World Bank WDI TM.TAX.MRCH.WM.AR.ZS (tariff rate, applied, weighted mean, all products)",REAL
UGA,ANY,ALL,2010,9.18,True,OK,"World Bank WDI TM.TAX.MRCH.WM.AR.ZS (tariff rate, applied, weighted mean, all products)",REAL
UGA,ANY,ALL,2011,8.44,True,OK,"World Bank WDI TM.TAX.MRCH.WM.AR.ZS (tariff rate, applied, weighted mean, all products)",REAL
UGA,ANY,ALL,2012,8.9,True,OK,"World Bank WDI TM.TAX.MRCH.WM.AR.ZS (tariff rate, applied, weighted mean, all products)",REAL
UGA,ANY,ALL,2013,8.5,True,OK,"World Bank WDI TM.TAX.MRCH.WM.AR.ZS (tariff rate, applied, weighted mean, all products)",REAL
UGA,ANY,ALL,2014,8.64,True,OK,"World Bank WDI TM.TAX.MRCH.WM.AR.ZS (tariff rate, applied, weighted mean, all products)",REAL
UGA,ANY,ALL,2015,7.88,True,OK,"World Bank WDI TM.TAX.MRCH.WM.AR.ZS (tariff rate, applied, weighted mean, all products)",REAL
UGA,ANY,ALL,2016,7.33,True,OK,"World Bank WDI TM.TAX.MRCH.WM.AR.ZS (tariff rate, applied, weighted mean, all products)",REAL
UGA,ANY,ALL,2018,8.01,True,OK,"World Bank WDI TM.TAX.MRCH.WM.AR.ZS (tariff rate, applied, weighted mean, all products)",REAL
UGA,ANY,ALL,2019,8.05,True,OK,"World Bank WDI TM.TAX.MRCH.WM.AR.ZS (tariff rate, applied, weighted mean, all products)",REAL
UGA,ANY,ALL,2020,8.09,True,OK,"World Bank WDI TM.TAX.MRCH.WM.AR.ZS (tariff rate, applied, weighted mean, all products)",REAL
UGA,ANY,ALL,2021,8.67,True,OK,"World Bank WDI TM.TAX.MRCH.WM.AR.ZS (tariff rate, applied, weighted mean, all products)",REAL
UGA,ANY,ALL,2022,7.86,True,OK,"World Bank WDI TM.TAX.MRCH.WM.AR.ZS (tariff rate, applied, weighted mean, all products)",REAL
UKR,ANY,ALL,1995,3.36,True,OK,"World Bank WDI TM.TAX.MRCH.WM.AR.ZS (tariff rate, applied, weighted mean, all products)",REAL
UKR,ANY,ALL,1997,3.93,True,OK,"World Bank WDI TM.TAX.MRCH.WM.AR.ZS (tariff rate, applied, weighted mean, all products)",REAL
UKR,ANY,ALL,2002,3.99,True,OK,"World Bank WDI TM.TAX.MRCH.WM.AR.ZS (tariff rate, applied, weighted mean, all products)",REAL
UKR,ANY,ALL,2006,3.05,True,OK,"World Bank WDI TM.TAX.MRCH.WM.AR.ZS (tariff rate, applied, weighted mean, all products)",REAL
UKR,ANY,ALL,2007,4.69,True,OK,"World Bank WDI TM.TAX.MRCH.WM.AR.ZS (tariff rate, applied, weighted mean, all products)",REAL
UKR,ANY,ALL,2008,3.85,True,OK,"World Bank WDI TM.TAX.MRCH.WM.AR.ZS (tariff rate, applied, weighted mean, all products)",REAL
UKR,ANY,ALL,2009,1.93,True,OK,"World Bank WDI TM.TAX.MRCH.WM.AR.ZS (tariff rate, applied, weighted mean, all products)",REAL
UKR,ANY,ALL,2010,2.9,True,OK,"World Bank WDI TM.TAX.MRCH.WM.AR.ZS (tariff rate, applied, weighted mean, all products)",REAL
UKR,ANY,ALL,2011,1.9,True,OK,"World Bank WDI TM.TAX.MRCH.WM.AR.ZS (tariff rate, applied, weighted mean, all products)",REAL
UKR,ANY,ALL,2012,2.05,True,OK,"World Bank WDI TM.TAX.MRCH.WM.AR.ZS (tariff rate, applied, weighted mean, all products)",REAL
UKR,ANY,ALL,2013,2.78,True,OK,"World Bank WDI TM.TAX.MRCH.WM.AR.ZS (tariff rate, applied, weighted mean, all products)",REAL
UKR,ANY,ALL,2014,2.06,True,OK,"World Bank WDI TM.TAX.MRCH.WM.AR.ZS (tariff rate, applied, weighted mean, all products)",REAL
UKR,ANY,ALL,2015,1.93,True,OK,"World Bank WDI TM.TAX.MRCH.WM.AR.ZS (tariff rate, applied, weighted mean, all products)",REAL
UKR,ANY,ALL,2016,2.46,True,OK,"World Bank WDI TM.TAX.MRCH.WM.AR.ZS (tariff rate, applied, weighted mean, all products)",REAL
UKR,ANY,ALL,2017,1.9,True,OK,"World Bank WDI TM.TAX.MRCH.WM.AR.ZS (tariff rate, applied, weighted mean, all products)",REAL
UKR,ANY,ALL,2018,1.56,True,OK,"World Bank WDI TM.TAX.MRCH.WM.AR.ZS (tariff rate, applied, weighted mean, all products)",REAL
UKR,ANY,ALL,2019,5.33,True,OK,"World Bank WDI TM.TAX.MRCH.WM.AR.ZS (tariff rate, applied, weighted mean, all products)",REAL
UKR,ANY,ALL,2020,1.67,True,OK,"World Bank WDI TM.TAX.MRCH.WM.AR.ZS (tariff rate, applied, weighted mean, all products)",REAL
UKR,ANY,ALL,2021,1.71,True,OK,"World Bank WDI TM.TAX.MRCH.WM.AR.ZS (tariff rate, applied, weighted mean, all products)",REAL
UKR,ANY,ALL,2022,1.86,True,OK,"World Bank WDI TM.TAX.MRCH.WM.AR.ZS (tariff rate, applied, weighted mean, all products)",REAL
URY,ANY,ALL,1992,5.81,True,OK,"World Bank WDI TM.TAX.MRCH.WM.AR.ZS (tariff rate, applied, weighted mean, all products)",REAL
URY,ANY,ALL,1995,10.62,True,OK,"World Bank WDI TM.TAX.MRCH.WM.AR.ZS (tariff rate, applied, weighted mean, all products)",REAL
URY,ANY,ALL,1996,10.32,True,OK,"World Bank WDI TM.TAX.MRCH.WM.AR.ZS (tariff rate, applied, weighted mean, all products)",REAL
URY,ANY,ALL,1997,10.55,True,OK,"World Bank WDI TM.TAX.MRCH.WM.AR.ZS (tariff rate, applied, weighted mean, all products)",REAL
URY,ANY,ALL,1998,12.88,True,OK,"World Bank WDI TM.TAX.MRCH.WM.AR.ZS (tariff rate, applied, weighted mean, all products)",REAL
URY,ANY,ALL,1999,12.31,True,OK,"World Bank WDI TM.TAX.MRCH.WM.AR.ZS (tariff rate, applied, weighted mean, all products)",REAL
URY,ANY,ALL,2000,6.16,True,OK,"World Bank WDI TM.TAX.MRCH.WM.AR.ZS (tariff rate, applied, weighted mean, all products)",REAL
URY,ANY,ALL,2001,6.61,True,OK,"World Bank WDI TM.TAX.MRCH.WM.AR.ZS (tariff rate, applied, weighted mean, all products)",REAL
URY,ANY,ALL,2002,10.67,True,OK,"World Bank WDI TM.TAX.MRCH.WM.AR.ZS (tariff rate, applied, weighted mean, all products)",REAL
URY,ANY,ALL,2004,4.18,True,OK,"World Bank WDI TM.TAX.MRCH.WM.AR.ZS (tariff rate, applied, weighted mean, all products)",REAL
URY,ANY,ALL,2005,3.46,True,OK,"World Bank WDI TM.TAX.MRCH.WM.AR.ZS (tariff rate, applied, weighted mean, all products)",REAL
URY,ANY,ALL,2006,3.26,True,OK,"World Bank WDI TM.TAX.MRCH.WM.AR.ZS (tariff rate, applied, weighted mean, all products)",REAL
URY,ANY,ALL,2007,3.6,True,OK,"World Bank WDI TM.TAX.MRCH.WM.AR.ZS (tariff rate, applied, weighted mean, all products)",REAL
URY,ANY,ALL,2008,3.08,True,OK,"World Bank WDI TM.TAX.MRCH.WM.AR.ZS (tariff rate, applied, weighted mean, all products)",REAL
URY,ANY,ALL,2009,3.63,True,OK,"World Bank WDI TM.TAX.MRCH.WM.AR.ZS (tariff rate, applied, weighted mean, all products)",REAL
URY,ANY,ALL,2010,4.21,True,OK,"World Bank WDI TM.TAX.MRCH.WM.AR.ZS (tariff rate, applied, weighted mean, all products)",REAL
URY,ANY,ALL,2011,4.47,True,OK,"World Bank WDI TM.TAX.MRCH.WM.AR.ZS (tariff rate, applied, weighted mean, all products)",REAL
URY,ANY,ALL,2012,4.2,True,OK,"World Bank WDI TM.TAX.MRCH.WM.AR.ZS (tariff rate, applied, weighted mean, all products)",REAL
URY,ANY,ALL,2013,4.69,True,OK,"World Bank WDI TM.TAX.MRCH.WM.AR.ZS (tariff rate, applied, weighted mean, all products)",REAL
URY,ANY,ALL,2014,4.68,True,OK,"World Bank WDI TM.TAX.MRCH.WM.AR.ZS (tariff rate, applied, weighted mean, all products)",REAL
URY,ANY,ALL,2015,4.79,True,OK,"World Bank WDI TM.TAX.MRCH.WM.AR.ZS (tariff rate, applied, weighted mean, all products)",REAL
URY,ANY,ALL,2016,5.7,True,OK,"World Bank WDI TM.TAX.MRCH.WM.AR.ZS (tariff rate, applied, weighted mean, all products)",REAL
URY,ANY,ALL,2017,6.3,True,OK,"World Bank WDI TM.TAX.MRCH.WM.AR.ZS (tariff rate, applied, weighted mean, all products)",REAL
URY,ANY,ALL,2018,5.35,True,OK,"World Bank WDI TM.TAX.MRCH.WM.AR.ZS (tariff rate, applied, weighted mean, all products)",REAL
URY,ANY,ALL,2019,5.33,True,OK,"World Bank WDI TM.TAX.MRCH.WM.AR.ZS (tariff rate, applied, weighted mean, all products)",REAL
URY,ANY,ALL,2020,5.29,True,OK,"World Bank WDI TM.TAX.MRCH.WM.AR.ZS (tariff rate, applied, weighted mean, all products)",REAL
URY,ANY,ALL,2021,5.25,True,OK,"World Bank WDI TM.TAX.MRCH.WM.AR.ZS (tariff rate, applied, weighted mean, all products)",REAL
URY,ANY,ALL,2022,4.85,True,OK,"World Bank WDI TM.TAX.MRCH.WM.AR.ZS (tariff rate, applied, weighted mean, all products)",REAL
USA,ANY,ALL,1989,3.91,True,OK,"World Bank WDI TM.TAX.MRCH.WM.AR.ZS (tariff rate, applied, weighted mean, all products)",REAL
USA,ANY,ALL,1990,3.92,True,OK,"World Bank WDI TM.TAX.MRCH.WM.AR.ZS (tariff rate, applied, weighted mean, all products)",REAL
USA,ANY,ALL,1991,3.95,True,OK,"World Bank WDI TM.TAX.MRCH.WM.AR.ZS (tariff rate, applied, weighted mean, all products)",REAL
USA,ANY,ALL,1992,3.95,True,OK,"World Bank WDI TM.TAX.MRCH.WM.AR.ZS (tariff rate, applied, weighted mean, all products)",REAL
USA,ANY,ALL,1993,3.75,True,OK,"World Bank WDI TM.TAX.MRCH.WM.AR.ZS (tariff rate, applied, weighted mean, all products)",REAL
USA,ANY,ALL,1995,2.94,True,OK,"World Bank WDI TM.TAX.MRCH.WM.AR.ZS (tariff rate, applied, weighted mean, all products)",REAL
USA,ANY,ALL,1996,2.86,True,OK,"World Bank WDI TM.TAX.MRCH.WM.AR.ZS (tariff rate, applied, weighted mean, all products)",REAL
USA,ANY,ALL,1997,2.6,True,OK,"World Bank WDI TM.TAX.MRCH.WM.AR.ZS (tariff rate, applied, weighted mean, all products)",REAL
USA,ANY,ALL,1998,3.09,True,OK,"World Bank WDI TM.TAX.MRCH.WM.AR.ZS (tariff rate, applied, weighted mean, all products)",REAL
USA,ANY,ALL,1999,2.31,True,OK,"World Bank WDI TM.TAX.MRCH.WM.AR.ZS (tariff rate, applied, weighted mean, all products)",REAL
USA,ANY,ALL,2000,2.1,True,OK,"World Bank WDI TM.TAX.MRCH.WM.AR.ZS (tariff rate, applied, weighted mean, all products)",REAL
USA,ANY,ALL,2001,2.11,True,OK,"World Bank WDI TM.TAX.MRCH.WM.AR.ZS (tariff rate, applied, weighted mean, all products)",REAL
USA,ANY,ALL,2002,2.16,True,OK,"World Bank WDI TM.TAX.MRCH.WM.AR.ZS (tariff rate, applied, weighted mean, all products)",REAL
USA,ANY,ALL,2003,1.96,True,OK,"World Bank WDI TM.TAX.MRCH.WM.AR.ZS (tariff rate, applied, weighted mean, all products)",REAL
USA,ANY,ALL,2004,1.79,True,OK,"World Bank WDI TM.TAX.MRCH.WM.AR.ZS (tariff rate, applied, weighted mean, all products)",REAL
USA,ANY,ALL,2005,1.75,True,OK,"World Bank WDI TM.TAX.MRCH.WM.AR.ZS (tariff rate, applied, weighted mean, all products)",REAL
USA,ANY,ALL,2006,1.7,True,OK,"World Bank WDI TM.TAX.MRCH.WM.AR.ZS (tariff rate, applied, weighted mean, all products)",REAL
USA,ANY,ALL,2007,1.55,True,OK,"World Bank WDI TM.TAX.MRCH.WM.AR.ZS (tariff rate, applied, weighted mean, all products)",REAL
USA,ANY,ALL,2008,1.58,True,OK,"World Bank WDI TM.TAX.MRCH.WM.AR.ZS (tariff rate, applied, weighted mean, all products)",REAL
USA,ANY,ALL,2009,1.71,True,OK,"World Bank WDI TM.TAX.MRCH.WM.AR.ZS (tariff rate, applied, weighted mean, all products)",REAL
USA,ANY,ALL,2010,1.66,True,OK,"World Bank WDI TM.TAX.MRCH.WM.AR.ZS (tariff rate, applied, weighted mean, all products)",REAL
USA,ANY,ALL,2011,1.67,True,OK,"World Bank WDI TM.TAX.MRCH.WM.AR.ZS (tariff rate, applied, weighted mean, all products)",REAL
USA,ANY,ALL,2012,1.67,True,OK,"World Bank WDI TM.TAX.MRCH.WM.AR.ZS (tariff rate, applied, weighted mean, all products)",REAL
USA,ANY,ALL,2013,1.67,True,OK,"World Bank WDI TM.TAX.MRCH.WM.AR.ZS (tariff rate, applied, weighted mean, all products)",REAL
USA,ANY,ALL,2014,1.69,True,OK,"World Bank WDI TM.TAX.MRCH.WM.AR.ZS (tariff rate, applied, weighted mean, all products)",REAL
USA,ANY,ALL,2015,1.69,True,OK,"World Bank WDI TM.TAX.MRCH.WM.AR.ZS (tariff rate, applied, weighted mean, all products)",REAL
USA,ANY,ALL,2016,1.65,True,OK,"World Bank WDI TM.TAX.MRCH.WM.AR.ZS (tariff rate, applied, weighted mean, all products)",REAL
USA,ANY,ALL,2017,1.66,True,OK,"World Bank WDI TM.TAX.MRCH.WM.AR.ZS (tariff rate, applied, weighted mean, all products)",REAL
USA,ANY,ALL,2018,1.59,True,OK,"World Bank WDI TM.TAX.MRCH.WM.AR.ZS (tariff rate, applied, weighted mean, all products)",REAL
USA,ANY,ALL,2019,13.78,True,JUMP_GE_10PP,"World Bank WDI TM.TAX.MRCH.WM.AR.ZS (tariff rate, applied, weighted mean, all products)",REAL
USA,ANY,ALL,2020,1.52,True,JUMP_GE_10PP,"World Bank WDI TM.TAX.MRCH.WM.AR.ZS (tariff rate, applied, weighted mean, all products)",REAL
USA,ANY,ALL,2021,1.47,True,OK,"World Bank WDI TM.TAX.MRCH.WM.AR.ZS (tariff rate, applied, weighted mean, all products)",REAL
USA,ANY,ALL,2022,1.49,True,OK,"World Bank WDI TM.TAX.MRCH.WM.AR.ZS (tariff rate, applied, weighted mean, all products)",REAL
UZB,ANY,ALL,2001,5.83,True,OK,"World Bank WDI TM.TAX.MRCH.WM.AR.ZS (tariff rate, applied, weighted mean, all products)",REAL
UZB,ANY,ALL,2006,7.54,True,OK,"World Bank WDI TM.TAX.MRCH.WM.AR.ZS (tariff rate, applied, weighted mean, all products)",REAL
UZB,ANY,ALL,2007,6.91,True,OK,"World Bank WDI TM.TAX.MRCH.WM.AR.ZS (tariff rate, applied, weighted mean, all products)",REAL
UZB,ANY,ALL,2008,8.58,True,OK,"World Bank WDI TM.TAX.MRCH.WM.AR.ZS (tariff rate, applied, weighted mean, all products)",REAL
UZB,ANY,ALL,2009,7.04,True,OK,"World Bank WDI TM.TAX.MRCH.WM.AR.ZS (tariff rate, applied, weighted mean, all products)",REAL
UZB,ANY,ALL,2012,7.21,True,OK,"World Bank WDI TM.TAX.MRCH.WM.AR.ZS (tariff rate, applied, weighted mean, all products)",REAL
UZB,ANY,ALL,2014,6.83,True,OK,"World Bank WDI TM.TAX.MRCH.WM.AR.ZS (tariff rate, applied, weighted mean, all products)",REAL
UZB,ANY,ALL,2015,8.73,True,OK,"World Bank WDI TM.TAX.MRCH.WM.AR.ZS (tariff rate, applied, weighted mean, all products)",REAL
UZB,ANY,ALL,2020,2.63,True,OK,"World Bank WDI TM.TAX.MRCH.WM.AR.ZS (tariff rate, applied, weighted mean, all products)",REAL
UZB,ANY,ALL,2021,2.56,True,OK,"World Bank WDI TM.TAX.MRCH.WM.AR.ZS (tariff rate, applied, weighted mean, all products)",REAL
VCT,ANY,ALL,1996,17.45,True,OK,"World Bank WDI TM.TAX.MRCH.WM.AR.ZS (tariff rate, applied, weighted mean, all products)",REAL
VCT,ANY,ALL,1999,15.83,True,OK,"World Bank WDI TM.TAX.MRCH.WM.AR.ZS (tariff rate, applied, weighted mean, all products)",REAL
VCT,ANY,ALL,2000,15.04,True,OK,"World Bank WDI TM.TAX.MRCH.WM.AR.ZS (tariff rate, applied, weighted mean, all products)",REAL
VCT,ANY,ALL,2001,12.5,True,OK,"World Bank WDI TM.TAX.MRCH.WM.AR.ZS (tariff rate, applied, weighted mean, all products)",REAL
VCT,ANY,ALL,2002,11.68,True,OK,"World Bank WDI TM.TAX.MRCH.WM.AR.ZS (tariff rate, applied, weighted mean, all products)",REAL
VCT,ANY,ALL,2003,11.76,True,OK,"World Bank WDI TM.TAX.MRCH.WM.AR.ZS (tariff rate, applied, weighted mean, all products)",REAL
VCT,ANY,ALL,2006,3.75,True,OK,"World Bank WDI TM.TAX.MRCH.WM.AR.ZS (tariff rate, applied, weighted mean, all products)",REAL
VCT,ANY,ALL,2007,9.03,True,OK,"World Bank WDI TM.TAX.MRCH.WM.AR.ZS (tariff rate, applied, weighted mean, all products)",REAL
VCT,ANY,ALL,2010,10.8,True,OK,"World Bank WDI TM.TAX.MRCH.WM.AR.ZS (tariff rate, applied, weighted mean, all products)",REAL
VCT,ANY,ALL,2011,10.25,True,OK,"World Bank WDI TM.TAX.MRCH.WM.AR.ZS (tariff rate, applied, weighted mean, all products)",REAL
VCT,ANY,ALL,2012,7.55,True,OK,"World Bank WDI TM.TAX.MRCH.WM.AR.ZS (tariff rate, applied, weighted mean, all products)",REAL
VCT,ANY,ALL,2013,7.55,True,OK,"World Bank WDI TM.TAX.MRCH.WM.AR.ZS (tariff rate, applied, weighted mean, all products)",REAL
VCT,ANY,ALL,2015,7.15,True,OK,"World Bank WDI TM.TAX.MRCH.WM.AR.ZS (tariff rate, applied, weighted mean, all products)",REAL
VCT,ANY,ALL,2016,9.19,True,OK,"World Bank WDI TM.TAX.MRCH.WM.AR.ZS (tariff rate, applied, weighted mean, all products)",REAL
VCT,ANY,ALL,2017,8.93,True,OK,"World Bank WDI TM.TAX.MRCH.WM.AR.ZS (tariff rate, applied, weighted mean, all products)",REAL
VCT,ANY,ALL,2018,8.92,True,OK,"World Bank WDI TM.TAX.MRCH.WM.AR.ZS (tariff rate, applied, weighted mean, all products)",REAL
VCT,ANY,ALL,2019,8.84,True,OK,"World Bank WDI TM.TAX.MRCH.WM.AR.ZS (tariff rate, applied, weighted mean, all products)",REAL
VCT,ANY,ALL,2020,8.97,True,OK,"World Bank WDI TM.TAX.MRCH.WM.AR.ZS (tariff rate, applied, weighted mean, all products)",REAL
VCT,ANY,ALL,2021,9.06,True,OK,"World Bank WDI TM.TAX.MRCH.WM.AR.ZS (tariff rate, applied, weighted mean, all products)",REAL
VCT,ANY,ALL,2022,9.17,True,OK,"World Bank WDI TM.TAX.MRCH.WM.AR.ZS (tariff rate, applied, weighted mean, all products)",REAL
VEN,ANY,ALL,1992,16.36,True,OK,"World Bank WDI TM.TAX.MRCH.WM.AR.ZS (tariff rate, applied, weighted mean, all products)",REAL
VEN,ANY,ALL,1995,11.49,True,OK,"World Bank WDI TM.TAX.MRCH.WM.AR.ZS (tariff rate, applied, weighted mean, all products)",REAL
VEN,ANY,ALL,1997,13.4,True,OK,"World Bank WDI TM.TAX.MRCH.WM.AR.ZS (tariff rate, applied, weighted mean, all products)",REAL
VEN,ANY,ALL,1998,13.69,True,OK,"World Bank WDI TM.TAX.MRCH.WM.AR.ZS (tariff rate, applied, weighted mean, all products)",REAL
VEN,ANY,ALL,1999,13.02,True,OK,"World Bank WDI TM.TAX.MRCH.WM.AR.ZS (tariff rate, applied, weighted mean, all products)",REAL
VEN,ANY,ALL,2000,13.37,True,OK,"World Bank WDI TM.TAX.MRCH.WM.AR.ZS (tariff rate, applied, weighted mean, all products)",REAL
VEN,ANY,ALL,2001,14.46,True,OK,"World Bank WDI TM.TAX.MRCH.WM.AR.ZS (tariff rate, applied, weighted mean, all products)",REAL
VEN,ANY,ALL,2002,13.7,True,OK,"World Bank WDI TM.TAX.MRCH.WM.AR.ZS (tariff rate, applied, weighted mean, all products)",REAL
VEN,ANY,ALL,2003,12.75,True,OK,"World Bank WDI TM.TAX.MRCH.WM.AR.ZS (tariff rate, applied, weighted mean, all products)",REAL
VEN,ANY,ALL,2004,11.87,True,OK,"World Bank WDI TM.TAX.MRCH.WM.AR.ZS (tariff rate, applied, weighted mean, all products)",REAL
VEN,ANY,ALL,2005,12.77,True,OK,"World Bank WDI TM.TAX.MRCH.WM.AR.ZS (tariff rate, applied, weighted mean, all products)",REAL
VEN,ANY,ALL,2006,10.61,True,OK,"World Bank WDI TM.TAX.MRCH.WM.AR.ZS (tariff rate, applied, weighted mean, all products)",REAL
VEN,ANY,ALL,2007,11.1,True,OK,"World Bank WDI TM.TAX.MRCH.WM.AR.ZS (tariff rate, applied, weighted mean, all products)",REAL
VEN,ANY,ALL,2008,9.62,True,OK,"World Bank WDI TM.TAX.MRCH.WM.AR.ZS (tariff rate, applied, weighted mean, all products)",REAL
VEN,ANY,ALL,2009,9.09,True,OK,"World Bank WDI TM.TAX.MRCH.WM.AR.ZS (tariff rate, applied, weighted mean, all products)",REAL
VEN,ANY,ALL,2010,9.96,True,OK,"World Bank WDI TM.TAX.MRCH.WM.AR.ZS (tariff rate, applied, weighted mean, all products)",REAL
VEN,ANY,ALL,2011,8.59,True,OK,"World Bank WDI TM.TAX.MRCH.WM.AR.ZS (tariff rate, applied, weighted mean, all products)",REAL
VEN,ANY,ALL,2012,8.59,True,OK,"World Bank WDI TM.TAX.MRCH.WM.AR.ZS (tariff rate, applied, weighted mean, all products)",REAL
VEN,ANY,ALL,2013,8.42,True,OK,"World Bank WDI TM.TAX.MRCH.WM.AR.ZS (tariff rate, applied, weighted mean, all products)",REAL
VEN,ANY,ALL,2014,9.67,True,OK,"World Bank WDI TM.TAX.MRCH.WM.AR.ZS (tariff rate, applied, weighted mean, all products)",REAL
VEN,ANY,ALL,2015,10.67,True,OK,"World Bank WDI TM.TAX.MRCH.WM.AR.ZS (tariff rate, applied, weighted mean, all products)",REAL
VEN,ANY,ALL,2016,10.04,True,OK,"World Bank WDI TM.TAX.MRCH.WM.AR.ZS (tariff rate, applied, weighted mean, all products)",REAL
VEN,ANY,ALL,2017,10.99,True,OK,"World Bank WDI TM.TAX.MRCH.WM.AR.ZS (tariff rate, applied, weighted mean, all products)",REAL
VEN,ANY,ALL,2018,8.87,True,OK,"World Bank WDI TM.TAX.MRCH.WM.AR.ZS (tariff rate, applied, weighted mean, all products)",REAL
VEN,ANY,ALL,2019,10.19,True,OK,"World Bank WDI TM.TAX.MRCH.WM.AR.ZS (tariff rate, applied, weighted mean, all products)",REAL
VEN,ANY,ALL,2020,14.06,True,OK,"World Bank WDI TM.TAX.MRCH.WM.AR.ZS (tariff rate, applied, weighted mean, all products)",REAL
VEN,ANY,ALL,2021,13.61,True,OK,"World Bank WDI TM.TAX.MRCH.WM.AR.ZS (tariff rate, applied, weighted mean, all products)",REAL
VEN,ANY,ALL,2022,12.84,True,OK,"World Bank WDI TM.TAX.MRCH.WM.AR.ZS (tariff rate, applied, weighted mean, all products)",REAL
VNM,ANY,ALL,1994,15.19,True,OK,"World Bank WDI TM.TAX.MRCH.WM.AR.ZS (tariff rate, applied, weighted mean, all products)",REAL
VNM,ANY,ALL,1999,19.2,True,OK,"World Bank WDI TM.TAX.MRCH.WM.AR.ZS (tariff rate, applied, weighted mean, all products)",REAL
VNM,ANY,ALL,2001,15.29,True,OK,"World Bank WDI TM.TAX.MRCH.WM.AR.ZS (tariff rate, applied, weighted mean, all products)",REAL
VNM,ANY,ALL,2002,14.73,True,OK,"World Bank WDI TM.TAX.MRCH.WM.AR.ZS (tariff rate, applied, weighted mean, all products)",REAL
VNM,ANY,ALL,2003,11.79,True,OK,"World Bank WDI TM.TAX.MRCH.WM.AR.ZS (tariff rate, applied, weighted mean, all products)",REAL
VNM,ANY,ALL,2004,11.69,True,OK,"World Bank WDI TM.TAX.MRCH.WM.AR.ZS (tariff rate, applied, weighted mean, all products)",REAL
VNM,ANY,ALL,2005,11.35,True,OK,"World Bank WDI TM.TAX.MRCH.WM.AR.ZS (tariff rate, applied, weighted mean, all products)",REAL
VNM,ANY,ALL,2006,10.21,True,OK,"World Bank WDI TM.TAX.MRCH.WM.AR.ZS (tariff rate, applied, weighted mean, all products)",REAL
VNM,ANY,ALL,2007,9.13,True,OK,"World Bank WDI TM.TAX.MRCH.WM.AR.ZS (tariff rate, applied, weighted mean, all products)",REAL
VNM,ANY,ALL,2008,5.03,True,OK,"World Bank WDI TM.TAX.MRCH.WM.AR.ZS (tariff rate, applied, weighted mean, all products)",REAL
VNM,ANY,ALL,2009,6.76,True,OK,"World Bank WDI TM.TAX.MRCH.WM.AR.ZS (tariff rate, applied, weighted mean, all products)",REAL
VNM,ANY,ALL,2010,5.02,True,OK,"World Bank WDI TM.TAX.MRCH.WM.AR.ZS (tariff rate, applied, weighted mean, all products)",REAL
VNM,ANY,ALL,2012,3.65,True,OK,"World Bank WDI TM.TAX.MRCH.WM.AR.ZS (tariff rate, applied, weighted mean, all products)",REAL
VNM,ANY,ALL,2013,3.54,True,OK,"World Bank WDI TM.TAX.MRCH.WM.AR.ZS (tariff rate, applied, weighted mean, all products)",REAL
VNM,ANY,ALL,2014,3.43,True,OK,"World Bank WDI TM.TAX.MRCH.WM.AR.ZS (tariff rate, applied, weighted mean, all products)",REAL
VNM,ANY,ALL,2015,3.14,True,OK,"World Bank WDI TM.TAX.MRCH.WM.AR.ZS (tariff rate, applied, weighted mean, all products)",REAL
VNM,ANY,ALL,2016,2.86,True,OK,"World Bank WDI TM.TAX.MRCH.WM.AR.ZS (tariff rate, applied, weighted mean, all products)",REAL
VNM,ANY,ALL,2017,2.69,True,OK,"World Bank WDI TM.TAX.MRCH.WM.AR.ZS (tariff rate, applied, weighted mean, all products)",REAL
VNM,ANY,ALL,2018,4.39,True,OK,"World Bank WDI TM.TAX.MRCH.WM.AR.ZS (tariff rate, applied, weighted mean, all products)",REAL
VNM,ANY,ALL,2019,1.66,True,OK,"World Bank WDI TM.TAX.MRCH.WM.AR.ZS (tariff rate, applied, weighted mean, all products)",REAL
VNM,ANY,ALL,2020,1.34,True,OK,"World Bank WDI TM.TAX.MRCH.WM.AR.ZS (tariff rate, applied, weighted mean, all products)",REAL
VNM,ANY,ALL,2021,1.17,True,OK,"World Bank WDI TM.TAX.MRCH.WM.AR.ZS (tariff rate, applied, weighted mean, all products)",REAL
VNM,ANY,ALL,2022,1.07,True,OK,"World Bank WDI TM.TAX.MRCH.WM.AR.ZS (tariff rate, applied, weighted mean, all products)",REAL
VUT,ANY,ALL,2002,20.27,True,OK,"World Bank WDI TM.TAX.MRCH.WM.AR.ZS (tariff rate, applied, weighted mean, all products)",REAL
VUT,ANY,ALL,2003,17.09,True,OK,"World Bank WDI TM.TAX.MRCH.WM.AR.ZS (tariff rate, applied, weighted mean, all products)",REAL
VUT,ANY,ALL,2004,17.14,True,OK,"World Bank WDI TM.TAX.MRCH.WM.AR.ZS (tariff rate, applied, weighted mean, all products)",REAL
VUT,ANY,ALL,2005,17.16,True,OK,"World Bank WDI TM.TAX.MRCH.WM.AR.ZS (tariff rate, applied, weighted mean, all products)",REAL
VUT,ANY,ALL,2006,15.81,True,OK,"World Bank WDI TM.TAX.MRCH.WM.AR.ZS (tariff rate, applied, weighted mean, all products)",REAL
VUT,ANY,ALL,2007,18.93,True,OK,"World Bank WDI TM.TAX.MRCH.WM.AR.ZS (tariff rate, applied, weighted mean, all products)",REAL
VUT,ANY,ALL,2008,18.8,True,OK,"World Bank WDI TM.TAX.MRCH.WM.AR.ZS (tariff rate, applied, weighted mean, all products)",REAL
VUT,ANY,ALL,2009,18.76,True,OK,"World Bank WDI TM.TAX.MRCH.WM.AR.ZS (tariff rate, applied, weighted mean, all products)",REAL
VUT,ANY,ALL,2012,5.53,True,JUMP_GE_10PP,"World Bank WDI TM.TAX.MRCH.WM.AR.ZS (tariff rate, applied, weighted mean, all products)",REAL
VUT,ANY,ALL,2015,4.84,True,OK,"World Bank WDI TM.TAX.MRCH.WM.AR.ZS (tariff rate, applied, weighted mean, all products)",REAL
VUT,ANY,ALL,2016,7.85,True,OK,"World Bank WDI TM.TAX.MRCH.WM.AR.ZS (tariff rate, applied, weighted mean, all products)",REAL
VUT,ANY,ALL,2017,8.34,True,OK,"World Bank WDI TM.TAX.MRCH.WM.AR.ZS (tariff rate, applied, weighted mean, all products)",REAL
VUT,ANY,ALL,2020,12.66,True,OK,"World Bank WDI TM.TAX.MRCH.WM.AR.ZS (tariff rate, applied, weighted mean, all products)",REAL
VUT,ANY,ALL,2021,11.08,True,OK,"World Bank WDI TM.TAX.MRCH.WM.AR.ZS (tariff rate, applied, weighted mean, all products)",REAL
VUT,ANY,ALL,2022,11.48,True,OK,"World Bank WDI TM.TAX.MRCH.WM.AR.ZS (tariff rate, applied, weighted mean, all products)",REAL
WSM,ANY,ALL,2011,9.85,True,OK,"World Bank WDI TM.TAX.MRCH.WM.AR.ZS (tariff rate, applied, weighted mean, all products)",REAL
WSM,ANY,ALL,2012,9.86,True,OK,"World Bank WDI TM.TAX.MRCH.WM.AR.ZS (tariff rate, applied, weighted mean, all products)",REAL
WSM,ANY,ALL,2013,9.71,True,OK,"World Bank WDI TM.TAX.MRCH.WM.AR.ZS (tariff rate, applied, weighted mean, all products)",REAL
WSM,ANY,ALL,2014,9.98,True,OK,"World Bank WDI TM.TAX.MRCH.WM.AR.ZS (tariff rate, applied, weighted mean, all products)",REAL
WSM,ANY,ALL,2015,10.28,True,OK,"World Bank WDI TM.TAX.MRCH.WM.AR.ZS (tariff rate, applied, weighted mean, all products)",REAL
WSM,ANY,ALL,2016,10.58,True,OK,"World Bank WDI TM.TAX.MRCH.WM.AR.ZS (tariff rate, applied, weighted mean, all products)",REAL
WSM,ANY,ALL,2017,10.19,True,OK,"World Bank WDI TM.TAX.MRCH.WM.AR.ZS (tariff rate, applied, weighted mean, all products)",REAL
WSM,ANY,ALL,2018,10.85,True,OK,"World Bank WDI TM.TAX.MRCH.WM.AR.ZS (tariff rate, applied, weighted mean, all products)",REAL
WSM,ANY,ALL,2020,10.38,True,OK,"World Bank WDI TM.TAX.MRCH.WM.AR.ZS (tariff rate, applied, weighted mean, all products)",REAL
YEM,ANY,ALL,2000,11.73,True,OK,"World Bank WDI TM.TAX.MRCH.WM.AR.ZS (tariff rate, applied, weighted mean, all products)",REAL
YEM,ANY,ALL,2006,6.46,True,OK,"World Bank WDI TM.TAX.MRCH.WM.AR.ZS (tariff rate, applied, weighted mean, all products)",REAL
YEM,ANY,ALL,2009,4.25,True,OK,"World Bank WDI TM.TAX.MRCH.WM.AR.ZS (tariff rate, applied, weighted mean, all products)",REAL
YEM,ANY,ALL,2011,3.84,True,OK,"World Bank WDI TM.TAX.MRCH.WM.AR.ZS (tariff rate, applied, weighted mean, all products)",REAL
YEM,ANY,ALL,2012,4.3,True,OK,"World Bank WDI TM.TAX.MRCH.WM.AR.ZS (tariff rate, applied, weighted mean, all products)",REAL
YEM,ANY,ALL,2013,4.09,True,OK,"World Bank WDI TM.TAX.MRCH.WM.AR.ZS (tariff rate, applied, weighted mean, all products)",REAL
YEM,ANY,ALL,2015,5.14,True,OK,"World Bank WDI TM.TAX.MRCH.WM.AR.ZS (tariff rate, applied, weighted mean, all products)",REAL
YEM,ANY,ALL,2016,4.35,True,OK,"World Bank WDI TM.TAX.MRCH.WM.AR.ZS (tariff rate, applied, weighted mean, all products)",REAL
YEM,ANY,ALL,2017,5.03,True,OK,"World Bank WDI TM.TAX.MRCH.WM.AR.ZS (tariff rate, applied, weighted mean, all products)",REAL
ZAF,ANY,ALL,1988,13.39,True,OK,"World Bank WDI TM.TAX.MRCH.WM.AR.ZS (tariff rate, applied, weighted mean, all products)",REAL
ZAF,ANY,ALL,1990,10.5,True,OK,"World Bank WDI TM.TAX.MRCH.WM.AR.ZS (tariff rate, applied, weighted mean, all products)",REAL
ZAF,ANY,ALL,1991,11.32,True,OK,"World Bank WDI TM.TAX.MRCH.WM.AR.ZS (tariff rate, applied, weighted mean, all products)",REAL
ZAF,ANY,ALL,1993,13.45,True,OK,"World Bank WDI TM.TAX.MRCH.WM.AR.ZS (tariff rate, applied, weighted mean, all products)",REAL
ZAF,ANY,ALL,1996,8.27,True,OK,"World Bank WDI TM.TAX.MRCH.WM.AR.ZS (tariff rate, applied, weighted mean, all products)",REAL
ZAF,ANY,ALL,1997,5.99,True,OK,"World Bank WDI TM.TAX.MRCH.WM.AR.ZS (tariff rate, applied, weighted mean, all products)",REAL
ZAF,ANY,ALL,1999,5.47,True,OK,"World Bank WDI TM.TAX.MRCH.WM.AR.ZS (tariff rate, applied, weighted mean, all products)",REAL
ZAF,ANY,ALL,2000,5.27,True,OK,"World Bank WDI TM.TAX.MRCH.WM.AR.ZS (tariff rate, applied, weighted mean, all products)",REAL
ZAF,ANY,ALL,2001,5.1,True,OK,"World Bank WDI TM.TAX.MRCH.WM.AR.ZS (tariff rate, applied, weighted mean, all products)",REAL
ZAF,ANY,ALL,2002,4.95,True,OK,"World Bank WDI TM.TAX.MRCH.WM.AR.ZS (tariff rate, applied, weighted mean, all products)",REAL
ZAF,ANY,ALL,2003,5.15,True,OK,"World Bank WDI TM.TAX.MRCH.WM.AR.ZS (tariff rate, applied, weighted mean, all products)",REAL
ZAF,ANY,ALL,2004,5.29,True,OK,"World Bank WDI TM.TAX.MRCH.WM.AR.ZS (tariff rate, applied, weighted mean, all products)",REAL
ZAF,ANY,ALL,2005,5.64,True,OK,"World Bank WDI TM.TAX.MRCH.WM.AR.ZS (tariff rate, applied, weighted mean, all products)",REAL
ZAF,ANY,ALL,2006,5.29,True,OK,"World Bank WDI TM.TAX.MRCH.WM.AR.ZS (tariff rate, applied, weighted mean, all products)",REAL
ZAF,ANY,ALL,2007,4.81,True,OK,"World Bank WDI TM.TAX.MRCH.WM.AR.ZS (tariff rate, applied, weighted mean, all products)",REAL
ZAF,ANY,ALL,2008,3.9,True,OK,"World Bank WDI TM.TAX.MRCH.WM.AR.ZS (tariff rate, applied, weighted mean, all products)",REAL
ZAF,ANY,ALL,2009,4.32,True,OK,"World Bank WDI TM.TAX.MRCH.WM.AR.ZS (tariff rate, applied, weighted mean, all products)",REAL
ZAF,ANY,ALL,2010,4.59,True,OK,"World Bank WDI TM.TAX.MRCH.WM.AR.ZS (tariff rate, applied, weighted mean, all products)",REAL
ZAF,ANY,ALL,2011,4.39,True,OK,"World Bank WDI TM.TAX.MRCH.WM.AR.ZS (tariff rate, applied, weighted mean, all products)",REAL
ZAF,ANY,ALL,2012,4.22,True,OK,"World Bank WDI TM.TAX.MRCH.WM.AR.ZS (tariff rate, applied, weighted mean, all products)",REAL
ZAF,ANY,ALL,2013,4.15,True,OK,"World Bank WDI TM.TAX.MRCH.WM.AR.ZS (tariff rate, applied, weighted mean, all products)",REAL
ZAF,ANY,ALL,2014,3.87,True,OK,"World Bank WDI TM.TAX.MRCH.WM.AR.ZS (tariff rate, applied, weighted mean, all products)",REAL
ZAF,ANY,ALL,2015,4.38,True,OK,"World Bank WDI TM.TAX.MRCH.WM.AR.ZS (tariff rate, applied, weighted mean, all products)",REAL
ZAF,ANY,ALL,2016,4.51,True,OK,"World Bank WDI TM.TAX.MRCH.WM.AR.ZS (tariff rate, applied, weighted mean, all products)",REAL
ZAF,ANY,ALL,2017,4.61,True,OK,"World Bank WDI TM.TAX.MRCH.WM.AR.ZS (tariff rate, applied, weighted mean, all products)",REAL
ZAF,ANY,ALL,2018,4.32,True,OK,"World Bank WDI TM.TAX.MRCH.WM.AR.ZS (tariff rate, applied, weighted mean, all products)",REAL
ZAF,ANY,ALL,2019,5.37,True,OK,"World Bank WDI TM.TAX.MRCH.WM.AR.ZS (tariff rate, applied, weighted mean, all products)",REAL
ZAF,ANY,ALL,2020,4.4,True,OK,"World Bank WDI TM.TAX.MRCH.WM.AR.ZS (tariff rate, applied, weighted mean, all products)",REAL
ZAF,ANY,ALL,2021,4.46,True,OK,"World Bank WDI TM.TAX.MRCH.WM.AR.ZS (tariff rate, applied, weighted mean, all products)",REAL
ZAF,ANY,ALL,2022,4.66,True,OK,"World Bank WDI TM.TAX.MRCH.WM.AR.ZS (tariff rate, applied, weighted mean, all products)",REAL
ZMB,ANY,ALL,1993,17.89,True,OK,"World Bank WDI TM.TAX.MRCH.WM.AR.ZS (tariff rate, applied, weighted mean, all products)",REAL
ZMB,ANY,ALL,1997,11.33,True,OK,"World Bank WDI TM.TAX.MRCH.WM.AR.ZS (tariff rate, applied, weighted mean, all products)",REAL
ZMB,ANY,ALL,2001,14.28,True,OK,"World Bank WDI TM.TAX.MRCH.WM.AR.ZS (tariff rate, applied, weighted mean, all products)",REAL
ZMB,ANY,ALL,2002,10.68,True,OK,"World Bank WDI TM.TAX.MRCH.WM.AR.ZS (tariff rate, applied, weighted mean, all products)",REAL
ZMB,ANY,ALL,2003,8.7,True,OK,"World Bank WDI TM.TAX.MRCH.WM.AR.ZS (tariff rate, applied, weighted mean, all products)",REAL
ZMB,ANY,ALL,2004,12.58,True,OK,"World Bank WDI TM.TAX.MRCH.WM.AR.ZS (tariff rate, applied, weighted mean, all products)",REAL
ZMB,ANY,ALL,2005,9.32,True,OK,"World Bank WDI TM.TAX.MRCH.WM.AR.ZS (tariff rate, applied, weighted mean, all products)",REAL
ZMB,ANY,ALL,2006,11.56,True,OK,"World Bank WDI TM.TAX.MRCH.WM.AR.ZS (tariff rate, applied, weighted mean, all products)",REAL
ZMB,ANY,ALL,2007,9.63,True,OK,"World Bank WDI TM.TAX.MRCH.WM.AR.ZS (tariff rate, applied, weighted mean, all products)",REAL
ZMB,ANY,ALL,2008,5.25,True,OK,"World Bank WDI TM.TAX.MRCH.WM.AR.ZS (tariff rate, applied, weighted mean, all products)",REAL
ZMB,ANY,ALL,2009,4.1,True,OK,"World Bank WDI TM.TAX.MRCH.WM.AR.ZS (tariff rate, applied, weighted mean, all products)",REAL
ZMB,ANY,ALL,2010,3.29,True,OK,"World Bank WDI TM.TAX.MRCH.WM.AR.ZS (tariff rate, applied, weighted mean, all products)",REAL
ZMB,ANY,ALL,2011,3.45,True,OK,"World Bank WDI TM.TAX.MRCH.WM.AR.ZS (tariff rate, applied, weighted mean, all products)",REAL
ZMB,ANY,ALL,2012,3.55,True,OK,"World Bank WDI TM.TAX.MRCH.WM.AR.ZS (tariff rate, applied, weighted mean, all products)",REAL
ZMB,ANY,ALL,2013,3.35,True,OK,"World Bank WDI TM.TAX.MRCH.WM.AR.ZS (tariff rate, applied, weighted mean, all products)",REAL
ZMB,ANY,ALL,2015,3.95,True,OK,"World Bank WDI TM.TAX.MRCH.WM.AR.ZS (tariff rate, applied, weighted mean, all products)",REAL
ZMB,ANY,ALL,2016,6.22,True,OK,"World Bank WDI TM.TAX.MRCH.WM.AR.ZS (tariff rate, applied, weighted mean, all products)",REAL
ZMB,ANY,ALL,2018,3.39,True,OK,"World Bank WDI TM.TAX.MRCH.WM.AR.ZS (tariff rate, applied, weighted mean, all products)",REAL
ZMB,ANY,ALL,2020,4.82,True,OK,"World Bank WDI TM.TAX.MRCH.WM.AR.ZS (tariff rate, applied, weighted mean, all products)",REAL
ZMB,ANY,ALL,2021,4.81,True,OK,"World Bank WDI TM.TAX.MRCH.WM.AR.ZS (tariff rate, applied, weighted mean, all products)",REAL
ZMB,ANY,ALL,2022,4.08,True,OK,"World Bank WDI TM.TAX.MRCH.WM.AR.ZS (tariff rate, applied, weighted mean, all products)",REAL
ZWE,ANY,ALL,1996,39.06,True,OK,"World Bank WDI TM.TAX.MRCH.WM.AR.ZS (tariff rate, applied, weighted mean, all products)",REAL
ZWE,ANY,ALL,1997,17.11,True,JUMP_GE_10PP,"World Bank WDI TM.TAX.MRCH.WM.AR.ZS (tariff rate, applied, weighted mean, all products)",REAL
ZWE,ANY,ALL,1998,17.76,True,OK,"World Bank WDI TM.TAX.MRCH.WM.AR.ZS (tariff rate, applied, weighted mean, all products)",REAL
ZWE,ANY,ALL,1999,17.59,True,OK,"World Bank WDI TM.TAX.MRCH.WM.AR.ZS (tariff rate, applied, weighted mean, all products)",REAL
ZWE,ANY,ALL,2000,11.57,True,OK,"World Bank WDI TM.TAX.MRCH.WM.AR.ZS (tariff rate, applied, weighted mean, all products)",REAL
ZWE,ANY,ALL,2001,10.55,True,OK,"World Bank WDI TM.TAX.MRCH.WM.AR.ZS (tariff rate, applied, weighted mean, all products)",REAL
ZWE,ANY,ALL,2002,17.48,True,OK,"World Bank WDI TM.TAX.MRCH.WM.AR.ZS (tariff rate, applied, weighted mean, all products)",REAL
ZWE,ANY,ALL,2003,17.33,True,OK,"World Bank WDI TM.TAX.MRCH.WM.AR.ZS (tariff rate, applied, weighted mean, all products)",REAL
ZWE,ANY,ALL,2007,12.48,True,OK,"World Bank WDI TM.TAX.MRCH.WM.AR.ZS (tariff rate, applied, weighted mean, all products)",REAL
ZWE,ANY,ALL,2010,16.6,True,OK,"World Bank WDI TM.TAX.MRCH.WM.AR.ZS (tariff rate, applied, weighted mean, all products)",REAL
ZWE,ANY,ALL,2011,5.82,True,JUMP_GE_10PP,"World Bank WDI TM.TAX.MRCH.WM.AR.ZS (tariff rate, applied, weighted mean, all products)",REAL
ZWE,ANY,ALL,2012,14.76,True,OK,"World Bank WDI TM.TAX.MRCH.WM.AR.ZS (tariff rate, applied, weighted mean, all products)",REAL
ZWE,ANY,ALL,2015,5.72,True,OK,"World Bank WDI TM.TAX.MRCH.WM.AR.ZS (tariff rate, applied, weighted mean, all products)",REAL
ZWE,ANY,ALL,2016,4.99,True,OK,"World Bank WDI TM.TAX.MRCH.WM.AR.ZS (tariff rate, applied, weighted mean, all products)",REAL
ZWE,ANY,ALL,2021,11.37,True,OK,"World Bank WDI TM.TAX.MRCH.WM.AR.ZS (tariff rate, applied, weighted mean, all products)",REAL
